
===========================================================================
report_checks -path_delay max (Setup)
============================================================================
======================= nom_ss_100C_1v60 Corner ===================================

Startpoint: _152_ (rising edge-triggered flip-flop clocked by clk')
Endpoint: comparator_clk (output port clocked by clk)
Path Group: clk
Path Type: max

Fanout         Cap        Slew       Delay        Time   Description
---------------------------------------------------------------------------------------------
                                250.000000  250.000000   clock clk' (rise edge)
                                  0.000000  250.000000   clock source latency
     1    0.014695    0.066615    0.045674  250.045685 v clk (in)
                                                         clk (net)
                      0.066620    0.000000  250.045685 v clkbuf_0_clk/A (sky130_fd_sc_hd__clkbuf_16)
     2    0.016757    0.054363    0.251674  250.297348 v clkbuf_0_clk/X (sky130_fd_sc_hd__clkbuf_16)
                                                         clknet_0_clk (net)
                      0.054363    0.000369  250.297729 v clkbuf_1_0__f_clk/A (sky130_fd_sc_hd__clkbuf_16)
    12    0.035777    0.072277    0.268329  250.566055 v clkbuf_1_0__f_clk/X (sky130_fd_sc_hd__clkbuf_16)
                                                         clknet_1_0__leaf_clk (net)
                      0.072289    0.000938  250.566986 v _083__1/A (sky130_fd_sc_hd__inv_2)
     1    0.002269    0.033029    0.064745  250.631729 ^ _083__1/Y (sky130_fd_sc_hd__inv_2)
                                                         net35 (net)
                      0.033029    0.000057  250.631790 ^ _152_/CLK (sky130_fd_sc_hd__dfxtp_1)
     3    0.022524    0.342797    0.813515  251.445312 ^ _152_/Q (sky130_fd_sc_hd__dfxtp_1)
                                                         net11 (net)
                      0.342797    0.000711  251.446014 ^ output11/A (sky130_fd_sc_hd__buf_2)
     1    0.034307    0.273269    0.461938  251.907959 ^ output11/X (sky130_fd_sc_hd__buf_2)
                                                         comparator_clk (net)
                      0.273269    0.000625  251.908585 ^ comparator_clk (out)
                                            251.908585   data arrival time

                                500.000000  500.000000   clock clk (rise edge)
                                  0.000000  500.000000   clock network delay (propagated)
                                 -0.250000  499.750031   clock uncertainty
                                  0.000000  499.750031   clock reconvergence pessimism
                               -100.000000  399.750031   output external delay
                                            399.750031   data required time
---------------------------------------------------------------------------------------------
                                            399.750031   data required time
                                           -251.908585   data arrival time
---------------------------------------------------------------------------------------------
                                            147.841431   slack (MET)


Startpoint: rst_n (input port clocked by clk)
Endpoint: _152_ (rising edge-triggered flip-flop clocked by clk')
Path Group: clk
Path Type: max

Fanout         Cap        Slew       Delay        Time   Description
---------------------------------------------------------------------------------------------
                                  0.000000    0.000000   clock clk (rise edge)
                                  0.000000    0.000000   clock network delay (propagated)
                                100.000000  100.000000 v input external delay
     1    0.002827    0.018562    0.009322  100.009315 v rst_n (in)
                                                         rst_n (net)
                      0.018562    0.000000  100.009315 v input2/A (sky130_fd_sc_hd__buf_1)
     2    0.015167    0.179542    0.239574  100.248894 v input2/X (sky130_fd_sc_hd__buf_1)
                                                         net2 (net)
                      0.179542    0.000533  100.249428 v fanout34/A (sky130_fd_sc_hd__buf_2)
    10    0.037415    0.178540    0.407091  100.656517 v fanout34/X (sky130_fd_sc_hd__buf_2)
                                                         net34 (net)
                      0.178540    0.000590  100.657104 v _084_/B (sky130_fd_sc_hd__and2b_1)
     1    0.002138    0.060675    0.360899  101.018005 v _084_/X (sky130_fd_sc_hd__and2b_1)
                                                         _001_ (net)
                      0.060675    0.000064  101.018066 v _152_/D (sky130_fd_sc_hd__dfxtp_1)
                                            101.018066   data arrival time

                                250.000000  250.000000   clock clk' (rise edge)
                                  0.000000  250.000000   clock source latency
     1    0.014695    0.066615    0.045674  250.045685 v clk (in)
                                                         clk (net)
                      0.066620    0.000000  250.045685 v clkbuf_0_clk/A (sky130_fd_sc_hd__clkbuf_16)
     2    0.016757    0.054363    0.251674  250.297348 v clkbuf_0_clk/X (sky130_fd_sc_hd__clkbuf_16)
                                                         clknet_0_clk (net)
                      0.054363    0.000369  250.297729 v clkbuf_1_0__f_clk/A (sky130_fd_sc_hd__clkbuf_16)
    12    0.035777    0.072277    0.268329  250.566055 v clkbuf_1_0__f_clk/X (sky130_fd_sc_hd__clkbuf_16)
                                                         clknet_1_0__leaf_clk (net)
                      0.072289    0.000938  250.566986 v _083__1/A (sky130_fd_sc_hd__inv_2)
     1    0.002269    0.033029    0.064745  250.631729 ^ _083__1/Y (sky130_fd_sc_hd__inv_2)
                                                         net35 (net)
                      0.033029    0.000057  250.631790 ^ _152_/CLK (sky130_fd_sc_hd__dfxtp_1)
                                 -0.250000  250.381790   clock uncertainty
                                  0.000000  250.381790   clock reconvergence pessimism
                                 -0.275060  250.106735   library setup time
                                            250.106735   data required time
---------------------------------------------------------------------------------------------
                                            250.106735   data required time
                                           -101.018066   data arrival time
---------------------------------------------------------------------------------------------
                                            149.088669   slack (MET)


Startpoint: _152_ (rising edge-triggered flip-flop clocked by clk')
Endpoint: _162_ (rising edge-triggered flip-flop clocked by clk)
Path Group: clk
Path Type: max

Fanout         Cap        Slew       Delay        Time   Description
---------------------------------------------------------------------------------------------
                                250.000000  250.000000   clock clk' (rise edge)
                                  0.000000  250.000000   clock source latency
     1    0.014695    0.066615    0.045674  250.045685 v clk (in)
                                                         clk (net)
                      0.066620    0.000000  250.045685 v clkbuf_0_clk/A (sky130_fd_sc_hd__clkbuf_16)
     2    0.016757    0.054363    0.251674  250.297348 v clkbuf_0_clk/X (sky130_fd_sc_hd__clkbuf_16)
                                                         clknet_0_clk (net)
                      0.054363    0.000369  250.297729 v clkbuf_1_0__f_clk/A (sky130_fd_sc_hd__clkbuf_16)
    12    0.035777    0.072277    0.268329  250.566055 v clkbuf_1_0__f_clk/X (sky130_fd_sc_hd__clkbuf_16)
                                                         clknet_1_0__leaf_clk (net)
                      0.072289    0.000938  250.566986 v _083__1/A (sky130_fd_sc_hd__inv_2)
     1    0.002269    0.033029    0.064745  250.631729 ^ _083__1/Y (sky130_fd_sc_hd__inv_2)
                                                         net35 (net)
                      0.033029    0.000057  250.631790 ^ _152_/CLK (sky130_fd_sc_hd__dfxtp_1)
     3    0.022524    0.342797    0.813515  251.445312 ^ _152_/Q (sky130_fd_sc_hd__dfxtp_1)
                                                         net11 (net)
                      0.342797    0.000426  251.445740 ^ fanout28/A (sky130_fd_sc_hd__clkbuf_2)
    10    0.029877    0.260142    0.443805  251.889542 ^ fanout28/X (sky130_fd_sc_hd__clkbuf_2)
                                                         net28 (net)
                      0.260142    0.000881  251.890427 ^ _105_/A (sky130_fd_sc_hd__nand2_1)
     5    0.016232    0.280175    0.334325  252.224747 v _105_/Y (sky130_fd_sc_hd__nand2_1)
                                                         _061_ (net)
                      0.280175    0.000426  252.225174 v _118_/D (sky130_fd_sc_hd__or4_1)
     1    0.004149    0.197903    1.056208  253.281372 v _118_/X (sky130_fd_sc_hd__or4_1)
                                                         _023_ (net)
                      0.197903    0.000142  253.281525 v _120_/A2 (sky130_fd_sc_hd__a31oi_1)
     1    0.002647    0.191060    0.307608  253.589127 ^ _120_/Y (sky130_fd_sc_hd__a31oi_1)
                                                         _011_ (net)
                      0.191060    0.000085  253.589218 ^ _162_/D (sky130_fd_sc_hd__dfxtp_1)
                                            253.589218   data arrival time

                                500.000000  500.000000   clock clk (rise edge)
                                  0.000000  500.000000   clock source latency
     1    0.015581    0.119455    0.080263  500.080261 ^ clk (in)
                                                         clk (net)
                      0.119458    0.000000  500.080261 ^ clkbuf_0_clk/A (sky130_fd_sc_hd__clkbuf_16)
     2    0.018529    0.065592    0.242153  500.322418 ^ clkbuf_0_clk/X (sky130_fd_sc_hd__clkbuf_16)
                                                         clknet_0_clk (net)
                      0.065592    0.000227  500.322662 ^ clkbuf_1_1__f_clk/A (sky130_fd_sc_hd__clkbuf_16)
    10    0.040195    0.094973    0.247951  500.570618 ^ clkbuf_1_1__f_clk/X (sky130_fd_sc_hd__clkbuf_16)
                                                         clknet_1_1__leaf_clk (net)
                      0.094987    0.001137  500.571747 ^ _162_/CLK (sky130_fd_sc_hd__dfxtp_1)
                                 -0.250000  500.321747   clock uncertainty
                                  0.000000  500.321747   clock reconvergence pessimism
                                 -0.155607  500.166168   library setup time
                                            500.166168   data required time
---------------------------------------------------------------------------------------------
                                            500.166168   data required time
                                           -253.589218   data arrival time
---------------------------------------------------------------------------------------------
                                            246.576950   slack (MET)


Startpoint: _152_ (rising edge-triggered flip-flop clocked by clk')
Endpoint: _166_ (rising edge-triggered flip-flop clocked by clk)
Path Group: clk
Path Type: max

Fanout         Cap        Slew       Delay        Time   Description
---------------------------------------------------------------------------------------------
                                250.000000  250.000000   clock clk' (rise edge)
                                  0.000000  250.000000   clock source latency
     1    0.014695    0.066615    0.045674  250.045685 v clk (in)
                                                         clk (net)
                      0.066620    0.000000  250.045685 v clkbuf_0_clk/A (sky130_fd_sc_hd__clkbuf_16)
     2    0.016757    0.054363    0.251674  250.297348 v clkbuf_0_clk/X (sky130_fd_sc_hd__clkbuf_16)
                                                         clknet_0_clk (net)
                      0.054363    0.000369  250.297729 v clkbuf_1_0__f_clk/A (sky130_fd_sc_hd__clkbuf_16)
    12    0.035777    0.072277    0.268329  250.566055 v clkbuf_1_0__f_clk/X (sky130_fd_sc_hd__clkbuf_16)
                                                         clknet_1_0__leaf_clk (net)
                      0.072289    0.000938  250.566986 v _083__1/A (sky130_fd_sc_hd__inv_2)
     1    0.002269    0.033029    0.064745  250.631729 ^ _083__1/Y (sky130_fd_sc_hd__inv_2)
                                                         net35 (net)
                      0.033029    0.000057  250.631790 ^ _152_/CLK (sky130_fd_sc_hd__dfxtp_1)
     3    0.022524    0.342797    0.813515  251.445312 ^ _152_/Q (sky130_fd_sc_hd__dfxtp_1)
                                                         net11 (net)
                      0.342797    0.000426  251.445740 ^ fanout28/A (sky130_fd_sc_hd__clkbuf_2)
    10    0.029877    0.260142    0.443805  251.889542 ^ fanout28/X (sky130_fd_sc_hd__clkbuf_2)
                                                         net28 (net)
                      0.260142    0.000881  251.890427 ^ _105_/A (sky130_fd_sc_hd__nand2_1)
     5    0.016232    0.280175    0.334325  252.224747 v _105_/Y (sky130_fd_sc_hd__nand2_1)
                                                         _061_ (net)
                      0.280175    0.000313  252.225052 v _135_/D (sky130_fd_sc_hd__or4_1)
     1    0.003640    0.188671    1.042764  253.267822 v _135_/X (sky130_fd_sc_hd__or4_1)
                                                         _036_ (net)
                      0.188671    0.000114  253.267929 v _137_/A2 (sky130_fd_sc_hd__a31oi_1)
     1    0.002746    0.194050    0.306244  253.574173 ^ _137_/Y (sky130_fd_sc_hd__a31oi_1)
                                                         _015_ (net)
                      0.194050    0.000085  253.574265 ^ _166_/D (sky130_fd_sc_hd__dfxtp_1)
                                            253.574265   data arrival time

                                500.000000  500.000000   clock clk (rise edge)
                                  0.000000  500.000000   clock source latency
     1    0.015581    0.119455    0.080263  500.080261 ^ clk (in)
                                                         clk (net)
                      0.119458    0.000000  500.080261 ^ clkbuf_0_clk/A (sky130_fd_sc_hd__clkbuf_16)
     2    0.018529    0.065592    0.242153  500.322418 ^ clkbuf_0_clk/X (sky130_fd_sc_hd__clkbuf_16)
                                                         clknet_0_clk (net)
                      0.065592    0.000398  500.322815 ^ clkbuf_1_0__f_clk/A (sky130_fd_sc_hd__clkbuf_16)
    12    0.037428    0.090833    0.243972  500.566803 ^ clkbuf_1_0__f_clk/X (sky130_fd_sc_hd__clkbuf_16)
                                                         clknet_1_0__leaf_clk (net)
                      0.090843    0.001023  500.567810 ^ _166_/CLK (sky130_fd_sc_hd__dfxtp_1)
                                 -0.250000  500.317810   clock uncertainty
                                  0.000000  500.317810   clock reconvergence pessimism
                                 -0.157090  500.160706   library setup time
                                            500.160706   data required time
---------------------------------------------------------------------------------------------
                                            500.160706   data required time
                                           -253.574265   data arrival time
---------------------------------------------------------------------------------------------
                                            246.586441   slack (MET)


Startpoint: _152_ (rising edge-triggered flip-flop clocked by clk')
Endpoint: _163_ (rising edge-triggered flip-flop clocked by clk)
Path Group: clk
Path Type: max

Fanout         Cap        Slew       Delay        Time   Description
---------------------------------------------------------------------------------------------
                                250.000000  250.000000   clock clk' (rise edge)
                                  0.000000  250.000000   clock source latency
     1    0.014695    0.066615    0.045674  250.045685 v clk (in)
                                                         clk (net)
                      0.066620    0.000000  250.045685 v clkbuf_0_clk/A (sky130_fd_sc_hd__clkbuf_16)
     2    0.016757    0.054363    0.251674  250.297348 v clkbuf_0_clk/X (sky130_fd_sc_hd__clkbuf_16)
                                                         clknet_0_clk (net)
                      0.054363    0.000369  250.297729 v clkbuf_1_0__f_clk/A (sky130_fd_sc_hd__clkbuf_16)
    12    0.035777    0.072277    0.268329  250.566055 v clkbuf_1_0__f_clk/X (sky130_fd_sc_hd__clkbuf_16)
                                                         clknet_1_0__leaf_clk (net)
                      0.072289    0.000938  250.566986 v _083__1/A (sky130_fd_sc_hd__inv_2)
     1    0.002269    0.033029    0.064745  250.631729 ^ _083__1/Y (sky130_fd_sc_hd__inv_2)
                                                         net35 (net)
                      0.033029    0.000057  250.631790 ^ _152_/CLK (sky130_fd_sc_hd__dfxtp_1)
     3    0.022524    0.342797    0.813515  251.445312 ^ _152_/Q (sky130_fd_sc_hd__dfxtp_1)
                                                         net11 (net)
                      0.342797    0.000426  251.445740 ^ fanout28/A (sky130_fd_sc_hd__clkbuf_2)
    10    0.029877    0.260142    0.443805  251.889542 ^ fanout28/X (sky130_fd_sc_hd__clkbuf_2)
                                                         net28 (net)
                      0.260142    0.000881  251.890427 ^ _105_/A (sky130_fd_sc_hd__nand2_1)
     5    0.016232    0.280175    0.334325  252.224747 v _105_/Y (sky130_fd_sc_hd__nand2_1)
                                                         _061_ (net)
                      0.280175    0.000426  252.225174 v _121_/A4 (sky130_fd_sc_hd__o41a_1)
     1    0.003014    0.113588    0.672628  252.897797 v _121_/X (sky130_fd_sc_hd__o41a_1)
                                                         _025_ (net)
                      0.113588    0.000085  252.897888 v _125_/A1 (sky130_fd_sc_hd__o31a_1)
     1    0.002295    0.080717    0.559680  253.457565 v _125_/X (sky130_fd_sc_hd__o31a_1)
                                                         _012_ (net)
                      0.080717    0.000057  253.457626 v _163_/D (sky130_fd_sc_hd__dfxtp_1)
                                            253.457626   data arrival time

                                500.000000  500.000000   clock clk (rise edge)
                                  0.000000  500.000000   clock source latency
     1    0.015581    0.119455    0.080263  500.080261 ^ clk (in)
                                                         clk (net)
                      0.119458    0.000000  500.080261 ^ clkbuf_0_clk/A (sky130_fd_sc_hd__clkbuf_16)
     2    0.018529    0.065592    0.242153  500.322418 ^ clkbuf_0_clk/X (sky130_fd_sc_hd__clkbuf_16)
                                                         clknet_0_clk (net)
                      0.065592    0.000227  500.322662 ^ clkbuf_1_1__f_clk/A (sky130_fd_sc_hd__clkbuf_16)
    10    0.040195    0.094973    0.247951  500.570618 ^ clkbuf_1_1__f_clk/X (sky130_fd_sc_hd__clkbuf_16)
                                                         clknet_1_1__leaf_clk (net)
                      0.094984    0.001080  500.571686 ^ _163_/CLK (sky130_fd_sc_hd__dfxtp_1)
                                 -0.250000  500.321686   clock uncertainty
                                  0.000000  500.321686   clock reconvergence pessimism
                                 -0.266703  500.054993   library setup time
                                            500.054993   data required time
---------------------------------------------------------------------------------------------
                                            500.054993   data required time
                                           -253.457626   data arrival time
---------------------------------------------------------------------------------------------
                                            246.597366   slack (MET)


Startpoint: _152_ (rising edge-triggered flip-flop clocked by clk')
Endpoint: _167_ (rising edge-triggered flip-flop clocked by clk)
Path Group: clk
Path Type: max

Fanout         Cap        Slew       Delay        Time   Description
---------------------------------------------------------------------------------------------
                                250.000000  250.000000   clock clk' (rise edge)
                                  0.000000  250.000000   clock source latency
     1    0.014695    0.066615    0.045674  250.045685 v clk (in)
                                                         clk (net)
                      0.066620    0.000000  250.045685 v clkbuf_0_clk/A (sky130_fd_sc_hd__clkbuf_16)
     2    0.016757    0.054363    0.251674  250.297348 v clkbuf_0_clk/X (sky130_fd_sc_hd__clkbuf_16)
                                                         clknet_0_clk (net)
                      0.054363    0.000369  250.297729 v clkbuf_1_0__f_clk/A (sky130_fd_sc_hd__clkbuf_16)
    12    0.035777    0.072277    0.268329  250.566055 v clkbuf_1_0__f_clk/X (sky130_fd_sc_hd__clkbuf_16)
                                                         clknet_1_0__leaf_clk (net)
                      0.072289    0.000938  250.566986 v _083__1/A (sky130_fd_sc_hd__inv_2)
     1    0.002269    0.033029    0.064745  250.631729 ^ _083__1/Y (sky130_fd_sc_hd__inv_2)
                                                         net35 (net)
                      0.033029    0.000057  250.631790 ^ _152_/CLK (sky130_fd_sc_hd__dfxtp_1)
     3    0.022524    0.342797    0.813515  251.445312 ^ _152_/Q (sky130_fd_sc_hd__dfxtp_1)
                                                         net11 (net)
                      0.342797    0.000426  251.445740 ^ fanout28/A (sky130_fd_sc_hd__clkbuf_2)
    10    0.029877    0.260142    0.443805  251.889542 ^ fanout28/X (sky130_fd_sc_hd__clkbuf_2)
                                                         net28 (net)
                      0.260142    0.000881  251.890427 ^ _105_/A (sky130_fd_sc_hd__nand2_1)
     5    0.016232    0.280175    0.334325  252.224747 v _105_/Y (sky130_fd_sc_hd__nand2_1)
                                                         _061_ (net)
                      0.280175    0.000341  252.225082 v _138_/A4 (sky130_fd_sc_hd__o41a_1)
     1    0.002712    0.109844    0.667484  252.892563 v _138_/X (sky130_fd_sc_hd__o41a_1)
                                                         _038_ (net)
                      0.109844    0.000057  252.892624 v _141_/A1 (sky130_fd_sc_hd__o31a_1)
     1    0.002346    0.081171    0.558856  253.451477 v _141_/X (sky130_fd_sc_hd__o31a_1)
                                                         _016_ (net)
                      0.081171    0.000057  253.451538 v _167_/D (sky130_fd_sc_hd__dfxtp_1)
                                            253.451538   data arrival time

                                500.000000  500.000000   clock clk (rise edge)
                                  0.000000  500.000000   clock source latency
     1    0.015581    0.119455    0.080263  500.080261 ^ clk (in)
                                                         clk (net)
                      0.119458    0.000000  500.080261 ^ clkbuf_0_clk/A (sky130_fd_sc_hd__clkbuf_16)
     2    0.018529    0.065592    0.242153  500.322418 ^ clkbuf_0_clk/X (sky130_fd_sc_hd__clkbuf_16)
                                                         clknet_0_clk (net)
                      0.065592    0.000398  500.322815 ^ clkbuf_1_0__f_clk/A (sky130_fd_sc_hd__clkbuf_16)
    12    0.037428    0.090833    0.243972  500.566803 ^ clkbuf_1_0__f_clk/X (sky130_fd_sc_hd__clkbuf_16)
                                                         clknet_1_0__leaf_clk (net)
                      0.090840    0.000909  500.567719 ^ _167_/CLK (sky130_fd_sc_hd__dfxtp_1)
                                 -0.250000  500.317719   clock uncertainty
                                  0.000000  500.317719   clock reconvergence pessimism
                                 -0.268008  500.049683   library setup time
                                            500.049683   data required time
---------------------------------------------------------------------------------------------
                                            500.049683   data required time
                                           -253.451538   data arrival time
---------------------------------------------------------------------------------------------
                                            246.598160   slack (MET)


Startpoint: _152_ (rising edge-triggered flip-flop clocked by clk')
Endpoint: _168_ (rising edge-triggered flip-flop clocked by clk)
Path Group: clk
Path Type: max

Fanout         Cap        Slew       Delay        Time   Description
---------------------------------------------------------------------------------------------
                                250.000000  250.000000   clock clk' (rise edge)
                                  0.000000  250.000000   clock source latency
     1    0.014695    0.066615    0.045674  250.045685 v clk (in)
                                                         clk (net)
                      0.066620    0.000000  250.045685 v clkbuf_0_clk/A (sky130_fd_sc_hd__clkbuf_16)
     2    0.016757    0.054363    0.251674  250.297348 v clkbuf_0_clk/X (sky130_fd_sc_hd__clkbuf_16)
                                                         clknet_0_clk (net)
                      0.054363    0.000369  250.297729 v clkbuf_1_0__f_clk/A (sky130_fd_sc_hd__clkbuf_16)
    12    0.035777    0.072277    0.268329  250.566055 v clkbuf_1_0__f_clk/X (sky130_fd_sc_hd__clkbuf_16)
                                                         clknet_1_0__leaf_clk (net)
                      0.072289    0.000938  250.566986 v _083__1/A (sky130_fd_sc_hd__inv_2)
     1    0.002269    0.033029    0.064745  250.631729 ^ _083__1/Y (sky130_fd_sc_hd__inv_2)
                                                         net35 (net)
                      0.033029    0.000057  250.631790 ^ _152_/CLK (sky130_fd_sc_hd__dfxtp_1)
     3    0.022524    0.342797    0.813515  251.445312 ^ _152_/Q (sky130_fd_sc_hd__dfxtp_1)
                                                         net11 (net)
                      0.342797    0.000426  251.445740 ^ fanout28/A (sky130_fd_sc_hd__clkbuf_2)
    10    0.029877    0.260142    0.443805  251.889542 ^ fanout28/X (sky130_fd_sc_hd__clkbuf_2)
                                                         net28 (net)
                      0.260144    0.001279  251.890823 ^ _122_/C_N (sky130_fd_sc_hd__nor3b_2)
     5    0.017255    0.531131    0.613142  252.503952 ^ _122_/Y (sky130_fd_sc_hd__nor3b_2)
                                                         _026_ (net)
                      0.531132    0.000568  252.504532 ^ _142_/A1 (sky130_fd_sc_hd__a21oi_1)
     1    0.003152    0.152309    0.286775  252.791306 v _142_/Y (sky130_fd_sc_hd__a21oi_1)
                                                         _041_ (net)
                      0.152309    0.000085  252.791382 v _143_/B1 (sky130_fd_sc_hd__a211o_1)
     1    0.006706    0.119718    0.572356  253.363739 v _143_/X (sky130_fd_sc_hd__a211o_1)
                                                         _017_ (net)
                      0.119718    0.000227  253.363968 v _168_/D (sky130_fd_sc_hd__dfxtp_1)
                                            253.363968   data arrival time

                                500.000000  500.000000   clock clk (rise edge)
                                  0.000000  500.000000   clock source latency
     1    0.015581    0.119455    0.080263  500.080261 ^ clk (in)
                                                         clk (net)
                      0.119458    0.000000  500.080261 ^ clkbuf_0_clk/A (sky130_fd_sc_hd__clkbuf_16)
     2    0.018529    0.065592    0.242153  500.322418 ^ clkbuf_0_clk/X (sky130_fd_sc_hd__clkbuf_16)
                                                         clknet_0_clk (net)
                      0.065592    0.000398  500.322815 ^ clkbuf_1_0__f_clk/A (sky130_fd_sc_hd__clkbuf_16)
    12    0.037428    0.090833    0.243972  500.566803 ^ clkbuf_1_0__f_clk/X (sky130_fd_sc_hd__clkbuf_16)
                                                         clknet_1_0__leaf_clk (net)
                      0.090846    0.001137  500.567932 ^ _168_/CLK (sky130_fd_sc_hd__dfxtp_1)
                                 -0.250000  500.317932   clock uncertainty
                                  0.000000  500.317932   clock reconvergence pessimism
                                 -0.284023  500.033905   library setup time
                                            500.033905   data required time
---------------------------------------------------------------------------------------------
                                            500.033905   data required time
                                           -253.363968   data arrival time
---------------------------------------------------------------------------------------------
                                            246.669922   slack (MET)


Startpoint: _152_ (rising edge-triggered flip-flop clocked by clk')
Endpoint: _165_ (rising edge-triggered flip-flop clocked by clk)
Path Group: clk
Path Type: max

Fanout         Cap        Slew       Delay        Time   Description
---------------------------------------------------------------------------------------------
                                250.000000  250.000000   clock clk' (rise edge)
                                  0.000000  250.000000   clock source latency
     1    0.014695    0.066615    0.045674  250.045685 v clk (in)
                                                         clk (net)
                      0.066620    0.000000  250.045685 v clkbuf_0_clk/A (sky130_fd_sc_hd__clkbuf_16)
     2    0.016757    0.054363    0.251674  250.297348 v clkbuf_0_clk/X (sky130_fd_sc_hd__clkbuf_16)
                                                         clknet_0_clk (net)
                      0.054363    0.000369  250.297729 v clkbuf_1_0__f_clk/A (sky130_fd_sc_hd__clkbuf_16)
    12    0.035777    0.072277    0.268329  250.566055 v clkbuf_1_0__f_clk/X (sky130_fd_sc_hd__clkbuf_16)
                                                         clknet_1_0__leaf_clk (net)
                      0.072289    0.000938  250.566986 v _083__1/A (sky130_fd_sc_hd__inv_2)
     1    0.002269    0.033029    0.064745  250.631729 ^ _083__1/Y (sky130_fd_sc_hd__inv_2)
                                                         net35 (net)
                      0.033029    0.000057  250.631790 ^ _152_/CLK (sky130_fd_sc_hd__dfxtp_1)
     3    0.022524    0.342797    0.813515  251.445312 ^ _152_/Q (sky130_fd_sc_hd__dfxtp_1)
                                                         net11 (net)
                      0.342797    0.000426  251.445740 ^ fanout28/A (sky130_fd_sc_hd__clkbuf_2)
    10    0.029877    0.260142    0.443805  251.889542 ^ fanout28/X (sky130_fd_sc_hd__clkbuf_2)
                                                         net28 (net)
                      0.260148    0.001620  251.891159 ^ _107_/A (sky130_fd_sc_hd__nand3_1)
     3    0.008231    0.244698    0.303515  252.194672 v _107_/Y (sky130_fd_sc_hd__nand3_1)
                                                         _063_ (net)
                      0.244698    0.000142  252.194809 v _130_/B (sky130_fd_sc_hd__or3b_1)
     1    0.004117    0.152874    0.888804  253.083618 v _130_/X (sky130_fd_sc_hd__or3b_1)
                                                         _032_ (net)
                      0.152874    0.000142  253.083755 v _133_/A1 (sky130_fd_sc_hd__a31oi_1)
     1    0.002887    0.198531    0.249401  253.333160 ^ _133_/Y (sky130_fd_sc_hd__a31oi_1)
                                                         _014_ (net)
                      0.198531    0.000085  253.333252 ^ _165_/D (sky130_fd_sc_hd__dfxtp_1)
                                            253.333252   data arrival time

                                500.000000  500.000000   clock clk (rise edge)
                                  0.000000  500.000000   clock source latency
     1    0.015581    0.119455    0.080263  500.080261 ^ clk (in)
                                                         clk (net)
                      0.119458    0.000000  500.080261 ^ clkbuf_0_clk/A (sky130_fd_sc_hd__clkbuf_16)
     2    0.018529    0.065592    0.242153  500.322418 ^ clkbuf_0_clk/X (sky130_fd_sc_hd__clkbuf_16)
                                                         clknet_0_clk (net)
                      0.065592    0.000227  500.322662 ^ clkbuf_1_1__f_clk/A (sky130_fd_sc_hd__clkbuf_16)
    10    0.040195    0.094973    0.247951  500.570618 ^ clkbuf_1_1__f_clk/X (sky130_fd_sc_hd__clkbuf_16)
                                                         clknet_1_1__leaf_clk (net)
                      0.094981    0.000909  500.571503 ^ _165_/CLK (sky130_fd_sc_hd__dfxtp_1)
                                 -0.250000  500.321533   clock uncertainty
                                  0.000000  500.321533   clock reconvergence pessimism
                                 -0.157549  500.163940   library setup time
                                            500.163940   data required time
---------------------------------------------------------------------------------------------
                                            500.163940   data required time
                                           -253.333252   data arrival time
---------------------------------------------------------------------------------------------
                                            246.830704   slack (MET)


Startpoint: _152_ (rising edge-triggered flip-flop clocked by clk')
Endpoint: _164_ (rising edge-triggered flip-flop clocked by clk)
Path Group: clk
Path Type: max

Fanout         Cap        Slew       Delay        Time   Description
---------------------------------------------------------------------------------------------
                                250.000000  250.000000   clock clk' (rise edge)
                                  0.000000  250.000000   clock source latency
     1    0.014695    0.066615    0.045674  250.045685 v clk (in)
                                                         clk (net)
                      0.066620    0.000000  250.045685 v clkbuf_0_clk/A (sky130_fd_sc_hd__clkbuf_16)
     2    0.016757    0.054363    0.251674  250.297348 v clkbuf_0_clk/X (sky130_fd_sc_hd__clkbuf_16)
                                                         clknet_0_clk (net)
                      0.054363    0.000369  250.297729 v clkbuf_1_0__f_clk/A (sky130_fd_sc_hd__clkbuf_16)
    12    0.035777    0.072277    0.268329  250.566055 v clkbuf_1_0__f_clk/X (sky130_fd_sc_hd__clkbuf_16)
                                                         clknet_1_0__leaf_clk (net)
                      0.072289    0.000938  250.566986 v _083__1/A (sky130_fd_sc_hd__inv_2)
     1    0.002269    0.033029    0.064745  250.631729 ^ _083__1/Y (sky130_fd_sc_hd__inv_2)
                                                         net35 (net)
                      0.033029    0.000057  250.631790 ^ _152_/CLK (sky130_fd_sc_hd__dfxtp_1)
     3    0.022524    0.342797    0.813515  251.445312 ^ _152_/Q (sky130_fd_sc_hd__dfxtp_1)
                                                         net11 (net)
                      0.342797    0.000426  251.445740 ^ fanout28/A (sky130_fd_sc_hd__clkbuf_2)
    10    0.029877    0.260142    0.443805  251.889542 ^ fanout28/X (sky130_fd_sc_hd__clkbuf_2)
                                                         net28 (net)
                      0.260144    0.001279  251.890823 ^ _122_/C_N (sky130_fd_sc_hd__nor3b_2)
     5    0.017255    0.531131    0.613142  252.503952 ^ _122_/Y (sky130_fd_sc_hd__nor3b_2)
                                                         _026_ (net)
                      0.531132    0.000597  252.504562 ^ _126_/A2 (sky130_fd_sc_hd__a21oi_1)
     1    0.002749    0.125107    0.284928  252.789490 v _126_/Y (sky130_fd_sc_hd__a21oi_1)
                                                         _029_ (net)
                      0.125107    0.000057  252.789536 v _129_/A1 (sky130_fd_sc_hd__o21a_1)
     1    0.002094    0.058983    0.347484  253.137024 v _129_/X (sky130_fd_sc_hd__o21a_1)
                                                         _013_ (net)
                      0.058983    0.000057  253.137085 v _164_/D (sky130_fd_sc_hd__dfxtp_1)
                                            253.137085   data arrival time

                                500.000000  500.000000   clock clk (rise edge)
                                  0.000000  500.000000   clock source latency
     1    0.015581    0.119455    0.080263  500.080261 ^ clk (in)
                                                         clk (net)
                      0.119458    0.000000  500.080261 ^ clkbuf_0_clk/A (sky130_fd_sc_hd__clkbuf_16)
     2    0.018529    0.065592    0.242153  500.322418 ^ clkbuf_0_clk/X (sky130_fd_sc_hd__clkbuf_16)
                                                         clknet_0_clk (net)
                      0.065592    0.000227  500.322662 ^ clkbuf_1_1__f_clk/A (sky130_fd_sc_hd__clkbuf_16)
    10    0.040195    0.094973    0.247951  500.570618 ^ clkbuf_1_1__f_clk/X (sky130_fd_sc_hd__clkbuf_16)
                                                         clknet_1_1__leaf_clk (net)
                      0.094982    0.000966  500.571564 ^ _164_/CLK (sky130_fd_sc_hd__dfxtp_1)
                                 -0.250000  500.321564   clock uncertainty
                                  0.000000  500.321564   clock reconvergence pessimism
                                 -0.257673  500.063904   library setup time
                                            500.063904   data required time
---------------------------------------------------------------------------------------------
                                            500.063904   data required time
                                           -253.137085   data arrival time
---------------------------------------------------------------------------------------------
                                            246.926819   slack (MET)


Startpoint: _152_ (rising edge-triggered flip-flop clocked by clk')
Endpoint: _161_ (rising edge-triggered flip-flop clocked by clk)
Path Group: clk
Path Type: max

Fanout         Cap        Slew       Delay        Time   Description
---------------------------------------------------------------------------------------------
                                250.000000  250.000000   clock clk' (rise edge)
                                  0.000000  250.000000   clock source latency
     1    0.014695    0.066615    0.045674  250.045685 v clk (in)
                                                         clk (net)
                      0.066620    0.000000  250.045685 v clkbuf_0_clk/A (sky130_fd_sc_hd__clkbuf_16)
     2    0.016757    0.054363    0.251674  250.297348 v clkbuf_0_clk/X (sky130_fd_sc_hd__clkbuf_16)
                                                         clknet_0_clk (net)
                      0.054363    0.000369  250.297729 v clkbuf_1_0__f_clk/A (sky130_fd_sc_hd__clkbuf_16)
    12    0.035777    0.072277    0.268329  250.566055 v clkbuf_1_0__f_clk/X (sky130_fd_sc_hd__clkbuf_16)
                                                         clknet_1_0__leaf_clk (net)
                      0.072289    0.000938  250.566986 v _083__1/A (sky130_fd_sc_hd__inv_2)
     1    0.002269    0.033029    0.064745  250.631729 ^ _083__1/Y (sky130_fd_sc_hd__inv_2)
                                                         net35 (net)
                      0.033029    0.000057  250.631790 ^ _152_/CLK (sky130_fd_sc_hd__dfxtp_1)
     3    0.022524    0.342797    0.813515  251.445312 ^ _152_/Q (sky130_fd_sc_hd__dfxtp_1)
                                                         net11 (net)
                      0.342797    0.000426  251.445740 ^ fanout28/A (sky130_fd_sc_hd__clkbuf_2)
    10    0.029877    0.260142    0.443805  251.889542 ^ fanout28/X (sky130_fd_sc_hd__clkbuf_2)
                                                         net28 (net)
                      0.260149    0.001734  251.891266 ^ _109_/A (sky130_fd_sc_hd__nand4_1)
     4    0.009636    0.355736    0.384944  252.276215 v _109_/Y (sky130_fd_sc_hd__nand4_1)
                                                         _065_ (net)
                      0.355736    0.000171  252.276382 v _111_/A2 (sky130_fd_sc_hd__o21a_1)
     1    0.002384    0.061796    0.423341  252.699722 v _111_/X (sky130_fd_sc_hd__o21a_1)
                                                         _067_ (net)
                      0.061796    0.000057  252.699783 v _115_/A1 (sky130_fd_sc_hd__o21a_1)
     1    0.002660    0.063805    0.327987  253.027771 v _115_/X (sky130_fd_sc_hd__o21a_1)
                                                         _010_ (net)
                      0.063805    0.000057  253.027832 v _161_/D (sky130_fd_sc_hd__dfxtp_2)
                                            253.027832   data arrival time

                                500.000000  500.000000   clock clk (rise edge)
                                  0.000000  500.000000   clock source latency
     1    0.015581    0.119455    0.080263  500.080261 ^ clk (in)
                                                         clk (net)
                      0.119458    0.000000  500.080261 ^ clkbuf_0_clk/A (sky130_fd_sc_hd__clkbuf_16)
     2    0.018529    0.065592    0.242153  500.322418 ^ clkbuf_0_clk/X (sky130_fd_sc_hd__clkbuf_16)
                                                         clknet_0_clk (net)
                      0.065592    0.000227  500.322662 ^ clkbuf_1_1__f_clk/A (sky130_fd_sc_hd__clkbuf_16)
    10    0.040195    0.094973    0.247951  500.570618 ^ clkbuf_1_1__f_clk/X (sky130_fd_sc_hd__clkbuf_16)
                                                         clknet_1_1__leaf_clk (net)
                      0.094987    0.001194  500.571808 ^ _161_/CLK (sky130_fd_sc_hd__dfxtp_2)
                                 -0.250000  500.321808   clock uncertainty
                                  0.000000  500.321808   clock reconvergence pessimism
                                 -0.265044  500.056732   library setup time
                                            500.056732   data required time
---------------------------------------------------------------------------------------------
                                            500.056732   data required time
                                           -253.027832   data arrival time
---------------------------------------------------------------------------------------------
                                            247.028915   slack (MET)


Startpoint: _152_ (rising edge-triggered flip-flop clocked by clk')
Endpoint: _172_ (rising edge-triggered flip-flop clocked by clk)
Path Group: clk
Path Type: max

Fanout         Cap        Slew       Delay        Time   Description
---------------------------------------------------------------------------------------------
                                250.000000  250.000000   clock clk' (rise edge)
                                  0.000000  250.000000   clock source latency
     1    0.014695    0.066615    0.045674  250.045685 v clk (in)
                                                         clk (net)
                      0.066620    0.000000  250.045685 v clkbuf_0_clk/A (sky130_fd_sc_hd__clkbuf_16)
     2    0.016757    0.054363    0.251674  250.297348 v clkbuf_0_clk/X (sky130_fd_sc_hd__clkbuf_16)
                                                         clknet_0_clk (net)
                      0.054363    0.000369  250.297729 v clkbuf_1_0__f_clk/A (sky130_fd_sc_hd__clkbuf_16)
    12    0.035777    0.072277    0.268329  250.566055 v clkbuf_1_0__f_clk/X (sky130_fd_sc_hd__clkbuf_16)
                                                         clknet_1_0__leaf_clk (net)
                      0.072289    0.000938  250.566986 v _083__1/A (sky130_fd_sc_hd__inv_2)
     1    0.002269    0.033029    0.064745  250.631729 ^ _083__1/Y (sky130_fd_sc_hd__inv_2)
                                                         net35 (net)
                      0.033029    0.000057  250.631790 ^ _152_/CLK (sky130_fd_sc_hd__dfxtp_1)
     3    0.022524    0.342797    0.813515  251.445312 ^ _152_/Q (sky130_fd_sc_hd__dfxtp_1)
                                                         net11 (net)
                      0.342797    0.000426  251.445740 ^ fanout28/A (sky130_fd_sc_hd__clkbuf_2)
    10    0.029877    0.260142    0.443805  251.889542 ^ fanout28/X (sky130_fd_sc_hd__clkbuf_2)
                                                         net28 (net)
                      0.260149    0.001734  251.891266 ^ _109_/A (sky130_fd_sc_hd__nand4_1)
     4    0.009636    0.355736    0.384944  252.276215 v _109_/Y (sky130_fd_sc_hd__nand4_1)
                                                         _065_ (net)
                      0.355736    0.000227  252.276443 v _110_/B (sky130_fd_sc_hd__or2_1)
     1    0.002614    0.094944    0.572811  252.849258 v _110_/X (sky130_fd_sc_hd__or2_1)
                                                         _066_ (net)
                      0.094944    0.000057  252.849304 v _151_/A1 (sky130_fd_sc_hd__a21oi_1)
     1    0.002062    0.148365    0.192756  253.042068 ^ _151_/Y (sky130_fd_sc_hd__a21oi_1)
                                                         _021_ (net)
                      0.148365    0.000057  253.042130 ^ _172_/D (sky130_fd_sc_hd__dfxtp_1)
                                            253.042130   data arrival time

                                500.000000  500.000000   clock clk (rise edge)
                                  0.000000  500.000000   clock source latency
     1    0.015581    0.119455    0.080263  500.080261 ^ clk (in)
                                                         clk (net)
                      0.119458    0.000000  500.080261 ^ clkbuf_0_clk/A (sky130_fd_sc_hd__clkbuf_16)
     2    0.018529    0.065592    0.242153  500.322418 ^ clkbuf_0_clk/X (sky130_fd_sc_hd__clkbuf_16)
                                                         clknet_0_clk (net)
                      0.065592    0.000227  500.322662 ^ clkbuf_1_1__f_clk/A (sky130_fd_sc_hd__clkbuf_16)
    10    0.040195    0.094973    0.247951  500.570618 ^ clkbuf_1_1__f_clk/X (sky130_fd_sc_hd__clkbuf_16)
                                                         clknet_1_1__leaf_clk (net)
                      0.094988    0.001194  500.571808 ^ _172_/CLK (sky130_fd_sc_hd__dfxtp_1)
                                 -0.250000  500.321808   clock uncertainty
                                  0.000000  500.321808   clock reconvergence pessimism
                                 -0.144511  500.177307   library setup time
                                            500.177307   data required time
---------------------------------------------------------------------------------------------
                                            500.177307   data required time
                                           -253.042130   data arrival time
---------------------------------------------------------------------------------------------
                                            247.135178   slack (MET)


Startpoint: _152_ (rising edge-triggered flip-flop clocked by clk')
Endpoint: _171_ (rising edge-triggered flip-flop clocked by clk)
Path Group: clk
Path Type: max

Fanout         Cap        Slew       Delay        Time   Description
---------------------------------------------------------------------------------------------
                                250.000000  250.000000   clock clk' (rise edge)
                                  0.000000  250.000000   clock source latency
     1    0.014695    0.066615    0.045674  250.045685 v clk (in)
                                                         clk (net)
                      0.066620    0.000000  250.045685 v clkbuf_0_clk/A (sky130_fd_sc_hd__clkbuf_16)
     2    0.016757    0.054363    0.251674  250.297348 v clkbuf_0_clk/X (sky130_fd_sc_hd__clkbuf_16)
                                                         clknet_0_clk (net)
                      0.054363    0.000369  250.297729 v clkbuf_1_0__f_clk/A (sky130_fd_sc_hd__clkbuf_16)
    12    0.035777    0.072277    0.268329  250.566055 v clkbuf_1_0__f_clk/X (sky130_fd_sc_hd__clkbuf_16)
                                                         clknet_1_0__leaf_clk (net)
                      0.072289    0.000938  250.566986 v _083__1/A (sky130_fd_sc_hd__inv_2)
     1    0.002269    0.033029    0.064745  250.631729 ^ _083__1/Y (sky130_fd_sc_hd__inv_2)
                                                         net35 (net)
                      0.033029    0.000057  250.631790 ^ _152_/CLK (sky130_fd_sc_hd__dfxtp_1)
     3    0.022524    0.342797    0.813515  251.445312 ^ _152_/Q (sky130_fd_sc_hd__dfxtp_1)
                                                         net11 (net)
                      0.342797    0.000426  251.445740 ^ fanout28/A (sky130_fd_sc_hd__clkbuf_2)
    10    0.029877    0.260142    0.443805  251.889542 ^ fanout28/X (sky130_fd_sc_hd__clkbuf_2)
                                                         net28 (net)
                      0.260149    0.001734  251.891266 ^ _109_/A (sky130_fd_sc_hd__nand4_1)
     4    0.009636    0.355736    0.384944  252.276215 v _109_/Y (sky130_fd_sc_hd__nand4_1)
                                                         _065_ (net)
                      0.355736    0.000114  252.276337 v _149_/B (sky130_fd_sc_hd__and3_1)
     1    0.002103    0.064722    0.464524  252.740860 v _149_/X (sky130_fd_sc_hd__and3_1)
                                                         _020_ (net)
                      0.064722    0.000057  252.740906 v _171_/D (sky130_fd_sc_hd__dfxtp_2)
                                            252.740906   data arrival time

                                500.000000  500.000000   clock clk (rise edge)
                                  0.000000  500.000000   clock source latency
     1    0.015581    0.119455    0.080263  500.080261 ^ clk (in)
                                                         clk (net)
                      0.119458    0.000000  500.080261 ^ clkbuf_0_clk/A (sky130_fd_sc_hd__clkbuf_16)
     2    0.018529    0.065592    0.242153  500.322418 ^ clkbuf_0_clk/X (sky130_fd_sc_hd__clkbuf_16)
                                                         clknet_0_clk (net)
                      0.065592    0.000227  500.322662 ^ clkbuf_1_1__f_clk/A (sky130_fd_sc_hd__clkbuf_16)
    10    0.040195    0.094973    0.247951  500.570618 ^ clkbuf_1_1__f_clk/X (sky130_fd_sc_hd__clkbuf_16)
                                                         clknet_1_1__leaf_clk (net)
                      0.094986    0.001137  500.571747 ^ _171_/CLK (sky130_fd_sc_hd__dfxtp_2)
                                 -0.250000  500.321747   clock uncertainty
                                  0.000000  500.321747   clock reconvergence pessimism
                                 -0.265426  500.056335   library setup time
                                            500.056335   data required time
---------------------------------------------------------------------------------------------
                                            500.056335   data required time
                                           -252.740906   data arrival time
---------------------------------------------------------------------------------------------
                                            247.315430   slack (MET)


Startpoint: _152_ (rising edge-triggered flip-flop clocked by clk')
Endpoint: _169_ (rising edge-triggered flip-flop clocked by clk)
Path Group: clk
Path Type: max

Fanout         Cap        Slew       Delay        Time   Description
---------------------------------------------------------------------------------------------
                                250.000000  250.000000   clock clk' (rise edge)
                                  0.000000  250.000000   clock source latency
     1    0.014695    0.066615    0.045674  250.045685 v clk (in)
                                                         clk (net)
                      0.066620    0.000000  250.045685 v clkbuf_0_clk/A (sky130_fd_sc_hd__clkbuf_16)
     2    0.016757    0.054363    0.251674  250.297348 v clkbuf_0_clk/X (sky130_fd_sc_hd__clkbuf_16)
                                                         clknet_0_clk (net)
                      0.054363    0.000369  250.297729 v clkbuf_1_0__f_clk/A (sky130_fd_sc_hd__clkbuf_16)
    12    0.035777    0.072277    0.268329  250.566055 v clkbuf_1_0__f_clk/X (sky130_fd_sc_hd__clkbuf_16)
                                                         clknet_1_0__leaf_clk (net)
                      0.072289    0.000938  250.566986 v _083__1/A (sky130_fd_sc_hd__inv_2)
     1    0.002269    0.033029    0.064745  250.631729 ^ _083__1/Y (sky130_fd_sc_hd__inv_2)
                                                         net35 (net)
                      0.033029    0.000057  250.631790 ^ _152_/CLK (sky130_fd_sc_hd__dfxtp_1)
     3    0.022524    0.342797    0.813515  251.445312 ^ _152_/Q (sky130_fd_sc_hd__dfxtp_1)
                                                         net11 (net)
                      0.342797    0.000426  251.445740 ^ fanout28/A (sky130_fd_sc_hd__clkbuf_2)
    10    0.029877    0.260142    0.443805  251.889542 ^ fanout28/X (sky130_fd_sc_hd__clkbuf_2)
                                                         net28 (net)
                      0.260142    0.000881  251.890427 ^ _105_/A (sky130_fd_sc_hd__nand2_1)
     5    0.016232    0.280175    0.334325  252.224747 v _105_/Y (sky130_fd_sc_hd__nand2_1)
                                                         _061_ (net)
                      0.280175    0.000171  252.224915 v _145_/B (sky130_fd_sc_hd__and3_1)
     1    0.002015    0.064045    0.424791  252.649704 v _145_/X (sky130_fd_sc_hd__and3_1)
                                                         _018_ (net)
                      0.064045    0.000057  252.649765 v _169_/D (sky130_fd_sc_hd__dfxtp_1)
                                            252.649765   data arrival time

                                500.000000  500.000000   clock clk (rise edge)
                                  0.000000  500.000000   clock source latency
     1    0.015581    0.119455    0.080263  500.080261 ^ clk (in)
                                                         clk (net)
                      0.119458    0.000000  500.080261 ^ clkbuf_0_clk/A (sky130_fd_sc_hd__clkbuf_16)
     2    0.018529    0.065592    0.242153  500.322418 ^ clkbuf_0_clk/X (sky130_fd_sc_hd__clkbuf_16)
                                                         clknet_0_clk (net)
                      0.065592    0.000227  500.322662 ^ clkbuf_1_1__f_clk/A (sky130_fd_sc_hd__clkbuf_16)
    10    0.040195    0.094973    0.247951  500.570618 ^ clkbuf_1_1__f_clk/X (sky130_fd_sc_hd__clkbuf_16)
                                                         clknet_1_1__leaf_clk (net)
                      0.094981    0.000966  500.571564 ^ _169_/CLK (sky130_fd_sc_hd__dfxtp_1)
                                 -0.250000  500.321564   clock uncertainty
                                  0.000000  500.321564   clock reconvergence pessimism
                                 -0.259776  500.061798   library setup time
                                            500.061798   data required time
---------------------------------------------------------------------------------------------
                                            500.061798   data required time
                                           -252.649765   data arrival time
---------------------------------------------------------------------------------------------
                                            247.412033   slack (MET)


Startpoint: _152_ (rising edge-triggered flip-flop clocked by clk')
Endpoint: _170_ (rising edge-triggered flip-flop clocked by clk)
Path Group: clk
Path Type: max

Fanout         Cap        Slew       Delay        Time   Description
---------------------------------------------------------------------------------------------
                                250.000000  250.000000   clock clk' (rise edge)
                                  0.000000  250.000000   clock source latency
     1    0.014695    0.066615    0.045674  250.045685 v clk (in)
                                                         clk (net)
                      0.066620    0.000000  250.045685 v clkbuf_0_clk/A (sky130_fd_sc_hd__clkbuf_16)
     2    0.016757    0.054363    0.251674  250.297348 v clkbuf_0_clk/X (sky130_fd_sc_hd__clkbuf_16)
                                                         clknet_0_clk (net)
                      0.054363    0.000369  250.297729 v clkbuf_1_0__f_clk/A (sky130_fd_sc_hd__clkbuf_16)
    12    0.035777    0.072277    0.268329  250.566055 v clkbuf_1_0__f_clk/X (sky130_fd_sc_hd__clkbuf_16)
                                                         clknet_1_0__leaf_clk (net)
                      0.072289    0.000938  250.566986 v _083__1/A (sky130_fd_sc_hd__inv_2)
     1    0.002269    0.033029    0.064745  250.631729 ^ _083__1/Y (sky130_fd_sc_hd__inv_2)
                                                         net35 (net)
                      0.033029    0.000057  250.631790 ^ _152_/CLK (sky130_fd_sc_hd__dfxtp_1)
     3    0.022524    0.342797    0.813515  251.445312 ^ _152_/Q (sky130_fd_sc_hd__dfxtp_1)
                                                         net11 (net)
                      0.342797    0.000426  251.445740 ^ fanout28/A (sky130_fd_sc_hd__clkbuf_2)
    10    0.029877    0.260142    0.443805  251.889542 ^ fanout28/X (sky130_fd_sc_hd__clkbuf_2)
                                                         net28 (net)
                      0.260148    0.001620  251.891159 ^ _107_/A (sky130_fd_sc_hd__nand3_1)
     3    0.008231    0.244698    0.303515  252.194672 v _107_/Y (sky130_fd_sc_hd__nand3_1)
                                                         _063_ (net)
                      0.244698    0.000085  252.194763 v _147_/B (sky130_fd_sc_hd__and3_1)
     1    0.002166    0.065048    0.408420  252.603180 v _147_/X (sky130_fd_sc_hd__and3_1)
                                                         _019_ (net)
                      0.065048    0.000057  252.603241 v _170_/D (sky130_fd_sc_hd__dfxtp_1)
                                            252.603241   data arrival time

                                500.000000  500.000000   clock clk (rise edge)
                                  0.000000  500.000000   clock source latency
     1    0.015581    0.119455    0.080263  500.080261 ^ clk (in)
                                                         clk (net)
                      0.119458    0.000000  500.080261 ^ clkbuf_0_clk/A (sky130_fd_sc_hd__clkbuf_16)
     2    0.018529    0.065592    0.242153  500.322418 ^ clkbuf_0_clk/X (sky130_fd_sc_hd__clkbuf_16)
                                                         clknet_0_clk (net)
                      0.065592    0.000227  500.322662 ^ clkbuf_1_1__f_clk/A (sky130_fd_sc_hd__clkbuf_16)
    10    0.040195    0.094973    0.247951  500.570618 ^ clkbuf_1_1__f_clk/X (sky130_fd_sc_hd__clkbuf_16)
                                                         clknet_1_1__leaf_clk (net)
                      0.094982    0.000966  500.571564 ^ _170_/CLK (sky130_fd_sc_hd__dfxtp_1)
                                 -0.250000  500.321564   clock uncertainty
                                  0.000000  500.321564   clock reconvergence pessimism
                                 -0.260193  500.061401   library setup time
                                            500.061401   data required time
---------------------------------------------------------------------------------------------
                                            500.061401   data required time
                                           -252.603241   data arrival time
---------------------------------------------------------------------------------------------
                                            247.458160   slack (MET)


Startpoint: _162_ (rising edge-triggered flip-flop clocked by clk)
Endpoint: dac_in_n[1] (output port clocked by clk)
Path Group: clk
Path Type: max

Fanout         Cap        Slew       Delay        Time   Description
---------------------------------------------------------------------------------------------
                                  0.000000    0.000000   clock clk (rise edge)
                                  0.000000    0.000000   clock source latency
     1    0.015581    0.119455    0.080269    0.080269 ^ clk (in)
                                                         clk (net)
                      0.119458    0.000000    0.080269 ^ clkbuf_0_clk/A (sky130_fd_sc_hd__clkbuf_16)
     2    0.018529    0.065592    0.242122    0.322392 ^ clkbuf_0_clk/X (sky130_fd_sc_hd__clkbuf_16)
                                                         clknet_0_clk (net)
                      0.065592    0.000263    0.322655 ^ clkbuf_1_1__f_clk/A (sky130_fd_sc_hd__clkbuf_16)
    10    0.040195    0.094973    0.247933    0.570587 ^ clkbuf_1_1__f_clk/X (sky130_fd_sc_hd__clkbuf_16)
                                                         clknet_1_1__leaf_clk (net)
                      0.094987    0.001162    0.571750 ^ _162_/CLK (sky130_fd_sc_hd__dfxtp_1)
     3    0.028771    0.432251    0.905472    1.477222 ^ _162_/Q (sky130_fd_sc_hd__dfxtp_1)
                                                         net13 (net)
                      0.432251    0.000323    1.477544 ^ _080_/A (sky130_fd_sc_hd__inv_2)
     2    0.007183    0.096103    0.176615    1.654160 v _080_/Y (sky130_fd_sc_hd__inv_2)
                                                         net21 (net)
                      0.096106    0.000148    1.654308 v output21/A (sky130_fd_sc_hd__buf_2)
     1    0.034788    0.168014    0.358438    2.012745 v output21/X (sky130_fd_sc_hd__buf_2)
                                                         dac_in_n[1] (net)
                      0.168016    0.000902    2.013647 v dac_in_n[1] (out)
                                              2.013647   data arrival time

                                500.000000  500.000000   clock clk (rise edge)
                                  0.000000  500.000000   clock network delay (propagated)
                                 -0.250000  499.750031   clock uncertainty
                                  0.000000  499.750031   clock reconvergence pessimism
                               -100.000000  399.750031   output external delay
                                            399.750031   data required time
---------------------------------------------------------------------------------------------
                                            399.750031   data required time
                                             -2.013647   data arrival time
---------------------------------------------------------------------------------------------
                                            397.736359   slack (MET)


Startpoint: _162_ (rising edge-triggered flip-flop clocked by clk)
Endpoint: dac_in[1] (output port clocked by clk)
Path Group: clk
Path Type: max

Fanout         Cap        Slew       Delay        Time   Description
---------------------------------------------------------------------------------------------
                                  0.000000    0.000000   clock clk (rise edge)
                                  0.000000    0.000000   clock source latency
     1    0.015581    0.119455    0.080269    0.080269 ^ clk (in)
                                                         clk (net)
                      0.119458    0.000000    0.080269 ^ clkbuf_0_clk/A (sky130_fd_sc_hd__clkbuf_16)
     2    0.018529    0.065592    0.242122    0.322392 ^ clkbuf_0_clk/X (sky130_fd_sc_hd__clkbuf_16)
                                                         clknet_0_clk (net)
                      0.065592    0.000263    0.322655 ^ clkbuf_1_1__f_clk/A (sky130_fd_sc_hd__clkbuf_16)
    10    0.040195    0.094973    0.247933    0.570587 ^ clkbuf_1_1__f_clk/X (sky130_fd_sc_hd__clkbuf_16)
                                                         clknet_1_1__leaf_clk (net)
                      0.094987    0.001162    0.571750 ^ _162_/CLK (sky130_fd_sc_hd__dfxtp_1)
     3    0.028771    0.432251    0.905472    1.477222 ^ _162_/Q (sky130_fd_sc_hd__dfxtp_1)
                                                         net13 (net)
                      0.432251    0.000332    1.477553 ^ output13/A (sky130_fd_sc_hd__buf_2)
     1    0.034572    0.275688    0.497933    1.975486 ^ output13/X (sky130_fd_sc_hd__buf_2)
                                                         dac_in[1] (net)
                      0.275688    0.000853    1.976339 ^ dac_in[1] (out)
                                              1.976339   data arrival time

                                500.000000  500.000000   clock clk (rise edge)
                                  0.000000  500.000000   clock network delay (propagated)
                                 -0.250000  499.750031   clock uncertainty
                                  0.000000  499.750031   clock reconvergence pessimism
                               -100.000000  399.750031   output external delay
                                            399.750031   data required time
---------------------------------------------------------------------------------------------
                                            399.750031   data required time
                                             -1.976339   data arrival time
---------------------------------------------------------------------------------------------
                                            397.773682   slack (MET)


Startpoint: _163_ (rising edge-triggered flip-flop clocked by clk)
Endpoint: dac_in[2] (output port clocked by clk)
Path Group: clk
Path Type: max

Fanout         Cap        Slew       Delay        Time   Description
---------------------------------------------------------------------------------------------
                                  0.000000    0.000000   clock clk (rise edge)
                                  0.000000    0.000000   clock source latency
     1    0.015581    0.119455    0.080269    0.080269 ^ clk (in)
                                                         clk (net)
                      0.119458    0.000000    0.080269 ^ clkbuf_0_clk/A (sky130_fd_sc_hd__clkbuf_16)
     2    0.018529    0.065592    0.242122    0.322392 ^ clkbuf_0_clk/X (sky130_fd_sc_hd__clkbuf_16)
                                                         clknet_0_clk (net)
                      0.065592    0.000263    0.322655 ^ clkbuf_1_1__f_clk/A (sky130_fd_sc_hd__clkbuf_16)
    10    0.040195    0.094973    0.247933    0.570587 ^ clkbuf_1_1__f_clk/X (sky130_fd_sc_hd__clkbuf_16)
                                                         clknet_1_1__leaf_clk (net)
                      0.094984    0.001070    0.571658 ^ _163_/CLK (sky130_fd_sc_hd__dfxtp_1)
     4    0.024607    0.372804    0.862772    1.434430 ^ _163_/Q (sky130_fd_sc_hd__dfxtp_1)
                                                         net14 (net)
                      0.372804    0.000451    1.434881 ^ output14/A (sky130_fd_sc_hd__buf_2)
     1    0.034905    0.277885    0.476580    1.911461 ^ output14/X (sky130_fd_sc_hd__buf_2)
                                                         dac_in[2] (net)
                      0.277885    0.000917    1.912379 ^ dac_in[2] (out)
                                              1.912379   data arrival time

                                500.000000  500.000000   clock clk (rise edge)
                                  0.000000  500.000000   clock network delay (propagated)
                                 -0.250000  499.750031   clock uncertainty
                                  0.000000  499.750031   clock reconvergence pessimism
                               -100.000000  399.750031   output external delay
                                            399.750031   data required time
---------------------------------------------------------------------------------------------
                                            399.750031   data required time
                                             -1.912379   data arrival time
---------------------------------------------------------------------------------------------
                                            397.837646   slack (MET)


Startpoint: _163_ (rising edge-triggered flip-flop clocked by clk)
Endpoint: dac_in_n[2] (output port clocked by clk)
Path Group: clk
Path Type: max

Fanout         Cap        Slew       Delay        Time   Description
---------------------------------------------------------------------------------------------
                                  0.000000    0.000000   clock clk (rise edge)
                                  0.000000    0.000000   clock source latency
     1    0.015581    0.119455    0.080269    0.080269 ^ clk (in)
                                                         clk (net)
                      0.119458    0.000000    0.080269 ^ clkbuf_0_clk/A (sky130_fd_sc_hd__clkbuf_16)
     2    0.018529    0.065592    0.242122    0.322392 ^ clkbuf_0_clk/X (sky130_fd_sc_hd__clkbuf_16)
                                                         clknet_0_clk (net)
                      0.065592    0.000263    0.322655 ^ clkbuf_1_1__f_clk/A (sky130_fd_sc_hd__clkbuf_16)
    10    0.040195    0.094973    0.247933    0.570587 ^ clkbuf_1_1__f_clk/X (sky130_fd_sc_hd__clkbuf_16)
                                                         clknet_1_1__leaf_clk (net)
                      0.094984    0.001070    0.571658 ^ _163_/CLK (sky130_fd_sc_hd__dfxtp_1)
     4    0.024607    0.372804    0.862772    1.434430 ^ _163_/Q (sky130_fd_sc_hd__dfxtp_1)
                                                         net14 (net)
                      0.372804    0.000456    1.434886 ^ _079_/A (sky130_fd_sc_hd__inv_2)
     1    0.002534    0.065783    0.122531    1.557417 v _079_/Y (sky130_fd_sc_hd__inv_2)
                                                         net22 (net)
                      0.065783    0.000074    1.557491 v output22/A (sky130_fd_sc_hd__buf_2)
     1    0.034669    0.167573    0.343789    1.901280 v output22/X (sky130_fd_sc_hd__buf_2)
                                                         dac_in_n[2] (net)
                      0.167575    0.000858    1.902138 v dac_in_n[2] (out)
                                              1.902138   data arrival time

                                500.000000  500.000000   clock clk (rise edge)
                                  0.000000  500.000000   clock network delay (propagated)
                                 -0.250000  499.750031   clock uncertainty
                                  0.000000  499.750031   clock reconvergence pessimism
                               -100.000000  399.750031   output external delay
                                            399.750031   data required time
---------------------------------------------------------------------------------------------
                                            399.750031   data required time
                                             -1.902138   data arrival time
---------------------------------------------------------------------------------------------
                                            397.847870   slack (MET)


Startpoint: _164_ (rising edge-triggered flip-flop clocked by clk)
Endpoint: dac_in_n[3] (output port clocked by clk)
Path Group: clk
Path Type: max

Fanout         Cap        Slew       Delay        Time   Description
---------------------------------------------------------------------------------------------
                                  0.000000    0.000000   clock clk (rise edge)
                                  0.000000    0.000000   clock source latency
     1    0.015581    0.119455    0.080269    0.080269 ^ clk (in)
                                                         clk (net)
                      0.119458    0.000000    0.080269 ^ clkbuf_0_clk/A (sky130_fd_sc_hd__clkbuf_16)
     2    0.018529    0.065592    0.242122    0.322392 ^ clkbuf_0_clk/X (sky130_fd_sc_hd__clkbuf_16)
                                                         clknet_0_clk (net)
                      0.065592    0.000263    0.322655 ^ clkbuf_1_1__f_clk/A (sky130_fd_sc_hd__clkbuf_16)
    10    0.040195    0.094973    0.247933    0.570587 ^ clkbuf_1_1__f_clk/X (sky130_fd_sc_hd__clkbuf_16)
                                                         clknet_1_1__leaf_clk (net)
                      0.094982    0.000971    0.571558 ^ _164_/CLK (sky130_fd_sc_hd__dfxtp_1)
     3    0.019955    0.306340    0.815289    1.386847 ^ _164_/Q (sky130_fd_sc_hd__dfxtp_1)
                                                         net15 (net)
                      0.306340    0.000355    1.387202 ^ _078_/A (sky130_fd_sc_hd__inv_2)
     2    0.005378    0.070916    0.136350    1.523552 v _078_/Y (sky130_fd_sc_hd__inv_2)
                                                         net23 (net)
                      0.070916    0.000114    1.523667 v output23/A (sky130_fd_sc_hd__buf_2)
     1    0.034572    0.167165    0.345836    1.869503 v output23/X (sky130_fd_sc_hd__buf_2)
                                                         dac_in_n[3] (net)
                      0.167166    0.000853    1.870355 v dac_in_n[3] (out)
                                              1.870355   data arrival time

                                500.000000  500.000000   clock clk (rise edge)
                                  0.000000  500.000000   clock network delay (propagated)
                                 -0.250000  499.750031   clock uncertainty
                                  0.000000  499.750031   clock reconvergence pessimism
                               -100.000000  399.750031   output external delay
                                            399.750031   data required time
---------------------------------------------------------------------------------------------
                                            399.750031   data required time
                                             -1.870355   data arrival time
---------------------------------------------------------------------------------------------
                                            397.879669   slack (MET)


Startpoint: _161_ (rising edge-triggered flip-flop clocked by clk)
Endpoint: dac_in_n[0] (output port clocked by clk)
Path Group: clk
Path Type: max

Fanout         Cap        Slew       Delay        Time   Description
---------------------------------------------------------------------------------------------
                                  0.000000    0.000000   clock clk (rise edge)
                                  0.000000    0.000000   clock source latency
     1    0.015581    0.119455    0.080269    0.080269 ^ clk (in)
                                                         clk (net)
                      0.119458    0.000000    0.080269 ^ clkbuf_0_clk/A (sky130_fd_sc_hd__clkbuf_16)
     2    0.018529    0.065592    0.242122    0.322392 ^ clkbuf_0_clk/X (sky130_fd_sc_hd__clkbuf_16)
                                                         clknet_0_clk (net)
                      0.065592    0.000263    0.322655 ^ clkbuf_1_1__f_clk/A (sky130_fd_sc_hd__clkbuf_16)
    10    0.040195    0.094973    0.247933    0.570587 ^ clkbuf_1_1__f_clk/X (sky130_fd_sc_hd__clkbuf_16)
                                                         clknet_1_1__leaf_clk (net)
                      0.094987    0.001177    0.571764 ^ _161_/CLK (sky130_fd_sc_hd__dfxtp_2)
     4    0.033916    0.280108    0.828656    1.400420 ^ _161_/Q (sky130_fd_sc_hd__dfxtp_2)
                                                         net12 (net)
                      0.280108    0.000763    1.401183 ^ _081_/A (sky130_fd_sc_hd__inv_2)
     1    0.002394    0.053626    0.105529    1.506712 v _081_/Y (sky130_fd_sc_hd__inv_2)
                                                         net20 (net)
                      0.053626    0.000066    1.506778 v output20/A (sky130_fd_sc_hd__buf_2)
     1    0.034492    0.166921    0.337674    1.844453 v output20/X (sky130_fd_sc_hd__buf_2)
                                                         dac_in_n[0] (net)
                      0.166923    0.000824    1.845276 v dac_in_n[0] (out)
                                              1.845276   data arrival time

                                500.000000  500.000000   clock clk (rise edge)
                                  0.000000  500.000000   clock network delay (propagated)
                                 -0.250000  499.750031   clock uncertainty
                                  0.000000  499.750031   clock reconvergence pessimism
                               -100.000000  399.750031   output external delay
                                            399.750031   data required time
---------------------------------------------------------------------------------------------
                                            399.750031   data required time
                                             -1.845276   data arrival time
---------------------------------------------------------------------------------------------
                                            397.904724   slack (MET)


Startpoint: _161_ (rising edge-triggered flip-flop clocked by clk)
Endpoint: dac_in[0] (output port clocked by clk)
Path Group: clk
Path Type: max

Fanout         Cap        Slew       Delay        Time   Description
---------------------------------------------------------------------------------------------
                                  0.000000    0.000000   clock clk (rise edge)
                                  0.000000    0.000000   clock source latency
     1    0.015581    0.119455    0.080269    0.080269 ^ clk (in)
                                                         clk (net)
                      0.119458    0.000000    0.080269 ^ clkbuf_0_clk/A (sky130_fd_sc_hd__clkbuf_16)
     2    0.018529    0.065592    0.242122    0.322392 ^ clkbuf_0_clk/X (sky130_fd_sc_hd__clkbuf_16)
                                                         clknet_0_clk (net)
                      0.065592    0.000263    0.322655 ^ clkbuf_1_1__f_clk/A (sky130_fd_sc_hd__clkbuf_16)
    10    0.040195    0.094973    0.247933    0.570587 ^ clkbuf_1_1__f_clk/X (sky130_fd_sc_hd__clkbuf_16)
                                                         clknet_1_1__leaf_clk (net)
                      0.094987    0.001177    0.571764 ^ _161_/CLK (sky130_fd_sc_hd__dfxtp_2)
     4    0.033916    0.280108    0.828656    1.400420 ^ _161_/Q (sky130_fd_sc_hd__dfxtp_2)
                                                         net12 (net)
                      0.280108    0.000721    1.401142 ^ output12/A (sky130_fd_sc_hd__buf_2)
     1    0.034532    0.274688    0.438670    1.839812 ^ output12/X (sky130_fd_sc_hd__buf_2)
                                                         dac_in[0] (net)
                      0.274688    0.000838    1.840650 ^ dac_in[0] (out)
                                              1.840650   data arrival time

                                500.000000  500.000000   clock clk (rise edge)
                                  0.000000  500.000000   clock network delay (propagated)
                                 -0.250000  499.750031   clock uncertainty
                                  0.000000  499.750031   clock reconvergence pessimism
                               -100.000000  399.750031   output external delay
                                            399.750031   data required time
---------------------------------------------------------------------------------------------
                                            399.750031   data required time
                                             -1.840650   data arrival time
---------------------------------------------------------------------------------------------
                                            397.909363   slack (MET)


Startpoint: _164_ (rising edge-triggered flip-flop clocked by clk)
Endpoint: dac_in[3] (output port clocked by clk)
Path Group: clk
Path Type: max

Fanout         Cap        Slew       Delay        Time   Description
---------------------------------------------------------------------------------------------
                                  0.000000    0.000000   clock clk (rise edge)
                                  0.000000    0.000000   clock source latency
     1    0.015581    0.119455    0.080269    0.080269 ^ clk (in)
                                                         clk (net)
                      0.119458    0.000000    0.080269 ^ clkbuf_0_clk/A (sky130_fd_sc_hd__clkbuf_16)
     2    0.018529    0.065592    0.242122    0.322392 ^ clkbuf_0_clk/X (sky130_fd_sc_hd__clkbuf_16)
                                                         clknet_0_clk (net)
                      0.065592    0.000263    0.322655 ^ clkbuf_1_1__f_clk/A (sky130_fd_sc_hd__clkbuf_16)
    10    0.040195    0.094973    0.247933    0.570587 ^ clkbuf_1_1__f_clk/X (sky130_fd_sc_hd__clkbuf_16)
                                                         clknet_1_1__leaf_clk (net)
                      0.094982    0.000971    0.571558 ^ _164_/CLK (sky130_fd_sc_hd__dfxtp_1)
     3    0.019955    0.306340    0.815289    1.386847 ^ _164_/Q (sky130_fd_sc_hd__dfxtp_1)
                                                         net15 (net)
                      0.306340    0.000316    1.387163 ^ output15/A (sky130_fd_sc_hd__buf_2)
     1    0.034532    0.274809    0.448853    1.836016 ^ output15/X (sky130_fd_sc_hd__buf_2)
                                                         dac_in[3] (net)
                      0.274809    0.000838    1.836854 ^ dac_in[3] (out)
                                              1.836854   data arrival time

                                500.000000  500.000000   clock clk (rise edge)
                                  0.000000  500.000000   clock network delay (propagated)
                                 -0.250000  499.750031   clock uncertainty
                                  0.000000  499.750031   clock reconvergence pessimism
                               -100.000000  399.750031   output external delay
                                            399.750031   data required time
---------------------------------------------------------------------------------------------
                                            399.750031   data required time
                                             -1.836854   data arrival time
---------------------------------------------------------------------------------------------
                                            397.913147   slack (MET)


Startpoint: _167_ (rising edge-triggered flip-flop clocked by clk)
Endpoint: dac_in[6] (output port clocked by clk)
Path Group: clk
Path Type: max

Fanout         Cap        Slew       Delay        Time   Description
---------------------------------------------------------------------------------------------
                                  0.000000    0.000000   clock clk (rise edge)
                                  0.000000    0.000000   clock source latency
     1    0.015581    0.119455    0.080269    0.080269 ^ clk (in)
                                                         clk (net)
                      0.119458    0.000000    0.080269 ^ clkbuf_0_clk/A (sky130_fd_sc_hd__clkbuf_16)
     2    0.018529    0.065592    0.242122    0.322392 ^ clkbuf_0_clk/X (sky130_fd_sc_hd__clkbuf_16)
                                                         clknet_0_clk (net)
                      0.065592    0.000404    0.322795 ^ clkbuf_1_0__f_clk/A (sky130_fd_sc_hd__clkbuf_16)
    12    0.037428    0.090833    0.244006    0.566801 ^ clkbuf_1_0__f_clk/X (sky130_fd_sc_hd__clkbuf_16)
                                                         clknet_1_0__leaf_clk (net)
                      0.090840    0.000885    0.567686 ^ _167_/CLK (sky130_fd_sc_hd__dfxtp_1)
     4    0.018607    0.287119    0.799536    1.367222 ^ _167_/Q (sky130_fd_sc_hd__dfxtp_1)
                                                         net18 (net)
                      0.287119    0.000809    1.368031 ^ output18/A (sky130_fd_sc_hd__buf_2)
     1    0.034829    0.276930    0.442944    1.810975 ^ output18/X (sky130_fd_sc_hd__buf_2)
                                                         dac_in[6] (net)
                      0.276930    0.000876    1.811851 ^ dac_in[6] (out)
                                              1.811851   data arrival time

                                500.000000  500.000000   clock clk (rise edge)
                                  0.000000  500.000000   clock network delay (propagated)
                                 -0.250000  499.750031   clock uncertainty
                                  0.000000  499.750031   clock reconvergence pessimism
                               -100.000000  399.750031   output external delay
                                            399.750031   data required time
---------------------------------------------------------------------------------------------
                                            399.750031   data required time
                                             -1.811851   data arrival time
---------------------------------------------------------------------------------------------
                                            397.938171   slack (MET)


Startpoint: _167_ (rising edge-triggered flip-flop clocked by clk)
Endpoint: dac_in_n[6] (output port clocked by clk)
Path Group: clk
Path Type: max

Fanout         Cap        Slew       Delay        Time   Description
---------------------------------------------------------------------------------------------
                                  0.000000    0.000000   clock clk (rise edge)
                                  0.000000    0.000000   clock source latency
     1    0.015581    0.119455    0.080269    0.080269 ^ clk (in)
                                                         clk (net)
                      0.119458    0.000000    0.080269 ^ clkbuf_0_clk/A (sky130_fd_sc_hd__clkbuf_16)
     2    0.018529    0.065592    0.242122    0.322392 ^ clkbuf_0_clk/X (sky130_fd_sc_hd__clkbuf_16)
                                                         clknet_0_clk (net)
                      0.065592    0.000404    0.322795 ^ clkbuf_1_0__f_clk/A (sky130_fd_sc_hd__clkbuf_16)
    12    0.037428    0.090833    0.244006    0.566801 ^ clkbuf_1_0__f_clk/X (sky130_fd_sc_hd__clkbuf_16)
                                                         clknet_1_0__leaf_clk (net)
                      0.090840    0.000885    0.567686 ^ _167_/CLK (sky130_fd_sc_hd__dfxtp_1)
     4    0.018607    0.287119    0.799536    1.367222 ^ _167_/Q (sky130_fd_sc_hd__dfxtp_1)
                                                         net18 (net)
                      0.287119    0.000757    1.367979 ^ _075_/A (sky130_fd_sc_hd__inv_2)
     1    0.002040    0.053094    0.103694    1.471673 v _075_/Y (sky130_fd_sc_hd__inv_2)
                                                         net26 (net)
                      0.053094    0.000058    1.471731 v output26/A (sky130_fd_sc_hd__buf_2)
     1    0.034572    0.167250    0.337668    1.809398 v output26/X (sky130_fd_sc_hd__buf_2)
                                                         dac_in_n[6] (net)
                      0.167252    0.000853    1.810251 v dac_in_n[6] (out)
                                              1.810251   data arrival time

                                500.000000  500.000000   clock clk (rise edge)
                                  0.000000  500.000000   clock network delay (propagated)
                                 -0.250000  499.750031   clock uncertainty
                                  0.000000  499.750031   clock reconvergence pessimism
                               -100.000000  399.750031   output external delay
                                            399.750031   data required time
---------------------------------------------------------------------------------------------
                                            399.750031   data required time
                                             -1.810251   data arrival time
---------------------------------------------------------------------------------------------
                                            397.939758   slack (MET)


Startpoint: _168_ (rising edge-triggered flip-flop clocked by clk)
Endpoint: dac_in_n[7] (output port clocked by clk)
Path Group: clk
Path Type: max

Fanout         Cap        Slew       Delay        Time   Description
---------------------------------------------------------------------------------------------
                                  0.000000    0.000000   clock clk (rise edge)
                                  0.000000    0.000000   clock source latency
     1    0.015581    0.119455    0.080269    0.080269 ^ clk (in)
                                                         clk (net)
                      0.119458    0.000000    0.080269 ^ clkbuf_0_clk/A (sky130_fd_sc_hd__clkbuf_16)
     2    0.018529    0.065592    0.242122    0.322392 ^ clkbuf_0_clk/X (sky130_fd_sc_hd__clkbuf_16)
                                                         clknet_0_clk (net)
                      0.065592    0.000404    0.322795 ^ clkbuf_1_0__f_clk/A (sky130_fd_sc_hd__clkbuf_16)
    12    0.037428    0.090833    0.244006    0.566801 ^ clkbuf_1_0__f_clk/X (sky130_fd_sc_hd__clkbuf_16)
                                                         clknet_1_0__leaf_clk (net)
                      0.090846    0.001111    0.567912 ^ _168_/CLK (sky130_fd_sc_hd__dfxtp_1)
     3    0.010588    0.174394    0.717026    1.284938 ^ _168_/Q (sky130_fd_sc_hd__dfxtp_1)
                                                         net19 (net)
                      0.174394    0.000236    1.285174 ^ _074_/A (sky130_fd_sc_hd__inv_2)
     2    0.012512    0.073592    0.129129    1.414303 v _074_/Y (sky130_fd_sc_hd__inv_2)
                                                         net27 (net)
                      0.073592    0.000208    1.414511 v output27/A (sky130_fd_sc_hd__buf_2)
     1    0.034532    0.166988    0.346944    1.761455 v output27/X (sky130_fd_sc_hd__buf_2)
                                                         dac_in_n[7] (net)
                      0.166990    0.000838    1.762293 v dac_in_n[7] (out)
                                              1.762293   data arrival time

                                500.000000  500.000000   clock clk (rise edge)
                                  0.000000  500.000000   clock network delay (propagated)
                                 -0.250000  499.750031   clock uncertainty
                                  0.000000  499.750031   clock reconvergence pessimism
                               -100.000000  399.750031   output external delay
                                            399.750031   data required time
---------------------------------------------------------------------------------------------
                                            399.750031   data required time
                                             -1.762293   data arrival time
---------------------------------------------------------------------------------------------
                                            397.987732   slack (MET)


Startpoint: rst_n (input port clocked by clk)
Endpoint: _157_ (rising edge-triggered flip-flop clocked by clk)
Path Group: clk
Path Type: max

Fanout         Cap        Slew       Delay        Time   Description
---------------------------------------------------------------------------------------------
                                  0.000000    0.000000   clock clk (rise edge)
                                  0.000000    0.000000   clock network delay (propagated)
                                100.000000  100.000000 ^ input external delay
     1    0.002956    0.033285    0.016620  100.016617 ^ rst_n (in)
                                                         rst_n (net)
                      0.033285    0.000000  100.016617 ^ input2/A (sky130_fd_sc_hd__buf_1)
     2    0.015511    0.301184    0.298520  100.315140 ^ input2/X (sky130_fd_sc_hd__buf_1)
                                                         net2 (net)
                      0.301185    0.000547  100.315681 ^ fanout34/A (sky130_fd_sc_hd__buf_2)
    10    0.038265    0.302467    0.466649  100.782333 ^ fanout34/X (sky130_fd_sc_hd__buf_2)
                                                         net34 (net)
                      0.302468    0.001187  100.783516 ^ _096_/C1 (sky130_fd_sc_hd__o211a_1)
     1    0.003262    0.082769    0.369106  101.152626 ^ _096_/X (sky130_fd_sc_hd__o211a_1)
                                                         _006_ (net)
                      0.082769    0.000099  101.152725 ^ hold11/A (sky130_fd_sc_hd__dlygate4sd3_1)
     1    0.001834    0.080695    1.031445  102.184174 ^ hold11/X (sky130_fd_sc_hd__dlygate4sd3_1)
                                                         net46 (net)
                      0.080695    0.000036  102.184204 ^ _157_/D (sky130_fd_sc_hd__dfxtp_1)
                                            102.184204   data arrival time

                                500.000000  500.000000   clock clk (rise edge)
                                  0.000000  500.000000   clock source latency
     1    0.015581    0.119455    0.080263  500.080261 ^ clk (in)
                                                         clk (net)
                      0.119458    0.000000  500.080261 ^ clkbuf_0_clk/A (sky130_fd_sc_hd__clkbuf_16)
     2    0.018529    0.065592    0.242153  500.322418 ^ clkbuf_0_clk/X (sky130_fd_sc_hd__clkbuf_16)
                                                         clknet_0_clk (net)
                      0.065592    0.000398  500.322815 ^ clkbuf_1_0__f_clk/A (sky130_fd_sc_hd__clkbuf_16)
    12    0.037428    0.090833    0.243972  500.566803 ^ clkbuf_1_0__f_clk/X (sky130_fd_sc_hd__clkbuf_16)
                                                         clknet_1_0__leaf_clk (net)
                      0.090837    0.000739  500.567535 ^ _157_/CLK (sky130_fd_sc_hd__dfxtp_1)
                                 -0.250000  500.317535   clock uncertainty
                                  0.000000  500.317535   clock reconvergence pessimism
                                 -0.127626  500.189941   library setup time
                                            500.189941   data required time
---------------------------------------------------------------------------------------------
                                            500.189941   data required time
                                           -102.184204   data arrival time
---------------------------------------------------------------------------------------------
                                            398.005707   slack (MET)


Startpoint: rst_n (input port clocked by clk)
Endpoint: _160_ (rising edge-triggered flip-flop clocked by clk)
Path Group: clk
Path Type: max

Fanout         Cap        Slew       Delay        Time   Description
---------------------------------------------------------------------------------------------
                                  0.000000    0.000000   clock clk (rise edge)
                                  0.000000    0.000000   clock network delay (propagated)
                                100.000000  100.000000 ^ input external delay
     1    0.002956    0.033285    0.016620  100.016617 ^ rst_n (in)
                                                         rst_n (net)
                      0.033285    0.000000  100.016617 ^ input2/A (sky130_fd_sc_hd__buf_1)
     2    0.015511    0.301184    0.298520  100.315140 ^ input2/X (sky130_fd_sc_hd__buf_1)
                                                         net2 (net)
                      0.301185    0.000547  100.315681 ^ fanout34/A (sky130_fd_sc_hd__buf_2)
    10    0.038265    0.302467    0.466649  100.782333 ^ fanout34/X (sky130_fd_sc_hd__buf_2)
                                                         net34 (net)
                      0.302467    0.001101  100.783432 ^ _102_/C1 (sky130_fd_sc_hd__o211a_1)
     1    0.002603    0.075266    0.360402  101.143837 ^ _102_/X (sky130_fd_sc_hd__o211a_1)
                                                         _009_ (net)
                      0.075266    0.000078  101.143913 ^ hold4/A (sky130_fd_sc_hd__dlygate4sd3_1)
     1    0.002171    0.084780    1.033456  102.177368 ^ hold4/X (sky130_fd_sc_hd__dlygate4sd3_1)
                                                         net39 (net)
                      0.084780    0.000064  102.177437 ^ _160_/D (sky130_fd_sc_hd__dfxtp_1)
                                            102.177437   data arrival time

                                500.000000  500.000000   clock clk (rise edge)
                                  0.000000  500.000000   clock source latency
     1    0.015581    0.119455    0.080263  500.080261 ^ clk (in)
                                                         clk (net)
                      0.119458    0.000000  500.080261 ^ clkbuf_0_clk/A (sky130_fd_sc_hd__clkbuf_16)
     2    0.018529    0.065592    0.242153  500.322418 ^ clkbuf_0_clk/X (sky130_fd_sc_hd__clkbuf_16)
                                                         clknet_0_clk (net)
                      0.065592    0.000398  500.322815 ^ clkbuf_1_0__f_clk/A (sky130_fd_sc_hd__clkbuf_16)
    12    0.037428    0.090833    0.243972  500.566803 ^ clkbuf_1_0__f_clk/X (sky130_fd_sc_hd__clkbuf_16)
                                                         clknet_1_0__leaf_clk (net)
                      0.090849    0.001194  500.567993 ^ _160_/CLK (sky130_fd_sc_hd__dfxtp_1)
                                 -0.250000  500.317993   clock uncertainty
                                  0.000000  500.317993   clock reconvergence pessimism
                                 -0.128686  500.189301   library setup time
                                            500.189301   data required time
---------------------------------------------------------------------------------------------
                                            500.189301   data required time
                                           -102.177437   data arrival time
---------------------------------------------------------------------------------------------
                                            398.011871   slack (MET)


Startpoint: rst_n (input port clocked by clk)
Endpoint: _158_ (rising edge-triggered flip-flop clocked by clk)
Path Group: clk
Path Type: max

Fanout         Cap        Slew       Delay        Time   Description
---------------------------------------------------------------------------------------------
                                  0.000000    0.000000   clock clk (rise edge)
                                  0.000000    0.000000   clock network delay (propagated)
                                100.000000  100.000000 ^ input external delay
     1    0.002956    0.033285    0.016620  100.016617 ^ rst_n (in)
                                                         rst_n (net)
                      0.033285    0.000000  100.016617 ^ input2/A (sky130_fd_sc_hd__buf_1)
     2    0.015511    0.301184    0.298520  100.315140 ^ input2/X (sky130_fd_sc_hd__buf_1)
                                                         net2 (net)
                      0.301185    0.000547  100.315681 ^ fanout34/A (sky130_fd_sc_hd__buf_2)
    10    0.038265    0.302467    0.466649  100.782333 ^ fanout34/X (sky130_fd_sc_hd__buf_2)
                                                         net34 (net)
                      0.302468    0.001272  100.783607 ^ _098_/C1 (sky130_fd_sc_hd__o211a_1)
     1    0.002289    0.071860    0.356259  101.139862 ^ _098_/X (sky130_fd_sc_hd__o211a_1)
                                                         _007_ (net)
                      0.071860    0.000071  101.139938 ^ hold2/A (sky130_fd_sc_hd__dlygate4sd3_1)
     1    0.001948    0.082096    1.028567  102.168503 ^ hold2/X (sky130_fd_sc_hd__dlygate4sd3_1)
                                                         net37 (net)
                      0.082096    0.000057  102.168556 ^ _158_/D (sky130_fd_sc_hd__dfxtp_1)
                                            102.168556   data arrival time

                                500.000000  500.000000   clock clk (rise edge)
                                  0.000000  500.000000   clock source latency
     1    0.015581    0.119455    0.080263  500.080261 ^ clk (in)
                                                         clk (net)
                      0.119458    0.000000  500.080261 ^ clkbuf_0_clk/A (sky130_fd_sc_hd__clkbuf_16)
     2    0.018529    0.065592    0.242153  500.322418 ^ clkbuf_0_clk/X (sky130_fd_sc_hd__clkbuf_16)
                                                         clknet_0_clk (net)
                      0.065592    0.000398  500.322815 ^ clkbuf_1_0__f_clk/A (sky130_fd_sc_hd__clkbuf_16)
    12    0.037428    0.090833    0.243972  500.566803 ^ clkbuf_1_0__f_clk/X (sky130_fd_sc_hd__clkbuf_16)
                                                         clknet_1_0__leaf_clk (net)
                      0.090839    0.000853  500.567657 ^ _158_/CLK (sky130_fd_sc_hd__dfxtp_1)
                                 -0.250000  500.317657   clock uncertainty
                                  0.000000  500.317657   clock reconvergence pessimism
                                 -0.127990  500.189636   library setup time
                                            500.189636   data required time
---------------------------------------------------------------------------------------------
                                            500.189636   data required time
                                           -102.168556   data arrival time
---------------------------------------------------------------------------------------------
                                            398.021088   slack (MET)


Startpoint: _165_ (rising edge-triggered flip-flop clocked by clk)
Endpoint: dac_in_n[4] (output port clocked by clk)
Path Group: clk
Path Type: max

Fanout         Cap        Slew       Delay        Time   Description
---------------------------------------------------------------------------------------------
                                  0.000000    0.000000   clock clk (rise edge)
                                  0.000000    0.000000   clock source latency
     1    0.015581    0.119455    0.080269    0.080269 ^ clk (in)
                                                         clk (net)
                      0.119458    0.000000    0.080269 ^ clkbuf_0_clk/A (sky130_fd_sc_hd__clkbuf_16)
     2    0.018529    0.065592    0.242122    0.322392 ^ clkbuf_0_clk/X (sky130_fd_sc_hd__clkbuf_16)
                                                         clknet_0_clk (net)
                      0.065592    0.000263    0.322655 ^ clkbuf_1_1__f_clk/A (sky130_fd_sc_hd__clkbuf_16)
    10    0.040195    0.094973    0.247933    0.570587 ^ clkbuf_1_1__f_clk/X (sky130_fd_sc_hd__clkbuf_16)
                                                         clknet_1_1__leaf_clk (net)
                      0.094981    0.000924    0.571511 ^ _165_/CLK (sky130_fd_sc_hd__dfxtp_1)
     3    0.010424    0.172082    0.717257    1.288769 ^ _165_/Q (sky130_fd_sc_hd__dfxtp_1)
                                                         net16 (net)
                      0.172082    0.000205    1.288974 ^ _077_/A (sky130_fd_sc_hd__inv_2)
     2    0.005268    0.048688    0.099315    1.388289 v _077_/Y (sky130_fd_sc_hd__inv_2)
                                                         net24 (net)
                      0.048688    0.000109    1.388398 v output24/A (sky130_fd_sc_hd__buf_2)
     1    0.034532    0.167108    0.335530    1.723927 v output24/X (sky130_fd_sc_hd__buf_2)
                                                         dac_in_n[4] (net)
                      0.167110    0.000838    1.724766 v dac_in_n[4] (out)
                                              1.724766   data arrival time

                                500.000000  500.000000   clock clk (rise edge)
                                  0.000000  500.000000   clock network delay (propagated)
                                 -0.250000  499.750031   clock uncertainty
                                  0.000000  499.750031   clock reconvergence pessimism
                               -100.000000  399.750031   output external delay
                                            399.750031   data required time
---------------------------------------------------------------------------------------------
                                            399.750031   data required time
                                             -1.724766   data arrival time
---------------------------------------------------------------------------------------------
                                            398.025238   slack (MET)


Startpoint: _166_ (rising edge-triggered flip-flop clocked by clk)
Endpoint: dac_in_n[5] (output port clocked by clk)
Path Group: clk
Path Type: max

Fanout         Cap        Slew       Delay        Time   Description
---------------------------------------------------------------------------------------------
                                  0.000000    0.000000   clock clk (rise edge)
                                  0.000000    0.000000   clock source latency
     1    0.015581    0.119455    0.080269    0.080269 ^ clk (in)
                                                         clk (net)
                      0.119458    0.000000    0.080269 ^ clkbuf_0_clk/A (sky130_fd_sc_hd__clkbuf_16)
     2    0.018529    0.065592    0.242122    0.322392 ^ clkbuf_0_clk/X (sky130_fd_sc_hd__clkbuf_16)
                                                         clknet_0_clk (net)
                      0.065592    0.000404    0.322795 ^ clkbuf_1_0__f_clk/A (sky130_fd_sc_hd__clkbuf_16)
    12    0.037428    0.090833    0.244006    0.566801 ^ clkbuf_1_0__f_clk/X (sky130_fd_sc_hd__clkbuf_16)
                                                         clknet_1_0__leaf_clk (net)
                      0.090843    0.000988    0.567789 ^ _166_/CLK (sky130_fd_sc_hd__dfxtp_1)
     3    0.009941    0.165378    0.710231    1.278021 ^ _166_/Q (sky130_fd_sc_hd__dfxtp_1)
                                                         net17 (net)
                      0.165378    0.000233    1.278254 ^ _076_/A (sky130_fd_sc_hd__inv_2)
     2    0.005752    0.049388    0.099591    1.377845 v _076_/Y (sky130_fd_sc_hd__inv_2)
                                                         net25 (net)
                      0.049388    0.000109    1.377954 v output25/A (sky130_fd_sc_hd__buf_2)
     1    0.034532    0.167105    0.335850    1.713805 v output25/X (sky130_fd_sc_hd__buf_2)
                                                         dac_in_n[5] (net)
                      0.167106    0.000838    1.714643 v dac_in_n[5] (out)
                                              1.714643   data arrival time

                                500.000000  500.000000   clock clk (rise edge)
                                  0.000000  500.000000   clock network delay (propagated)
                                 -0.250000  499.750031   clock uncertainty
                                  0.000000  499.750031   clock reconvergence pessimism
                               -100.000000  399.750031   output external delay
                                            399.750031   data required time
---------------------------------------------------------------------------------------------
                                            399.750031   data required time
                                             -1.714643   data arrival time
---------------------------------------------------------------------------------------------
                                            398.035370   slack (MET)


Startpoint: _165_ (rising edge-triggered flip-flop clocked by clk)
Endpoint: dac_in[4] (output port clocked by clk)
Path Group: clk
Path Type: max

Fanout         Cap        Slew       Delay        Time   Description
---------------------------------------------------------------------------------------------
                                  0.000000    0.000000   clock clk (rise edge)
                                  0.000000    0.000000   clock source latency
     1    0.015581    0.119455    0.080269    0.080269 ^ clk (in)
                                                         clk (net)
                      0.119458    0.000000    0.080269 ^ clkbuf_0_clk/A (sky130_fd_sc_hd__clkbuf_16)
     2    0.018529    0.065592    0.242122    0.322392 ^ clkbuf_0_clk/X (sky130_fd_sc_hd__clkbuf_16)
                                                         clknet_0_clk (net)
                      0.065592    0.000263    0.322655 ^ clkbuf_1_1__f_clk/A (sky130_fd_sc_hd__clkbuf_16)
    10    0.040195    0.094973    0.247933    0.570587 ^ clkbuf_1_1__f_clk/X (sky130_fd_sc_hd__clkbuf_16)
                                                         clknet_1_1__leaf_clk (net)
                      0.094981    0.000924    0.571511 ^ _165_/CLK (sky130_fd_sc_hd__dfxtp_1)
     3    0.010424    0.172082    0.717257    1.288769 ^ _165_/Q (sky130_fd_sc_hd__dfxtp_1)
                                                         net16 (net)
                      0.172082    0.000145    1.288914 ^ output16/A (sky130_fd_sc_hd__buf_2)
     1    0.034532    0.274331    0.392568    1.681482 ^ output16/X (sky130_fd_sc_hd__buf_2)
                                                         dac_in[4] (net)
                      0.274331    0.000838    1.682321 ^ dac_in[4] (out)
                                              1.682321   data arrival time

                                500.000000  500.000000   clock clk (rise edge)
                                  0.000000  500.000000   clock network delay (propagated)
                                 -0.250000  499.750031   clock uncertainty
                                  0.000000  499.750031   clock reconvergence pessimism
                               -100.000000  399.750031   output external delay
                                            399.750031   data required time
---------------------------------------------------------------------------------------------
                                            399.750031   data required time
                                             -1.682321   data arrival time
---------------------------------------------------------------------------------------------
                                            398.067719   slack (MET)


Startpoint: _168_ (rising edge-triggered flip-flop clocked by clk)
Endpoint: dac_in[7] (output port clocked by clk)
Path Group: clk
Path Type: max

Fanout         Cap        Slew       Delay        Time   Description
---------------------------------------------------------------------------------------------
                                  0.000000    0.000000   clock clk (rise edge)
                                  0.000000    0.000000   clock source latency
     1    0.015581    0.119455    0.080269    0.080269 ^ clk (in)
                                                         clk (net)
                      0.119458    0.000000    0.080269 ^ clkbuf_0_clk/A (sky130_fd_sc_hd__clkbuf_16)
     2    0.018529    0.065592    0.242122    0.322392 ^ clkbuf_0_clk/X (sky130_fd_sc_hd__clkbuf_16)
                                                         clknet_0_clk (net)
                      0.065592    0.000404    0.322795 ^ clkbuf_1_0__f_clk/A (sky130_fd_sc_hd__clkbuf_16)
    12    0.037428    0.090833    0.244006    0.566801 ^ clkbuf_1_0__f_clk/X (sky130_fd_sc_hd__clkbuf_16)
                                                         clknet_1_0__leaf_clk (net)
                      0.090846    0.001111    0.567912 ^ _168_/CLK (sky130_fd_sc_hd__dfxtp_1)
     3    0.010588    0.174394    0.717026    1.284938 ^ _168_/Q (sky130_fd_sc_hd__dfxtp_1)
                                                         net19 (net)
                      0.174394    0.000235    1.285174 ^ output19/A (sky130_fd_sc_hd__buf_2)
     1    0.034994    0.277780    0.396078    1.681252 ^ output19/X (sky130_fd_sc_hd__buf_2)
                                                         dac_in[7] (net)
                      0.277780    0.000882    1.682134 ^ dac_in[7] (out)
                                              1.682134   data arrival time

                                500.000000  500.000000   clock clk (rise edge)
                                  0.000000  500.000000   clock network delay (propagated)
                                 -0.250000  499.750031   clock uncertainty
                                  0.000000  499.750031   clock reconvergence pessimism
                               -100.000000  399.750031   output external delay
                                            399.750031   data required time
---------------------------------------------------------------------------------------------
                                            399.750031   data required time
                                             -1.682134   data arrival time
---------------------------------------------------------------------------------------------
                                            398.067871   slack (MET)


Startpoint: _166_ (rising edge-triggered flip-flop clocked by clk)
Endpoint: dac_in[5] (output port clocked by clk)
Path Group: clk
Path Type: max

Fanout         Cap        Slew       Delay        Time   Description
---------------------------------------------------------------------------------------------
                                  0.000000    0.000000   clock clk (rise edge)
                                  0.000000    0.000000   clock source latency
     1    0.015581    0.119455    0.080269    0.080269 ^ clk (in)
                                                         clk (net)
                      0.119458    0.000000    0.080269 ^ clkbuf_0_clk/A (sky130_fd_sc_hd__clkbuf_16)
     2    0.018529    0.065592    0.242122    0.322392 ^ clkbuf_0_clk/X (sky130_fd_sc_hd__clkbuf_16)
                                                         clknet_0_clk (net)
                      0.065592    0.000404    0.322795 ^ clkbuf_1_0__f_clk/A (sky130_fd_sc_hd__clkbuf_16)
    12    0.037428    0.090833    0.244006    0.566801 ^ clkbuf_1_0__f_clk/X (sky130_fd_sc_hd__clkbuf_16)
                                                         clknet_1_0__leaf_clk (net)
                      0.090843    0.000988    0.567789 ^ _166_/CLK (sky130_fd_sc_hd__dfxtp_1)
     3    0.009941    0.165378    0.710231    1.278021 ^ _166_/Q (sky130_fd_sc_hd__dfxtp_1)
                                                         net17 (net)
                      0.165378    0.000167    1.278188 ^ output17/A (sky130_fd_sc_hd__buf_2)
     1    0.034532    0.274318    0.389423    1.667611 ^ output17/X (sky130_fd_sc_hd__buf_2)
                                                         dac_in[5] (net)
                      0.274318    0.000838    1.668450 ^ dac_in[5] (out)
                                              1.668450   data arrival time

                                500.000000  500.000000   clock clk (rise edge)
                                  0.000000  500.000000   clock network delay (propagated)
                                 -0.250000  499.750031   clock uncertainty
                                  0.000000  499.750031   clock reconvergence pessimism
                               -100.000000  399.750031   output external delay
                                            399.750031   data required time
---------------------------------------------------------------------------------------------
                                            399.750031   data required time
                                             -1.668450   data arrival time
---------------------------------------------------------------------------------------------
                                            398.081573   slack (MET)


Startpoint: _158_ (rising edge-triggered flip-flop clocked by clk)
Endpoint: adc_out[5] (output port clocked by clk)
Path Group: clk
Path Type: max

Fanout         Cap        Slew       Delay        Time   Description
---------------------------------------------------------------------------------------------
                                  0.000000    0.000000   clock clk (rise edge)
                                  0.000000    0.000000   clock source latency
     1    0.015581    0.119455    0.080269    0.080269 ^ clk (in)
                                                         clk (net)
                      0.119458    0.000000    0.080269 ^ clkbuf_0_clk/A (sky130_fd_sc_hd__clkbuf_16)
     2    0.018529    0.065592    0.242122    0.322392 ^ clkbuf_0_clk/X (sky130_fd_sc_hd__clkbuf_16)
                                                         clknet_0_clk (net)
                      0.065592    0.000404    0.322795 ^ clkbuf_1_0__f_clk/A (sky130_fd_sc_hd__clkbuf_16)
    12    0.037428    0.090833    0.244006    0.566801 ^ clkbuf_1_0__f_clk/X (sky130_fd_sc_hd__clkbuf_16)
                                                         clknet_1_0__leaf_clk (net)
                      0.090839    0.000848    0.567648 ^ _158_/CLK (sky130_fd_sc_hd__dfxtp_1)
     2    0.007617    0.133165    0.685745    1.253393 ^ _158_/Q (sky130_fd_sc_hd__dfxtp_1)
                                                         net8 (net)
                      0.133165    0.000270    1.253663 ^ output8/A (sky130_fd_sc_hd__buf_2)
     1    0.035263    0.279687    0.378181    1.631845 ^ output8/X (sky130_fd_sc_hd__buf_2)
                                                         adc_out[5] (net)
                      0.279687    0.000855    1.632700 ^ adc_out[5] (out)
                                              1.632700   data arrival time

                                500.000000  500.000000   clock clk (rise edge)
                                  0.000000  500.000000   clock network delay (propagated)
                                 -0.250000  499.750031   clock uncertainty
                                  0.000000  499.750031   clock reconvergence pessimism
                               -100.000000  399.750031   output external delay
                                            399.750031   data required time
---------------------------------------------------------------------------------------------
                                            399.750031   data required time
                                             -1.632700   data arrival time
---------------------------------------------------------------------------------------------
                                            398.117310   slack (MET)


Startpoint: _157_ (rising edge-triggered flip-flop clocked by clk)
Endpoint: adc_out[4] (output port clocked by clk)
Path Group: clk
Path Type: max

Fanout         Cap        Slew       Delay        Time   Description
---------------------------------------------------------------------------------------------
                                  0.000000    0.000000   clock clk (rise edge)
                                  0.000000    0.000000   clock source latency
     1    0.015581    0.119455    0.080269    0.080269 ^ clk (in)
                                                         clk (net)
                      0.119458    0.000000    0.080269 ^ clkbuf_0_clk/A (sky130_fd_sc_hd__clkbuf_16)
     2    0.018529    0.065592    0.242122    0.322392 ^ clkbuf_0_clk/X (sky130_fd_sc_hd__clkbuf_16)
                                                         clknet_0_clk (net)
                      0.065592    0.000404    0.322795 ^ clkbuf_1_0__f_clk/A (sky130_fd_sc_hd__clkbuf_16)
    12    0.037428    0.090833    0.244006    0.566801 ^ clkbuf_1_0__f_clk/X (sky130_fd_sc_hd__clkbuf_16)
                                                         clknet_1_0__leaf_clk (net)
                      0.090837    0.000713    0.567514 ^ _157_/CLK (sky130_fd_sc_hd__dfxtp_1)
     2    0.007665    0.133816    0.686271    1.253785 ^ _157_/Q (sky130_fd_sc_hd__dfxtp_1)
                                                         net7 (net)
                      0.133816    0.000224    1.254008 ^ output7/A (sky130_fd_sc_hd__buf_2)
     1    0.034305    0.272545    0.373503    1.627511 ^ output7/X (sky130_fd_sc_hd__buf_2)
                                                         adc_out[4] (net)
                      0.272545    0.000708    1.628219 ^ adc_out[4] (out)
                                              1.628219   data arrival time

                                500.000000  500.000000   clock clk (rise edge)
                                  0.000000  500.000000   clock network delay (propagated)
                                 -0.250000  499.750031   clock uncertainty
                                  0.000000  499.750031   clock reconvergence pessimism
                               -100.000000  399.750031   output external delay
                                            399.750031   data required time
---------------------------------------------------------------------------------------------
                                            399.750031   data required time
                                             -1.628219   data arrival time
---------------------------------------------------------------------------------------------
                                            398.121796   slack (MET)


Startpoint: _155_ (rising edge-triggered flip-flop clocked by clk)
Endpoint: adc_out[2] (output port clocked by clk)
Path Group: clk
Path Type: max

Fanout         Cap        Slew       Delay        Time   Description
---------------------------------------------------------------------------------------------
                                  0.000000    0.000000   clock clk (rise edge)
                                  0.000000    0.000000   clock source latency
     1    0.015581    0.119455    0.080269    0.080269 ^ clk (in)
                                                         clk (net)
                      0.119458    0.000000    0.080269 ^ clkbuf_0_clk/A (sky130_fd_sc_hd__clkbuf_16)
     2    0.018529    0.065592    0.242122    0.322392 ^ clkbuf_0_clk/X (sky130_fd_sc_hd__clkbuf_16)
                                                         clknet_0_clk (net)
                      0.065592    0.000404    0.322795 ^ clkbuf_1_0__f_clk/A (sky130_fd_sc_hd__clkbuf_16)
    12    0.037428    0.090833    0.244006    0.566801 ^ clkbuf_1_0__f_clk/X (sky130_fd_sc_hd__clkbuf_16)
                                                         clknet_1_0__leaf_clk (net)
                      0.090838    0.000780    0.567581 ^ _155_/CLK (sky130_fd_sc_hd__dfxtp_1)
     2    0.007572    0.132533    0.685304    1.252885 ^ _155_/Q (sky130_fd_sc_hd__dfxtp_1)
                                                         net5 (net)
                      0.132533    0.000232    1.253116 ^ output5/A (sky130_fd_sc_hd__buf_2)
     1    0.034231    0.271994    0.372497    1.625614 ^ output5/X (sky130_fd_sc_hd__buf_2)
                                                         adc_out[2] (net)
                      0.271994    0.000721    1.626335 ^ adc_out[2] (out)
                                              1.626335   data arrival time

                                500.000000  500.000000   clock clk (rise edge)
                                  0.000000  500.000000   clock network delay (propagated)
                                 -0.250000  499.750031   clock uncertainty
                                  0.000000  499.750031   clock reconvergence pessimism
                               -100.000000  399.750031   output external delay
                                            399.750031   data required time
---------------------------------------------------------------------------------------------
                                            399.750031   data required time
                                             -1.626335   data arrival time
---------------------------------------------------------------------------------------------
                                            398.123657   slack (MET)


Startpoint: _156_ (rising edge-triggered flip-flop clocked by clk)
Endpoint: adc_out[3] (output port clocked by clk)
Path Group: clk
Path Type: max

Fanout         Cap        Slew       Delay        Time   Description
---------------------------------------------------------------------------------------------
                                  0.000000    0.000000   clock clk (rise edge)
                                  0.000000    0.000000   clock source latency
     1    0.015581    0.119455    0.080269    0.080269 ^ clk (in)
                                                         clk (net)
                      0.119458    0.000000    0.080269 ^ clkbuf_0_clk/A (sky130_fd_sc_hd__clkbuf_16)
     2    0.018529    0.065592    0.242122    0.322392 ^ clkbuf_0_clk/X (sky130_fd_sc_hd__clkbuf_16)
                                                         clknet_0_clk (net)
                      0.065592    0.000404    0.322795 ^ clkbuf_1_0__f_clk/A (sky130_fd_sc_hd__clkbuf_16)
    12    0.037428    0.090833    0.244006    0.566801 ^ clkbuf_1_0__f_clk/X (sky130_fd_sc_hd__clkbuf_16)
                                                         clknet_1_0__leaf_clk (net)
                      0.090853    0.001303    0.568104 ^ _156_/CLK (sky130_fd_sc_hd__dfxtp_1)
     2    0.006966    0.124183    0.678953    1.247058 ^ _156_/Q (sky130_fd_sc_hd__dfxtp_1)
                                                         net6 (net)
                      0.124183    0.000155    1.247213 ^ output6/A (sky130_fd_sc_hd__buf_2)
     1    0.034263    0.272223    0.368747    1.615960 ^ output6/X (sky130_fd_sc_hd__buf_2)
                                                         adc_out[3] (net)
                      0.272223    0.000732    1.616691 ^ adc_out[3] (out)
                                              1.616691   data arrival time

                                500.000000  500.000000   clock clk (rise edge)
                                  0.000000  500.000000   clock network delay (propagated)
                                 -0.250000  499.750031   clock uncertainty
                                  0.000000  499.750031   clock reconvergence pessimism
                               -100.000000  399.750031   output external delay
                                            399.750031   data required time
---------------------------------------------------------------------------------------------
                                            399.750031   data required time
                                             -1.616691   data arrival time
---------------------------------------------------------------------------------------------
                                            398.133331   slack (MET)


Startpoint: _159_ (rising edge-triggered flip-flop clocked by clk)
Endpoint: adc_out[6] (output port clocked by clk)
Path Group: clk
Path Type: max

Fanout         Cap        Slew       Delay        Time   Description
---------------------------------------------------------------------------------------------
                                  0.000000    0.000000   clock clk (rise edge)
                                  0.000000    0.000000   clock source latency
     1    0.015581    0.119455    0.080269    0.080269 ^ clk (in)
                                                         clk (net)
                      0.119458    0.000000    0.080269 ^ clkbuf_0_clk/A (sky130_fd_sc_hd__clkbuf_16)
     2    0.018529    0.065592    0.242122    0.322392 ^ clkbuf_0_clk/X (sky130_fd_sc_hd__clkbuf_16)
                                                         clknet_0_clk (net)
                      0.065592    0.000404    0.322795 ^ clkbuf_1_0__f_clk/A (sky130_fd_sc_hd__clkbuf_16)
    12    0.037428    0.090833    0.244006    0.566801 ^ clkbuf_1_0__f_clk/X (sky130_fd_sc_hd__clkbuf_16)
                                                         clknet_1_0__leaf_clk (net)
                      0.090849    0.001182    0.567983 ^ _159_/CLK (sky130_fd_sc_hd__dfxtp_1)
     2    0.006302    0.114970    0.671970    1.239954 ^ _159_/Q (sky130_fd_sc_hd__dfxtp_1)
                                                         net9 (net)
                      0.114970    0.000115    1.240069 ^ output9/A (sky130_fd_sc_hd__buf_2)
     1    0.034862    0.276668    0.367545    1.607614 ^ output9/X (sky130_fd_sc_hd__buf_2)
                                                         adc_out[6] (net)
                      0.276668    0.000817    1.608431 ^ adc_out[6] (out)
                                              1.608431   data arrival time

                                500.000000  500.000000   clock clk (rise edge)
                                  0.000000  500.000000   clock network delay (propagated)
                                 -0.250000  499.750031   clock uncertainty
                                  0.000000  499.750031   clock reconvergence pessimism
                               -100.000000  399.750031   output external delay
                                            399.750031   data required time
---------------------------------------------------------------------------------------------
                                            399.750031   data required time
                                             -1.608431   data arrival time
---------------------------------------------------------------------------------------------
                                            398.141571   slack (MET)


Startpoint: _153_ (rising edge-triggered flip-flop clocked by clk)
Endpoint: adc_out[0] (output port clocked by clk)
Path Group: clk
Path Type: max

Fanout         Cap        Slew       Delay        Time   Description
---------------------------------------------------------------------------------------------
                                  0.000000    0.000000   clock clk (rise edge)
                                  0.000000    0.000000   clock source latency
     1    0.015581    0.119455    0.080269    0.080269 ^ clk (in)
                                                         clk (net)
                      0.119458    0.000000    0.080269 ^ clkbuf_0_clk/A (sky130_fd_sc_hd__clkbuf_16)
     2    0.018529    0.065592    0.242122    0.322392 ^ clkbuf_0_clk/X (sky130_fd_sc_hd__clkbuf_16)
                                                         clknet_0_clk (net)
                      0.065592    0.000404    0.322795 ^ clkbuf_1_0__f_clk/A (sky130_fd_sc_hd__clkbuf_16)
    12    0.037428    0.090833    0.244006    0.566801 ^ clkbuf_1_0__f_clk/X (sky130_fd_sc_hd__clkbuf_16)
                                                         clknet_1_0__leaf_clk (net)
                      0.090855    0.001346    0.568147 ^ _153_/CLK (sky130_fd_sc_hd__dfxtp_1)
     2    0.005319    0.101607    0.661635    1.229782 ^ _153_/Q (sky130_fd_sc_hd__dfxtp_1)
                                                         net3 (net)
                      0.101607    0.000095    1.229877 ^ output3/A (sky130_fd_sc_hd__buf_2)
     1    0.034433    0.273449    0.359035    1.588912 ^ output3/X (sky130_fd_sc_hd__buf_2)
                                                         adc_out[0] (net)
                      0.273449    0.000767    1.589679 ^ adc_out[0] (out)
                                              1.589679   data arrival time

                                500.000000  500.000000   clock clk (rise edge)
                                  0.000000  500.000000   clock network delay (propagated)
                                 -0.250000  499.750031   clock uncertainty
                                  0.000000  499.750031   clock reconvergence pessimism
                               -100.000000  399.750031   output external delay
                                            399.750031   data required time
---------------------------------------------------------------------------------------------
                                            399.750031   data required time
                                             -1.589679   data arrival time
---------------------------------------------------------------------------------------------
                                            398.160339   slack (MET)


Startpoint: _154_ (rising edge-triggered flip-flop clocked by clk)
Endpoint: adc_out[1] (output port clocked by clk)
Path Group: clk
Path Type: max

Fanout         Cap        Slew       Delay        Time   Description
---------------------------------------------------------------------------------------------
                                  0.000000    0.000000   clock clk (rise edge)
                                  0.000000    0.000000   clock source latency
     1    0.015581    0.119455    0.080269    0.080269 ^ clk (in)
                                                         clk (net)
                      0.119458    0.000000    0.080269 ^ clkbuf_0_clk/A (sky130_fd_sc_hd__clkbuf_16)
     2    0.018529    0.065592    0.242122    0.322392 ^ clkbuf_0_clk/X (sky130_fd_sc_hd__clkbuf_16)
                                                         clknet_0_clk (net)
                      0.065592    0.000404    0.322795 ^ clkbuf_1_0__f_clk/A (sky130_fd_sc_hd__clkbuf_16)
    12    0.037428    0.090833    0.244006    0.566801 ^ clkbuf_1_0__f_clk/X (sky130_fd_sc_hd__clkbuf_16)
                                                         clknet_1_0__leaf_clk (net)
                      0.090853    0.001312    0.568113 ^ _154_/CLK (sky130_fd_sc_hd__dfxtp_1)
     2    0.004830    0.095035    0.656487    1.224600 ^ _154_/Q (sky130_fd_sc_hd__dfxtp_1)
                                                         net4 (net)
                      0.095035    0.000107    1.224707 ^ output4/A (sky130_fd_sc_hd__buf_2)
     1    0.034444    0.273508    0.356026    1.580733 ^ output4/X (sky130_fd_sc_hd__buf_2)
                                                         adc_out[1] (net)
                      0.273508    0.000740    1.581473 ^ adc_out[1] (out)
                                              1.581473   data arrival time

                                500.000000  500.000000   clock clk (rise edge)
                                  0.000000  500.000000   clock network delay (propagated)
                                 -0.250000  499.750031   clock uncertainty
                                  0.000000  499.750031   clock reconvergence pessimism
                               -100.000000  399.750031   output external delay
                                            399.750031   data required time
---------------------------------------------------------------------------------------------
                                            399.750031   data required time
                                             -1.581473   data arrival time
---------------------------------------------------------------------------------------------
                                            398.168549   slack (MET)


Startpoint: _160_ (rising edge-triggered flip-flop clocked by clk)
Endpoint: adc_out[7] (output port clocked by clk)
Path Group: clk
Path Type: max

Fanout         Cap        Slew       Delay        Time   Description
---------------------------------------------------------------------------------------------
                                  0.000000    0.000000   clock clk (rise edge)
                                  0.000000    0.000000   clock source latency
     1    0.015581    0.119455    0.080269    0.080269 ^ clk (in)
                                                         clk (net)
                      0.119458    0.000000    0.080269 ^ clkbuf_0_clk/A (sky130_fd_sc_hd__clkbuf_16)
     2    0.018529    0.065592    0.242122    0.322392 ^ clkbuf_0_clk/X (sky130_fd_sc_hd__clkbuf_16)
                                                         clknet_0_clk (net)
                      0.065592    0.000404    0.322795 ^ clkbuf_1_0__f_clk/A (sky130_fd_sc_hd__clkbuf_16)
    12    0.037428    0.090833    0.244006    0.566801 ^ clkbuf_1_0__f_clk/X (sky130_fd_sc_hd__clkbuf_16)
                                                         clknet_1_0__leaf_clk (net)
                      0.090849    0.001205    0.568006 ^ _160_/CLK (sky130_fd_sc_hd__dfxtp_1)
     2    0.004297    0.088003    0.650701    1.218707 ^ _160_/Q (sky130_fd_sc_hd__dfxtp_1)
                                                         net10 (net)
                      0.088003    0.000104    1.218811 ^ output10/A (sky130_fd_sc_hd__buf_2)
     1    0.035373    0.280435    0.357513    1.576324 ^ output10/X (sky130_fd_sc_hd__buf_2)
                                                         adc_out[7] (net)
                      0.280435    0.000943    1.577267 ^ adc_out[7] (out)
                                              1.577267   data arrival time

                                500.000000  500.000000   clock clk (rise edge)
                                  0.000000  500.000000   clock network delay (propagated)
                                 -0.250000  499.750031   clock uncertainty
                                  0.000000  499.750031   clock reconvergence pessimism
                               -100.000000  399.750031   output external delay
                                            399.750031   data required time
---------------------------------------------------------------------------------------------
                                            399.750031   data required time
                                             -1.577267   data arrival time
---------------------------------------------------------------------------------------------
                                            398.172760   slack (MET)


Startpoint: rst_n (input port clocked by clk)
Endpoint: _155_ (rising edge-triggered flip-flop clocked by clk)
Path Group: clk
Path Type: max

Fanout         Cap        Slew       Delay        Time   Description
---------------------------------------------------------------------------------------------
                                  0.000000    0.000000   clock clk (rise edge)
                                  0.000000    0.000000   clock network delay (propagated)
                                100.000000  100.000000 ^ input external delay
     1    0.002956    0.033285    0.016620  100.016617 ^ rst_n (in)
                                                         rst_n (net)
                      0.033285    0.000000  100.016617 ^ input2/A (sky130_fd_sc_hd__buf_1)
     2    0.015511    0.301184    0.298520  100.315140 ^ input2/X (sky130_fd_sc_hd__buf_1)
                                                         net2 (net)
                      0.301185    0.000547  100.315681 ^ fanout34/A (sky130_fd_sc_hd__buf_2)
    10    0.038265    0.302467    0.466649  100.782333 ^ fanout34/X (sky130_fd_sc_hd__buf_2)
                                                         net34 (net)
                      0.302467    0.000512  100.782845 ^ _092_/C1 (sky130_fd_sc_hd__o211a_1)
     1    0.002144    0.070284    0.354341  101.137184 ^ _092_/X (sky130_fd_sc_hd__o211a_1)
                                                         _004_ (net)
                      0.070284    0.000064  101.137253 ^ _155_/D (sky130_fd_sc_hd__dfxtp_1)
                                            101.137253   data arrival time

                                500.000000  500.000000   clock clk (rise edge)
                                  0.000000  500.000000   clock source latency
     1    0.015581    0.119455    0.080263  500.080261 ^ clk (in)
                                                         clk (net)
                      0.119458    0.000000  500.080261 ^ clkbuf_0_clk/A (sky130_fd_sc_hd__clkbuf_16)
     2    0.018529    0.065592    0.242153  500.322418 ^ clkbuf_0_clk/X (sky130_fd_sc_hd__clkbuf_16)
                                                         clknet_0_clk (net)
                      0.065592    0.000398  500.322815 ^ clkbuf_1_0__f_clk/A (sky130_fd_sc_hd__clkbuf_16)
    12    0.037428    0.090833    0.243972  500.566803 ^ clkbuf_1_0__f_clk/X (sky130_fd_sc_hd__clkbuf_16)
                                                         clknet_1_0__leaf_clk (net)
                      0.090838    0.000796  500.567596 ^ _155_/CLK (sky130_fd_sc_hd__dfxtp_1)
                                 -0.250000  500.317596   clock uncertainty
                                  0.000000  500.317596   clock reconvergence pessimism
                                 -0.124920  500.192657   library setup time
                                            500.192657   data required time
---------------------------------------------------------------------------------------------
                                            500.192657   data required time
                                           -101.137253   data arrival time
---------------------------------------------------------------------------------------------
                                            399.055420   slack (MET)


Startpoint: rst_n (input port clocked by clk)
Endpoint: _159_ (rising edge-triggered flip-flop clocked by clk)
Path Group: clk
Path Type: max

Fanout         Cap        Slew       Delay        Time   Description
---------------------------------------------------------------------------------------------
                                  0.000000    0.000000   clock clk (rise edge)
                                  0.000000    0.000000   clock network delay (propagated)
                                100.000000  100.000000 ^ input external delay
     1    0.002956    0.033285    0.016620  100.016617 ^ rst_n (in)
                                                         rst_n (net)
                      0.033285    0.000000  100.016617 ^ input2/A (sky130_fd_sc_hd__buf_1)
     2    0.015511    0.301184    0.298520  100.315140 ^ input2/X (sky130_fd_sc_hd__buf_1)
                                                         net2 (net)
                      0.301185    0.000547  100.315681 ^ fanout34/A (sky130_fd_sc_hd__buf_2)
    10    0.038265    0.302467    0.466649  100.782333 ^ fanout34/X (sky130_fd_sc_hd__buf_2)
                                                         net34 (net)
                      0.302467    0.001066  100.783401 ^ _100_/C1 (sky130_fd_sc_hd__o211a_1)
     1    0.002140    0.070249    0.354298  101.137695 ^ _100_/X (sky130_fd_sc_hd__o211a_1)
                                                         _008_ (net)
                      0.070249    0.000064  101.137764 ^ _159_/D (sky130_fd_sc_hd__dfxtp_1)
                                            101.137764   data arrival time

                                500.000000  500.000000   clock clk (rise edge)
                                  0.000000  500.000000   clock source latency
     1    0.015581    0.119455    0.080263  500.080261 ^ clk (in)
                                                         clk (net)
                      0.119458    0.000000  500.080261 ^ clkbuf_0_clk/A (sky130_fd_sc_hd__clkbuf_16)
     2    0.018529    0.065592    0.242153  500.322418 ^ clkbuf_0_clk/X (sky130_fd_sc_hd__clkbuf_16)
                                                         clknet_0_clk (net)
                      0.065592    0.000398  500.322815 ^ clkbuf_1_0__f_clk/A (sky130_fd_sc_hd__clkbuf_16)
    12    0.037428    0.090833    0.243972  500.566803 ^ clkbuf_1_0__f_clk/X (sky130_fd_sc_hd__clkbuf_16)
                                                         clknet_1_0__leaf_clk (net)
                      0.090849    0.001194  500.567993 ^ _159_/CLK (sky130_fd_sc_hd__dfxtp_1)
                                 -0.250000  500.317993   clock uncertainty
                                  0.000000  500.317993   clock reconvergence pessimism
                                 -0.124909  500.193115   library setup time
                                            500.193115   data required time
---------------------------------------------------------------------------------------------
                                            500.193115   data required time
                                           -101.137764   data arrival time
---------------------------------------------------------------------------------------------
                                            399.055359   slack (MET)


Startpoint: rst_n (input port clocked by clk)
Endpoint: _153_ (rising edge-triggered flip-flop clocked by clk)
Path Group: clk
Path Type: max

Fanout         Cap        Slew       Delay        Time   Description
---------------------------------------------------------------------------------------------
                                  0.000000    0.000000   clock clk (rise edge)
                                  0.000000    0.000000   clock network delay (propagated)
                                100.000000  100.000000 ^ input external delay
     1    0.002956    0.033285    0.016620  100.016617 ^ rst_n (in)
                                                         rst_n (net)
                      0.033285    0.000000  100.016617 ^ input2/A (sky130_fd_sc_hd__buf_1)
     2    0.015511    0.301184    0.298520  100.315140 ^ input2/X (sky130_fd_sc_hd__buf_1)
                                                         net2 (net)
                      0.301185    0.000547  100.315681 ^ fanout34/A (sky130_fd_sc_hd__buf_2)
    10    0.038265    0.302467    0.466649  100.782333 ^ fanout34/X (sky130_fd_sc_hd__buf_2)
                                                         net34 (net)
                      0.302467    0.000895  100.783226 ^ _088_/C1 (sky130_fd_sc_hd__o211a_1)
     1    0.002055    0.069268    0.353168  101.136398 ^ _088_/X (sky130_fd_sc_hd__o211a_1)
                                                         _002_ (net)
                      0.069268    0.000057  101.136452 ^ _153_/D (sky130_fd_sc_hd__dfxtp_1)
                                            101.136452   data arrival time

                                500.000000  500.000000   clock clk (rise edge)
                                  0.000000  500.000000   clock source latency
     1    0.015581    0.119455    0.080263  500.080261 ^ clk (in)
                                                         clk (net)
                      0.119458    0.000000  500.080261 ^ clkbuf_0_clk/A (sky130_fd_sc_hd__clkbuf_16)
     2    0.018529    0.065592    0.242153  500.322418 ^ clkbuf_0_clk/X (sky130_fd_sc_hd__clkbuf_16)
                                                         clknet_0_clk (net)
                      0.065592    0.000398  500.322815 ^ clkbuf_1_0__f_clk/A (sky130_fd_sc_hd__clkbuf_16)
    12    0.037428    0.090833    0.243972  500.566803 ^ clkbuf_1_0__f_clk/X (sky130_fd_sc_hd__clkbuf_16)
                                                         clknet_1_0__leaf_clk (net)
                      0.090855    0.001364  500.568176 ^ _153_/CLK (sky130_fd_sc_hd__dfxtp_1)
                                 -0.250000  500.318176   clock uncertainty
                                  0.000000  500.318176   clock reconvergence pessimism
                                 -0.124653  500.193512   library setup time
                                            500.193512   data required time
---------------------------------------------------------------------------------------------
                                            500.193512   data required time
                                           -101.136452   data arrival time
---------------------------------------------------------------------------------------------
                                            399.057068   slack (MET)


Startpoint: rst_n (input port clocked by clk)
Endpoint: _156_ (rising edge-triggered flip-flop clocked by clk)
Path Group: clk
Path Type: max

Fanout         Cap        Slew       Delay        Time   Description
---------------------------------------------------------------------------------------------
                                  0.000000    0.000000   clock clk (rise edge)
                                  0.000000    0.000000   clock network delay (propagated)
                                100.000000  100.000000 ^ input external delay
     1    0.002956    0.033285    0.016620  100.016617 ^ rst_n (in)
                                                         rst_n (net)
                      0.033285    0.000000  100.016617 ^ input2/A (sky130_fd_sc_hd__buf_1)
     2    0.015511    0.301184    0.298520  100.315140 ^ input2/X (sky130_fd_sc_hd__buf_1)
                                                         net2 (net)
                      0.301185    0.000547  100.315681 ^ fanout34/A (sky130_fd_sc_hd__buf_2)
    10    0.038265    0.302467    0.466649  100.782333 ^ fanout34/X (sky130_fd_sc_hd__buf_2)
                                                         net34 (net)
                      0.302467    0.000668  100.782997 ^ _094_/C1 (sky130_fd_sc_hd__o211a_1)
     1    0.001982    0.068532    0.352209  101.135208 ^ _094_/X (sky130_fd_sc_hd__o211a_1)
                                                         _005_ (net)
                      0.068532    0.000057  101.135269 ^ _156_/D (sky130_fd_sc_hd__dfxtp_1)
                                            101.135269   data arrival time

                                500.000000  500.000000   clock clk (rise edge)
                                  0.000000  500.000000   clock source latency
     1    0.015581    0.119455    0.080263  500.080261 ^ clk (in)
                                                         clk (net)
                      0.119458    0.000000  500.080261 ^ clkbuf_0_clk/A (sky130_fd_sc_hd__clkbuf_16)
     2    0.018529    0.065592    0.242153  500.322418 ^ clkbuf_0_clk/X (sky130_fd_sc_hd__clkbuf_16)
                                                         clknet_0_clk (net)
                      0.065592    0.000398  500.322815 ^ clkbuf_1_0__f_clk/A (sky130_fd_sc_hd__clkbuf_16)
    12    0.037428    0.090833    0.243972  500.566803 ^ clkbuf_1_0__f_clk/X (sky130_fd_sc_hd__clkbuf_16)
                                                         clknet_1_0__leaf_clk (net)
                      0.090853    0.001307  500.568115 ^ _156_/CLK (sky130_fd_sc_hd__dfxtp_1)
                                 -0.250000  500.318115   clock uncertainty
                                  0.000000  500.318115   clock reconvergence pessimism
                                 -0.124462  500.193634   library setup time
                                            500.193634   data required time
---------------------------------------------------------------------------------------------
                                            500.193634   data required time
                                           -101.135269   data arrival time
---------------------------------------------------------------------------------------------
                                            399.058350   slack (MET)


Startpoint: rst_n (input port clocked by clk)
Endpoint: _154_ (rising edge-triggered flip-flop clocked by clk)
Path Group: clk
Path Type: max

Fanout         Cap        Slew       Delay        Time   Description
---------------------------------------------------------------------------------------------
                                  0.000000    0.000000   clock clk (rise edge)
                                  0.000000    0.000000   clock network delay (propagated)
                                100.000000  100.000000 ^ input external delay
     1    0.002956    0.033285    0.016620  100.016617 ^ rst_n (in)
                                                         rst_n (net)
                      0.033285    0.000000  100.016617 ^ input2/A (sky130_fd_sc_hd__buf_1)
     2    0.015511    0.301184    0.298520  100.315140 ^ input2/X (sky130_fd_sc_hd__buf_1)
                                                         net2 (net)
                      0.301185    0.000547  100.315681 ^ fanout34/A (sky130_fd_sc_hd__buf_2)
    10    0.038265    0.302467    0.466649  100.782333 ^ fanout34/X (sky130_fd_sc_hd__buf_2)
                                                         net34 (net)
                      0.302467    0.000853  100.783188 ^ _090_/C1 (sky130_fd_sc_hd__o211a_1)
     1    0.001797    0.067222    0.349772  101.132957 ^ _090_/X (sky130_fd_sc_hd__o211a_1)
                                                         _003_ (net)
                      0.067222    0.000036  101.132996 ^ _154_/D (sky130_fd_sc_hd__dfxtp_1)
                                            101.132996   data arrival time

                                500.000000  500.000000   clock clk (rise edge)
                                  0.000000  500.000000   clock source latency
     1    0.015581    0.119455    0.080263  500.080261 ^ clk (in)
                                                         clk (net)
                      0.119458    0.000000  500.080261 ^ clkbuf_0_clk/A (sky130_fd_sc_hd__clkbuf_16)
     2    0.018529    0.065592    0.242153  500.322418 ^ clkbuf_0_clk/X (sky130_fd_sc_hd__clkbuf_16)
                                                         clknet_0_clk (net)
                      0.065592    0.000398  500.322815 ^ clkbuf_1_0__f_clk/A (sky130_fd_sc_hd__clkbuf_16)
    12    0.037428    0.090833    0.243972  500.566803 ^ clkbuf_1_0__f_clk/X (sky130_fd_sc_hd__clkbuf_16)
                                                         clknet_1_0__leaf_clk (net)
                      0.090853    0.001307  500.568115 ^ _154_/CLK (sky130_fd_sc_hd__dfxtp_1)
                                 -0.250000  500.318115   clock uncertainty
                                  0.000000  500.318115   clock reconvergence pessimism
                                 -0.124121  500.193970   library setup time
                                            500.193970   data required time
---------------------------------------------------------------------------------------------
                                            500.193970   data required time
                                           -101.132996   data arrival time
---------------------------------------------------------------------------------------------
                                            399.060974   slack (MET)



