Reading timing models for corner max_ss_100C_1v60…
Reading cell library for the 'max_ss_100C_1v60' corner at '/usr/local/share/pdk/ciel/sky130/versions/0fe599b2afb6708d281543108caf8310912f54af/sky130A/libs.ref/sky130_fd_sc_hd/lib/sky130_fd_sc_hd__ss_100C_1v60.lib'…
Reading top-level netlist at '/home/dt/Documents/madvlsi/final/schematics/controller/librelane/runs/RUN_2025-12-16_17-02-26/51-openroad-fillinsertion/controller.nl.v'…
Linking design 'controller' from netlist…
Warning: /home/dt/Documents/madvlsi/final/schematics/controller/librelane/runs/RUN_2025-12-16_17-02-26/51-openroad-fillinsertion/controller.nl.v line 525, module sky130_fd_sc_hd__tapvpwrvgnd_1 not found. Creating black box for TAP_TAPCELL_ROW_0_20.
Warning: /home/dt/Documents/madvlsi/final/schematics/controller/librelane/runs/RUN_2025-12-16_17-02-26/51-openroad-fillinsertion/controller.nl.v line 676, module sky130_ef_sc_hd__decap_12 not found. Creating black box for FILLER_0_3.
Warning: /home/dt/Documents/madvlsi/final/schematics/controller/librelane/runs/RUN_2025-12-16_17-02-26/51-openroad-fillinsertion/controller.nl.v line 678, module sky130_fd_sc_hd__fill_1 not found. Creating black box for FILLER_0_27.
Warning: /home/dt/Documents/madvlsi/final/schematics/controller/librelane/runs/RUN_2025-12-16_17-02-26/51-openroad-fillinsertion/controller.nl.v line 714, module sky130_fd_sc_hd__fill_2 not found. Creating black box for FILLER_1_73.
Reading design constraints file at '/nix/store/pqxyc4xmydcs5adig47yyc29r3svp5nx-python3-3.11.9-env/lib/python3.11/site-packages/librelane/scripts/base.sdc'…
[INFO] Using clock clk…
[INFO] Setting output delay to: 10
[INFO] Setting input delay to: 10
[INFO] Setting load to: 0.033442
[INFO] Setting clock uncertainty to: 0.25
[INFO] Setting clock transition to: 0.1499999999999999944488848768742172978818416595458984375
[INFO] Setting timing derate to: 5%
Reading top-level design parasitics for the 'max_ss_100C_1v60' corner at '/home/dt/Documents/madvlsi/final/schematics/controller/librelane/runs/RUN_2025-12-16_17-02-26/53-openroad-rcx/max/controller.max.spef'…
%OL_CREATE_REPORT min.rpt

===========================================================================
report_checks -path_delay min (Hold)
============================================================================
======================= max_ss_100C_1v60 Corner ===================================

Startpoint: _166_ (rising edge-triggered flip-flop clocked by clk)
Endpoint: _158_ (rising edge-triggered flip-flop clocked by clk)
Path Group: clk
Path Type: min

Fanout         Cap        Slew       Delay        Time   Description
---------------------------------------------------------------------------------------------
                                  0.000000    0.000000   clock clk (rise edge)
                                  0.000000    0.000000   clock source latency
     1    0.017905    0.135463    0.092005    0.092005 ^ clk (in)
                                                         clk (net)
                      0.135470    0.000000    0.092005 ^ clkbuf_0_clk/A (sky130_fd_sc_hd__clkbuf_16)
     2    0.019034    0.066229    0.250066    0.342071 ^ clkbuf_0_clk/X (sky130_fd_sc_hd__clkbuf_16)
                                                         clknet_0_clk (net)
                      0.066229    0.000715    0.342786 ^ clkbuf_1_1__f_clk/A (sky130_fd_sc_hd__clkbuf_16)
    12    0.038817    0.092961    0.245828    0.588614 ^ clkbuf_1_1__f_clk/X (sky130_fd_sc_hd__clkbuf_16)
                                                         clknet_1_1__leaf_clk (net)
                      0.092989    0.001567    0.590180 ^ _166_/CLK (sky130_fd_sc_hd__dfxtp_1)
     3    0.021003    0.195071    0.707645    1.297825 v _166_/Q (sky130_fd_sc_hd__dfxtp_1)
                                                         net17 (net)
                      0.195075    0.001154    1.298979 v _098_/A1 (sky130_fd_sc_hd__o211a_1)
     1    0.001947    0.050485    0.440596    1.739576 v _098_/X (sky130_fd_sc_hd__o211a_1)
                                                         _007_ (net)
                      0.050485    0.000090    1.739666 v _158_/D (sky130_fd_sc_hd__dfxtp_1)
                                              1.739666   data arrival time

                                  0.000000    0.000000   clock clk (rise edge)
                                  0.000000    0.000000   clock source latency
     1    0.017905    0.135463    0.092005    0.092005 ^ clk (in)
                                                         clk (net)
                      0.135470    0.000000    0.092005 ^ clkbuf_0_clk/A (sky130_fd_sc_hd__clkbuf_16)
     2    0.019034    0.066229    0.250066    0.342071 ^ clkbuf_0_clk/X (sky130_fd_sc_hd__clkbuf_16)
                                                         clknet_0_clk (net)
                      0.066229    0.000715    0.342786 ^ clkbuf_1_1__f_clk/A (sky130_fd_sc_hd__clkbuf_16)
    12    0.038817    0.092961    0.245828    0.588614 ^ clkbuf_1_1__f_clk/X (sky130_fd_sc_hd__clkbuf_16)
                                                         clknet_1_1__leaf_clk (net)
                      0.093037    0.002375    0.590989 ^ _158_/CLK (sky130_fd_sc_hd__dfxtp_1)
                                  0.250000    0.840989   clock uncertainty
                                  0.000000    0.840989   clock reconvergence pessimism
                                 -0.092226    0.748763   library hold time
                                              0.748763   data required time
---------------------------------------------------------------------------------------------
                                              0.748763   data required time
                                             -1.739666   data arrival time
---------------------------------------------------------------------------------------------
                                              0.990903   slack (MET)


Startpoint: _154_ (rising edge-triggered flip-flop clocked by clk)
Endpoint: _154_ (rising edge-triggered flip-flop clocked by clk)
Path Group: clk
Path Type: min

Fanout         Cap        Slew       Delay        Time   Description
---------------------------------------------------------------------------------------------
                                  0.000000    0.000000   clock clk (rise edge)
                                  0.000000    0.000000   clock source latency
     1    0.017905    0.135463    0.092005    0.092005 ^ clk (in)
                                                         clk (net)
                      0.135470    0.000000    0.092005 ^ clkbuf_0_clk/A (sky130_fd_sc_hd__clkbuf_16)
     2    0.019034    0.066229    0.250066    0.342071 ^ clkbuf_0_clk/X (sky130_fd_sc_hd__clkbuf_16)
                                                         clknet_0_clk (net)
                      0.066229    0.000715    0.342786 ^ clkbuf_1_1__f_clk/A (sky130_fd_sc_hd__clkbuf_16)
    12    0.038817    0.092961    0.245828    0.588614 ^ clkbuf_1_1__f_clk/X (sky130_fd_sc_hd__clkbuf_16)
                                                         clknet_1_1__leaf_clk (net)
                      0.093003    0.001847    0.590461 ^ _154_/CLK (sky130_fd_sc_hd__dfxtp_1)
     2    0.008200    0.141269    0.692707    1.283168 ^ _154_/Q (sky130_fd_sc_hd__dfxtp_1)
                                                         net4 (net)
                      0.141269    0.000500    1.283668 ^ _089_/A (sky130_fd_sc_hd__or2_1)
     1    0.003371    0.073000    0.200659    1.484328 ^ _089_/X (sky130_fd_sc_hd__or2_1)
                                                         _052_ (net)
                      0.073000    0.000223    1.484550 ^ _090_/B1 (sky130_fd_sc_hd__o211a_1)
     1    0.001814    0.062707    0.283277    1.767828 ^ _090_/X (sky130_fd_sc_hd__o211a_1)
                                                         _003_ (net)
                      0.062707    0.000128    1.767955 ^ _154_/D (sky130_fd_sc_hd__dfxtp_1)
                                              1.767955   data arrival time

                                  0.000000    0.000000   clock clk (rise edge)
                                  0.000000    0.000000   clock source latency
     1    0.017905    0.135463    0.092005    0.092005 ^ clk (in)
                                                         clk (net)
                      0.135470    0.000000    0.092005 ^ clkbuf_0_clk/A (sky130_fd_sc_hd__clkbuf_16)
     2    0.019034    0.066229    0.250066    0.342071 ^ clkbuf_0_clk/X (sky130_fd_sc_hd__clkbuf_16)
                                                         clknet_0_clk (net)
                      0.066229    0.000715    0.342786 ^ clkbuf_1_1__f_clk/A (sky130_fd_sc_hd__clkbuf_16)
    12    0.038817    0.092961    0.245828    0.588614 ^ clkbuf_1_1__f_clk/X (sky130_fd_sc_hd__clkbuf_16)
                                                         clknet_1_1__leaf_clk (net)
                      0.093003    0.001847    0.590461 ^ _154_/CLK (sky130_fd_sc_hd__dfxtp_1)
                                  0.250000    0.840461   clock uncertainty
                                  0.000000    0.840461   clock reconvergence pessimism
                                 -0.066668    0.773793   library hold time
                                              0.773793   data required time
---------------------------------------------------------------------------------------------
                                              0.773793   data required time
                                             -1.767955   data arrival time
---------------------------------------------------------------------------------------------
                                              0.994163   slack (MET)


Startpoint: _165_ (rising edge-triggered flip-flop clocked by clk)
Endpoint: _157_ (rising edge-triggered flip-flop clocked by clk)
Path Group: clk
Path Type: min

Fanout         Cap        Slew       Delay        Time   Description
---------------------------------------------------------------------------------------------
                                  0.000000    0.000000   clock clk (rise edge)
                                  0.000000    0.000000   clock source latency
     1    0.017905    0.135463    0.092005    0.092005 ^ clk (in)
                                                         clk (net)
                      0.135470    0.000000    0.092005 ^ clkbuf_0_clk/A (sky130_fd_sc_hd__clkbuf_16)
     2    0.019034    0.066229    0.250066    0.342071 ^ clkbuf_0_clk/X (sky130_fd_sc_hd__clkbuf_16)
                                                         clknet_0_clk (net)
                      0.066229    0.000715    0.342786 ^ clkbuf_1_1__f_clk/A (sky130_fd_sc_hd__clkbuf_16)
    12    0.038817    0.092961    0.245828    0.588614 ^ clkbuf_1_1__f_clk/X (sky130_fd_sc_hd__clkbuf_16)
                                                         clknet_1_1__leaf_clk (net)
                      0.092969    0.000977    0.589591 ^ _165_/CLK (sky130_fd_sc_hd__dfxtp_1)
     3    0.021499    0.199342    0.710446    1.300037 v _165_/Q (sky130_fd_sc_hd__dfxtp_1)
                                                         net16 (net)
                      0.199342    0.000763    1.300800 v _096_/A1 (sky130_fd_sc_hd__o211a_1)
     1    0.002023    0.051138    0.443238    1.744038 v _096_/X (sky130_fd_sc_hd__o211a_1)
                                                         _006_ (net)
                      0.051138    0.000139    1.744177 v _157_/D (sky130_fd_sc_hd__dfxtp_1)
                                              1.744177   data arrival time

                                  0.000000    0.000000   clock clk (rise edge)
                                  0.000000    0.000000   clock source latency
     1    0.017905    0.135463    0.092005    0.092005 ^ clk (in)
                                                         clk (net)
                      0.135470    0.000000    0.092005 ^ clkbuf_0_clk/A (sky130_fd_sc_hd__clkbuf_16)
     2    0.019034    0.066229    0.250066    0.342071 ^ clkbuf_0_clk/X (sky130_fd_sc_hd__clkbuf_16)
                                                         clknet_0_clk (net)
                      0.066229    0.000715    0.342786 ^ clkbuf_1_1__f_clk/A (sky130_fd_sc_hd__clkbuf_16)
    12    0.038817    0.092961    0.245828    0.588614 ^ clkbuf_1_1__f_clk/X (sky130_fd_sc_hd__clkbuf_16)
                                                         clknet_1_1__leaf_clk (net)
                      0.093033    0.002321    0.590935 ^ _157_/CLK (sky130_fd_sc_hd__dfxtp_1)
                                  0.250000    0.840935   clock uncertainty
                                  0.000000    0.840935   clock reconvergence pessimism
                                 -0.092474    0.748461   library hold time
                                              0.748461   data required time
---------------------------------------------------------------------------------------------
                                              0.748461   data required time
                                             -1.744177   data arrival time
---------------------------------------------------------------------------------------------
                                              0.995716   slack (MET)


Startpoint: _153_ (rising edge-triggered flip-flop clocked by clk)
Endpoint: _153_ (rising edge-triggered flip-flop clocked by clk)
Path Group: clk
Path Type: min

Fanout         Cap        Slew       Delay        Time   Description
---------------------------------------------------------------------------------------------
                                  0.000000    0.000000   clock clk (rise edge)
                                  0.000000    0.000000   clock source latency
     1    0.017905    0.135463    0.092005    0.092005 ^ clk (in)
                                                         clk (net)
                      0.135470    0.000000    0.092005 ^ clkbuf_0_clk/A (sky130_fd_sc_hd__clkbuf_16)
     2    0.019034    0.066229    0.250066    0.342071 ^ clkbuf_0_clk/X (sky130_fd_sc_hd__clkbuf_16)
                                                         clknet_0_clk (net)
                      0.066229    0.000715    0.342786 ^ clkbuf_1_1__f_clk/A (sky130_fd_sc_hd__clkbuf_16)
    12    0.038817    0.092961    0.245828    0.588614 ^ clkbuf_1_1__f_clk/X (sky130_fd_sc_hd__clkbuf_16)
                                                         clknet_1_1__leaf_clk (net)
                      0.093009    0.001947    0.590561 ^ _153_/CLK (sky130_fd_sc_hd__dfxtp_1)
     2    0.007789    0.135555    0.688512    1.279073 ^ _153_/Q (sky130_fd_sc_hd__dfxtp_1)
                                                         net3 (net)
                      0.135555    0.000223    1.279296 ^ _087_/A (sky130_fd_sc_hd__or2_1)
     1    0.003978    0.080874    0.204648    1.483944 ^ _087_/X (sky130_fd_sc_hd__or2_1)
                                                         _051_ (net)
                      0.080874    0.000254    1.484198 ^ _088_/B1 (sky130_fd_sc_hd__o211a_1)
     1    0.002221    0.067082    0.291586    1.775784 ^ _088_/X (sky130_fd_sc_hd__o211a_1)
                                                         _002_ (net)
                      0.067082    0.000144    1.775928 ^ _153_/D (sky130_fd_sc_hd__dfxtp_1)
                                              1.775928   data arrival time

                                  0.000000    0.000000   clock clk (rise edge)
                                  0.000000    0.000000   clock source latency
     1    0.017905    0.135463    0.092005    0.092005 ^ clk (in)
                                                         clk (net)
                      0.135470    0.000000    0.092005 ^ clkbuf_0_clk/A (sky130_fd_sc_hd__clkbuf_16)
     2    0.019034    0.066229    0.250066    0.342071 ^ clkbuf_0_clk/X (sky130_fd_sc_hd__clkbuf_16)
                                                         clknet_0_clk (net)
                      0.066229    0.000715    0.342786 ^ clkbuf_1_1__f_clk/A (sky130_fd_sc_hd__clkbuf_16)
    12    0.038817    0.092961    0.245828    0.588614 ^ clkbuf_1_1__f_clk/X (sky130_fd_sc_hd__clkbuf_16)
                                                         clknet_1_1__leaf_clk (net)
                      0.093009    0.001947    0.590561 ^ _153_/CLK (sky130_fd_sc_hd__dfxtp_1)
                                  0.250000    0.840561   clock uncertainty
                                  0.000000    0.840561   clock reconvergence pessimism
                                 -0.067685    0.772876   library hold time
                                              0.772876   data required time
---------------------------------------------------------------------------------------------
                                              0.772876   data required time
                                             -1.775928   data arrival time
---------------------------------------------------------------------------------------------
                                              1.003052   slack (MET)


Startpoint: _167_ (rising edge-triggered flip-flop clocked by clk)
Endpoint: _159_ (rising edge-triggered flip-flop clocked by clk)
Path Group: clk
Path Type: min

Fanout         Cap        Slew       Delay        Time   Description
---------------------------------------------------------------------------------------------
                                  0.000000    0.000000   clock clk (rise edge)
                                  0.000000    0.000000   clock source latency
     1    0.017905    0.135463    0.092005    0.092005 ^ clk (in)
                                                         clk (net)
                      0.135470    0.000000    0.092005 ^ clkbuf_0_clk/A (sky130_fd_sc_hd__clkbuf_16)
     2    0.019034    0.066229    0.250066    0.342071 ^ clkbuf_0_clk/X (sky130_fd_sc_hd__clkbuf_16)
                                                         clknet_0_clk (net)
                      0.066229    0.000767    0.342838 ^ clkbuf_1_0__f_clk/A (sky130_fd_sc_hd__clkbuf_16)
    10    0.039490    0.094050    0.246393    0.589231 ^ clkbuf_1_0__f_clk/X (sky130_fd_sc_hd__clkbuf_16)
                                                         clknet_1_0__leaf_clk (net)
                      0.094085    0.001754    0.590985 ^ _167_/CLK (sky130_fd_sc_hd__dfxtp_1)
     4    0.022556    0.208334    0.717330    1.308314 v _167_/Q (sky130_fd_sc_hd__dfxtp_1)
                                                         net18 (net)
                      0.208353    0.002072    1.310387 v _100_/A1 (sky130_fd_sc_hd__o211a_1)
     1    0.002216    0.052788    0.449227    1.759614 v _100_/X (sky130_fd_sc_hd__o211a_1)
                                                         _008_ (net)
                      0.052788    0.000158    1.759772 v _159_/D (sky130_fd_sc_hd__dfxtp_1)
                                              1.759772   data arrival time

                                  0.000000    0.000000   clock clk (rise edge)
                                  0.000000    0.000000   clock source latency
     1    0.017905    0.135463    0.092005    0.092005 ^ clk (in)
                                                         clk (net)
                      0.135470    0.000000    0.092005 ^ clkbuf_0_clk/A (sky130_fd_sc_hd__clkbuf_16)
     2    0.019034    0.066229    0.250066    0.342071 ^ clkbuf_0_clk/X (sky130_fd_sc_hd__clkbuf_16)
                                                         clknet_0_clk (net)
                      0.066229    0.000715    0.342786 ^ clkbuf_1_1__f_clk/A (sky130_fd_sc_hd__clkbuf_16)
    12    0.038817    0.092961    0.245828    0.588614 ^ clkbuf_1_1__f_clk/X (sky130_fd_sc_hd__clkbuf_16)
                                                         clknet_1_1__leaf_clk (net)
                      0.093037    0.002382    0.590995 ^ _159_/CLK (sky130_fd_sc_hd__dfxtp_1)
                                  0.250000    0.840995   clock uncertainty
                                  0.000000    0.840995   clock reconvergence pessimism
                                 -0.093096    0.747899   library hold time
                                              0.747899   data required time
---------------------------------------------------------------------------------------------
                                              0.747899   data required time
                                             -1.759772   data arrival time
---------------------------------------------------------------------------------------------
                                              1.011873   slack (MET)


Startpoint: _162_ (rising edge-triggered flip-flop clocked by clk)
Endpoint: _162_ (rising edge-triggered flip-flop clocked by clk)
Path Group: clk
Path Type: min

Fanout         Cap        Slew       Delay        Time   Description
---------------------------------------------------------------------------------------------
                                  0.000000    0.000000   clock clk (rise edge)
                                  0.000000    0.000000   clock source latency
     1    0.017905    0.135463    0.092005    0.092005 ^ clk (in)
                                                         clk (net)
                      0.135470    0.000000    0.092005 ^ clkbuf_0_clk/A (sky130_fd_sc_hd__clkbuf_16)
     2    0.019034    0.066229    0.250066    0.342071 ^ clkbuf_0_clk/X (sky130_fd_sc_hd__clkbuf_16)
                                                         clknet_0_clk (net)
                      0.066229    0.000715    0.342786 ^ clkbuf_1_1__f_clk/A (sky130_fd_sc_hd__clkbuf_16)
    12    0.038817    0.092961    0.245828    0.588614 ^ clkbuf_1_1__f_clk/X (sky130_fd_sc_hd__clkbuf_16)
                                                         clknet_1_1__leaf_clk (net)
                      0.093005    0.001879    0.590493 ^ _162_/CLK (sky130_fd_sc_hd__dfxtp_1)
     3    0.021912    0.202905    0.712811    1.303303 v _162_/Q (sky130_fd_sc_hd__dfxtp_1)
                                                         net13 (net)
                      0.202917    0.001738    1.305042 v _080_/A (sky130_fd_sc_hd__inv_2)
     2    0.006503    0.082982    0.142509    1.447550 ^ _080_/Y (sky130_fd_sc_hd__inv_2)
                                                         net21 (net)
                      0.082983    0.000361    1.447911 ^ _116_/B1 (sky130_fd_sc_hd__a21o_1)
     1    0.003945    0.071322    0.155433    1.603345 ^ _116_/X (sky130_fd_sc_hd__a21o_1)
                                                         _071_ (net)
                      0.071322    0.000253    1.603598 ^ _120_/A1 (sky130_fd_sc_hd__a31oi_1)
     1    0.003175    0.078257    0.162762    1.766360 v _120_/Y (sky130_fd_sc_hd__a31oi_1)
                                                         _011_ (net)
                      0.078257    0.000188    1.766548 v _162_/D (sky130_fd_sc_hd__dfxtp_1)
                                              1.766548   data arrival time

                                  0.000000    0.000000   clock clk (rise edge)
                                  0.000000    0.000000   clock source latency
     1    0.017905    0.135463    0.092005    0.092005 ^ clk (in)
                                                         clk (net)
                      0.135470    0.000000    0.092005 ^ clkbuf_0_clk/A (sky130_fd_sc_hd__clkbuf_16)
     2    0.019034    0.066229    0.250066    0.342071 ^ clkbuf_0_clk/X (sky130_fd_sc_hd__clkbuf_16)
                                                         clknet_0_clk (net)
                      0.066229    0.000715    0.342786 ^ clkbuf_1_1__f_clk/A (sky130_fd_sc_hd__clkbuf_16)
    12    0.038817    0.092961    0.245828    0.588614 ^ clkbuf_1_1__f_clk/X (sky130_fd_sc_hd__clkbuf_16)
                                                         clknet_1_1__leaf_clk (net)
                      0.093005    0.001879    0.590493 ^ _162_/CLK (sky130_fd_sc_hd__dfxtp_1)
                                  0.250000    0.840493   clock uncertainty
                                  0.000000    0.840493   clock reconvergence pessimism
                                 -0.102731    0.737762   library hold time
                                              0.737762   data required time
---------------------------------------------------------------------------------------------
                                              0.737762   data required time
                                             -1.766548   data arrival time
---------------------------------------------------------------------------------------------
                                              1.028786   slack (MET)


Startpoint: _164_ (rising edge-triggered flip-flop clocked by clk)
Endpoint: _156_ (rising edge-triggered flip-flop clocked by clk)
Path Group: clk
Path Type: min

Fanout         Cap        Slew       Delay        Time   Description
---------------------------------------------------------------------------------------------
                                  0.000000    0.000000   clock clk (rise edge)
                                  0.000000    0.000000   clock source latency
     1    0.017905    0.135463    0.092005    0.092005 ^ clk (in)
                                                         clk (net)
                      0.135470    0.000000    0.092005 ^ clkbuf_0_clk/A (sky130_fd_sc_hd__clkbuf_16)
     2    0.019034    0.066229    0.250066    0.342071 ^ clkbuf_0_clk/X (sky130_fd_sc_hd__clkbuf_16)
                                                         clknet_0_clk (net)
                      0.066229    0.000767    0.342838 ^ clkbuf_1_0__f_clk/A (sky130_fd_sc_hd__clkbuf_16)
    10    0.039490    0.094050    0.246393    0.589231 ^ clkbuf_1_0__f_clk/X (sky130_fd_sc_hd__clkbuf_16)
                                                         clknet_1_0__leaf_clk (net)
                      0.094209    0.003361    0.592592 ^ _164_/CLK (sky130_fd_sc_hd__dfxtp_1)
     3    0.026313    0.240305    0.740017    1.332609 v _164_/Q (sky130_fd_sc_hd__dfxtp_1)
                                                         net15 (net)
                      0.240388    0.004212    1.336821 v _094_/A1 (sky130_fd_sc_hd__o211a_1)
     1    0.002005    0.050983    0.459018    1.795840 v _094_/X (sky130_fd_sc_hd__o211a_1)
                                                         _005_ (net)
                      0.050983    0.000140    1.795980 v _156_/D (sky130_fd_sc_hd__dfxtp_1)
                                              1.795980   data arrival time

                                  0.000000    0.000000   clock clk (rise edge)
                                  0.000000    0.000000   clock source latency
     1    0.017905    0.135463    0.092005    0.092005 ^ clk (in)
                                                         clk (net)
                      0.135470    0.000000    0.092005 ^ clkbuf_0_clk/A (sky130_fd_sc_hd__clkbuf_16)
     2    0.019034    0.066229    0.250066    0.342071 ^ clkbuf_0_clk/X (sky130_fd_sc_hd__clkbuf_16)
                                                         clknet_0_clk (net)
                      0.066229    0.000715    0.342786 ^ clkbuf_1_1__f_clk/A (sky130_fd_sc_hd__clkbuf_16)
    12    0.038817    0.092961    0.245828    0.588614 ^ clkbuf_1_1__f_clk/X (sky130_fd_sc_hd__clkbuf_16)
                                                         clknet_1_1__leaf_clk (net)
                      0.093012    0.001999    0.590613 ^ _156_/CLK (sky130_fd_sc_hd__dfxtp_1)
                                  0.250000    0.840613   clock uncertainty
                                  0.000000    0.840613   clock reconvergence pessimism
                                 -0.092420    0.748193   library hold time
                                              0.748193   data required time
---------------------------------------------------------------------------------------------
                                              0.748193   data required time
                                             -1.795980   data arrival time
---------------------------------------------------------------------------------------------
                                              1.047787   slack (MET)


Startpoint: _166_ (rising edge-triggered flip-flop clocked by clk)
Endpoint: _166_ (rising edge-triggered flip-flop clocked by clk)
Path Group: clk
Path Type: min

Fanout         Cap        Slew       Delay        Time   Description
---------------------------------------------------------------------------------------------
                                  0.000000    0.000000   clock clk (rise edge)
                                  0.000000    0.000000   clock source latency
     1    0.017905    0.135463    0.092005    0.092005 ^ clk (in)
                                                         clk (net)
                      0.135470    0.000000    0.092005 ^ clkbuf_0_clk/A (sky130_fd_sc_hd__clkbuf_16)
     2    0.019034    0.066229    0.250066    0.342071 ^ clkbuf_0_clk/X (sky130_fd_sc_hd__clkbuf_16)
                                                         clknet_0_clk (net)
                      0.066229    0.000715    0.342786 ^ clkbuf_1_1__f_clk/A (sky130_fd_sc_hd__clkbuf_16)
    12    0.038817    0.092961    0.245828    0.588614 ^ clkbuf_1_1__f_clk/X (sky130_fd_sc_hd__clkbuf_16)
                                                         clknet_1_1__leaf_clk (net)
                      0.092989    0.001567    0.590180 ^ _166_/CLK (sky130_fd_sc_hd__dfxtp_1)
     3    0.021003    0.195071    0.707645    1.297825 v _166_/Q (sky130_fd_sc_hd__dfxtp_1)
                                                         net17 (net)
                      0.195077    0.001336    1.299162 v _076_/A (sky130_fd_sc_hd__inv_2)
     2    0.014359    0.124154    0.182063    1.481225 ^ _076_/Y (sky130_fd_sc_hd__inv_2)
                                                         net25 (net)
                      0.124161    0.001063    1.482288 ^ _134_/B1 (sky130_fd_sc_hd__a21o_1)
     1    0.002870    0.059266    0.161454    1.643741 ^ _134_/X (sky130_fd_sc_hd__a21o_1)
                                                         _035_ (net)
                      0.059266    0.000133    1.643875 ^ _137_/A1 (sky130_fd_sc_hd__a31oi_1)
     1    0.002870    0.076333    0.153087    1.796962 v _137_/Y (sky130_fd_sc_hd__a31oi_1)
                                                         _015_ (net)
                      0.076333    0.000220    1.797181 v _166_/D (sky130_fd_sc_hd__dfxtp_1)
                                              1.797181   data arrival time

                                  0.000000    0.000000   clock clk (rise edge)
                                  0.000000    0.000000   clock source latency
     1    0.017905    0.135463    0.092005    0.092005 ^ clk (in)
                                                         clk (net)
                      0.135470    0.000000    0.092005 ^ clkbuf_0_clk/A (sky130_fd_sc_hd__clkbuf_16)
     2    0.019034    0.066229    0.250066    0.342071 ^ clkbuf_0_clk/X (sky130_fd_sc_hd__clkbuf_16)
                                                         clknet_0_clk (net)
                      0.066229    0.000715    0.342786 ^ clkbuf_1_1__f_clk/A (sky130_fd_sc_hd__clkbuf_16)
    12    0.038817    0.092961    0.245828    0.588614 ^ clkbuf_1_1__f_clk/X (sky130_fd_sc_hd__clkbuf_16)
                                                         clknet_1_1__leaf_clk (net)
                      0.092989    0.001567    0.590180 ^ _166_/CLK (sky130_fd_sc_hd__dfxtp_1)
                                  0.250000    0.840180   clock uncertainty
                                  0.000000    0.840180   clock reconvergence pessimism
                                 -0.102008    0.738173   library hold time
                                              0.738173   data required time
---------------------------------------------------------------------------------------------
                                              0.738173   data required time
                                             -1.797181   data arrival time
---------------------------------------------------------------------------------------------
                                              1.059008   slack (MET)


Startpoint: _169_ (rising edge-triggered flip-flop clocked by clk)
Endpoint: _169_ (rising edge-triggered flip-flop clocked by clk)
Path Group: clk
Path Type: min

Fanout         Cap        Slew       Delay        Time   Description
---------------------------------------------------------------------------------------------
                                  0.000000    0.000000   clock clk (rise edge)
                                  0.000000    0.000000   clock source latency
     1    0.017905    0.135463    0.092005    0.092005 ^ clk (in)
                                                         clk (net)
                      0.135470    0.000000    0.092005 ^ clkbuf_0_clk/A (sky130_fd_sc_hd__clkbuf_16)
     2    0.019034    0.066229    0.250066    0.342071 ^ clkbuf_0_clk/X (sky130_fd_sc_hd__clkbuf_16)
                                                         clknet_0_clk (net)
                      0.066229    0.000767    0.342838 ^ clkbuf_1_0__f_clk/A (sky130_fd_sc_hd__clkbuf_16)
    10    0.039490    0.094050    0.246393    0.589231 ^ clkbuf_1_0__f_clk/X (sky130_fd_sc_hd__clkbuf_16)
                                                         clknet_1_0__leaf_clk (net)
                      0.094109    0.002180    0.591411 ^ _169_/CLK (sky130_fd_sc_hd__dfxtp_1)
     4    0.011667    0.119197    0.648525    1.239936 v _169_/Q (sky130_fd_sc_hd__dfxtp_1)
                                                         count[0] (net)
                      0.119202    0.000872    1.240808 v _105_/B (sky130_fd_sc_hd__nand2_1)
     5    0.016944    0.256732    0.263284    1.504092 ^ _105_/Y (sky130_fd_sc_hd__nand2_1)
                                                         _061_ (net)
                      0.256814    0.000972    1.505064 ^ _145_/B (sky130_fd_sc_hd__and3_1)
     1    0.001948    0.076069    0.343161    1.848225 ^ _145_/X (sky130_fd_sc_hd__and3_1)
                                                         _018_ (net)
                      0.076069    0.000138    1.848363 ^ _169_/D (sky130_fd_sc_hd__dfxtp_1)
                                              1.848363   data arrival time

                                  0.000000    0.000000   clock clk (rise edge)
                                  0.000000    0.000000   clock source latency
     1    0.017905    0.135463    0.092005    0.092005 ^ clk (in)
                                                         clk (net)
                      0.135470    0.000000    0.092005 ^ clkbuf_0_clk/A (sky130_fd_sc_hd__clkbuf_16)
     2    0.019034    0.066229    0.250066    0.342071 ^ clkbuf_0_clk/X (sky130_fd_sc_hd__clkbuf_16)
                                                         clknet_0_clk (net)
                      0.066229    0.000767    0.342838 ^ clkbuf_1_0__f_clk/A (sky130_fd_sc_hd__clkbuf_16)
    10    0.039490    0.094050    0.246393    0.589231 ^ clkbuf_1_0__f_clk/X (sky130_fd_sc_hd__clkbuf_16)
                                                         clknet_1_0__leaf_clk (net)
                      0.094109    0.002180    0.591411 ^ _169_/CLK (sky130_fd_sc_hd__dfxtp_1)
                                  0.250000    0.841411   clock uncertainty
                                  0.000000    0.841411   clock reconvergence pessimism
                                 -0.069600    0.771811   library hold time
                                              0.771811   data required time
---------------------------------------------------------------------------------------------
                                              0.771811   data required time
                                             -1.848363   data arrival time
---------------------------------------------------------------------------------------------
                                              1.076553   slack (MET)


Startpoint: _165_ (rising edge-triggered flip-flop clocked by clk)
Endpoint: _165_ (rising edge-triggered flip-flop clocked by clk)
Path Group: clk
Path Type: min

Fanout         Cap        Slew       Delay        Time   Description
---------------------------------------------------------------------------------------------
                                  0.000000    0.000000   clock clk (rise edge)
                                  0.000000    0.000000   clock source latency
     1    0.017905    0.135463    0.092005    0.092005 ^ clk (in)
                                                         clk (net)
                      0.135470    0.000000    0.092005 ^ clkbuf_0_clk/A (sky130_fd_sc_hd__clkbuf_16)
     2    0.019034    0.066229    0.250066    0.342071 ^ clkbuf_0_clk/X (sky130_fd_sc_hd__clkbuf_16)
                                                         clknet_0_clk (net)
                      0.066229    0.000715    0.342786 ^ clkbuf_1_1__f_clk/A (sky130_fd_sc_hd__clkbuf_16)
    12    0.038817    0.092961    0.245828    0.588614 ^ clkbuf_1_1__f_clk/X (sky130_fd_sc_hd__clkbuf_16)
                                                         clknet_1_1__leaf_clk (net)
                      0.092969    0.000977    0.589591 ^ _165_/CLK (sky130_fd_sc_hd__dfxtp_1)
     3    0.021499    0.199342    0.710446    1.300037 v _165_/Q (sky130_fd_sc_hd__dfxtp_1)
                                                         net16 (net)
                      0.199346    0.001182    1.301219 v _077_/A (sky130_fd_sc_hd__inv_2)
     2    0.009996    0.100132    0.160131    1.461350 ^ _077_/Y (sky130_fd_sc_hd__inv_2)
                                                         net24 (net)
                      0.100135    0.000665    1.462015 ^ _132_/B1 (sky130_fd_sc_hd__a21o_1)
     1    0.003925    0.071274    0.162276    1.624290 ^ _132_/X (sky130_fd_sc_hd__a21o_1)
                                                         _034_ (net)
                      0.071274    0.000253    1.624544 ^ _133_/A3 (sky130_fd_sc_hd__a31oi_1)
     1    0.003827    0.081440    0.200701    1.825245 v _133_/Y (sky130_fd_sc_hd__a31oi_1)
                                                         _014_ (net)
                      0.081440    0.000146    1.825391 v _165_/D (sky130_fd_sc_hd__dfxtp_1)
                                              1.825391   data arrival time

                                  0.000000    0.000000   clock clk (rise edge)
                                  0.000000    0.000000   clock source latency
     1    0.017905    0.135463    0.092005    0.092005 ^ clk (in)
                                                         clk (net)
                      0.135470    0.000000    0.092005 ^ clkbuf_0_clk/A (sky130_fd_sc_hd__clkbuf_16)
     2    0.019034    0.066229    0.250066    0.342071 ^ clkbuf_0_clk/X (sky130_fd_sc_hd__clkbuf_16)
                                                         clknet_0_clk (net)
                      0.066229    0.000715    0.342786 ^ clkbuf_1_1__f_clk/A (sky130_fd_sc_hd__clkbuf_16)
    12    0.038817    0.092961    0.245828    0.588614 ^ clkbuf_1_1__f_clk/X (sky130_fd_sc_hd__clkbuf_16)
                                                         clknet_1_1__leaf_clk (net)
                      0.092969    0.000977    0.589591 ^ _165_/CLK (sky130_fd_sc_hd__dfxtp_1)
                                  0.250000    0.839591   clock uncertainty
                                  0.000000    0.839591   clock reconvergence pessimism
                                 -0.103943    0.735648   library hold time
                                              0.735648   data required time
---------------------------------------------------------------------------------------------
                                              0.735648   data required time
                                             -1.825391   data arrival time
---------------------------------------------------------------------------------------------
                                              1.089743   slack (MET)


Startpoint: _163_ (rising edge-triggered flip-flop clocked by clk)
Endpoint: _155_ (rising edge-triggered flip-flop clocked by clk)
Path Group: clk
Path Type: min

Fanout         Cap        Slew       Delay        Time   Description
---------------------------------------------------------------------------------------------
                                  0.000000    0.000000   clock clk (rise edge)
                                  0.000000    0.000000   clock source latency
     1    0.017905    0.135463    0.092005    0.092005 ^ clk (in)
                                                         clk (net)
                      0.135470    0.000000    0.092005 ^ clkbuf_0_clk/A (sky130_fd_sc_hd__clkbuf_16)
     2    0.019034    0.066229    0.250066    0.342071 ^ clkbuf_0_clk/X (sky130_fd_sc_hd__clkbuf_16)
                                                         clknet_0_clk (net)
                      0.066229    0.000767    0.342838 ^ clkbuf_1_0__f_clk/A (sky130_fd_sc_hd__clkbuf_16)
    10    0.039490    0.094050    0.246393    0.589231 ^ clkbuf_1_0__f_clk/X (sky130_fd_sc_hd__clkbuf_16)
                                                         clknet_1_0__leaf_clk (net)
                      0.094203    0.003310    0.592541 ^ _163_/CLK (sky130_fd_sc_hd__dfxtp_1)
     4    0.031057    0.280310    0.769922    1.362463 v _163_/Q (sky130_fd_sc_hd__dfxtp_1)
                                                         net14 (net)
                      0.280375    0.004113    1.366576 v _092_/A1 (sky130_fd_sc_hd__o211a_1)
     1    0.002015    0.051070    0.474175    1.840751 v _092_/X (sky130_fd_sc_hd__o211a_1)
                                                         _004_ (net)
                      0.051070    0.000139    1.840889 v _155_/D (sky130_fd_sc_hd__dfxtp_1)
                                              1.840889   data arrival time

                                  0.000000    0.000000   clock clk (rise edge)
                                  0.000000    0.000000   clock source latency
     1    0.017905    0.135463    0.092005    0.092005 ^ clk (in)
                                                         clk (net)
                      0.135470    0.000000    0.092005 ^ clkbuf_0_clk/A (sky130_fd_sc_hd__clkbuf_16)
     2    0.019034    0.066229    0.250066    0.342071 ^ clkbuf_0_clk/X (sky130_fd_sc_hd__clkbuf_16)
                                                         clknet_0_clk (net)
                      0.066229    0.000715    0.342786 ^ clkbuf_1_1__f_clk/A (sky130_fd_sc_hd__clkbuf_16)
    12    0.038817    0.092961    0.245828    0.588614 ^ clkbuf_1_1__f_clk/X (sky130_fd_sc_hd__clkbuf_16)
                                                         clknet_1_1__leaf_clk (net)
                      0.093019    0.002110    0.590724 ^ _155_/CLK (sky130_fd_sc_hd__dfxtp_1)
                                  0.250000    0.840724   clock uncertainty
                                  0.000000    0.840724   clock reconvergence pessimism
                                 -0.092452    0.748272   library hold time
                                              0.748272   data required time
---------------------------------------------------------------------------------------------
                                              0.748272   data required time
                                             -1.840889   data arrival time
---------------------------------------------------------------------------------------------
                                              1.092617   slack (MET)


Startpoint: _171_ (rising edge-triggered flip-flop clocked by clk)
Endpoint: _171_ (rising edge-triggered flip-flop clocked by clk)
Path Group: clk
Path Type: min

Fanout         Cap        Slew       Delay        Time   Description
---------------------------------------------------------------------------------------------
                                  0.000000    0.000000   clock clk (rise edge)
                                  0.000000    0.000000   clock source latency
     1    0.017905    0.135463    0.092005    0.092005 ^ clk (in)
                                                         clk (net)
                      0.135470    0.000000    0.092005 ^ clkbuf_0_clk/A (sky130_fd_sc_hd__clkbuf_16)
     2    0.019034    0.066229    0.250066    0.342071 ^ clkbuf_0_clk/X (sky130_fd_sc_hd__clkbuf_16)
                                                         clknet_0_clk (net)
                      0.066229    0.000767    0.342838 ^ clkbuf_1_0__f_clk/A (sky130_fd_sc_hd__clkbuf_16)
    10    0.039490    0.094050    0.246393    0.589231 ^ clkbuf_1_0__f_clk/X (sky130_fd_sc_hd__clkbuf_16)
                                                         clknet_1_0__leaf_clk (net)
                      0.094169    0.002960    0.592191 ^ _171_/CLK (sky130_fd_sc_hd__dfxtp_2)
     9    0.035189    0.165414    0.724355    1.316546 v _171_/Q (sky130_fd_sc_hd__dfxtp_2)
                                                         count[2] (net)
                      0.165424    0.001517    1.318062 v _109_/B (sky130_fd_sc_hd__nand4_1)
     4    0.010208    0.191886    0.263893    1.581955 ^ _109_/Y (sky130_fd_sc_hd__nand4_1)
                                                         _065_ (net)
                      0.191886    0.000299    1.582254 ^ _149_/B (sky130_fd_sc_hd__and3_1)
     1    0.002161    0.078652    0.323698    1.905951 ^ _149_/X (sky130_fd_sc_hd__and3_1)
                                                         _020_ (net)
                      0.078652    0.000146    1.906098 ^ _171_/D (sky130_fd_sc_hd__dfxtp_2)
                                              1.906098   data arrival time

                                  0.000000    0.000000   clock clk (rise edge)
                                  0.000000    0.000000   clock source latency
     1    0.017905    0.135463    0.092005    0.092005 ^ clk (in)
                                                         clk (net)
                      0.135470    0.000000    0.092005 ^ clkbuf_0_clk/A (sky130_fd_sc_hd__clkbuf_16)
     2    0.019034    0.066229    0.250066    0.342071 ^ clkbuf_0_clk/X (sky130_fd_sc_hd__clkbuf_16)
                                                         clknet_0_clk (net)
                      0.066229    0.000767    0.342838 ^ clkbuf_1_0__f_clk/A (sky130_fd_sc_hd__clkbuf_16)
    10    0.039490    0.094050    0.246393    0.589231 ^ clkbuf_1_0__f_clk/X (sky130_fd_sc_hd__clkbuf_16)
                                                         clknet_1_0__leaf_clk (net)
                      0.094169    0.002960    0.592191 ^ _171_/CLK (sky130_fd_sc_hd__dfxtp_2)
                                  0.250000    0.842191   clock uncertainty
                                  0.000000    0.842191   clock reconvergence pessimism
                                 -0.070092    0.772099   library hold time
                                              0.772099   data required time
---------------------------------------------------------------------------------------------
                                              0.772099   data required time
                                             -1.906098   data arrival time
---------------------------------------------------------------------------------------------
                                              1.133999   slack (MET)


Startpoint: _168_ (rising edge-triggered flip-flop clocked by clk)
Endpoint: _168_ (rising edge-triggered flip-flop clocked by clk)
Path Group: clk
Path Type: min

Fanout         Cap        Slew       Delay        Time   Description
---------------------------------------------------------------------------------------------
                                  0.000000    0.000000   clock clk (rise edge)
                                  0.000000    0.000000   clock source latency
     1    0.017905    0.135463    0.092005    0.092005 ^ clk (in)
                                                         clk (net)
                      0.135470    0.000000    0.092005 ^ clkbuf_0_clk/A (sky130_fd_sc_hd__clkbuf_16)
     2    0.019034    0.066229    0.250066    0.342071 ^ clkbuf_0_clk/X (sky130_fd_sc_hd__clkbuf_16)
                                                         clknet_0_clk (net)
                      0.066229    0.000767    0.342838 ^ clkbuf_1_0__f_clk/A (sky130_fd_sc_hd__clkbuf_16)
    10    0.039490    0.094050    0.246393    0.589231 ^ clkbuf_1_0__f_clk/X (sky130_fd_sc_hd__clkbuf_16)
                                                         clknet_1_0__leaf_clk (net)
                      0.094081    0.001686    0.590917 ^ _168_/CLK (sky130_fd_sc_hd__dfxtp_1)
     3    0.014285    0.225509    0.756775    1.347692 ^ _168_/Q (sky130_fd_sc_hd__dfxtp_1)
                                                         net19 (net)
                      0.225510    0.001017    1.348708 ^ _074_/A (sky130_fd_sc_hd__inv_2)
     2    0.017504    0.100131    0.171741    1.520449 v _074_/Y (sky130_fd_sc_hd__inv_2)
                                                         net27 (net)
                      0.100140    0.000900    1.521349 v _142_/B1 (sky130_fd_sc_hd__a21oi_1)
     1    0.003925    0.178381    0.221247    1.742596 ^ _142_/Y (sky130_fd_sc_hd__a21oi_1)
                                                         _041_ (net)
                      0.178381    0.000266    1.742862 ^ _143_/B1 (sky130_fd_sc_hd__a211o_1)
     1    0.001862    0.050892    0.200747    1.943609 ^ _143_/X (sky130_fd_sc_hd__a211o_1)
                                                         _017_ (net)
                      0.050892    0.000130    1.943739 ^ _168_/D (sky130_fd_sc_hd__dfxtp_1)
                                              1.943739   data arrival time

                                  0.000000    0.000000   clock clk (rise edge)
                                  0.000000    0.000000   clock source latency
     1    0.017905    0.135463    0.092005    0.092005 ^ clk (in)
                                                         clk (net)
                      0.135470    0.000000    0.092005 ^ clkbuf_0_clk/A (sky130_fd_sc_hd__clkbuf_16)
     2    0.019034    0.066229    0.250066    0.342071 ^ clkbuf_0_clk/X (sky130_fd_sc_hd__clkbuf_16)
                                                         clknet_0_clk (net)
                      0.066229    0.000767    0.342838 ^ clkbuf_1_0__f_clk/A (sky130_fd_sc_hd__clkbuf_16)
    10    0.039490    0.094050    0.246393    0.589231 ^ clkbuf_1_0__f_clk/X (sky130_fd_sc_hd__clkbuf_16)
                                                         clknet_1_0__leaf_clk (net)
                      0.094081    0.001686    0.590917 ^ _168_/CLK (sky130_fd_sc_hd__dfxtp_1)
                                  0.250000    0.840917   clock uncertainty
                                  0.000000    0.840917   clock reconvergence pessimism
                                 -0.063749    0.777168   library hold time
                                              0.777168   data required time
---------------------------------------------------------------------------------------------
                                              0.777168   data required time
                                             -1.943739   data arrival time
---------------------------------------------------------------------------------------------
                                              1.166570   slack (MET)


Startpoint: _171_ (rising edge-triggered flip-flop clocked by clk)
Endpoint: _172_ (rising edge-triggered flip-flop clocked by clk)
Path Group: clk
Path Type: min

Fanout         Cap        Slew       Delay        Time   Description
---------------------------------------------------------------------------------------------
                                  0.000000    0.000000   clock clk (rise edge)
                                  0.000000    0.000000   clock source latency
     1    0.017905    0.135463    0.092005    0.092005 ^ clk (in)
                                                         clk (net)
                      0.135470    0.000000    0.092005 ^ clkbuf_0_clk/A (sky130_fd_sc_hd__clkbuf_16)
     2    0.019034    0.066229    0.250066    0.342071 ^ clkbuf_0_clk/X (sky130_fd_sc_hd__clkbuf_16)
                                                         clknet_0_clk (net)
                      0.066229    0.000767    0.342838 ^ clkbuf_1_0__f_clk/A (sky130_fd_sc_hd__clkbuf_16)
    10    0.039490    0.094050    0.246393    0.589231 ^ clkbuf_1_0__f_clk/X (sky130_fd_sc_hd__clkbuf_16)
                                                         clknet_1_0__leaf_clk (net)
                      0.094169    0.002960    0.592191 ^ _171_/CLK (sky130_fd_sc_hd__dfxtp_2)
     9    0.035189    0.165414    0.724355    1.316546 v _171_/Q (sky130_fd_sc_hd__dfxtp_2)
                                                         count[2] (net)
                      0.165424    0.001517    1.318062 v _109_/B (sky130_fd_sc_hd__nand4_1)
     4    0.010208    0.191886    0.263893    1.581955 ^ _109_/Y (sky130_fd_sc_hd__nand4_1)
                                                         _065_ (net)
                      0.191886    0.000354    1.582309 ^ _110_/B (sky130_fd_sc_hd__or2_1)
     1    0.002834    0.066244    0.213826    1.796134 ^ _110_/X (sky130_fd_sc_hd__or2_1)
                                                         _066_ (net)
                      0.066244    0.000202    1.796336 ^ _151_/A1 (sky130_fd_sc_hd__a21oi_1)
     1    0.003351    0.078511    0.123594    1.919930 v _151_/Y (sky130_fd_sc_hd__a21oi_1)
                                                         _021_ (net)
                      0.078512    0.000240    1.920170 v _172_/D (sky130_fd_sc_hd__dfxtp_1)
                                              1.920170   data arrival time

                                  0.000000    0.000000   clock clk (rise edge)
                                  0.000000    0.000000   clock source latency
     1    0.017905    0.135463    0.092005    0.092005 ^ clk (in)
                                                         clk (net)
                      0.135470    0.000000    0.092005 ^ clkbuf_0_clk/A (sky130_fd_sc_hd__clkbuf_16)
     2    0.019034    0.066229    0.250066    0.342071 ^ clkbuf_0_clk/X (sky130_fd_sc_hd__clkbuf_16)
                                                         clknet_0_clk (net)
                      0.066229    0.000767    0.342838 ^ clkbuf_1_0__f_clk/A (sky130_fd_sc_hd__clkbuf_16)
    10    0.039490    0.094050    0.246393    0.589231 ^ clkbuf_1_0__f_clk/X (sky130_fd_sc_hd__clkbuf_16)
                                                         clknet_1_0__leaf_clk (net)
                      0.094178    0.003056    0.592286 ^ _172_/CLK (sky130_fd_sc_hd__dfxtp_1)
                                  0.250000    0.842286   clock uncertainty
                                  0.000000    0.842286   clock reconvergence pessimism
                                 -0.102546    0.739741   library hold time
                                              0.739741   data required time
---------------------------------------------------------------------------------------------
                                              0.739741   data required time
                                             -1.920170   data arrival time
---------------------------------------------------------------------------------------------
                                              1.180429   slack (MET)


Startpoint: _172_ (rising edge-triggered flip-flop clocked by clk)
Endpoint: _167_ (rising edge-triggered flip-flop clocked by clk)
Path Group: clk
Path Type: min

Fanout         Cap        Slew       Delay        Time   Description
---------------------------------------------------------------------------------------------
                                  0.000000    0.000000   clock clk (rise edge)
                                  0.000000    0.000000   clock source latency
     1    0.017905    0.135463    0.092005    0.092005 ^ clk (in)
                                                         clk (net)
                      0.135470    0.000000    0.092005 ^ clkbuf_0_clk/A (sky130_fd_sc_hd__clkbuf_16)
     2    0.019034    0.066229    0.250066    0.342071 ^ clkbuf_0_clk/X (sky130_fd_sc_hd__clkbuf_16)
                                                         clknet_0_clk (net)
                      0.066229    0.000767    0.342838 ^ clkbuf_1_0__f_clk/A (sky130_fd_sc_hd__clkbuf_16)
    10    0.039490    0.094050    0.246393    0.589231 ^ clkbuf_1_0__f_clk/X (sky130_fd_sc_hd__clkbuf_16)
                                                         clknet_1_0__leaf_clk (net)
                      0.094178    0.003056    0.592286 ^ _172_/CLK (sky130_fd_sc_hd__dfxtp_1)
     3    0.015976    0.249687    0.773843    1.366129 ^ _172_/Q (sky130_fd_sc_hd__dfxtp_1)
                                                         count[3] (net)
                      0.249691    0.001458    1.367587 ^ _138_/A1 (sky130_fd_sc_hd__o41a_1)
     1    0.003055    0.084817    0.356017    1.723605 ^ _138_/X (sky130_fd_sc_hd__o41a_1)
                                                         _038_ (net)
                      0.084817    0.000224    1.723829 ^ _141_/A1 (sky130_fd_sc_hd__o31a_1)
     1    0.001900    0.064218    0.248572    1.972401 ^ _141_/X (sky130_fd_sc_hd__o31a_1)
                                                         _016_ (net)
                      0.064218    0.000136    1.972537 ^ _167_/D (sky130_fd_sc_hd__dfxtp_1)
                                              1.972537   data arrival time

                                  0.000000    0.000000   clock clk (rise edge)
                                  0.000000    0.000000   clock source latency
     1    0.017905    0.135463    0.092005    0.092005 ^ clk (in)
                                                         clk (net)
                      0.135470    0.000000    0.092005 ^ clkbuf_0_clk/A (sky130_fd_sc_hd__clkbuf_16)
     2    0.019034    0.066229    0.250066    0.342071 ^ clkbuf_0_clk/X (sky130_fd_sc_hd__clkbuf_16)
                                                         clknet_0_clk (net)
                      0.066229    0.000767    0.342838 ^ clkbuf_1_0__f_clk/A (sky130_fd_sc_hd__clkbuf_16)
    10    0.039490    0.094050    0.246393    0.589231 ^ clkbuf_1_0__f_clk/X (sky130_fd_sc_hd__clkbuf_16)
                                                         clknet_1_0__leaf_clk (net)
                      0.094085    0.001754    0.590985 ^ _167_/CLK (sky130_fd_sc_hd__dfxtp_1)
                                  0.250000    0.840985   clock uncertainty
                                  0.000000    0.840985   clock reconvergence pessimism
                                 -0.066848    0.774137   library hold time
                                              0.774137   data required time
---------------------------------------------------------------------------------------------
                                              0.774137   data required time
                                             -1.972537   data arrival time
---------------------------------------------------------------------------------------------
                                              1.198400   slack (MET)


Startpoint: _161_ (rising edge-triggered flip-flop clocked by clk)
Endpoint: _161_ (rising edge-triggered flip-flop clocked by clk)
Path Group: clk
Path Type: min

Fanout         Cap        Slew       Delay        Time   Description
---------------------------------------------------------------------------------------------
                                  0.000000    0.000000   clock clk (rise edge)
                                  0.000000    0.000000   clock source latency
     1    0.017905    0.135463    0.092005    0.092005 ^ clk (in)
                                                         clk (net)
                      0.135470    0.000000    0.092005 ^ clkbuf_0_clk/A (sky130_fd_sc_hd__clkbuf_16)
     2    0.019034    0.066229    0.250066    0.342071 ^ clkbuf_0_clk/X (sky130_fd_sc_hd__clkbuf_16)
                                                         clknet_0_clk (net)
                      0.066229    0.000767    0.342838 ^ clkbuf_1_0__f_clk/A (sky130_fd_sc_hd__clkbuf_16)
    10    0.039490    0.094050    0.246393    0.589231 ^ clkbuf_1_0__f_clk/X (sky130_fd_sc_hd__clkbuf_16)
                                                         clknet_1_0__leaf_clk (net)
                      0.094200    0.003282    0.592513 ^ _161_/CLK (sky130_fd_sc_hd__dfxtp_1)
     4    0.031119    0.280495    0.771336    1.363848 v _161_/Q (sky130_fd_sc_hd__dfxtp_1)
                                                         net12 (net)
                      0.280501    0.001662    1.365510 v _111_/B1 (sky130_fd_sc_hd__o21a_1)
     1    0.003133    0.063004    0.288399    1.653909 v _111_/X (sky130_fd_sc_hd__o21a_1)
                                                         _067_ (net)
                      0.063004    0.000212    1.654121 v _115_/A1 (sky130_fd_sc_hd__o21a_1)
     1    0.002225    0.052529    0.323460    1.977581 v _115_/X (sky130_fd_sc_hd__o21a_1)
                                                         _010_ (net)
                      0.052529    0.000107    1.977688 v _161_/D (sky130_fd_sc_hd__dfxtp_1)
                                              1.977688   data arrival time

                                  0.000000    0.000000   clock clk (rise edge)
                                  0.000000    0.000000   clock source latency
     1    0.017905    0.135463    0.092005    0.092005 ^ clk (in)
                                                         clk (net)
                      0.135470    0.000000    0.092005 ^ clkbuf_0_clk/A (sky130_fd_sc_hd__clkbuf_16)
     2    0.019034    0.066229    0.250066    0.342071 ^ clkbuf_0_clk/X (sky130_fd_sc_hd__clkbuf_16)
                                                         clknet_0_clk (net)
                      0.066229    0.000767    0.342838 ^ clkbuf_1_0__f_clk/A (sky130_fd_sc_hd__clkbuf_16)
    10    0.039490    0.094050    0.246393    0.589231 ^ clkbuf_1_0__f_clk/X (sky130_fd_sc_hd__clkbuf_16)
                                                         clknet_1_0__leaf_clk (net)
                      0.094200    0.003282    0.592513 ^ _161_/CLK (sky130_fd_sc_hd__dfxtp_1)
                                  0.250000    0.842513   clock uncertainty
                                  0.000000    0.842513   clock reconvergence pessimism
                                 -0.092719    0.749793   library hold time
                                              0.749793   data required time
---------------------------------------------------------------------------------------------
                                              0.749793   data required time
                                             -1.977688   data arrival time
---------------------------------------------------------------------------------------------
                                              1.227894   slack (MET)


Startpoint: _164_ (rising edge-triggered flip-flop clocked by clk)
Endpoint: _164_ (rising edge-triggered flip-flop clocked by clk)
Path Group: clk
Path Type: min

Fanout         Cap        Slew       Delay        Time   Description
---------------------------------------------------------------------------------------------
                                  0.000000    0.000000   clock clk (rise edge)
                                  0.000000    0.000000   clock source latency
     1    0.017905    0.135463    0.092005    0.092005 ^ clk (in)
                                                         clk (net)
                      0.135470    0.000000    0.092005 ^ clkbuf_0_clk/A (sky130_fd_sc_hd__clkbuf_16)
     2    0.019034    0.066229    0.250066    0.342071 ^ clkbuf_0_clk/X (sky130_fd_sc_hd__clkbuf_16)
                                                         clknet_0_clk (net)
                      0.066229    0.000767    0.342838 ^ clkbuf_1_0__f_clk/A (sky130_fd_sc_hd__clkbuf_16)
    10    0.039490    0.094050    0.246393    0.589231 ^ clkbuf_1_0__f_clk/X (sky130_fd_sc_hd__clkbuf_16)
                                                         clknet_1_0__leaf_clk (net)
                      0.094209    0.003361    0.592592 ^ _164_/CLK (sky130_fd_sc_hd__dfxtp_1)
     3    0.026313    0.240305    0.740017    1.332609 v _164_/Q (sky130_fd_sc_hd__dfxtp_1)
                                                         net15 (net)
                      0.240389    0.004225    1.336834 v _078_/A (sky130_fd_sc_hd__inv_2)
     2    0.010898    0.111796    0.181202    1.518036 ^ _078_/Y (sky130_fd_sc_hd__inv_2)
                                                         net23 (net)
                      0.111800    0.000834    1.518870 ^ _126_/B1 (sky130_fd_sc_hd__a21oi_1)
     1    0.003304    0.055168    0.090299    1.609169 v _126_/Y (sky130_fd_sc_hd__a21oi_1)
                                                         _029_ (net)
                      0.055168    0.000143    1.609312 v _129_/A1 (sky130_fd_sc_hd__o21a_1)
     1    0.008272    0.105425    0.377861    1.987173 v _129_/X (sky130_fd_sc_hd__o21a_1)
                                                         _013_ (net)
                      0.105428    0.000704    1.987877 v _164_/D (sky130_fd_sc_hd__dfxtp_1)
                                              1.987877   data arrival time

                                  0.000000    0.000000   clock clk (rise edge)
                                  0.000000    0.000000   clock source latency
     1    0.017905    0.135463    0.092005    0.092005 ^ clk (in)
                                                         clk (net)
                      0.135470    0.000000    0.092005 ^ clkbuf_0_clk/A (sky130_fd_sc_hd__clkbuf_16)
     2    0.019034    0.066229    0.250066    0.342071 ^ clkbuf_0_clk/X (sky130_fd_sc_hd__clkbuf_16)
                                                         clknet_0_clk (net)
                      0.066229    0.000767    0.342838 ^ clkbuf_1_0__f_clk/A (sky130_fd_sc_hd__clkbuf_16)
    10    0.039490    0.094050    0.246393    0.589231 ^ clkbuf_1_0__f_clk/X (sky130_fd_sc_hd__clkbuf_16)
                                                         clknet_1_0__leaf_clk (net)
                      0.094209    0.003361    0.592592 ^ _164_/CLK (sky130_fd_sc_hd__dfxtp_1)
                                  0.250000    0.842592   clock uncertainty
                                  0.000000    0.842592   clock reconvergence pessimism
                                 -0.112712    0.729880   library hold time
                                              0.729880   data required time
---------------------------------------------------------------------------------------------
                                              0.729880   data required time
                                             -1.987877   data arrival time
---------------------------------------------------------------------------------------------
                                              1.257997   slack (MET)


Startpoint: _171_ (rising edge-triggered flip-flop clocked by clk)
Endpoint: _163_ (rising edge-triggered flip-flop clocked by clk)
Path Group: clk
Path Type: min

Fanout         Cap        Slew       Delay        Time   Description
---------------------------------------------------------------------------------------------
                                  0.000000    0.000000   clock clk (rise edge)
                                  0.000000    0.000000   clock source latency
     1    0.017905    0.135463    0.092005    0.092005 ^ clk (in)
                                                         clk (net)
                      0.135470    0.000000    0.092005 ^ clkbuf_0_clk/A (sky130_fd_sc_hd__clkbuf_16)
     2    0.019034    0.066229    0.250066    0.342071 ^ clkbuf_0_clk/X (sky130_fd_sc_hd__clkbuf_16)
                                                         clknet_0_clk (net)
                      0.066229    0.000767    0.342838 ^ clkbuf_1_0__f_clk/A (sky130_fd_sc_hd__clkbuf_16)
    10    0.039490    0.094050    0.246393    0.589231 ^ clkbuf_1_0__f_clk/X (sky130_fd_sc_hd__clkbuf_16)
                                                         clknet_1_0__leaf_clk (net)
                      0.094169    0.002960    0.592191 ^ _171_/CLK (sky130_fd_sc_hd__dfxtp_2)
     9    0.035189    0.165414    0.724355    1.316546 v _171_/Q (sky130_fd_sc_hd__dfxtp_2)
                                                         count[2] (net)
                      0.165544    0.004206    1.320751 v _072_/A (sky130_fd_sc_hd__inv_2)
     4    0.015086    0.125541    0.172499    1.493250 ^ _072_/Y (sky130_fd_sc_hd__inv_2)
                                                         _046_ (net)
                      0.125546    0.000914    1.494164 ^ _121_/A2 (sky130_fd_sc_hd__o41a_1)
     1    0.003961    0.097919    0.305117    1.799281 ^ _121_/X (sky130_fd_sc_hd__o41a_1)
                                                         _025_ (net)
                      0.097919    0.000257    1.799539 ^ _125_/A1 (sky130_fd_sc_hd__o31a_1)
     1    0.003335    0.083918    0.273061    2.072600 ^ _125_/X (sky130_fd_sc_hd__o31a_1)
                                                         _012_ (net)
                      0.083918    0.000243    2.072843 ^ _163_/D (sky130_fd_sc_hd__dfxtp_1)
                                              2.072843   data arrival time

                                  0.000000    0.000000   clock clk (rise edge)
                                  0.000000    0.000000   clock source latency
     1    0.017905    0.135463    0.092005    0.092005 ^ clk (in)
                                                         clk (net)
                      0.135470    0.000000    0.092005 ^ clkbuf_0_clk/A (sky130_fd_sc_hd__clkbuf_16)
     2    0.019034    0.066229    0.250066    0.342071 ^ clkbuf_0_clk/X (sky130_fd_sc_hd__clkbuf_16)
                                                         clknet_0_clk (net)
                      0.066229    0.000767    0.342838 ^ clkbuf_1_0__f_clk/A (sky130_fd_sc_hd__clkbuf_16)
    10    0.039490    0.094050    0.246393    0.589231 ^ clkbuf_1_0__f_clk/X (sky130_fd_sc_hd__clkbuf_16)
                                                         clknet_1_0__leaf_clk (net)
                      0.094203    0.003310    0.592541 ^ _163_/CLK (sky130_fd_sc_hd__dfxtp_1)
                                  0.250000    0.842541   clock uncertainty
                                  0.000000    0.842541   clock reconvergence pessimism
                                 -0.071411    0.771130   library hold time
                                              0.771130   data required time
---------------------------------------------------------------------------------------------
                                              0.771130   data required time
                                             -2.072843   data arrival time
---------------------------------------------------------------------------------------------
                                              1.301713   slack (MET)


Startpoint: _170_ (rising edge-triggered flip-flop clocked by clk)
Endpoint: _170_ (rising edge-triggered flip-flop clocked by clk)
Path Group: clk
Path Type: min

Fanout         Cap        Slew       Delay        Time   Description
---------------------------------------------------------------------------------------------
                                  0.000000    0.000000   clock clk (rise edge)
                                  0.000000    0.000000   clock source latency
     1    0.017905    0.135463    0.092005    0.092005 ^ clk (in)
                                                         clk (net)
                      0.135470    0.000000    0.092005 ^ clkbuf_0_clk/A (sky130_fd_sc_hd__clkbuf_16)
     2    0.019034    0.066229    0.250066    0.342071 ^ clkbuf_0_clk/X (sky130_fd_sc_hd__clkbuf_16)
                                                         clknet_0_clk (net)
                      0.066229    0.000767    0.342838 ^ clkbuf_1_0__f_clk/A (sky130_fd_sc_hd__clkbuf_16)
    10    0.039490    0.094050    0.246393    0.589231 ^ clkbuf_1_0__f_clk/X (sky130_fd_sc_hd__clkbuf_16)
                                                         clknet_1_0__leaf_clk (net)
                      0.094115    0.002271    0.591502 ^ _170_/CLK (sky130_fd_sc_hd__dfxtp_1)
     2    0.008301    0.091434    0.625400    1.216902 v _170_/Q (sky130_fd_sc_hd__dfxtp_1)
                                                         count[1] (net)
                      0.091434    0.000320    1.217221 v fanout31/A (sky130_fd_sc_hd__buf_2)
    10    0.034848    0.168354    0.356111    1.573332 v fanout31/X (sky130_fd_sc_hd__buf_2)
                                                         net31 (net)
                      0.168356    0.000916    1.574248 v _107_/B (sky130_fd_sc_hd__nand3_1)
     3    0.008446    0.163457    0.235506    1.809754 ^ _107_/Y (sky130_fd_sc_hd__nand3_1)
                                                         _063_ (net)
                      0.163457    0.000422    1.810176 ^ _147_/B (sky130_fd_sc_hd__and3_1)
     1    0.002074    0.077612    0.312030    2.122206 ^ _147_/X (sky130_fd_sc_hd__and3_1)
                                                         _019_ (net)
                      0.077612    0.000097    2.122303 ^ _170_/D (sky130_fd_sc_hd__dfxtp_1)
                                              2.122303   data arrival time

                                  0.000000    0.000000   clock clk (rise edge)
                                  0.000000    0.000000   clock source latency
     1    0.017905    0.135463    0.092005    0.092005 ^ clk (in)
                                                         clk (net)
                      0.135470    0.000000    0.092005 ^ clkbuf_0_clk/A (sky130_fd_sc_hd__clkbuf_16)
     2    0.019034    0.066229    0.250066    0.342071 ^ clkbuf_0_clk/X (sky130_fd_sc_hd__clkbuf_16)
                                                         clknet_0_clk (net)
                      0.066229    0.000767    0.342838 ^ clkbuf_1_0__f_clk/A (sky130_fd_sc_hd__clkbuf_16)
    10    0.039490    0.094050    0.246393    0.589231 ^ clkbuf_1_0__f_clk/X (sky130_fd_sc_hd__clkbuf_16)
                                                         clknet_1_0__leaf_clk (net)
                      0.094115    0.002271    0.591502 ^ _170_/CLK (sky130_fd_sc_hd__dfxtp_1)
                                  0.250000    0.841502   clock uncertainty
                                  0.000000    0.841502   clock reconvergence pessimism
                                 -0.069958    0.771544   library hold time
                                              0.771544   data required time
---------------------------------------------------------------------------------------------
                                              0.771544   data required time
                                             -2.122303   data arrival time
---------------------------------------------------------------------------------------------
                                              1.350759   slack (MET)


Startpoint: _152_ (rising edge-triggered flip-flop clocked by clk')
Endpoint: _152_ (rising edge-triggered flip-flop clocked by clk')
Path Group: clk
Path Type: min

Fanout         Cap        Slew       Delay        Time   Description
---------------------------------------------------------------------------------------------
                                 25.000000   25.000000   clock clk' (rise edge)
                                  0.000000   25.000000   clock source latency
     1    0.017019    0.076181    0.052893   25.052893 v clk (in)
                                                         clk (net)
                      0.076192    0.000000   25.052893 v clkbuf_0_clk/A (sky130_fd_sc_hd__clkbuf_16)
     2    0.017262    0.054824    0.256666   25.309557 v clkbuf_0_clk/X (sky130_fd_sc_hd__clkbuf_16)
                                                         clknet_0_clk (net)
                      0.054824    0.000647   25.310204 v clkbuf_1_1__f_clk/A (sky130_fd_sc_hd__clkbuf_16)
    12    0.037166    0.073940    0.269761   25.579966 v clkbuf_1_1__f_clk/X (sky130_fd_sc_hd__clkbuf_16)
                                                         clknet_1_1__leaf_clk (net)
                      0.073971    0.001446   25.581411 v _083__1/A (sky130_fd_sc_hd__inv_2)
     1    0.002254    0.033114    0.065407   25.646818 ^ _083__1/Y (sky130_fd_sc_hd__inv_2)
                                                         net35 (net)
                      0.033114    0.000151   25.646969 ^ _152_/CLK (sky130_fd_sc_hd__dfxtp_1)
     3    0.014694    0.142220    0.640624   26.287594 v _152_/Q (sky130_fd_sc_hd__dfxtp_1)
                                                         net11 (net)
                      0.142220    0.000641   26.288235 v hold1/A (sky130_fd_sc_hd__dlygate4sd3_1)
     1    0.002911    0.106756    1.159830   27.448065 v hold1/X (sky130_fd_sc_hd__dlygate4sd3_1)
                                                         net36 (net)
                      0.106756    0.000222   27.448286 v _084_/A_N (sky130_fd_sc_hd__and2b_1)
     1    0.001942    0.061931    0.370544   27.818830 ^ _084_/X (sky130_fd_sc_hd__and2b_1)
                                                         _001_ (net)
                      0.061931    0.000089   27.818920 ^ _152_/D (sky130_fd_sc_hd__dfxtp_1)
                                             27.818920   data arrival time

                                 25.000000   25.000000   clock clk' (rise edge)
                                  0.000000   25.000000   clock source latency
     1    0.017019    0.076181    0.052893   25.052893 v clk (in)
                                                         clk (net)
                      0.076192    0.000000   25.052893 v clkbuf_0_clk/A (sky130_fd_sc_hd__clkbuf_16)
     2    0.017262    0.054824    0.256666   25.309557 v clkbuf_0_clk/X (sky130_fd_sc_hd__clkbuf_16)
                                                         clknet_0_clk (net)
                      0.054824    0.000647   25.310204 v clkbuf_1_1__f_clk/A (sky130_fd_sc_hd__clkbuf_16)
    12    0.037166    0.073940    0.269761   25.579966 v clkbuf_1_1__f_clk/X (sky130_fd_sc_hd__clkbuf_16)
                                                         clknet_1_1__leaf_clk (net)
                      0.073971    0.001446   25.581411 v _083__1/A (sky130_fd_sc_hd__inv_2)
     1    0.002254    0.033114    0.065407   25.646818 ^ _083__1/Y (sky130_fd_sc_hd__inv_2)
                                                         net35 (net)
                      0.033114    0.000151   25.646969 ^ _152_/CLK (sky130_fd_sc_hd__dfxtp_1)
                                  0.250000   25.896969   clock uncertainty
                                  0.000000   25.896969   clock reconvergence pessimism
                                 -0.076004   25.820965   library hold time
                                             25.820965   data required time
---------------------------------------------------------------------------------------------
                                             25.820965   data required time
                                            -27.818920   data arrival time
---------------------------------------------------------------------------------------------
                                              1.997956   slack (MET)


Startpoint: _160_ (rising edge-triggered flip-flop clocked by clk)
Endpoint: _160_ (rising edge-triggered flip-flop clocked by clk)
Path Group: clk
Path Type: min

Fanout         Cap        Slew       Delay        Time   Description
---------------------------------------------------------------------------------------------
                                  0.000000    0.000000   clock clk (rise edge)
                                  0.000000    0.000000   clock source latency
     1    0.017905    0.135463    0.092005    0.092005 ^ clk (in)
                                                         clk (net)
                      0.135470    0.000000    0.092005 ^ clkbuf_0_clk/A (sky130_fd_sc_hd__clkbuf_16)
     2    0.019034    0.066229    0.250066    0.342071 ^ clkbuf_0_clk/X (sky130_fd_sc_hd__clkbuf_16)
                                                         clknet_0_clk (net)
                      0.066229    0.000715    0.342786 ^ clkbuf_1_1__f_clk/A (sky130_fd_sc_hd__clkbuf_16)
    12    0.038817    0.092961    0.245828    0.588614 ^ clkbuf_1_1__f_clk/X (sky130_fd_sc_hd__clkbuf_16)
                                                         clknet_1_1__leaf_clk (net)
                      0.092980    0.001341    0.589955 ^ _160_/CLK (sky130_fd_sc_hd__dfxtp_1)
     2    0.009206    0.155188    0.703385    1.293339 ^ _160_/Q (sky130_fd_sc_hd__dfxtp_1)
                                                         net10 (net)
                      0.155188    0.000320    1.293659 ^ _101_/A (sky130_fd_sc_hd__or2_1)
     1    0.004015    0.081414    0.213979    1.507638 ^ _101_/X (sky130_fd_sc_hd__or2_1)
                                                         _058_ (net)
                      0.081414    0.000269    1.507907 ^ _102_/B1 (sky130_fd_sc_hd__o211a_1)
     1    0.002133    0.066132    0.290603    1.798510 ^ _102_/X (sky130_fd_sc_hd__o211a_1)
                                                         _009_ (net)
                      0.066132    0.000141    1.798651 ^ hold3/A (sky130_fd_sc_hd__dlygate4sd3_1)
     1    0.002144    0.084451    1.029042    2.827693 ^ hold3/X (sky130_fd_sc_hd__dlygate4sd3_1)
                                                         net38 (net)
                      0.084451    0.000152    2.827845 ^ _160_/D (sky130_fd_sc_hd__dfxtp_1)
                                              2.827845   data arrival time

                                  0.000000    0.000000   clock clk (rise edge)
                                  0.000000    0.000000   clock source latency
     1    0.017905    0.135463    0.092005    0.092005 ^ clk (in)
                                                         clk (net)
                      0.135470    0.000000    0.092005 ^ clkbuf_0_clk/A (sky130_fd_sc_hd__clkbuf_16)
     2    0.019034    0.066229    0.250066    0.342071 ^ clkbuf_0_clk/X (sky130_fd_sc_hd__clkbuf_16)
                                                         clknet_0_clk (net)
                      0.066229    0.000715    0.342786 ^ clkbuf_1_1__f_clk/A (sky130_fd_sc_hd__clkbuf_16)
    12    0.038817    0.092961    0.245828    0.588614 ^ clkbuf_1_1__f_clk/X (sky130_fd_sc_hd__clkbuf_16)
                                                         clknet_1_1__leaf_clk (net)
                      0.092980    0.001341    0.589955 ^ _160_/CLK (sky130_fd_sc_hd__dfxtp_1)
                                  0.250000    0.839955   clock uncertainty
                                  0.000000    0.839955   clock reconvergence pessimism
                                 -0.071729    0.768226   library hold time
                                              0.768226   data required time
---------------------------------------------------------------------------------------------
                                              0.768226   data required time
                                             -2.827845   data arrival time
---------------------------------------------------------------------------------------------
                                              2.059619   slack (MET)


Startpoint: _158_ (rising edge-triggered flip-flop clocked by clk)
Endpoint: adc_out[5] (output port clocked by clk)
Path Group: clk
Path Type: min

Fanout         Cap        Slew       Delay        Time   Description
---------------------------------------------------------------------------------------------
                                  0.000000    0.000000   clock clk (rise edge)
                                  0.000000    0.000000   clock source latency
     1    0.017905    0.135463    0.092005    0.092005 ^ clk (in)
                                                         clk (net)
                      0.135470    0.000000    0.092005 ^ clkbuf_0_clk/A (sky130_fd_sc_hd__clkbuf_16)
     2    0.019034    0.066229    0.250066    0.342071 ^ clkbuf_0_clk/X (sky130_fd_sc_hd__clkbuf_16)
                                                         clknet_0_clk (net)
                      0.066229    0.000715    0.342786 ^ clkbuf_1_1__f_clk/A (sky130_fd_sc_hd__clkbuf_16)
    12    0.038817    0.092961    0.245828    0.588614 ^ clkbuf_1_1__f_clk/X (sky130_fd_sc_hd__clkbuf_16)
                                                         clknet_1_1__leaf_clk (net)
                      0.093037    0.002375    0.590989 ^ _158_/CLK (sky130_fd_sc_hd__dfxtp_1)
     2    0.004969    0.065126    0.601861    1.192850 v _158_/Q (sky130_fd_sc_hd__dfxtp_1)
                                                         net8 (net)
                      0.065126    0.000219    1.193069 v output8/A (sky130_fd_sc_hd__buf_2)
     1    0.034106    0.165555    0.341175    1.534244 v output8/X (sky130_fd_sc_hd__buf_2)
                                                         adc_out[5] (net)
                      0.165568    0.001601    1.535845 v adc_out[5] (out)
                                              1.535845   data arrival time

                                  0.000000    0.000000   clock clk (rise edge)
                                  0.000000    0.000000   clock network delay (propagated)
                                  0.250000    0.250000   clock uncertainty
                                  0.000000    0.250000   clock reconvergence pessimism
                                -10.000000   -9.750000   output external delay
                                             -9.750000   data required time
---------------------------------------------------------------------------------------------
                                             -9.750000   data required time
                                             -1.535845   data arrival time
---------------------------------------------------------------------------------------------
                                             11.285845   slack (MET)


Startpoint: _157_ (rising edge-triggered flip-flop clocked by clk)
Endpoint: adc_out[4] (output port clocked by clk)
Path Group: clk
Path Type: min

Fanout         Cap        Slew       Delay        Time   Description
---------------------------------------------------------------------------------------------
                                  0.000000    0.000000   clock clk (rise edge)
                                  0.000000    0.000000   clock source latency
     1    0.017905    0.135463    0.092005    0.092005 ^ clk (in)
                                                         clk (net)
                      0.135470    0.000000    0.092005 ^ clkbuf_0_clk/A (sky130_fd_sc_hd__clkbuf_16)
     2    0.019034    0.066229    0.250066    0.342071 ^ clkbuf_0_clk/X (sky130_fd_sc_hd__clkbuf_16)
                                                         clknet_0_clk (net)
                      0.066229    0.000715    0.342786 ^ clkbuf_1_1__f_clk/A (sky130_fd_sc_hd__clkbuf_16)
    12    0.038817    0.092961    0.245828    0.588614 ^ clkbuf_1_1__f_clk/X (sky130_fd_sc_hd__clkbuf_16)
                                                         clknet_1_1__leaf_clk (net)
                      0.093033    0.002321    0.590935 ^ _157_/CLK (sky130_fd_sc_hd__dfxtp_1)
     2    0.005272    0.067450    0.603956    1.194892 v _157_/Q (sky130_fd_sc_hd__dfxtp_1)
                                                         net7 (net)
                      0.067450    0.000285    1.195176 v output7/A (sky130_fd_sc_hd__buf_2)
     1    0.034105    0.165539    0.342236    1.537413 v output7/X (sky130_fd_sc_hd__buf_2)
                                                         adc_out[4] (net)
                      0.165553    0.001601    1.539014 v adc_out[4] (out)
                                              1.539014   data arrival time

                                  0.000000    0.000000   clock clk (rise edge)
                                  0.000000    0.000000   clock network delay (propagated)
                                  0.250000    0.250000   clock uncertainty
                                  0.000000    0.250000   clock reconvergence pessimism
                                -10.000000   -9.750000   output external delay
                                             -9.750000   data required time
---------------------------------------------------------------------------------------------
                                             -9.750000   data required time
                                             -1.539014   data arrival time
---------------------------------------------------------------------------------------------
                                             11.289014   slack (MET)


Startpoint: _155_ (rising edge-triggered flip-flop clocked by clk)
Endpoint: adc_out[2] (output port clocked by clk)
Path Group: clk
Path Type: min

Fanout         Cap        Slew       Delay        Time   Description
---------------------------------------------------------------------------------------------
                                  0.000000    0.000000   clock clk (rise edge)
                                  0.000000    0.000000   clock source latency
     1    0.017905    0.135463    0.092005    0.092005 ^ clk (in)
                                                         clk (net)
                      0.135470    0.000000    0.092005 ^ clkbuf_0_clk/A (sky130_fd_sc_hd__clkbuf_16)
     2    0.019034    0.066229    0.250066    0.342071 ^ clkbuf_0_clk/X (sky130_fd_sc_hd__clkbuf_16)
                                                         clknet_0_clk (net)
                      0.066229    0.000715    0.342786 ^ clkbuf_1_1__f_clk/A (sky130_fd_sc_hd__clkbuf_16)
    12    0.038817    0.092961    0.245828    0.588614 ^ clkbuf_1_1__f_clk/X (sky130_fd_sc_hd__clkbuf_16)
                                                         clknet_1_1__leaf_clk (net)
                      0.093019    0.002110    0.590724 ^ _155_/CLK (sky130_fd_sc_hd__dfxtp_1)
     2    0.005592    0.069934    0.606132    1.196856 v _155_/Q (sky130_fd_sc_hd__dfxtp_1)
                                                         net5 (net)
                      0.069934    0.000337    1.197193 v output5/A (sky130_fd_sc_hd__buf_2)
     1    0.034094    0.165484    0.343339    1.540532 v output5/X (sky130_fd_sc_hd__buf_2)
                                                         adc_out[2] (net)
                      0.165498    0.001601    1.542134 v adc_out[2] (out)
                                              1.542134   data arrival time

                                  0.000000    0.000000   clock clk (rise edge)
                                  0.000000    0.000000   clock network delay (propagated)
                                  0.250000    0.250000   clock uncertainty
                                  0.000000    0.250000   clock reconvergence pessimism
                                -10.000000   -9.750000   output external delay
                                             -9.750000   data required time
---------------------------------------------------------------------------------------------
                                             -9.750000   data required time
                                             -1.542134   data arrival time
---------------------------------------------------------------------------------------------
                                             11.292133   slack (MET)


Startpoint: _159_ (rising edge-triggered flip-flop clocked by clk)
Endpoint: adc_out[6] (output port clocked by clk)
Path Group: clk
Path Type: min

Fanout         Cap        Slew       Delay        Time   Description
---------------------------------------------------------------------------------------------
                                  0.000000    0.000000   clock clk (rise edge)
                                  0.000000    0.000000   clock source latency
     1    0.017905    0.135463    0.092005    0.092005 ^ clk (in)
                                                         clk (net)
                      0.135470    0.000000    0.092005 ^ clkbuf_0_clk/A (sky130_fd_sc_hd__clkbuf_16)
     2    0.019034    0.066229    0.250066    0.342071 ^ clkbuf_0_clk/X (sky130_fd_sc_hd__clkbuf_16)
                                                         clknet_0_clk (net)
                      0.066229    0.000715    0.342786 ^ clkbuf_1_1__f_clk/A (sky130_fd_sc_hd__clkbuf_16)
    12    0.038817    0.092961    0.245828    0.588614 ^ clkbuf_1_1__f_clk/X (sky130_fd_sc_hd__clkbuf_16)
                                                         clknet_1_1__leaf_clk (net)
                      0.093037    0.002382    0.590995 ^ _159_/CLK (sky130_fd_sc_hd__dfxtp_1)
     2    0.006406    0.076305    0.611762    1.202758 v _159_/Q (sky130_fd_sc_hd__dfxtp_1)
                                                         net9 (net)
                      0.076305    0.000391    1.203149 v output9/A (sky130_fd_sc_hd__buf_2)
     1    0.034485    0.167015    0.347476    1.550625 v output9/X (sky130_fd_sc_hd__buf_2)
                                                         adc_out[6] (net)
                      0.167030    0.001650    1.552275 v adc_out[6] (out)
                                              1.552275   data arrival time

                                  0.000000    0.000000   clock clk (rise edge)
                                  0.000000    0.000000   clock network delay (propagated)
                                  0.250000    0.250000   clock uncertainty
                                  0.000000    0.250000   clock reconvergence pessimism
                                -10.000000   -9.750000   output external delay
                                             -9.750000   data required time
---------------------------------------------------------------------------------------------
                                             -9.750000   data required time
                                             -1.552275   data arrival time
---------------------------------------------------------------------------------------------
                                             11.302275   slack (MET)


Startpoint: _156_ (rising edge-triggered flip-flop clocked by clk)
Endpoint: adc_out[3] (output port clocked by clk)
Path Group: clk
Path Type: min

Fanout         Cap        Slew       Delay        Time   Description
---------------------------------------------------------------------------------------------
                                  0.000000    0.000000   clock clk (rise edge)
                                  0.000000    0.000000   clock source latency
     1    0.017905    0.135463    0.092005    0.092005 ^ clk (in)
                                                         clk (net)
                      0.135470    0.000000    0.092005 ^ clkbuf_0_clk/A (sky130_fd_sc_hd__clkbuf_16)
     2    0.019034    0.066229    0.250066    0.342071 ^ clkbuf_0_clk/X (sky130_fd_sc_hd__clkbuf_16)
                                                         clknet_0_clk (net)
                      0.066229    0.000715    0.342786 ^ clkbuf_1_1__f_clk/A (sky130_fd_sc_hd__clkbuf_16)
    12    0.038817    0.092961    0.245828    0.588614 ^ clkbuf_1_1__f_clk/X (sky130_fd_sc_hd__clkbuf_16)
                                                         clknet_1_1__leaf_clk (net)
                      0.093012    0.001999    0.590613 ^ _156_/CLK (sky130_fd_sc_hd__dfxtp_1)
     2    0.007232    0.082895    0.617384    1.207997 v _156_/Q (sky130_fd_sc_hd__dfxtp_1)
                                                         net6 (net)
                      0.082895    0.000581    1.208578 v output6/A (sky130_fd_sc_hd__buf_2)
     1    0.034111    0.165513    0.349418    1.557997 v output6/X (sky130_fd_sc_hd__buf_2)
                                                         adc_out[3] (net)
                      0.165526    0.001601    1.559598 v adc_out[3] (out)
                                              1.559598   data arrival time

                                  0.000000    0.000000   clock clk (rise edge)
                                  0.000000    0.000000   clock network delay (propagated)
                                  0.250000    0.250000   clock uncertainty
                                  0.000000    0.250000   clock reconvergence pessimism
                                -10.000000   -9.750000   output external delay
                                             -9.750000   data required time
---------------------------------------------------------------------------------------------
                                             -9.750000   data required time
                                             -1.559598   data arrival time
---------------------------------------------------------------------------------------------
                                             11.309598   slack (MET)


Startpoint: _153_ (rising edge-triggered flip-flop clocked by clk)
Endpoint: adc_out[0] (output port clocked by clk)
Path Group: clk
Path Type: min

Fanout         Cap        Slew       Delay        Time   Description
---------------------------------------------------------------------------------------------
                                  0.000000    0.000000   clock clk (rise edge)
                                  0.000000    0.000000   clock source latency
     1    0.017905    0.135463    0.092005    0.092005 ^ clk (in)
                                                         clk (net)
                      0.135470    0.000000    0.092005 ^ clkbuf_0_clk/A (sky130_fd_sc_hd__clkbuf_16)
     2    0.019034    0.066229    0.250066    0.342071 ^ clkbuf_0_clk/X (sky130_fd_sc_hd__clkbuf_16)
                                                         clknet_0_clk (net)
                      0.066229    0.000715    0.342786 ^ clkbuf_1_1__f_clk/A (sky130_fd_sc_hd__clkbuf_16)
    12    0.038817    0.092961    0.245828    0.588614 ^ clkbuf_1_1__f_clk/X (sky130_fd_sc_hd__clkbuf_16)
                                                         clknet_1_1__leaf_clk (net)
                      0.093009    0.001947    0.590561 ^ _153_/CLK (sky130_fd_sc_hd__dfxtp_1)
     2    0.007555    0.085431    0.619736    1.210297 v _153_/Q (sky130_fd_sc_hd__dfxtp_1)
                                                         net3 (net)
                      0.085431    0.000438    1.210735 v output3/A (sky130_fd_sc_hd__buf_2)
     1    0.035152    0.169730    0.353731    1.564466 v output3/X (sky130_fd_sc_hd__buf_2)
                                                         adc_out[0] (net)
                      0.169752    0.001952    1.566418 v adc_out[0] (out)
                                              1.566418   data arrival time

                                  0.000000    0.000000   clock clk (rise edge)
                                  0.000000    0.000000   clock network delay (propagated)
                                  0.250000    0.250000   clock uncertainty
                                  0.000000    0.250000   clock reconvergence pessimism
                                -10.000000   -9.750000   output external delay
                                             -9.750000   data required time
---------------------------------------------------------------------------------------------
                                             -9.750000   data required time
                                             -1.566418   data arrival time
---------------------------------------------------------------------------------------------
                                             11.316419   slack (MET)


Startpoint: _154_ (rising edge-triggered flip-flop clocked by clk)
Endpoint: adc_out[1] (output port clocked by clk)
Path Group: clk
Path Type: min

Fanout         Cap        Slew       Delay        Time   Description
---------------------------------------------------------------------------------------------
                                  0.000000    0.000000   clock clk (rise edge)
                                  0.000000    0.000000   clock source latency
     1    0.017905    0.135463    0.092005    0.092005 ^ clk (in)
                                                         clk (net)
                      0.135470    0.000000    0.092005 ^ clkbuf_0_clk/A (sky130_fd_sc_hd__clkbuf_16)
     2    0.019034    0.066229    0.250066    0.342071 ^ clkbuf_0_clk/X (sky130_fd_sc_hd__clkbuf_16)
                                                         clknet_0_clk (net)
                      0.066229    0.000715    0.342786 ^ clkbuf_1_1__f_clk/A (sky130_fd_sc_hd__clkbuf_16)
    12    0.038817    0.092961    0.245828    0.588614 ^ clkbuf_1_1__f_clk/X (sky130_fd_sc_hd__clkbuf_16)
                                                         clknet_1_1__leaf_clk (net)
                      0.093003    0.001847    0.590461 ^ _154_/CLK (sky130_fd_sc_hd__dfxtp_1)
     2    0.007966    0.088783    0.622460    1.212921 v _154_/Q (sky130_fd_sc_hd__dfxtp_1)
                                                         net4 (net)
                      0.088783    0.000604    1.213525 v output4/A (sky130_fd_sc_hd__buf_2)
     1    0.034836    0.168415    0.354510    1.568035 v output4/X (sky130_fd_sc_hd__buf_2)
                                                         adc_out[1] (net)
                      0.168431    0.001705    1.569740 v adc_out[1] (out)
                                              1.569740   data arrival time

                                  0.000000    0.000000   clock clk (rise edge)
                                  0.000000    0.000000   clock network delay (propagated)
                                  0.250000    0.250000   clock uncertainty
                                  0.000000    0.250000   clock reconvergence pessimism
                                -10.000000   -9.750000   output external delay
                                             -9.750000   data required time
---------------------------------------------------------------------------------------------
                                             -9.750000   data required time
                                             -1.569740   data arrival time
---------------------------------------------------------------------------------------------
                                             11.319740   slack (MET)


Startpoint: _160_ (rising edge-triggered flip-flop clocked by clk)
Endpoint: adc_out[7] (output port clocked by clk)
Path Group: clk
Path Type: min

Fanout         Cap        Slew       Delay        Time   Description
---------------------------------------------------------------------------------------------
                                  0.000000    0.000000   clock clk (rise edge)
                                  0.000000    0.000000   clock source latency
     1    0.017905    0.135463    0.092005    0.092005 ^ clk (in)
                                                         clk (net)
                      0.135470    0.000000    0.092005 ^ clkbuf_0_clk/A (sky130_fd_sc_hd__clkbuf_16)
     2    0.019034    0.066229    0.250066    0.342071 ^ clkbuf_0_clk/X (sky130_fd_sc_hd__clkbuf_16)
                                                         clknet_0_clk (net)
                      0.066229    0.000715    0.342786 ^ clkbuf_1_1__f_clk/A (sky130_fd_sc_hd__clkbuf_16)
    12    0.038817    0.092961    0.245828    0.588614 ^ clkbuf_1_1__f_clk/X (sky130_fd_sc_hd__clkbuf_16)
                                                         clknet_1_1__leaf_clk (net)
                      0.092980    0.001341    0.589955 ^ _160_/CLK (sky130_fd_sc_hd__dfxtp_1)
     2    0.008972    0.096861    0.629535    1.219489 v _160_/Q (sky130_fd_sc_hd__dfxtp_1)
                                                         net10 (net)
                      0.096992    0.000425    1.219914 v output10/A (sky130_fd_sc_hd__buf_2)
     1    0.035143    0.169690    0.359324    1.579238 v output10/X (sky130_fd_sc_hd__buf_2)
                                                         adc_out[7] (net)
                      0.169710    0.001870    1.581109 v adc_out[7] (out)
                                              1.581109   data arrival time

                                  0.000000    0.000000   clock clk (rise edge)
                                  0.000000    0.000000   clock network delay (propagated)
                                  0.250000    0.250000   clock uncertainty
                                  0.000000    0.250000   clock reconvergence pessimism
                                -10.000000   -9.750000   output external delay
                                             -9.750000   data required time
---------------------------------------------------------------------------------------------
                                             -9.750000   data required time
                                             -1.581109   data arrival time
---------------------------------------------------------------------------------------------
                                             11.331109   slack (MET)


Startpoint: _168_ (rising edge-triggered flip-flop clocked by clk)
Endpoint: dac_in[7] (output port clocked by clk)
Path Group: clk
Path Type: min

Fanout         Cap        Slew       Delay        Time   Description
---------------------------------------------------------------------------------------------
                                  0.000000    0.000000   clock clk (rise edge)
                                  0.000000    0.000000   clock source latency
     1    0.017905    0.135463    0.092005    0.092005 ^ clk (in)
                                                         clk (net)
                      0.135470    0.000000    0.092005 ^ clkbuf_0_clk/A (sky130_fd_sc_hd__clkbuf_16)
     2    0.019034    0.066229    0.250066    0.342071 ^ clkbuf_0_clk/X (sky130_fd_sc_hd__clkbuf_16)
                                                         clknet_0_clk (net)
                      0.066229    0.000767    0.342838 ^ clkbuf_1_0__f_clk/A (sky130_fd_sc_hd__clkbuf_16)
    10    0.039490    0.094050    0.246393    0.589231 ^ clkbuf_1_0__f_clk/X (sky130_fd_sc_hd__clkbuf_16)
                                                         clknet_1_0__leaf_clk (net)
                      0.094081    0.001686    0.590917 ^ _168_/CLK (sky130_fd_sc_hd__dfxtp_1)
     3    0.013730    0.133969    0.662514    1.253431 v _168_/Q (sky130_fd_sc_hd__dfxtp_1)
                                                         net19 (net)
                      0.133969    0.000412    1.253843 v output19/A (sky130_fd_sc_hd__buf_2)
     1    0.034888    0.168718    0.376369    1.630212 v output19/X (sky130_fd_sc_hd__buf_2)
                                                         dac_in[7] (net)
                      0.168737    0.001816    1.632028 v dac_in[7] (out)
                                              1.632028   data arrival time

                                  0.000000    0.000000   clock clk (rise edge)
                                  0.000000    0.000000   clock network delay (propagated)
                                  0.250000    0.250000   clock uncertainty
                                  0.000000    0.250000   clock reconvergence pessimism
                                -10.000000   -9.750000   output external delay
                                             -9.750000   data required time
---------------------------------------------------------------------------------------------
                                             -9.750000   data required time
                                             -1.632028   data arrival time
---------------------------------------------------------------------------------------------
                                             11.382028   slack (MET)


Startpoint: _166_ (rising edge-triggered flip-flop clocked by clk)
Endpoint: dac_in[5] (output port clocked by clk)
Path Group: clk
Path Type: min

Fanout         Cap        Slew       Delay        Time   Description
---------------------------------------------------------------------------------------------
                                  0.000000    0.000000   clock clk (rise edge)
                                  0.000000    0.000000   clock source latency
     1    0.017905    0.135463    0.092005    0.092005 ^ clk (in)
                                                         clk (net)
                      0.135470    0.000000    0.092005 ^ clkbuf_0_clk/A (sky130_fd_sc_hd__clkbuf_16)
     2    0.019034    0.066229    0.250066    0.342071 ^ clkbuf_0_clk/X (sky130_fd_sc_hd__clkbuf_16)
                                                         clknet_0_clk (net)
                      0.066229    0.000715    0.342786 ^ clkbuf_1_1__f_clk/A (sky130_fd_sc_hd__clkbuf_16)
    12    0.038817    0.092961    0.245828    0.588614 ^ clkbuf_1_1__f_clk/X (sky130_fd_sc_hd__clkbuf_16)
                                                         clknet_1_1__leaf_clk (net)
                      0.092989    0.001567    0.590180 ^ _166_/CLK (sky130_fd_sc_hd__dfxtp_1)
     3    0.021003    0.195071    0.707645    1.297825 v _166_/Q (sky130_fd_sc_hd__dfxtp_1)
                                                         net17 (net)
                      0.195072    0.000866    1.298691 v output17/A (sky130_fd_sc_hd__buf_2)
     1    0.034608    0.167660    0.405019    1.703711 v output17/X (sky130_fd_sc_hd__buf_2)
                                                         dac_in[5] (net)
                      0.167676    0.001722    1.705433 v dac_in[5] (out)
                                              1.705433   data arrival time

                                  0.000000    0.000000   clock clk (rise edge)
                                  0.000000    0.000000   clock network delay (propagated)
                                  0.250000    0.250000   clock uncertainty
                                  0.000000    0.250000   clock reconvergence pessimism
                                -10.000000   -9.750000   output external delay
                                             -9.750000   data required time
---------------------------------------------------------------------------------------------
                                             -9.750000   data required time
                                             -1.705433   data arrival time
---------------------------------------------------------------------------------------------
                                             11.455434   slack (MET)


Startpoint: _165_ (rising edge-triggered flip-flop clocked by clk)
Endpoint: dac_in[4] (output port clocked by clk)
Path Group: clk
Path Type: min

Fanout         Cap        Slew       Delay        Time   Description
---------------------------------------------------------------------------------------------
                                  0.000000    0.000000   clock clk (rise edge)
                                  0.000000    0.000000   clock source latency
     1    0.017905    0.135463    0.092005    0.092005 ^ clk (in)
                                                         clk (net)
                      0.135470    0.000000    0.092005 ^ clkbuf_0_clk/A (sky130_fd_sc_hd__clkbuf_16)
     2    0.019034    0.066229    0.250066    0.342071 ^ clkbuf_0_clk/X (sky130_fd_sc_hd__clkbuf_16)
                                                         clknet_0_clk (net)
                      0.066229    0.000715    0.342786 ^ clkbuf_1_1__f_clk/A (sky130_fd_sc_hd__clkbuf_16)
    12    0.038817    0.092961    0.245828    0.588614 ^ clkbuf_1_1__f_clk/X (sky130_fd_sc_hd__clkbuf_16)
                                                         clknet_1_1__leaf_clk (net)
                      0.092969    0.000977    0.589591 ^ _165_/CLK (sky130_fd_sc_hd__dfxtp_1)
     3    0.021499    0.199342    0.710446    1.300037 v _165_/Q (sky130_fd_sc_hd__dfxtp_1)
                                                         net16 (net)
                      0.199361    0.002052    1.302089 v output16/A (sky130_fd_sc_hd__buf_2)
     1    0.034608    0.167666    0.407088    1.709177 v output16/X (sky130_fd_sc_hd__buf_2)
                                                         dac_in[4] (net)
                      0.167682    0.001722    1.710899 v dac_in[4] (out)
                                              1.710899   data arrival time

                                  0.000000    0.000000   clock clk (rise edge)
                                  0.000000    0.000000   clock network delay (propagated)
                                  0.250000    0.250000   clock uncertainty
                                  0.000000    0.250000   clock reconvergence pessimism
                                -10.000000   -9.750000   output external delay
                                             -9.750000   data required time
---------------------------------------------------------------------------------------------
                                             -9.750000   data required time
                                             -1.710899   data arrival time
---------------------------------------------------------------------------------------------
                                             11.460899   slack (MET)


Startpoint: _162_ (rising edge-triggered flip-flop clocked by clk)
Endpoint: dac_in[1] (output port clocked by clk)
Path Group: clk
Path Type: min

Fanout         Cap        Slew       Delay        Time   Description
---------------------------------------------------------------------------------------------
                                  0.000000    0.000000   clock clk (rise edge)
                                  0.000000    0.000000   clock source latency
     1    0.017905    0.135463    0.092005    0.092005 ^ clk (in)
                                                         clk (net)
                      0.135470    0.000000    0.092005 ^ clkbuf_0_clk/A (sky130_fd_sc_hd__clkbuf_16)
     2    0.019034    0.066229    0.250066    0.342071 ^ clkbuf_0_clk/X (sky130_fd_sc_hd__clkbuf_16)
                                                         clknet_0_clk (net)
                      0.066229    0.000715    0.342786 ^ clkbuf_1_1__f_clk/A (sky130_fd_sc_hd__clkbuf_16)
    12    0.038817    0.092961    0.245828    0.588614 ^ clkbuf_1_1__f_clk/X (sky130_fd_sc_hd__clkbuf_16)
                                                         clknet_1_1__leaf_clk (net)
                      0.093005    0.001879    0.590493 ^ _162_/CLK (sky130_fd_sc_hd__dfxtp_1)
     3    0.021912    0.202905    0.712811    1.303303 v _162_/Q (sky130_fd_sc_hd__dfxtp_1)
                                                         net13 (net)
                      0.202929    0.002227    1.305530 v output13/A (sky130_fd_sc_hd__buf_2)
     1    0.034608    0.167671    0.408808    1.714338 v output13/X (sky130_fd_sc_hd__buf_2)
                                                         dac_in[1] (net)
                      0.167687    0.001722    1.716060 v dac_in[1] (out)
                                              1.716060   data arrival time

                                  0.000000    0.000000   clock clk (rise edge)
                                  0.000000    0.000000   clock network delay (propagated)
                                  0.250000    0.250000   clock uncertainty
                                  0.000000    0.250000   clock reconvergence pessimism
                                -10.000000   -9.750000   output external delay
                                             -9.750000   data required time
---------------------------------------------------------------------------------------------
                                             -9.750000   data required time
                                             -1.716060   data arrival time
---------------------------------------------------------------------------------------------
                                             11.466061   slack (MET)


Startpoint: _167_ (rising edge-triggered flip-flop clocked by clk)
Endpoint: dac_in[6] (output port clocked by clk)
Path Group: clk
Path Type: min

Fanout         Cap        Slew       Delay        Time   Description
---------------------------------------------------------------------------------------------
                                  0.000000    0.000000   clock clk (rise edge)
                                  0.000000    0.000000   clock source latency
     1    0.017905    0.135463    0.092005    0.092005 ^ clk (in)
                                                         clk (net)
                      0.135470    0.000000    0.092005 ^ clkbuf_0_clk/A (sky130_fd_sc_hd__clkbuf_16)
     2    0.019034    0.066229    0.250066    0.342071 ^ clkbuf_0_clk/X (sky130_fd_sc_hd__clkbuf_16)
                                                         clknet_0_clk (net)
                      0.066229    0.000767    0.342838 ^ clkbuf_1_0__f_clk/A (sky130_fd_sc_hd__clkbuf_16)
    10    0.039490    0.094050    0.246393    0.589231 ^ clkbuf_1_0__f_clk/X (sky130_fd_sc_hd__clkbuf_16)
                                                         clknet_1_0__leaf_clk (net)
                      0.094085    0.001754    0.590985 ^ _167_/CLK (sky130_fd_sc_hd__dfxtp_1)
     4    0.022556    0.208334    0.717330    1.308314 v _167_/Q (sky130_fd_sc_hd__dfxtp_1)
                                                         net18 (net)
                      0.208339    0.001278    1.309593 v output18/A (sky130_fd_sc_hd__buf_2)
     1    0.034608    0.167678    0.411417    1.721010 v output18/X (sky130_fd_sc_hd__buf_2)
                                                         dac_in[6] (net)
                      0.167694    0.001722    1.722732 v dac_in[6] (out)
                                              1.722732   data arrival time

                                  0.000000    0.000000   clock clk (rise edge)
                                  0.000000    0.000000   clock network delay (propagated)
                                  0.250000    0.250000   clock uncertainty
                                  0.000000    0.250000   clock reconvergence pessimism
                                -10.000000   -9.750000   output external delay
                                             -9.750000   data required time
---------------------------------------------------------------------------------------------
                                             -9.750000   data required time
                                             -1.722732   data arrival time
---------------------------------------------------------------------------------------------
                                             11.472732   slack (MET)


Startpoint: _164_ (rising edge-triggered flip-flop clocked by clk)
Endpoint: dac_in[3] (output port clocked by clk)
Path Group: clk
Path Type: min

Fanout         Cap        Slew       Delay        Time   Description
---------------------------------------------------------------------------------------------
                                  0.000000    0.000000   clock clk (rise edge)
                                  0.000000    0.000000   clock source latency
     1    0.017905    0.135463    0.092005    0.092005 ^ clk (in)
                                                         clk (net)
                      0.135470    0.000000    0.092005 ^ clkbuf_0_clk/A (sky130_fd_sc_hd__clkbuf_16)
     2    0.019034    0.066229    0.250066    0.342071 ^ clkbuf_0_clk/X (sky130_fd_sc_hd__clkbuf_16)
                                                         clknet_0_clk (net)
                      0.066229    0.000767    0.342838 ^ clkbuf_1_0__f_clk/A (sky130_fd_sc_hd__clkbuf_16)
    10    0.039490    0.094050    0.246393    0.589231 ^ clkbuf_1_0__f_clk/X (sky130_fd_sc_hd__clkbuf_16)
                                                         clknet_1_0__leaf_clk (net)
                      0.094209    0.003361    0.592592 ^ _164_/CLK (sky130_fd_sc_hd__dfxtp_1)
     3    0.026313    0.240305    0.740017    1.332609 v _164_/Q (sky130_fd_sc_hd__dfxtp_1)
                                                         net15 (net)
                      0.240308    0.001297    1.333906 v output15/A (sky130_fd_sc_hd__buf_2)
     1    0.034608    0.167778    0.426687    1.760593 v output15/X (sky130_fd_sc_hd__buf_2)
                                                         dac_in[3] (net)
                      0.167794    0.001722    1.762315 v dac_in[3] (out)
                                              1.762315   data arrival time

                                  0.000000    0.000000   clock clk (rise edge)
                                  0.000000    0.000000   clock network delay (propagated)
                                  0.250000    0.250000   clock uncertainty
                                  0.000000    0.250000   clock reconvergence pessimism
                                -10.000000   -9.750000   output external delay
                                             -9.750000   data required time
---------------------------------------------------------------------------------------------
                                             -9.750000   data required time
                                             -1.762315   data arrival time
---------------------------------------------------------------------------------------------
                                             11.512316   slack (MET)


Startpoint: _167_ (rising edge-triggered flip-flop clocked by clk)
Endpoint: dac_in_n[6] (output port clocked by clk)
Path Group: clk
Path Type: min

Fanout         Cap        Slew       Delay        Time   Description
---------------------------------------------------------------------------------------------
                                  0.000000    0.000000   clock clk (rise edge)
                                  0.000000    0.000000   clock source latency
     1    0.017905    0.135463    0.092005    0.092005 ^ clk (in)
                                                         clk (net)
                      0.135470    0.000000    0.092005 ^ clkbuf_0_clk/A (sky130_fd_sc_hd__clkbuf_16)
     2    0.019034    0.066229    0.250066    0.342071 ^ clkbuf_0_clk/X (sky130_fd_sc_hd__clkbuf_16)
                                                         clknet_0_clk (net)
                      0.066229    0.000767    0.342838 ^ clkbuf_1_0__f_clk/A (sky130_fd_sc_hd__clkbuf_16)
    10    0.039490    0.094050    0.246393    0.589231 ^ clkbuf_1_0__f_clk/X (sky130_fd_sc_hd__clkbuf_16)
                                                         clknet_1_0__leaf_clk (net)
                      0.094085    0.001754    0.590985 ^ _167_/CLK (sky130_fd_sc_hd__dfxtp_1)
     4    0.022556    0.208334    0.717330    1.308314 v _167_/Q (sky130_fd_sc_hd__dfxtp_1)
                                                         net18 (net)
                      0.208360    0.002371    1.310685 v _075_/A (sky130_fd_sc_hd__inv_2)
     1    0.002597    0.061404    0.112682    1.423367 ^ _075_/Y (sky130_fd_sc_hd__inv_2)
                                                         net26 (net)
                      0.061404    0.000164    1.423531 ^ output26/A (sky130_fd_sc_hd__buf_2)
     1    0.034629    0.275024    0.340728    1.764259 ^ output26/X (sky130_fd_sc_hd__buf_2)
                                                         dac_in_n[6] (net)
                      0.275031    0.001740    1.765999 ^ dac_in_n[6] (out)
                                              1.765999   data arrival time

                                  0.000000    0.000000   clock clk (rise edge)
                                  0.000000    0.000000   clock network delay (propagated)
                                  0.250000    0.250000   clock uncertainty
                                  0.000000    0.250000   clock reconvergence pessimism
                                -10.000000   -9.750000   output external delay
                                             -9.750000   data required time
---------------------------------------------------------------------------------------------
                                             -9.750000   data required time
                                             -1.765999   data arrival time
---------------------------------------------------------------------------------------------
                                             11.515999   slack (MET)


Startpoint: _162_ (rising edge-triggered flip-flop clocked by clk)
Endpoint: dac_in_n[1] (output port clocked by clk)
Path Group: clk
Path Type: min

Fanout         Cap        Slew       Delay        Time   Description
---------------------------------------------------------------------------------------------
                                  0.000000    0.000000   clock clk (rise edge)
                                  0.000000    0.000000   clock source latency
     1    0.017905    0.135463    0.092005    0.092005 ^ clk (in)
                                                         clk (net)
                      0.135470    0.000000    0.092005 ^ clkbuf_0_clk/A (sky130_fd_sc_hd__clkbuf_16)
     2    0.019034    0.066229    0.250066    0.342071 ^ clkbuf_0_clk/X (sky130_fd_sc_hd__clkbuf_16)
                                                         clknet_0_clk (net)
                      0.066229    0.000715    0.342786 ^ clkbuf_1_1__f_clk/A (sky130_fd_sc_hd__clkbuf_16)
    12    0.038817    0.092961    0.245828    0.588614 ^ clkbuf_1_1__f_clk/X (sky130_fd_sc_hd__clkbuf_16)
                                                         clknet_1_1__leaf_clk (net)
                      0.093005    0.001879    0.590493 ^ _162_/CLK (sky130_fd_sc_hd__dfxtp_1)
     3    0.021912    0.202905    0.712811    1.303303 v _162_/Q (sky130_fd_sc_hd__dfxtp_1)
                                                         net13 (net)
                      0.202917    0.001738    1.305042 v _080_/A (sky130_fd_sc_hd__inv_2)
     2    0.006503    0.082982    0.142509    1.447550 ^ _080_/Y (sky130_fd_sc_hd__inv_2)
                                                         net21 (net)
                      0.082982    0.000255    1.447806 ^ output21/A (sky130_fd_sc_hd__buf_2)
     1    0.034649    0.275208    0.350764    1.798570 ^ output21/X (sky130_fd_sc_hd__buf_2)
                                                         dac_in_n[1] (net)
                      0.275215    0.001741    1.800310 ^ dac_in_n[1] (out)
                                              1.800310   data arrival time

                                  0.000000    0.000000   clock clk (rise edge)
                                  0.000000    0.000000   clock network delay (propagated)
                                  0.250000    0.250000   clock uncertainty
                                  0.000000    0.250000   clock reconvergence pessimism
                                -10.000000   -9.750000   output external delay
                                             -9.750000   data required time
---------------------------------------------------------------------------------------------
                                             -9.750000   data required time
                                             -1.800310   data arrival time
---------------------------------------------------------------------------------------------
                                             11.550310   slack (MET)


Startpoint: _168_ (rising edge-triggered flip-flop clocked by clk)
Endpoint: dac_in_n[7] (output port clocked by clk)
Path Group: clk
Path Type: min

Fanout         Cap        Slew       Delay        Time   Description
---------------------------------------------------------------------------------------------
                                  0.000000    0.000000   clock clk (rise edge)
                                  0.000000    0.000000   clock source latency
     1    0.017905    0.135463    0.092005    0.092005 ^ clk (in)
                                                         clk (net)
                      0.135470    0.000000    0.092005 ^ clkbuf_0_clk/A (sky130_fd_sc_hd__clkbuf_16)
     2    0.019034    0.066229    0.250066    0.342071 ^ clkbuf_0_clk/X (sky130_fd_sc_hd__clkbuf_16)
                                                         clknet_0_clk (net)
                      0.066229    0.000767    0.342838 ^ clkbuf_1_0__f_clk/A (sky130_fd_sc_hd__clkbuf_16)
    10    0.039490    0.094050    0.246393    0.589231 ^ clkbuf_1_0__f_clk/X (sky130_fd_sc_hd__clkbuf_16)
                                                         clknet_1_0__leaf_clk (net)
                      0.094081    0.001686    0.590917 ^ _168_/CLK (sky130_fd_sc_hd__dfxtp_1)
     3    0.013730    0.133969    0.662514    1.253431 v _168_/Q (sky130_fd_sc_hd__dfxtp_1)
                                                         net19 (net)
                      0.133974    0.000975    1.254405 v _074_/A (sky130_fd_sc_hd__inv_2)
     2    0.017891    0.140401    0.172797    1.427202 ^ _074_/Y (sky130_fd_sc_hd__inv_2)
                                                         net27 (net)
                      0.140403    0.000824    1.428026 ^ output27/A (sky130_fd_sc_hd__buf_2)
     1    0.034608    0.275007    0.377503    1.805529 ^ output27/X (sky130_fd_sc_hd__buf_2)
                                                         dac_in_n[7] (net)
                      0.275013    0.001708    1.807237 ^ dac_in_n[7] (out)
                                              1.807237   data arrival time

                                  0.000000    0.000000   clock clk (rise edge)
                                  0.000000    0.000000   clock network delay (propagated)
                                  0.250000    0.250000   clock uncertainty
                                  0.000000    0.250000   clock reconvergence pessimism
                                -10.000000   -9.750000   output external delay
                                             -9.750000   data required time
---------------------------------------------------------------------------------------------
                                             -9.750000   data required time
                                             -1.807237   data arrival time
---------------------------------------------------------------------------------------------
                                             11.557238   slack (MET)


Startpoint: _163_ (rising edge-triggered flip-flop clocked by clk)
Endpoint: dac_in[2] (output port clocked by clk)
Path Group: clk
Path Type: min

Fanout         Cap        Slew       Delay        Time   Description
---------------------------------------------------------------------------------------------
                                  0.000000    0.000000   clock clk (rise edge)
                                  0.000000    0.000000   clock source latency
     1    0.017905    0.135463    0.092005    0.092005 ^ clk (in)
                                                         clk (net)
                      0.135470    0.000000    0.092005 ^ clkbuf_0_clk/A (sky130_fd_sc_hd__clkbuf_16)
     2    0.019034    0.066229    0.250066    0.342071 ^ clkbuf_0_clk/X (sky130_fd_sc_hd__clkbuf_16)
                                                         clknet_0_clk (net)
                      0.066229    0.000767    0.342838 ^ clkbuf_1_0__f_clk/A (sky130_fd_sc_hd__clkbuf_16)
    10    0.039490    0.094050    0.246393    0.589231 ^ clkbuf_1_0__f_clk/X (sky130_fd_sc_hd__clkbuf_16)
                                                         clknet_1_0__leaf_clk (net)
                      0.094203    0.003310    0.592541 ^ _163_/CLK (sky130_fd_sc_hd__dfxtp_1)
     4    0.031057    0.280310    0.769922    1.362463 v _163_/Q (sky130_fd_sc_hd__dfxtp_1)
                                                         net14 (net)
                      0.280310    0.000902    1.363365 v output14/A (sky130_fd_sc_hd__buf_2)
     1    0.034920    0.169225    0.446567    1.809932 v output14/X (sky130_fd_sc_hd__buf_2)
                                                         dac_in[2] (net)
                      0.169242    0.001789    1.811721 v dac_in[2] (out)
                                              1.811721   data arrival time

                                  0.000000    0.000000   clock clk (rise edge)
                                  0.000000    0.000000   clock network delay (propagated)
                                  0.250000    0.250000   clock uncertainty
                                  0.000000    0.250000   clock reconvergence pessimism
                                -10.000000   -9.750000   output external delay
                                             -9.750000   data required time
---------------------------------------------------------------------------------------------
                                             -9.750000   data required time
                                             -1.811721   data arrival time
---------------------------------------------------------------------------------------------
                                             11.561722   slack (MET)


Startpoint: _161_ (rising edge-triggered flip-flop clocked by clk)
Endpoint: dac_in[0] (output port clocked by clk)
Path Group: clk
Path Type: min

Fanout         Cap        Slew       Delay        Time   Description
---------------------------------------------------------------------------------------------
                                  0.000000    0.000000   clock clk (rise edge)
                                  0.000000    0.000000   clock source latency
     1    0.017905    0.135463    0.092005    0.092005 ^ clk (in)
                                                         clk (net)
                      0.135470    0.000000    0.092005 ^ clkbuf_0_clk/A (sky130_fd_sc_hd__clkbuf_16)
     2    0.019034    0.066229    0.250066    0.342071 ^ clkbuf_0_clk/X (sky130_fd_sc_hd__clkbuf_16)
                                                         clknet_0_clk (net)
                      0.066229    0.000767    0.342838 ^ clkbuf_1_0__f_clk/A (sky130_fd_sc_hd__clkbuf_16)
    10    0.039490    0.094050    0.246393    0.589231 ^ clkbuf_1_0__f_clk/X (sky130_fd_sc_hd__clkbuf_16)
                                                         clknet_1_0__leaf_clk (net)
                      0.094200    0.003282    0.592513 ^ _161_/CLK (sky130_fd_sc_hd__dfxtp_1)
     4    0.031119    0.280495    0.771336    1.363848 v _161_/Q (sky130_fd_sc_hd__dfxtp_1)
                                                         net12 (net)
                      0.280496    0.000996    1.364845 v output12/A (sky130_fd_sc_hd__buf_2)
     1    0.034882    0.169077    0.446535    1.811380 v output12/X (sky130_fd_sc_hd__buf_2)
                                                         dac_in[0] (net)
                      0.169095    0.001788    1.813168 v dac_in[0] (out)
                                              1.813168   data arrival time

                                  0.000000    0.000000   clock clk (rise edge)
                                  0.000000    0.000000   clock network delay (propagated)
                                  0.250000    0.250000   clock uncertainty
                                  0.000000    0.250000   clock reconvergence pessimism
                                -10.000000   -9.750000   output external delay
                                             -9.750000   data required time
---------------------------------------------------------------------------------------------
                                             -9.750000   data required time
                                             -1.813168   data arrival time
---------------------------------------------------------------------------------------------
                                             11.563169   slack (MET)


Startpoint: _165_ (rising edge-triggered flip-flop clocked by clk)
Endpoint: dac_in_n[4] (output port clocked by clk)
Path Group: clk
Path Type: min

Fanout         Cap        Slew       Delay        Time   Description
---------------------------------------------------------------------------------------------
                                  0.000000    0.000000   clock clk (rise edge)
                                  0.000000    0.000000   clock source latency
     1    0.017905    0.135463    0.092005    0.092005 ^ clk (in)
                                                         clk (net)
                      0.135470    0.000000    0.092005 ^ clkbuf_0_clk/A (sky130_fd_sc_hd__clkbuf_16)
     2    0.019034    0.066229    0.250066    0.342071 ^ clkbuf_0_clk/X (sky130_fd_sc_hd__clkbuf_16)
                                                         clknet_0_clk (net)
                      0.066229    0.000715    0.342786 ^ clkbuf_1_1__f_clk/A (sky130_fd_sc_hd__clkbuf_16)
    12    0.038817    0.092961    0.245828    0.588614 ^ clkbuf_1_1__f_clk/X (sky130_fd_sc_hd__clkbuf_16)
                                                         clknet_1_1__leaf_clk (net)
                      0.092969    0.000977    0.589591 ^ _165_/CLK (sky130_fd_sc_hd__dfxtp_1)
     3    0.021499    0.199342    0.710446    1.300037 v _165_/Q (sky130_fd_sc_hd__dfxtp_1)
                                                         net16 (net)
                      0.199346    0.001182    1.301219 v _077_/A (sky130_fd_sc_hd__inv_2)
     2    0.009996    0.100132    0.160131    1.461350 ^ _077_/Y (sky130_fd_sc_hd__inv_2)
                                                         net24 (net)
                      0.100132    0.000367    1.461717 ^ output24/A (sky130_fd_sc_hd__buf_2)
     1    0.034636    0.275144    0.358740    1.820457 ^ output24/X (sky130_fd_sc_hd__buf_2)
                                                         dac_in_n[4] (net)
                      0.275151    0.001740    1.822197 ^ dac_in_n[4] (out)
                                              1.822197   data arrival time

                                  0.000000    0.000000   clock clk (rise edge)
                                  0.000000    0.000000   clock network delay (propagated)
                                  0.250000    0.250000   clock uncertainty
                                  0.000000    0.250000   clock reconvergence pessimism
                                -10.000000   -9.750000   output external delay
                                             -9.750000   data required time
---------------------------------------------------------------------------------------------
                                             -9.750000   data required time
                                             -1.822197   data arrival time
---------------------------------------------------------------------------------------------
                                             11.572198   slack (MET)


Startpoint: _161_ (rising edge-triggered flip-flop clocked by clk)
Endpoint: dac_in_n[0] (output port clocked by clk)
Path Group: clk
Path Type: min

Fanout         Cap        Slew       Delay        Time   Description
---------------------------------------------------------------------------------------------
                                  0.000000    0.000000   clock clk (rise edge)
                                  0.000000    0.000000   clock source latency
     1    0.017905    0.135463    0.092005    0.092005 ^ clk (in)
                                                         clk (net)
                      0.135470    0.000000    0.092005 ^ clkbuf_0_clk/A (sky130_fd_sc_hd__clkbuf_16)
     2    0.019034    0.066229    0.250066    0.342071 ^ clkbuf_0_clk/X (sky130_fd_sc_hd__clkbuf_16)
                                                         clknet_0_clk (net)
                      0.066229    0.000767    0.342838 ^ clkbuf_1_0__f_clk/A (sky130_fd_sc_hd__clkbuf_16)
    10    0.039490    0.094050    0.246393    0.589231 ^ clkbuf_1_0__f_clk/X (sky130_fd_sc_hd__clkbuf_16)
                                                         clknet_1_0__leaf_clk (net)
                      0.094200    0.003282    0.592513 ^ _161_/CLK (sky130_fd_sc_hd__dfxtp_1)
     4    0.031119    0.280495    0.771336    1.363848 v _161_/Q (sky130_fd_sc_hd__dfxtp_1)
                                                         net12 (net)
                      0.280510    0.002223    1.366072 v _081_/A (sky130_fd_sc_hd__inv_2)
     1    0.002029    0.069989    0.122674    1.488746 ^ _081_/Y (sky130_fd_sc_hd__inv_2)
                                                         net20 (net)
                      0.069989    0.000143    1.488889 ^ output20/A (sky130_fd_sc_hd__buf_2)
     1    0.034649    0.275187    0.344770    1.833658 ^ output20/X (sky130_fd_sc_hd__buf_2)
                                                         dac_in_n[0] (net)
                      0.275193    0.001741    1.835399 ^ dac_in_n[0] (out)
                                              1.835399   data arrival time

                                  0.000000    0.000000   clock clk (rise edge)
                                  0.000000    0.000000   clock network delay (propagated)
                                  0.250000    0.250000   clock uncertainty
                                  0.000000    0.250000   clock reconvergence pessimism
                                -10.000000   -9.750000   output external delay
                                             -9.750000   data required time
---------------------------------------------------------------------------------------------
                                             -9.750000   data required time
                                             -1.835399   data arrival time
---------------------------------------------------------------------------------------------
                                             11.585400   slack (MET)


Startpoint: _163_ (rising edge-triggered flip-flop clocked by clk)
Endpoint: dac_in_n[2] (output port clocked by clk)
Path Group: clk
Path Type: min

Fanout         Cap        Slew       Delay        Time   Description
---------------------------------------------------------------------------------------------
                                  0.000000    0.000000   clock clk (rise edge)
                                  0.000000    0.000000   clock source latency
     1    0.017905    0.135463    0.092005    0.092005 ^ clk (in)
                                                         clk (net)
                      0.135470    0.000000    0.092005 ^ clkbuf_0_clk/A (sky130_fd_sc_hd__clkbuf_16)
     2    0.019034    0.066229    0.250066    0.342071 ^ clkbuf_0_clk/X (sky130_fd_sc_hd__clkbuf_16)
                                                         clknet_0_clk (net)
                      0.066229    0.000767    0.342838 ^ clkbuf_1_0__f_clk/A (sky130_fd_sc_hd__clkbuf_16)
    10    0.039490    0.094050    0.246393    0.589231 ^ clkbuf_1_0__f_clk/X (sky130_fd_sc_hd__clkbuf_16)
                                                         clknet_1_0__leaf_clk (net)
                      0.094203    0.003310    0.592541 ^ _163_/CLK (sky130_fd_sc_hd__dfxtp_1)
     4    0.031057    0.280310    0.769922    1.362463 v _163_/Q (sky130_fd_sc_hd__dfxtp_1)
                                                         net14 (net)
                      0.280376    0.004121    1.366584 v _079_/A (sky130_fd_sc_hd__inv_2)
     1    0.002541    0.072939    0.128147    1.494731 ^ _079_/Y (sky130_fd_sc_hd__inv_2)
                                                         net22 (net)
                      0.072939    0.000165    1.494896 ^ output22/A (sky130_fd_sc_hd__buf_2)
     1    0.035029    0.278033    0.348057    1.842952 ^ output22/X (sky130_fd_sc_hd__buf_2)
                                                         dac_in_n[2] (net)
                      0.278041    0.001842    1.844794 ^ dac_in_n[2] (out)
                                              1.844794   data arrival time

                                  0.000000    0.000000   clock clk (rise edge)
                                  0.000000    0.000000   clock network delay (propagated)
                                  0.250000    0.250000   clock uncertainty
                                  0.000000    0.250000   clock reconvergence pessimism
                                -10.000000   -9.750000   output external delay
                                             -9.750000   data required time
---------------------------------------------------------------------------------------------
                                             -9.750000   data required time
                                             -1.844794   data arrival time
---------------------------------------------------------------------------------------------
                                             11.594795   slack (MET)


Startpoint: _166_ (rising edge-triggered flip-flop clocked by clk)
Endpoint: dac_in_n[5] (output port clocked by clk)
Path Group: clk
Path Type: min

Fanout         Cap        Slew       Delay        Time   Description
---------------------------------------------------------------------------------------------
                                  0.000000    0.000000   clock clk (rise edge)
                                  0.000000    0.000000   clock source latency
     1    0.017905    0.135463    0.092005    0.092005 ^ clk (in)
                                                         clk (net)
                      0.135470    0.000000    0.092005 ^ clkbuf_0_clk/A (sky130_fd_sc_hd__clkbuf_16)
     2    0.019034    0.066229    0.250066    0.342071 ^ clkbuf_0_clk/X (sky130_fd_sc_hd__clkbuf_16)
                                                         clknet_0_clk (net)
                      0.066229    0.000715    0.342786 ^ clkbuf_1_1__f_clk/A (sky130_fd_sc_hd__clkbuf_16)
    12    0.038817    0.092961    0.245828    0.588614 ^ clkbuf_1_1__f_clk/X (sky130_fd_sc_hd__clkbuf_16)
                                                         clknet_1_1__leaf_clk (net)
                      0.092989    0.001567    0.590180 ^ _166_/CLK (sky130_fd_sc_hd__dfxtp_1)
     3    0.021003    0.195071    0.707645    1.297825 v _166_/Q (sky130_fd_sc_hd__dfxtp_1)
                                                         net17 (net)
                      0.195077    0.001336    1.299162 v _076_/A (sky130_fd_sc_hd__inv_2)
     2    0.014359    0.124154    0.182063    1.481225 ^ _076_/Y (sky130_fd_sc_hd__inv_2)
                                                         net25 (net)
                      0.124155    0.000629    1.481854 ^ output25/A (sky130_fd_sc_hd__buf_2)
     1    0.035510    0.281723    0.374483    1.856337 ^ output25/X (sky130_fd_sc_hd__buf_2)
                                                         dac_in_n[5] (net)
                      0.281733    0.001971    1.858308 ^ dac_in_n[5] (out)
                                              1.858308   data arrival time

                                  0.000000    0.000000   clock clk (rise edge)
                                  0.000000    0.000000   clock network delay (propagated)
                                  0.250000    0.250000   clock uncertainty
                                  0.000000    0.250000   clock reconvergence pessimism
                                -10.000000   -9.750000   output external delay
                                             -9.750000   data required time
---------------------------------------------------------------------------------------------
                                             -9.750000   data required time
                                             -1.858308   data arrival time
---------------------------------------------------------------------------------------------
                                             11.608308   slack (MET)


Startpoint: _164_ (rising edge-triggered flip-flop clocked by clk)
Endpoint: dac_in_n[3] (output port clocked by clk)
Path Group: clk
Path Type: min

Fanout         Cap        Slew       Delay        Time   Description
---------------------------------------------------------------------------------------------
                                  0.000000    0.000000   clock clk (rise edge)
                                  0.000000    0.000000   clock source latency
     1    0.017905    0.135463    0.092005    0.092005 ^ clk (in)
                                                         clk (net)
                      0.135470    0.000000    0.092005 ^ clkbuf_0_clk/A (sky130_fd_sc_hd__clkbuf_16)
     2    0.019034    0.066229    0.250066    0.342071 ^ clkbuf_0_clk/X (sky130_fd_sc_hd__clkbuf_16)
                                                         clknet_0_clk (net)
                      0.066229    0.000767    0.342838 ^ clkbuf_1_0__f_clk/A (sky130_fd_sc_hd__clkbuf_16)
    10    0.039490    0.094050    0.246393    0.589231 ^ clkbuf_1_0__f_clk/X (sky130_fd_sc_hd__clkbuf_16)
                                                         clknet_1_0__leaf_clk (net)
                      0.094209    0.003361    0.592592 ^ _164_/CLK (sky130_fd_sc_hd__dfxtp_1)
     3    0.026313    0.240305    0.740017    1.332609 v _164_/Q (sky130_fd_sc_hd__dfxtp_1)
                                                         net15 (net)
                      0.240389    0.004225    1.336834 v _078_/A (sky130_fd_sc_hd__inv_2)
     2    0.010898    0.111796    0.181202    1.518036 ^ _078_/Y (sky130_fd_sc_hd__inv_2)
                                                         net23 (net)
                      0.111797    0.000564    1.518600 ^ output23/A (sky130_fd_sc_hd__buf_2)
     1    0.034763    0.276115    0.364851    1.883452 ^ output23/X (sky130_fd_sc_hd__buf_2)
                                                         dac_in_n[3] (net)
                      0.276122    0.001768    1.885220 ^ dac_in_n[3] (out)
                                              1.885220   data arrival time

                                  0.000000    0.000000   clock clk (rise edge)
                                  0.000000    0.000000   clock network delay (propagated)
                                  0.250000    0.250000   clock uncertainty
                                  0.000000    0.250000   clock reconvergence pessimism
                                -10.000000   -9.750000   output external delay
                                             -9.750000   data required time
---------------------------------------------------------------------------------------------
                                             -9.750000   data required time
                                             -1.885220   data arrival time
---------------------------------------------------------------------------------------------
                                             11.635221   slack (MET)


Startpoint: _152_ (rising edge-triggered flip-flop clocked by clk')
Endpoint: comparator_clk (output port clocked by clk)
Path Group: clk
Path Type: min

Fanout         Cap        Slew       Delay        Time   Description
---------------------------------------------------------------------------------------------
                                 25.000000   25.000000   clock clk' (rise edge)
                                  0.000000   25.000000   clock source latency
     1    0.017019    0.076181    0.052893   25.052893 v clk (in)
                                                         clk (net)
                      0.076192    0.000000   25.052893 v clkbuf_0_clk/A (sky130_fd_sc_hd__clkbuf_16)
     2    0.017262    0.054824    0.256666   25.309557 v clkbuf_0_clk/X (sky130_fd_sc_hd__clkbuf_16)
                                                         clknet_0_clk (net)
                      0.054824    0.000647   25.310204 v clkbuf_1_1__f_clk/A (sky130_fd_sc_hd__clkbuf_16)
    12    0.037166    0.073940    0.269761   25.579966 v clkbuf_1_1__f_clk/X (sky130_fd_sc_hd__clkbuf_16)
                                                         clknet_1_1__leaf_clk (net)
                      0.073971    0.001446   25.581411 v _083__1/A (sky130_fd_sc_hd__inv_2)
     1    0.002254    0.033114    0.065407   25.646818 ^ _083__1/Y (sky130_fd_sc_hd__inv_2)
                                                         net35 (net)
                      0.033114    0.000151   25.646969 ^ _152_/CLK (sky130_fd_sc_hd__dfxtp_1)
     3    0.014694    0.142220    0.640624   26.287594 v _152_/Q (sky130_fd_sc_hd__dfxtp_1)
                                                         net11 (net)
                      0.142223    0.000899   26.288492 v output11/A (sky130_fd_sc_hd__buf_2)
     1    0.035467    0.171053    0.382133   26.670626 v output11/X (sky130_fd_sc_hd__buf_2)
                                                         comparator_clk (net)
                      0.171074    0.001927   26.672552 v comparator_clk (out)
                                             26.672552   data arrival time

                                  0.000000    0.000000   clock clk (rise edge)
                                  0.000000    0.000000   clock network delay (propagated)
                                  0.250000    0.250000   clock uncertainty
                                  0.000000    0.250000   clock reconvergence pessimism
                                -10.000000   -9.750000   output external delay
                                             -9.750000   data required time
---------------------------------------------------------------------------------------------
                                             -9.750000   data required time
                                            -26.672552   data arrival time
---------------------------------------------------------------------------------------------
                                             36.422554   slack (MET)



%OL_END_REPORT
%OL_CREATE_REPORT max.rpt

===========================================================================
report_checks -path_delay max (Setup)
============================================================================
======================= max_ss_100C_1v60 Corner ===================================

Startpoint: _152_ (rising edge-triggered flip-flop clocked by clk')
Endpoint: comparator_clk (output port clocked by clk)
Path Group: clk
Path Type: max

Fanout         Cap        Slew       Delay        Time   Description
---------------------------------------------------------------------------------------------
                                 25.000000   25.000000   clock clk' (rise edge)
                                  0.000000   25.000000   clock source latency
     1    0.017019    0.076181    0.052893   25.052893 v clk (in)
                                                         clk (net)
                      0.076192    0.000000   25.052893 v clkbuf_0_clk/A (sky130_fd_sc_hd__clkbuf_16)
     2    0.017262    0.054824    0.256666   25.309557 v clkbuf_0_clk/X (sky130_fd_sc_hd__clkbuf_16)
                                                         clknet_0_clk (net)
                      0.054824    0.000647   25.310204 v clkbuf_1_1__f_clk/A (sky130_fd_sc_hd__clkbuf_16)
    12    0.037166    0.073940    0.269761   25.579966 v clkbuf_1_1__f_clk/X (sky130_fd_sc_hd__clkbuf_16)
                                                         clknet_1_1__leaf_clk (net)
                      0.073971    0.001446   25.581411 v _083__1/A (sky130_fd_sc_hd__inv_2)
     1    0.002254    0.033114    0.065407   25.646818 ^ _083__1/Y (sky130_fd_sc_hd__inv_2)
                                                         net35 (net)
                      0.033114    0.000151   25.646969 ^ _152_/CLK (sky130_fd_sc_hd__dfxtp_1)
     3    0.015125    0.237517    0.737625   26.384594 ^ _152_/Q (sky130_fd_sc_hd__dfxtp_1)
                                                         net11 (net)
                      0.237517    0.000929   26.385525 ^ output11/A (sky130_fd_sc_hd__buf_2)
     1    0.035467    0.281651    0.426338   26.811861 ^ output11/X (sky130_fd_sc_hd__buf_2)
                                                         comparator_clk (net)
                      0.281660    0.001927   26.813789 ^ comparator_clk (out)
                                             26.813789   data arrival time

                                 50.000000   50.000000   clock clk (rise edge)
                                  0.000000   50.000000   clock network delay (propagated)
                                 -0.250000   49.749996   clock uncertainty
                                  0.000000   49.749996   clock reconvergence pessimism
                                -10.000000   39.749996   output external delay
                                             39.749996   data required time
---------------------------------------------------------------------------------------------
                                             39.749996   data required time
                                            -26.813789   data arrival time
---------------------------------------------------------------------------------------------
                                             12.936207   slack (MET)


Startpoint: rst_n (input port clocked by clk)
Endpoint: _152_ (rising edge-triggered flip-flop clocked by clk')
Path Group: clk
Path Type: max

Fanout         Cap        Slew       Delay        Time   Description
---------------------------------------------------------------------------------------------
                                  0.000000    0.000000   clock clk (rise edge)
                                  0.000000    0.000000   clock network delay (propagated)
                                 10.000000   10.000000 v input external delay
     1    0.003417    0.020842    0.011231   10.011231 v rst_n (in)
                                                         rst_n (net)
                      0.020843    0.000000   10.011231 v input2/A (sky130_fd_sc_hd__buf_1)
     2    0.023684    0.272372    0.306544   10.317776 v input2/X (sky130_fd_sc_hd__buf_1)
                                                         net2 (net)
                      0.272417    0.002936   10.320712 v fanout34/A (sky130_fd_sc_hd__buf_2)
    10    0.038389    0.182601    0.452856   10.773568 v fanout34/X (sky130_fd_sc_hd__buf_2)
                                                         net34 (net)
                      0.182680    0.003570   10.777138 v _084_/B (sky130_fd_sc_hd__and2b_1)
     1    0.002026    0.059907    0.361731   11.138869 v _084_/X (sky130_fd_sc_hd__and2b_1)
                                                         _001_ (net)
                      0.059907    0.000092   11.138961 v _152_/D (sky130_fd_sc_hd__dfxtp_1)
                                             11.138961   data arrival time

                                 25.000000   25.000000   clock clk' (rise edge)
                                  0.000000   25.000000   clock source latency
     1    0.017019    0.076181    0.052893   25.052893 v clk (in)
                                                         clk (net)
                      0.076192    0.000000   25.052893 v clkbuf_0_clk/A (sky130_fd_sc_hd__clkbuf_16)
     2    0.017262    0.054824    0.256666   25.309557 v clkbuf_0_clk/X (sky130_fd_sc_hd__clkbuf_16)
                                                         clknet_0_clk (net)
                      0.054824    0.000647   25.310204 v clkbuf_1_1__f_clk/A (sky130_fd_sc_hd__clkbuf_16)
    12    0.037166    0.073940    0.269761   25.579966 v clkbuf_1_1__f_clk/X (sky130_fd_sc_hd__clkbuf_16)
                                                         clknet_1_1__leaf_clk (net)
                      0.073971    0.001446   25.581411 v _083__1/A (sky130_fd_sc_hd__inv_2)
     1    0.002254    0.033114    0.065407   25.646818 ^ _083__1/Y (sky130_fd_sc_hd__inv_2)
                                                         net35 (net)
                      0.033114    0.000151   25.646969 ^ _152_/CLK (sky130_fd_sc_hd__dfxtp_1)
                                 -0.250000   25.396971   clock uncertainty
                                  0.000000   25.396971   clock reconvergence pessimism
                                 -0.274718   25.122253   library setup time
                                             25.122253   data required time
---------------------------------------------------------------------------------------------
                                             25.122253   data required time
                                            -11.138961   data arrival time
---------------------------------------------------------------------------------------------
                                             13.983293   slack (MET)


Startpoint: _152_ (rising edge-triggered flip-flop clocked by clk')
Endpoint: _166_ (rising edge-triggered flip-flop clocked by clk)
Path Group: clk
Path Type: max

Fanout         Cap        Slew       Delay        Time   Description
---------------------------------------------------------------------------------------------
                                 25.000000   25.000000   clock clk' (rise edge)
                                  0.000000   25.000000   clock source latency
     1    0.017019    0.076181    0.052893   25.052893 v clk (in)
                                                         clk (net)
                      0.076192    0.000000   25.052893 v clkbuf_0_clk/A (sky130_fd_sc_hd__clkbuf_16)
     2    0.017262    0.054824    0.256666   25.309557 v clkbuf_0_clk/X (sky130_fd_sc_hd__clkbuf_16)
                                                         clknet_0_clk (net)
                      0.054824    0.000647   25.310204 v clkbuf_1_1__f_clk/A (sky130_fd_sc_hd__clkbuf_16)
    12    0.037166    0.073940    0.269761   25.579966 v clkbuf_1_1__f_clk/X (sky130_fd_sc_hd__clkbuf_16)
                                                         clknet_1_1__leaf_clk (net)
                      0.073971    0.001446   25.581411 v _083__1/A (sky130_fd_sc_hd__inv_2)
     1    0.002254    0.033114    0.065407   25.646818 ^ _083__1/Y (sky130_fd_sc_hd__inv_2)
                                                         net35 (net)
                      0.033114    0.000151   25.646969 ^ _152_/CLK (sky130_fd_sc_hd__dfxtp_1)
     3    0.015125    0.237517    0.737625   26.384594 ^ _152_/Q (sky130_fd_sc_hd__dfxtp_1)
                                                         net11 (net)
                      0.237517    0.000894   26.385489 ^ fanout28/A (sky130_fd_sc_hd__clkbuf_2)
    10    0.032999    0.284859    0.420631   26.806120 ^ fanout28/X (sky130_fd_sc_hd__clkbuf_2)
                                                         net28 (net)
                      0.284877    0.002530   26.808649 ^ _105_/A (sky130_fd_sc_hd__nand2_1)
     5    0.015990    0.279326    0.341245   27.149895 v _105_/Y (sky130_fd_sc_hd__nand2_1)
                                                         _061_ (net)
                      0.279329    0.001313   27.151207 v _135_/D (sky130_fd_sc_hd__or4_1)
     1    0.004620    0.206561    1.066910   28.218117 v _135_/X (sky130_fd_sc_hd__or4_1)
                                                         _036_ (net)
                      0.206561    0.000338   28.218454 v _137_/A2 (sky130_fd_sc_hd__a31oi_1)
     1    0.002786    0.196463    0.315058   28.533512 ^ _137_/Y (sky130_fd_sc_hd__a31oi_1)
                                                         _015_ (net)
                      0.196463    0.000213   28.533726 ^ _166_/D (sky130_fd_sc_hd__dfxtp_1)
                                             28.533726   data arrival time

                                 50.000000   50.000000   clock clk (rise edge)
                                  0.000000   50.000000   clock source latency
     1    0.017905    0.135463    0.092005   50.092003 ^ clk (in)
                                                         clk (net)
                      0.135470    0.000000   50.092003 ^ clkbuf_0_clk/A (sky130_fd_sc_hd__clkbuf_16)
     2    0.019034    0.066229    0.250065   50.342068 ^ clkbuf_0_clk/X (sky130_fd_sc_hd__clkbuf_16)
                                                         clknet_0_clk (net)
                      0.066229    0.000718   50.342785 ^ clkbuf_1_1__f_clk/A (sky130_fd_sc_hd__clkbuf_16)
    12    0.038817    0.092961    0.245826   50.588612 ^ clkbuf_1_1__f_clk/X (sky130_fd_sc_hd__clkbuf_16)
                                                         clknet_1_1__leaf_clk (net)
                      0.092989    0.001567   50.590179 ^ _166_/CLK (sky130_fd_sc_hd__dfxtp_1)
                                 -0.250000   50.340179   clock uncertainty
                                  0.000000   50.340179   clock reconvergence pessimism
                                 -0.157351   50.182827   library setup time
                                             50.182827   data required time
---------------------------------------------------------------------------------------------
                                             50.182827   data required time
                                            -28.533726   data arrival time
---------------------------------------------------------------------------------------------
                                             21.649103   slack (MET)


Startpoint: _152_ (rising edge-triggered flip-flop clocked by clk')
Endpoint: _162_ (rising edge-triggered flip-flop clocked by clk)
Path Group: clk
Path Type: max

Fanout         Cap        Slew       Delay        Time   Description
---------------------------------------------------------------------------------------------
                                 25.000000   25.000000   clock clk' (rise edge)
                                  0.000000   25.000000   clock source latency
     1    0.017019    0.076181    0.052893   25.052893 v clk (in)
                                                         clk (net)
                      0.076192    0.000000   25.052893 v clkbuf_0_clk/A (sky130_fd_sc_hd__clkbuf_16)
     2    0.017262    0.054824    0.256666   25.309557 v clkbuf_0_clk/X (sky130_fd_sc_hd__clkbuf_16)
                                                         clknet_0_clk (net)
                      0.054824    0.000647   25.310204 v clkbuf_1_1__f_clk/A (sky130_fd_sc_hd__clkbuf_16)
    12    0.037166    0.073940    0.269761   25.579966 v clkbuf_1_1__f_clk/X (sky130_fd_sc_hd__clkbuf_16)
                                                         clknet_1_1__leaf_clk (net)
                      0.073971    0.001446   25.581411 v _083__1/A (sky130_fd_sc_hd__inv_2)
     1    0.002254    0.033114    0.065407   25.646818 ^ _083__1/Y (sky130_fd_sc_hd__inv_2)
                                                         net35 (net)
                      0.033114    0.000151   25.646969 ^ _152_/CLK (sky130_fd_sc_hd__dfxtp_1)
     3    0.015125    0.237517    0.737625   26.384594 ^ _152_/Q (sky130_fd_sc_hd__dfxtp_1)
                                                         net11 (net)
                      0.237517    0.000894   26.385489 ^ fanout28/A (sky130_fd_sc_hd__clkbuf_2)
    10    0.032999    0.284859    0.420631   26.806120 ^ fanout28/X (sky130_fd_sc_hd__clkbuf_2)
                                                         net28 (net)
                      0.284877    0.002530   26.808649 ^ _105_/A (sky130_fd_sc_hd__nand2_1)
     5    0.015990    0.279326    0.341245   27.149895 v _105_/Y (sky130_fd_sc_hd__nand2_1)
                                                         _061_ (net)
                      0.279328    0.001203   27.151096 v _118_/D (sky130_fd_sc_hd__or4_1)
     1    0.004140    0.197745    1.055666   28.206762 v _118_/X (sky130_fd_sc_hd__or4_1)
                                                         _023_ (net)
                      0.197745    0.000174   28.206936 v _120_/A2 (sky130_fd_sc_hd__a31oi_1)
     1    0.003091    0.205350    0.319336   28.526272 ^ _120_/Y (sky130_fd_sc_hd__a31oi_1)
                                                         _011_ (net)
                      0.205350    0.000181   28.526453 ^ _162_/D (sky130_fd_sc_hd__dfxtp_1)
                                             28.526453   data arrival time

                                 50.000000   50.000000   clock clk (rise edge)
                                  0.000000   50.000000   clock source latency
     1    0.017905    0.135463    0.092005   50.092003 ^ clk (in)
                                                         clk (net)
                      0.135470    0.000000   50.092003 ^ clkbuf_0_clk/A (sky130_fd_sc_hd__clkbuf_16)
     2    0.019034    0.066229    0.250065   50.342068 ^ clkbuf_0_clk/X (sky130_fd_sc_hd__clkbuf_16)
                                                         clknet_0_clk (net)
                      0.066229    0.000718   50.342785 ^ clkbuf_1_1__f_clk/A (sky130_fd_sc_hd__clkbuf_16)
    12    0.038817    0.092961    0.245826   50.588612 ^ clkbuf_1_1__f_clk/X (sky130_fd_sc_hd__clkbuf_16)
                                                         clknet_1_1__leaf_clk (net)
                      0.093005    0.001879   50.590492 ^ _162_/CLK (sky130_fd_sc_hd__dfxtp_1)
                                 -0.250000   50.340492   clock uncertainty
                                  0.000000   50.340492   clock reconvergence pessimism
                                 -0.159658   50.180832   library setup time
                                             50.180832   data required time
---------------------------------------------------------------------------------------------
                                             50.180832   data required time
                                            -28.526453   data arrival time
---------------------------------------------------------------------------------------------
                                             21.654379   slack (MET)


Startpoint: _152_ (rising edge-triggered flip-flop clocked by clk')
Endpoint: _163_ (rising edge-triggered flip-flop clocked by clk)
Path Group: clk
Path Type: max

Fanout         Cap        Slew       Delay        Time   Description
---------------------------------------------------------------------------------------------
                                 25.000000   25.000000   clock clk' (rise edge)
                                  0.000000   25.000000   clock source latency
     1    0.017019    0.076181    0.052893   25.052893 v clk (in)
                                                         clk (net)
                      0.076192    0.000000   25.052893 v clkbuf_0_clk/A (sky130_fd_sc_hd__clkbuf_16)
     2    0.017262    0.054824    0.256666   25.309557 v clkbuf_0_clk/X (sky130_fd_sc_hd__clkbuf_16)
                                                         clknet_0_clk (net)
                      0.054824    0.000647   25.310204 v clkbuf_1_1__f_clk/A (sky130_fd_sc_hd__clkbuf_16)
    12    0.037166    0.073940    0.269761   25.579966 v clkbuf_1_1__f_clk/X (sky130_fd_sc_hd__clkbuf_16)
                                                         clknet_1_1__leaf_clk (net)
                      0.073971    0.001446   25.581411 v _083__1/A (sky130_fd_sc_hd__inv_2)
     1    0.002254    0.033114    0.065407   25.646818 ^ _083__1/Y (sky130_fd_sc_hd__inv_2)
                                                         net35 (net)
                      0.033114    0.000151   25.646969 ^ _152_/CLK (sky130_fd_sc_hd__dfxtp_1)
     3    0.015125    0.237517    0.737625   26.384594 ^ _152_/Q (sky130_fd_sc_hd__dfxtp_1)
                                                         net11 (net)
                      0.237517    0.000894   26.385489 ^ fanout28/A (sky130_fd_sc_hd__clkbuf_2)
    10    0.032999    0.284859    0.420631   26.806120 ^ fanout28/X (sky130_fd_sc_hd__clkbuf_2)
                                                         net28 (net)
                      0.284877    0.002530   26.808649 ^ _105_/A (sky130_fd_sc_hd__nand2_1)
     5    0.015990    0.279326    0.341245   27.149895 v _105_/Y (sky130_fd_sc_hd__nand2_1)
                                                         _061_ (net)
                      0.279331    0.001558   27.151451 v _121_/A4 (sky130_fd_sc_hd__o41a_1)
     1    0.003757    0.122978    0.684864   27.836315 v _121_/X (sky130_fd_sc_hd__o41a_1)
                                                         _025_ (net)
                      0.122978    0.000240   27.836555 v _125_/A1 (sky130_fd_sc_hd__o31a_1)
     1    0.003419    0.090811    0.578805   28.415359 v _125_/X (sky130_fd_sc_hd__o31a_1)
                                                         _012_ (net)
                      0.090811    0.000250   28.415609 v _163_/D (sky130_fd_sc_hd__dfxtp_1)
                                             28.415609   data arrival time

                                 50.000000   50.000000   clock clk (rise edge)
                                  0.000000   50.000000   clock source latency
     1    0.017905    0.135463    0.092005   50.092003 ^ clk (in)
                                                         clk (net)
                      0.135470    0.000000   50.092003 ^ clkbuf_0_clk/A (sky130_fd_sc_hd__clkbuf_16)
     2    0.019034    0.066229    0.250065   50.342068 ^ clkbuf_0_clk/X (sky130_fd_sc_hd__clkbuf_16)
                                                         clknet_0_clk (net)
                      0.066229    0.000767   50.342834 ^ clkbuf_1_0__f_clk/A (sky130_fd_sc_hd__clkbuf_16)
    10    0.039490    0.094050    0.246395   50.589230 ^ clkbuf_1_0__f_clk/X (sky130_fd_sc_hd__clkbuf_16)
                                                         clknet_1_0__leaf_clk (net)
                      0.094203    0.003308   50.592537 ^ _163_/CLK (sky130_fd_sc_hd__dfxtp_1)
                                 -0.250000   50.342537   clock uncertainty
                                  0.000000   50.342537   clock reconvergence pessimism
                                 -0.271107   50.071430   library setup time
                                             50.071430   data required time
---------------------------------------------------------------------------------------------
                                             50.071430   data required time
                                            -28.415609   data arrival time
---------------------------------------------------------------------------------------------
                                             21.655819   slack (MET)


Startpoint: _152_ (rising edge-triggered flip-flop clocked by clk')
Endpoint: _167_ (rising edge-triggered flip-flop clocked by clk)
Path Group: clk
Path Type: max

Fanout         Cap        Slew       Delay        Time   Description
---------------------------------------------------------------------------------------------
                                 25.000000   25.000000   clock clk' (rise edge)
                                  0.000000   25.000000   clock source latency
     1    0.017019    0.076181    0.052893   25.052893 v clk (in)
                                                         clk (net)
                      0.076192    0.000000   25.052893 v clkbuf_0_clk/A (sky130_fd_sc_hd__clkbuf_16)
     2    0.017262    0.054824    0.256666   25.309557 v clkbuf_0_clk/X (sky130_fd_sc_hd__clkbuf_16)
                                                         clknet_0_clk (net)
                      0.054824    0.000647   25.310204 v clkbuf_1_1__f_clk/A (sky130_fd_sc_hd__clkbuf_16)
    12    0.037166    0.073940    0.269761   25.579966 v clkbuf_1_1__f_clk/X (sky130_fd_sc_hd__clkbuf_16)
                                                         clknet_1_1__leaf_clk (net)
                      0.073971    0.001446   25.581411 v _083__1/A (sky130_fd_sc_hd__inv_2)
     1    0.002254    0.033114    0.065407   25.646818 ^ _083__1/Y (sky130_fd_sc_hd__inv_2)
                                                         net35 (net)
                      0.033114    0.000151   25.646969 ^ _152_/CLK (sky130_fd_sc_hd__dfxtp_1)
     3    0.015125    0.237517    0.737625   26.384594 ^ _152_/Q (sky130_fd_sc_hd__dfxtp_1)
                                                         net11 (net)
                      0.237517    0.000894   26.385489 ^ fanout28/A (sky130_fd_sc_hd__clkbuf_2)
    10    0.032999    0.284859    0.420631   26.806120 ^ fanout28/X (sky130_fd_sc_hd__clkbuf_2)
                                                         net28 (net)
                      0.284877    0.002530   26.808649 ^ _105_/A (sky130_fd_sc_hd__nand2_1)
     5    0.015990    0.279326    0.341245   27.149895 v _105_/Y (sky130_fd_sc_hd__nand2_1)
                                                         _061_ (net)
                      0.279331    0.001583   27.151476 v _138_/A4 (sky130_fd_sc_hd__o41a_1)
     1    0.002851    0.111331    0.669475   27.820951 v _138_/X (sky130_fd_sc_hd__o41a_1)
                                                         _038_ (net)
                      0.111331    0.000208   27.821159 v _141_/A1 (sky130_fd_sc_hd__o31a_1)
     1    0.001984    0.078332    0.554495   28.375654 v _141_/X (sky130_fd_sc_hd__o31a_1)
                                                         _016_ (net)
                      0.078332    0.000142   28.375797 v _167_/D (sky130_fd_sc_hd__dfxtp_1)
                                             28.375797   data arrival time

                                 50.000000   50.000000   clock clk (rise edge)
                                  0.000000   50.000000   clock source latency
     1    0.017905    0.135463    0.092005   50.092003 ^ clk (in)
                                                         clk (net)
                      0.135470    0.000000   50.092003 ^ clkbuf_0_clk/A (sky130_fd_sc_hd__clkbuf_16)
     2    0.019034    0.066229    0.250065   50.342068 ^ clkbuf_0_clk/X (sky130_fd_sc_hd__clkbuf_16)
                                                         clknet_0_clk (net)
                      0.066229    0.000767   50.342834 ^ clkbuf_1_0__f_clk/A (sky130_fd_sc_hd__clkbuf_16)
    10    0.039490    0.094050    0.246395   50.589230 ^ clkbuf_1_0__f_clk/X (sky130_fd_sc_hd__clkbuf_16)
                                                         clknet_1_0__leaf_clk (net)
                      0.094085    0.001751   50.590981 ^ _167_/CLK (sky130_fd_sc_hd__dfxtp_1)
                                 -0.250000   50.340981   clock uncertainty
                                  0.000000   50.340981   clock reconvergence pessimism
                                 -0.265954   50.075027   library setup time
                                             50.075027   data required time
---------------------------------------------------------------------------------------------
                                             50.075027   data required time
                                            -28.375797   data arrival time
---------------------------------------------------------------------------------------------
                                             21.699232   slack (MET)


Startpoint: _152_ (rising edge-triggered flip-flop clocked by clk')
Endpoint: _168_ (rising edge-triggered flip-flop clocked by clk)
Path Group: clk
Path Type: max

Fanout         Cap        Slew       Delay        Time   Description
---------------------------------------------------------------------------------------------
                                 25.000000   25.000000   clock clk' (rise edge)
                                  0.000000   25.000000   clock source latency
     1    0.017019    0.076181    0.052893   25.052893 v clk (in)
                                                         clk (net)
                      0.076192    0.000000   25.052893 v clkbuf_0_clk/A (sky130_fd_sc_hd__clkbuf_16)
     2    0.017262    0.054824    0.256666   25.309557 v clkbuf_0_clk/X (sky130_fd_sc_hd__clkbuf_16)
                                                         clknet_0_clk (net)
                      0.054824    0.000647   25.310204 v clkbuf_1_1__f_clk/A (sky130_fd_sc_hd__clkbuf_16)
    12    0.037166    0.073940    0.269761   25.579966 v clkbuf_1_1__f_clk/X (sky130_fd_sc_hd__clkbuf_16)
                                                         clknet_1_1__leaf_clk (net)
                      0.073971    0.001446   25.581411 v _083__1/A (sky130_fd_sc_hd__inv_2)
     1    0.002254    0.033114    0.065407   25.646818 ^ _083__1/Y (sky130_fd_sc_hd__inv_2)
                                                         net35 (net)
                      0.033114    0.000151   25.646969 ^ _152_/CLK (sky130_fd_sc_hd__dfxtp_1)
     3    0.015125    0.237517    0.737625   26.384594 ^ _152_/Q (sky130_fd_sc_hd__dfxtp_1)
                                                         net11 (net)
                      0.237517    0.000894   26.385489 ^ fanout28/A (sky130_fd_sc_hd__clkbuf_2)
    10    0.032999    0.284859    0.420631   26.806120 ^ fanout28/X (sky130_fd_sc_hd__clkbuf_2)
                                                         net28 (net)
                      0.284906    0.003666   26.809786 ^ _122_/C_N (sky130_fd_sc_hd__nor3b_2)
     5    0.017496    0.537108    0.626519   27.436304 ^ _122_/Y (sky130_fd_sc_hd__nor3b_2)
                                                         _026_ (net)
                      0.537115    0.001629   27.437933 ^ _142_/A1 (sky130_fd_sc_hd__a21oi_1)
     1    0.003664    0.160096    0.297865   27.735798 v _142_/Y (sky130_fd_sc_hd__a21oi_1)
                                                         _041_ (net)
                      0.160096    0.000243   27.736042 v _143_/B1 (sky130_fd_sc_hd__a211o_1)
     1    0.001946    0.077363    0.516758   28.252800 v _143_/X (sky130_fd_sc_hd__a211o_1)
                                                         _017_ (net)
                      0.077363    0.000137   28.252937 v _168_/D (sky130_fd_sc_hd__dfxtp_1)
                                             28.252937   data arrival time

                                 50.000000   50.000000   clock clk (rise edge)
                                  0.000000   50.000000   clock source latency
     1    0.017905    0.135463    0.092005   50.092003 ^ clk (in)
                                                         clk (net)
                      0.135470    0.000000   50.092003 ^ clkbuf_0_clk/A (sky130_fd_sc_hd__clkbuf_16)
     2    0.019034    0.066229    0.250065   50.342068 ^ clkbuf_0_clk/X (sky130_fd_sc_hd__clkbuf_16)
                                                         clknet_0_clk (net)
                      0.066229    0.000767   50.342834 ^ clkbuf_1_0__f_clk/A (sky130_fd_sc_hd__clkbuf_16)
    10    0.039490    0.094050    0.246395   50.589230 ^ clkbuf_1_0__f_clk/X (sky130_fd_sc_hd__clkbuf_16)
                                                         clknet_1_0__leaf_clk (net)
                      0.094081    0.001684   50.590916 ^ _168_/CLK (sky130_fd_sc_hd__dfxtp_1)
                                 -0.250000   50.340912   clock uncertainty
                                  0.000000   50.340912   clock reconvergence pessimism
                                 -0.265552   50.075363   library setup time
                                             50.075363   data required time
---------------------------------------------------------------------------------------------
                                             50.075363   data required time
                                            -28.252937   data arrival time
---------------------------------------------------------------------------------------------
                                             21.822426   slack (MET)


Startpoint: _152_ (rising edge-triggered flip-flop clocked by clk')
Endpoint: _165_ (rising edge-triggered flip-flop clocked by clk)
Path Group: clk
Path Type: max

Fanout         Cap        Slew       Delay        Time   Description
---------------------------------------------------------------------------------------------
                                 25.000000   25.000000   clock clk' (rise edge)
                                  0.000000   25.000000   clock source latency
     1    0.017019    0.076181    0.052893   25.052893 v clk (in)
                                                         clk (net)
                      0.076192    0.000000   25.052893 v clkbuf_0_clk/A (sky130_fd_sc_hd__clkbuf_16)
     2    0.017262    0.054824    0.256666   25.309557 v clkbuf_0_clk/X (sky130_fd_sc_hd__clkbuf_16)
                                                         clknet_0_clk (net)
                      0.054824    0.000647   25.310204 v clkbuf_1_1__f_clk/A (sky130_fd_sc_hd__clkbuf_16)
    12    0.037166    0.073940    0.269761   25.579966 v clkbuf_1_1__f_clk/X (sky130_fd_sc_hd__clkbuf_16)
                                                         clknet_1_1__leaf_clk (net)
                      0.073971    0.001446   25.581411 v _083__1/A (sky130_fd_sc_hd__inv_2)
     1    0.002254    0.033114    0.065407   25.646818 ^ _083__1/Y (sky130_fd_sc_hd__inv_2)
                                                         net35 (net)
                      0.033114    0.000151   25.646969 ^ _152_/CLK (sky130_fd_sc_hd__dfxtp_1)
     3    0.015125    0.237517    0.737625   26.384594 ^ _152_/Q (sky130_fd_sc_hd__dfxtp_1)
                                                         net11 (net)
                      0.237517    0.000894   26.385489 ^ fanout28/A (sky130_fd_sc_hd__clkbuf_2)
    10    0.032999    0.284859    0.420631   26.806120 ^ fanout28/X (sky130_fd_sc_hd__clkbuf_2)
                                                         net28 (net)
                      0.284884    0.002871   26.808990 ^ _107_/A (sky130_fd_sc_hd__nand3_1)
     3    0.008075    0.244465    0.310038   27.119028 v _107_/Y (sky130_fd_sc_hd__nand3_1)
                                                         _063_ (net)
                      0.244465    0.000318   27.119347 v _130_/B (sky130_fd_sc_hd__or3b_1)
     1    0.007696    0.187756    0.939767   28.059113 v _130_/X (sky130_fd_sc_hd__or3b_1)
                                                         _032_ (net)
                      0.187756    0.000478   28.059591 v _133_/A1 (sky130_fd_sc_hd__a31oi_1)
     1    0.003743    0.224707    0.285750   28.345341 ^ _133_/Y (sky130_fd_sc_hd__a31oi_1)
                                                         _014_ (net)
                      0.224707    0.000140   28.345482 ^ _165_/D (sky130_fd_sc_hd__dfxtp_1)
                                             28.345482   data arrival time

                                 50.000000   50.000000   clock clk (rise edge)
                                  0.000000   50.000000   clock source latency
     1    0.017905    0.135463    0.092005   50.092003 ^ clk (in)
                                                         clk (net)
                      0.135470    0.000000   50.092003 ^ clkbuf_0_clk/A (sky130_fd_sc_hd__clkbuf_16)
     2    0.019034    0.066229    0.250065   50.342068 ^ clkbuf_0_clk/X (sky130_fd_sc_hd__clkbuf_16)
                                                         clknet_0_clk (net)
                      0.066229    0.000718   50.342785 ^ clkbuf_1_1__f_clk/A (sky130_fd_sc_hd__clkbuf_16)
    12    0.038817    0.092961    0.245826   50.588612 ^ clkbuf_1_1__f_clk/X (sky130_fd_sc_hd__clkbuf_16)
                                                         clknet_1_1__leaf_clk (net)
                      0.092969    0.000977   50.589588 ^ _165_/CLK (sky130_fd_sc_hd__dfxtp_1)
                                 -0.250000   50.339588   clock uncertainty
                                  0.000000   50.339588   clock reconvergence pessimism
                                 -0.164695   50.174892   library setup time
                                             50.174892   data required time
---------------------------------------------------------------------------------------------
                                             50.174892   data required time
                                            -28.345482   data arrival time
---------------------------------------------------------------------------------------------
                                             21.829411   slack (MET)


Startpoint: _152_ (rising edge-triggered flip-flop clocked by clk')
Endpoint: _164_ (rising edge-triggered flip-flop clocked by clk)
Path Group: clk
Path Type: max

Fanout         Cap        Slew       Delay        Time   Description
---------------------------------------------------------------------------------------------
                                 25.000000   25.000000   clock clk' (rise edge)
                                  0.000000   25.000000   clock source latency
     1    0.017019    0.076181    0.052893   25.052893 v clk (in)
                                                         clk (net)
                      0.076192    0.000000   25.052893 v clkbuf_0_clk/A (sky130_fd_sc_hd__clkbuf_16)
     2    0.017262    0.054824    0.256666   25.309557 v clkbuf_0_clk/X (sky130_fd_sc_hd__clkbuf_16)
                                                         clknet_0_clk (net)
                      0.054824    0.000647   25.310204 v clkbuf_1_1__f_clk/A (sky130_fd_sc_hd__clkbuf_16)
    12    0.037166    0.073940    0.269761   25.579966 v clkbuf_1_1__f_clk/X (sky130_fd_sc_hd__clkbuf_16)
                                                         clknet_1_1__leaf_clk (net)
                      0.073971    0.001446   25.581411 v _083__1/A (sky130_fd_sc_hd__inv_2)
     1    0.002254    0.033114    0.065407   25.646818 ^ _083__1/Y (sky130_fd_sc_hd__inv_2)
                                                         net35 (net)
                      0.033114    0.000151   25.646969 ^ _152_/CLK (sky130_fd_sc_hd__dfxtp_1)
     3    0.015125    0.237517    0.737625   26.384594 ^ _152_/Q (sky130_fd_sc_hd__dfxtp_1)
                                                         net11 (net)
                      0.237517    0.000894   26.385489 ^ fanout28/A (sky130_fd_sc_hd__clkbuf_2)
    10    0.032999    0.284859    0.420631   26.806120 ^ fanout28/X (sky130_fd_sc_hd__clkbuf_2)
                                                         net28 (net)
                      0.284906    0.003666   26.809786 ^ _122_/C_N (sky130_fd_sc_hd__nor3b_2)
     5    0.017496    0.537108    0.626519   27.436304 ^ _122_/Y (sky130_fd_sc_hd__nor3b_2)
                                                         _026_ (net)
                      0.537117    0.001837   27.438141 ^ _126_/A2 (sky130_fd_sc_hd__a21oi_1)
     1    0.003304    0.134028    0.296575   27.734716 v _126_/Y (sky130_fd_sc_hd__a21oi_1)
                                                         _029_ (net)
                      0.134028    0.000144   27.734861 v _129_/A1 (sky130_fd_sc_hd__o21a_1)
     1    0.008272    0.112953    0.410443   28.145304 v _129_/X (sky130_fd_sc_hd__o21a_1)
                                                         _013_ (net)
                      0.112955    0.000703   28.146008 v _164_/D (sky130_fd_sc_hd__dfxtp_1)
                                             28.146008   data arrival time

                                 50.000000   50.000000   clock clk (rise edge)
                                  0.000000   50.000000   clock source latency
     1    0.017905    0.135463    0.092005   50.092003 ^ clk (in)
                                                         clk (net)
                      0.135470    0.000000   50.092003 ^ clkbuf_0_clk/A (sky130_fd_sc_hd__clkbuf_16)
     2    0.019034    0.066229    0.250065   50.342068 ^ clkbuf_0_clk/X (sky130_fd_sc_hd__clkbuf_16)
                                                         clknet_0_clk (net)
                      0.066229    0.000767   50.342834 ^ clkbuf_1_0__f_clk/A (sky130_fd_sc_hd__clkbuf_16)
    10    0.039490    0.094050    0.246395   50.589230 ^ clkbuf_1_0__f_clk/X (sky130_fd_sc_hd__clkbuf_16)
                                                         clknet_1_0__leaf_clk (net)
                      0.094209    0.003361   50.592590 ^ _164_/CLK (sky130_fd_sc_hd__dfxtp_1)
                                 -0.250000   50.342590   clock uncertainty
                                  0.000000   50.342590   clock reconvergence pessimism
                                 -0.280306   50.062286   library setup time
                                             50.062286   data required time
---------------------------------------------------------------------------------------------
                                             50.062286   data required time
                                            -28.146008   data arrival time
---------------------------------------------------------------------------------------------
                                             21.916277   slack (MET)


Startpoint: _152_ (rising edge-triggered flip-flop clocked by clk')
Endpoint: _161_ (rising edge-triggered flip-flop clocked by clk)
Path Group: clk
Path Type: max

Fanout         Cap        Slew       Delay        Time   Description
---------------------------------------------------------------------------------------------
                                 25.000000   25.000000   clock clk' (rise edge)
                                  0.000000   25.000000   clock source latency
     1    0.017019    0.076181    0.052893   25.052893 v clk (in)
                                                         clk (net)
                      0.076192    0.000000   25.052893 v clkbuf_0_clk/A (sky130_fd_sc_hd__clkbuf_16)
     2    0.017262    0.054824    0.256666   25.309557 v clkbuf_0_clk/X (sky130_fd_sc_hd__clkbuf_16)
                                                         clknet_0_clk (net)
                      0.054824    0.000647   25.310204 v clkbuf_1_1__f_clk/A (sky130_fd_sc_hd__clkbuf_16)
    12    0.037166    0.073940    0.269761   25.579966 v clkbuf_1_1__f_clk/X (sky130_fd_sc_hd__clkbuf_16)
                                                         clknet_1_1__leaf_clk (net)
                      0.073971    0.001446   25.581411 v _083__1/A (sky130_fd_sc_hd__inv_2)
     1    0.002254    0.033114    0.065407   25.646818 ^ _083__1/Y (sky130_fd_sc_hd__inv_2)
                                                         net35 (net)
                      0.033114    0.000151   25.646969 ^ _152_/CLK (sky130_fd_sc_hd__dfxtp_1)
     3    0.015125    0.237517    0.737625   26.384594 ^ _152_/Q (sky130_fd_sc_hd__dfxtp_1)
                                                         net11 (net)
                      0.237517    0.000894   26.385489 ^ fanout28/A (sky130_fd_sc_hd__clkbuf_2)
    10    0.032999    0.284859    0.420631   26.806120 ^ fanout28/X (sky130_fd_sc_hd__clkbuf_2)
                                                         net28 (net)
                      0.284901    0.003478   26.809597 ^ _109_/A (sky130_fd_sc_hd__nand4_1)
     4    0.009585    0.353592    0.393248   27.202845 v _109_/Y (sky130_fd_sc_hd__nand4_1)
                                                         _065_ (net)
                      0.353592    0.000426   27.203272 v _111_/A2 (sky130_fd_sc_hd__o21a_1)
     1    0.003133    0.068506    0.430973   27.634245 v _111_/X (sky130_fd_sc_hd__o21a_1)
                                                         _067_ (net)
                      0.068506    0.000211   27.634455 v _115_/A1 (sky130_fd_sc_hd__o21a_1)
     1    0.002225    0.060147    0.325915   27.960371 v _115_/X (sky130_fd_sc_hd__o21a_1)
                                                         _010_ (net)
                      0.060147    0.000107   27.960478 v _161_/D (sky130_fd_sc_hd__dfxtp_1)
                                             27.960478   data arrival time

                                 50.000000   50.000000   clock clk (rise edge)
                                  0.000000   50.000000   clock source latency
     1    0.017905    0.135463    0.092005   50.092003 ^ clk (in)
                                                         clk (net)
                      0.135470    0.000000   50.092003 ^ clkbuf_0_clk/A (sky130_fd_sc_hd__clkbuf_16)
     2    0.019034    0.066229    0.250065   50.342068 ^ clkbuf_0_clk/X (sky130_fd_sc_hd__clkbuf_16)
                                                         clknet_0_clk (net)
                      0.066229    0.000767   50.342834 ^ clkbuf_1_0__f_clk/A (sky130_fd_sc_hd__clkbuf_16)
    10    0.039490    0.094050    0.246395   50.589230 ^ clkbuf_1_0__f_clk/X (sky130_fd_sc_hd__clkbuf_16)
                                                         clknet_1_0__leaf_clk (net)
                      0.094200    0.003279   50.592510 ^ _161_/CLK (sky130_fd_sc_hd__dfxtp_1)
                                 -0.250000   50.342510   clock uncertainty
                                  0.000000   50.342510   clock reconvergence pessimism
                                 -0.258367   50.084141   library setup time
                                             50.084141   data required time
---------------------------------------------------------------------------------------------
                                             50.084141   data required time
                                            -27.960478   data arrival time
---------------------------------------------------------------------------------------------
                                             22.123663   slack (MET)


Startpoint: _152_ (rising edge-triggered flip-flop clocked by clk')
Endpoint: _172_ (rising edge-triggered flip-flop clocked by clk)
Path Group: clk
Path Type: max

Fanout         Cap        Slew       Delay        Time   Description
---------------------------------------------------------------------------------------------
                                 25.000000   25.000000   clock clk' (rise edge)
                                  0.000000   25.000000   clock source latency
     1    0.017019    0.076181    0.052893   25.052893 v clk (in)
                                                         clk (net)
                      0.076192    0.000000   25.052893 v clkbuf_0_clk/A (sky130_fd_sc_hd__clkbuf_16)
     2    0.017262    0.054824    0.256666   25.309557 v clkbuf_0_clk/X (sky130_fd_sc_hd__clkbuf_16)
                                                         clknet_0_clk (net)
                      0.054824    0.000647   25.310204 v clkbuf_1_1__f_clk/A (sky130_fd_sc_hd__clkbuf_16)
    12    0.037166    0.073940    0.269761   25.579966 v clkbuf_1_1__f_clk/X (sky130_fd_sc_hd__clkbuf_16)
                                                         clknet_1_1__leaf_clk (net)
                      0.073971    0.001446   25.581411 v _083__1/A (sky130_fd_sc_hd__inv_2)
     1    0.002254    0.033114    0.065407   25.646818 ^ _083__1/Y (sky130_fd_sc_hd__inv_2)
                                                         net35 (net)
                      0.033114    0.000151   25.646969 ^ _152_/CLK (sky130_fd_sc_hd__dfxtp_1)
     3    0.015125    0.237517    0.737625   26.384594 ^ _152_/Q (sky130_fd_sc_hd__dfxtp_1)
                                                         net11 (net)
                      0.237517    0.000894   26.385489 ^ fanout28/A (sky130_fd_sc_hd__clkbuf_2)
    10    0.032999    0.284859    0.420631   26.806120 ^ fanout28/X (sky130_fd_sc_hd__clkbuf_2)
                                                         net28 (net)
                      0.284901    0.003478   26.809597 ^ _109_/A (sky130_fd_sc_hd__nand4_1)
     4    0.009585    0.353592    0.393248   27.202845 v _109_/Y (sky130_fd_sc_hd__nand4_1)
                                                         _065_ (net)
                      0.353592    0.000330   27.203176 v _110_/B (sky130_fd_sc_hd__or2_1)
     1    0.002719    0.096217    0.573397   27.776573 v _110_/X (sky130_fd_sc_hd__or2_1)
                                                         _066_ (net)
                      0.096217    0.000192   27.776764 v _151_/A1 (sky130_fd_sc_hd__a21oi_1)
     1    0.003267    0.183976    0.222627   27.999392 ^ _151_/Y (sky130_fd_sc_hd__a21oi_1)
                                                         _021_ (net)
                      0.183976    0.000233   27.999624 ^ _172_/D (sky130_fd_sc_hd__dfxtp_1)
                                             27.999624   data arrival time

                                 50.000000   50.000000   clock clk (rise edge)
                                  0.000000   50.000000   clock source latency
     1    0.017905    0.135463    0.092005   50.092003 ^ clk (in)
                                                         clk (net)
                      0.135470    0.000000   50.092003 ^ clkbuf_0_clk/A (sky130_fd_sc_hd__clkbuf_16)
     2    0.019034    0.066229    0.250065   50.342068 ^ clkbuf_0_clk/X (sky130_fd_sc_hd__clkbuf_16)
                                                         clknet_0_clk (net)
                      0.066229    0.000767   50.342834 ^ clkbuf_1_0__f_clk/A (sky130_fd_sc_hd__clkbuf_16)
    10    0.039490    0.094050    0.246395   50.589230 ^ clkbuf_1_0__f_clk/X (sky130_fd_sc_hd__clkbuf_16)
                                                         clknet_1_0__leaf_clk (net)
                      0.094178    0.003055   50.592285 ^ _172_/CLK (sky130_fd_sc_hd__dfxtp_1)
                                 -0.250000   50.342285   clock uncertainty
                                  0.000000   50.342285   clock reconvergence pessimism
                                 -0.153903   50.188381   library setup time
                                             50.188381   data required time
---------------------------------------------------------------------------------------------
                                             50.188381   data required time
                                            -27.999624   data arrival time
---------------------------------------------------------------------------------------------
                                             22.188757   slack (MET)


Startpoint: _152_ (rising edge-triggered flip-flop clocked by clk')
Endpoint: _171_ (rising edge-triggered flip-flop clocked by clk)
Path Group: clk
Path Type: max

Fanout         Cap        Slew       Delay        Time   Description
---------------------------------------------------------------------------------------------
                                 25.000000   25.000000   clock clk' (rise edge)
                                  0.000000   25.000000   clock source latency
     1    0.017019    0.076181    0.052893   25.052893 v clk (in)
                                                         clk (net)
                      0.076192    0.000000   25.052893 v clkbuf_0_clk/A (sky130_fd_sc_hd__clkbuf_16)
     2    0.017262    0.054824    0.256666   25.309557 v clkbuf_0_clk/X (sky130_fd_sc_hd__clkbuf_16)
                                                         clknet_0_clk (net)
                      0.054824    0.000647   25.310204 v clkbuf_1_1__f_clk/A (sky130_fd_sc_hd__clkbuf_16)
    12    0.037166    0.073940    0.269761   25.579966 v clkbuf_1_1__f_clk/X (sky130_fd_sc_hd__clkbuf_16)
                                                         clknet_1_1__leaf_clk (net)
                      0.073971    0.001446   25.581411 v _083__1/A (sky130_fd_sc_hd__inv_2)
     1    0.002254    0.033114    0.065407   25.646818 ^ _083__1/Y (sky130_fd_sc_hd__inv_2)
                                                         net35 (net)
                      0.033114    0.000151   25.646969 ^ _152_/CLK (sky130_fd_sc_hd__dfxtp_1)
     3    0.015125    0.237517    0.737625   26.384594 ^ _152_/Q (sky130_fd_sc_hd__dfxtp_1)
                                                         net11 (net)
                      0.237517    0.000894   26.385489 ^ fanout28/A (sky130_fd_sc_hd__clkbuf_2)
    10    0.032999    0.284859    0.420631   26.806120 ^ fanout28/X (sky130_fd_sc_hd__clkbuf_2)
                                                         net28 (net)
                      0.284901    0.003478   26.809597 ^ _109_/A (sky130_fd_sc_hd__nand4_1)
     4    0.009585    0.353592    0.393248   27.202845 v _109_/Y (sky130_fd_sc_hd__nand4_1)
                                                         _065_ (net)
                      0.353592    0.000281   27.203125 v _149_/B (sky130_fd_sc_hd__and3_1)
     1    0.002201    0.065396    0.464535   27.667662 v _149_/X (sky130_fd_sc_hd__and3_1)
                                                         _020_ (net)
                      0.065496    0.000149   27.667810 v _171_/D (sky130_fd_sc_hd__dfxtp_2)
                                             27.667810   data arrival time

                                 50.000000   50.000000   clock clk (rise edge)
                                  0.000000   50.000000   clock source latency
     1    0.017905    0.135463    0.092005   50.092003 ^ clk (in)
                                                         clk (net)
                      0.135470    0.000000   50.092003 ^ clkbuf_0_clk/A (sky130_fd_sc_hd__clkbuf_16)
     2    0.019034    0.066229    0.250065   50.342068 ^ clkbuf_0_clk/X (sky130_fd_sc_hd__clkbuf_16)
                                                         clknet_0_clk (net)
                      0.066229    0.000767   50.342834 ^ clkbuf_1_0__f_clk/A (sky130_fd_sc_hd__clkbuf_16)
    10    0.039490    0.094050    0.246395   50.589230 ^ clkbuf_1_0__f_clk/X (sky130_fd_sc_hd__clkbuf_16)
                                                         clknet_1_0__leaf_clk (net)
                      0.094169    0.002959   50.592190 ^ _171_/CLK (sky130_fd_sc_hd__dfxtp_2)
                                 -0.250000   50.342190   clock uncertainty
                                  0.000000   50.342190   clock reconvergence pessimism
                                 -0.265969   50.076218   library setup time
                                             50.076218   data required time
---------------------------------------------------------------------------------------------
                                             50.076218   data required time
                                            -27.667810   data arrival time
---------------------------------------------------------------------------------------------
                                             22.408409   slack (MET)


Startpoint: _152_ (rising edge-triggered flip-flop clocked by clk')
Endpoint: _169_ (rising edge-triggered flip-flop clocked by clk)
Path Group: clk
Path Type: max

Fanout         Cap        Slew       Delay        Time   Description
---------------------------------------------------------------------------------------------
                                 25.000000   25.000000   clock clk' (rise edge)
                                  0.000000   25.000000   clock source latency
     1    0.017019    0.076181    0.052893   25.052893 v clk (in)
                                                         clk (net)
                      0.076192    0.000000   25.052893 v clkbuf_0_clk/A (sky130_fd_sc_hd__clkbuf_16)
     2    0.017262    0.054824    0.256666   25.309557 v clkbuf_0_clk/X (sky130_fd_sc_hd__clkbuf_16)
                                                         clknet_0_clk (net)
                      0.054824    0.000647   25.310204 v clkbuf_1_1__f_clk/A (sky130_fd_sc_hd__clkbuf_16)
    12    0.037166    0.073940    0.269761   25.579966 v clkbuf_1_1__f_clk/X (sky130_fd_sc_hd__clkbuf_16)
                                                         clknet_1_1__leaf_clk (net)
                      0.073971    0.001446   25.581411 v _083__1/A (sky130_fd_sc_hd__inv_2)
     1    0.002254    0.033114    0.065407   25.646818 ^ _083__1/Y (sky130_fd_sc_hd__inv_2)
                                                         net35 (net)
                      0.033114    0.000151   25.646969 ^ _152_/CLK (sky130_fd_sc_hd__dfxtp_1)
     3    0.015125    0.237517    0.737625   26.384594 ^ _152_/Q (sky130_fd_sc_hd__dfxtp_1)
                                                         net11 (net)
                      0.237517    0.000894   26.385489 ^ fanout28/A (sky130_fd_sc_hd__clkbuf_2)
    10    0.032999    0.284859    0.420631   26.806120 ^ fanout28/X (sky130_fd_sc_hd__clkbuf_2)
                                                         net28 (net)
                      0.284877    0.002530   26.808649 ^ _105_/A (sky130_fd_sc_hd__nand2_1)
     5    0.015990    0.279326    0.341245   27.149895 v _105_/Y (sky130_fd_sc_hd__nand2_1)
                                                         _061_ (net)
                      0.279326    0.000918   27.150812 v _145_/B (sky130_fd_sc_hd__and3_1)
     1    0.002032    0.064193    0.424535   27.575348 v _145_/X (sky130_fd_sc_hd__and3_1)
                                                         _018_ (net)
                      0.064193    0.000146   27.575493 v _169_/D (sky130_fd_sc_hd__dfxtp_1)
                                             27.575493   data arrival time

                                 50.000000   50.000000   clock clk (rise edge)
                                  0.000000   50.000000   clock source latency
     1    0.017905    0.135463    0.092005   50.092003 ^ clk (in)
                                                         clk (net)
                      0.135470    0.000000   50.092003 ^ clkbuf_0_clk/A (sky130_fd_sc_hd__clkbuf_16)
     2    0.019034    0.066229    0.250065   50.342068 ^ clkbuf_0_clk/X (sky130_fd_sc_hd__clkbuf_16)
                                                         clknet_0_clk (net)
                      0.066229    0.000767   50.342834 ^ clkbuf_1_0__f_clk/A (sky130_fd_sc_hd__clkbuf_16)
    10    0.039490    0.094050    0.246395   50.589230 ^ clkbuf_1_0__f_clk/X (sky130_fd_sc_hd__clkbuf_16)
                                                         clknet_1_0__leaf_clk (net)
                      0.094109    0.002178   50.591408 ^ _169_/CLK (sky130_fd_sc_hd__dfxtp_1)
                                 -0.250000   50.341408   clock uncertainty
                                  0.000000   50.341408   clock reconvergence pessimism
                                 -0.260073   50.081333   library setup time
                                             50.081333   data required time
---------------------------------------------------------------------------------------------
                                             50.081333   data required time
                                            -27.575493   data arrival time
---------------------------------------------------------------------------------------------
                                             22.505842   slack (MET)


Startpoint: _152_ (rising edge-triggered flip-flop clocked by clk')
Endpoint: _170_ (rising edge-triggered flip-flop clocked by clk)
Path Group: clk
Path Type: max

Fanout         Cap        Slew       Delay        Time   Description
---------------------------------------------------------------------------------------------
                                 25.000000   25.000000   clock clk' (rise edge)
                                  0.000000   25.000000   clock source latency
     1    0.017019    0.076181    0.052893   25.052893 v clk (in)
                                                         clk (net)
                      0.076192    0.000000   25.052893 v clkbuf_0_clk/A (sky130_fd_sc_hd__clkbuf_16)
     2    0.017262    0.054824    0.256666   25.309557 v clkbuf_0_clk/X (sky130_fd_sc_hd__clkbuf_16)
                                                         clknet_0_clk (net)
                      0.054824    0.000647   25.310204 v clkbuf_1_1__f_clk/A (sky130_fd_sc_hd__clkbuf_16)
    12    0.037166    0.073940    0.269761   25.579966 v clkbuf_1_1__f_clk/X (sky130_fd_sc_hd__clkbuf_16)
                                                         clknet_1_1__leaf_clk (net)
                      0.073971    0.001446   25.581411 v _083__1/A (sky130_fd_sc_hd__inv_2)
     1    0.002254    0.033114    0.065407   25.646818 ^ _083__1/Y (sky130_fd_sc_hd__inv_2)
                                                         net35 (net)
                      0.033114    0.000151   25.646969 ^ _152_/CLK (sky130_fd_sc_hd__dfxtp_1)
     3    0.015125    0.237517    0.737625   26.384594 ^ _152_/Q (sky130_fd_sc_hd__dfxtp_1)
                                                         net11 (net)
                      0.237517    0.000894   26.385489 ^ fanout28/A (sky130_fd_sc_hd__clkbuf_2)
    10    0.032999    0.284859    0.420631   26.806120 ^ fanout28/X (sky130_fd_sc_hd__clkbuf_2)
                                                         net28 (net)
                      0.284884    0.002871   26.808990 ^ _107_/A (sky130_fd_sc_hd__nand3_1)
     3    0.008075    0.244465    0.310038   27.119028 v _107_/Y (sky130_fd_sc_hd__nand3_1)
                                                         _063_ (net)
                      0.244465    0.000403   27.119431 v _147_/B (sky130_fd_sc_hd__and3_1)
     1    0.002158    0.064972    0.408173   27.527603 v _147_/X (sky130_fd_sc_hd__and3_1)
                                                         _019_ (net)
                      0.064972    0.000101   27.527706 v _170_/D (sky130_fd_sc_hd__dfxtp_1)
                                             27.527706   data arrival time

                                 50.000000   50.000000   clock clk (rise edge)
                                  0.000000   50.000000   clock source latency
     1    0.017905    0.135463    0.092005   50.092003 ^ clk (in)
                                                         clk (net)
                      0.135470    0.000000   50.092003 ^ clkbuf_0_clk/A (sky130_fd_sc_hd__clkbuf_16)
     2    0.019034    0.066229    0.250065   50.342068 ^ clkbuf_0_clk/X (sky130_fd_sc_hd__clkbuf_16)
                                                         clknet_0_clk (net)
                      0.066229    0.000767   50.342834 ^ clkbuf_1_0__f_clk/A (sky130_fd_sc_hd__clkbuf_16)
    10    0.039490    0.094050    0.246395   50.589230 ^ clkbuf_1_0__f_clk/X (sky130_fd_sc_hd__clkbuf_16)
                                                         clknet_1_0__leaf_clk (net)
                      0.094115    0.002270   50.591499 ^ _170_/CLK (sky130_fd_sc_hd__dfxtp_1)
                                 -0.250000   50.341499   clock uncertainty
                                  0.000000   50.341499   clock reconvergence pessimism
                                 -0.260395   50.081104   library setup time
                                             50.081104   data required time
---------------------------------------------------------------------------------------------
                                             50.081104   data required time
                                            -27.527706   data arrival time
---------------------------------------------------------------------------------------------
                                             22.553398   slack (MET)


Startpoint: _161_ (rising edge-triggered flip-flop clocked by clk)
Endpoint: dac_in[0] (output port clocked by clk)
Path Group: clk
Path Type: max

Fanout         Cap        Slew       Delay        Time   Description
---------------------------------------------------------------------------------------------
                                  0.000000    0.000000   clock clk (rise edge)
                                  0.000000    0.000000   clock source latency
     1    0.017905    0.135463    0.092005    0.092005 ^ clk (in)
                                                         clk (net)
                      0.135470    0.000000    0.092005 ^ clkbuf_0_clk/A (sky130_fd_sc_hd__clkbuf_16)
     2    0.019034    0.066229    0.250066    0.342071 ^ clkbuf_0_clk/X (sky130_fd_sc_hd__clkbuf_16)
                                                         clknet_0_clk (net)
                      0.066229    0.000767    0.342838 ^ clkbuf_1_0__f_clk/A (sky130_fd_sc_hd__clkbuf_16)
    10    0.039490    0.094050    0.246393    0.589231 ^ clkbuf_1_0__f_clk/X (sky130_fd_sc_hd__clkbuf_16)
                                                         clknet_1_0__leaf_clk (net)
                      0.094200    0.003282    0.592513 ^ _161_/CLK (sky130_fd_sc_hd__dfxtp_1)
     4    0.031861    0.476687    0.935893    1.528406 ^ _161_/Q (sky130_fd_sc_hd__dfxtp_1)
                                                         net12 (net)
                      0.476687    0.001024    1.529429 ^ output12/A (sky130_fd_sc_hd__buf_2)
     1    0.034882    0.278365    0.516164    2.045594 ^ output12/X (sky130_fd_sc_hd__buf_2)
                                                         dac_in[0] (net)
                      0.278372    0.001789    2.047383 ^ dac_in[0] (out)
                                              2.047383   data arrival time

                                 50.000000   50.000000   clock clk (rise edge)
                                  0.000000   50.000000   clock network delay (propagated)
                                 -0.250000   49.749996   clock uncertainty
                                  0.000000   49.749996   clock reconvergence pessimism
                                -10.000000   39.749996   output external delay
                                             39.749996   data required time
---------------------------------------------------------------------------------------------
                                             39.749996   data required time
                                             -2.047383   data arrival time
---------------------------------------------------------------------------------------------
                                             37.702614   slack (MET)


Startpoint: _163_ (rising edge-triggered flip-flop clocked by clk)
Endpoint: dac_in[2] (output port clocked by clk)
Path Group: clk
Path Type: max

Fanout         Cap        Slew       Delay        Time   Description
---------------------------------------------------------------------------------------------
                                  0.000000    0.000000   clock clk (rise edge)
                                  0.000000    0.000000   clock source latency
     1    0.017905    0.135463    0.092005    0.092005 ^ clk (in)
                                                         clk (net)
                      0.135470    0.000000    0.092005 ^ clkbuf_0_clk/A (sky130_fd_sc_hd__clkbuf_16)
     2    0.019034    0.066229    0.250066    0.342071 ^ clkbuf_0_clk/X (sky130_fd_sc_hd__clkbuf_16)
                                                         clknet_0_clk (net)
                      0.066229    0.000767    0.342838 ^ clkbuf_1_0__f_clk/A (sky130_fd_sc_hd__clkbuf_16)
    10    0.039490    0.094050    0.246393    0.589231 ^ clkbuf_1_0__f_clk/X (sky130_fd_sc_hd__clkbuf_16)
                                                         clknet_1_0__leaf_clk (net)
                      0.094203    0.003310    0.592541 ^ _163_/CLK (sky130_fd_sc_hd__dfxtp_1)
     4    0.031807    0.476210    0.934326    1.526867 ^ _163_/Q (sky130_fd_sc_hd__dfxtp_1)
                                                         net14 (net)
                      0.476210    0.000929    1.527796 ^ output14/A (sky130_fd_sc_hd__buf_2)
     1    0.034920    0.278639    0.516179    2.043975 ^ output14/X (sky130_fd_sc_hd__buf_2)
                                                         dac_in[2] (net)
                      0.278646    0.001790    2.045765 ^ dac_in[2] (out)
                                              2.045765   data arrival time

                                 50.000000   50.000000   clock clk (rise edge)
                                  0.000000   50.000000   clock network delay (propagated)
                                 -0.250000   49.749996   clock uncertainty
                                  0.000000   49.749996   clock reconvergence pessimism
                                -10.000000   39.749996   output external delay
                                             39.749996   data required time
---------------------------------------------------------------------------------------------
                                             39.749996   data required time
                                             -2.045765   data arrival time
---------------------------------------------------------------------------------------------
                                             37.704231   slack (MET)


Startpoint: _164_ (rising edge-triggered flip-flop clocked by clk)
Endpoint: dac_in_n[3] (output port clocked by clk)
Path Group: clk
Path Type: max

Fanout         Cap        Slew       Delay        Time   Description
---------------------------------------------------------------------------------------------
                                  0.000000    0.000000   clock clk (rise edge)
                                  0.000000    0.000000   clock source latency
     1    0.017905    0.135463    0.092005    0.092005 ^ clk (in)
                                                         clk (net)
                      0.135470    0.000000    0.092005 ^ clkbuf_0_clk/A (sky130_fd_sc_hd__clkbuf_16)
     2    0.019034    0.066229    0.250066    0.342071 ^ clkbuf_0_clk/X (sky130_fd_sc_hd__clkbuf_16)
                                                         clknet_0_clk (net)
                      0.066229    0.000767    0.342838 ^ clkbuf_1_0__f_clk/A (sky130_fd_sc_hd__clkbuf_16)
    10    0.039490    0.094050    0.246393    0.589231 ^ clkbuf_1_0__f_clk/X (sky130_fd_sc_hd__clkbuf_16)
                                                         clknet_1_0__leaf_clk (net)
                      0.094209    0.003361    0.592592 ^ _164_/CLK (sky130_fd_sc_hd__dfxtp_1)
     3    0.026940    0.406649    0.884494    1.477086 ^ _164_/Q (sky130_fd_sc_hd__dfxtp_1)
                                                         net15 (net)
                      0.406693    0.004356    1.481442 ^ _078_/A (sky130_fd_sc_hd__inv_2)
     2    0.010511    0.104833    0.190536    1.671978 v _078_/Y (sky130_fd_sc_hd__inv_2)
                                                         net23 (net)
                      0.104834    0.000543    1.672521 v output23/A (sky130_fd_sc_hd__buf_2)
     1    0.034763    0.168171    0.361958    2.034479 v output23/X (sky130_fd_sc_hd__buf_2)
                                                         dac_in_n[3] (net)
                      0.168188    0.001767    2.036246 v dac_in_n[3] (out)
                                              2.036246   data arrival time

                                 50.000000   50.000000   clock clk (rise edge)
                                  0.000000   50.000000   clock network delay (propagated)
                                 -0.250000   49.749996   clock uncertainty
                                  0.000000   49.749996   clock reconvergence pessimism
                                -10.000000   39.749996   output external delay
                                             39.749996   data required time
---------------------------------------------------------------------------------------------
                                             39.749996   data required time
                                             -2.036246   data arrival time
---------------------------------------------------------------------------------------------
                                             37.713753   slack (MET)


Startpoint: _163_ (rising edge-triggered flip-flop clocked by clk)
Endpoint: dac_in_n[2] (output port clocked by clk)
Path Group: clk
Path Type: max

Fanout         Cap        Slew       Delay        Time   Description
---------------------------------------------------------------------------------------------
                                  0.000000    0.000000   clock clk (rise edge)
                                  0.000000    0.000000   clock source latency
     1    0.017905    0.135463    0.092005    0.092005 ^ clk (in)
                                                         clk (net)
                      0.135470    0.000000    0.092005 ^ clkbuf_0_clk/A (sky130_fd_sc_hd__clkbuf_16)
     2    0.019034    0.066229    0.250066    0.342071 ^ clkbuf_0_clk/X (sky130_fd_sc_hd__clkbuf_16)
                                                         clknet_0_clk (net)
                      0.066229    0.000767    0.342838 ^ clkbuf_1_0__f_clk/A (sky130_fd_sc_hd__clkbuf_16)
    10    0.039490    0.094050    0.246393    0.589231 ^ clkbuf_1_0__f_clk/X (sky130_fd_sc_hd__clkbuf_16)
                                                         clknet_1_0__leaf_clk (net)
                      0.094203    0.003310    0.592541 ^ _163_/CLK (sky130_fd_sc_hd__dfxtp_1)
     4    0.031807    0.476210    0.934326    1.526867 ^ _163_/Q (sky130_fd_sc_hd__dfxtp_1)
                                                         net14 (net)
                      0.476242    0.004240    1.531107 ^ _079_/A (sky130_fd_sc_hd__inv_2)
     1    0.002413    0.078127    0.138746    1.669853 v _079_/Y (sky130_fd_sc_hd__inv_2)
                                                         net22 (net)
                      0.078127    0.000155    1.670008 v output22/A (sky130_fd_sc_hd__buf_2)
     1    0.035029    0.169217    0.349912    2.019920 v output22/X (sky130_fd_sc_hd__buf_2)
                                                         dac_in_n[2] (net)
                      0.169236    0.001841    2.021761 v dac_in_n[2] (out)
                                              2.021761   data arrival time

                                 50.000000   50.000000   clock clk (rise edge)
                                  0.000000   50.000000   clock network delay (propagated)
                                 -0.250000   49.749996   clock uncertainty
                                  0.000000   49.749996   clock reconvergence pessimism
                                -10.000000   39.749996   output external delay
                                             39.749996   data required time
---------------------------------------------------------------------------------------------
                                             39.749996   data required time
                                             -2.021761   data arrival time
---------------------------------------------------------------------------------------------
                                             37.728237   slack (MET)


Startpoint: _161_ (rising edge-triggered flip-flop clocked by clk)
Endpoint: dac_in_n[0] (output port clocked by clk)
Path Group: clk
Path Type: max

Fanout         Cap        Slew       Delay        Time   Description
---------------------------------------------------------------------------------------------
                                  0.000000    0.000000   clock clk (rise edge)
                                  0.000000    0.000000   clock source latency
     1    0.017905    0.135463    0.092005    0.092005 ^ clk (in)
                                                         clk (net)
                      0.135470    0.000000    0.092005 ^ clkbuf_0_clk/A (sky130_fd_sc_hd__clkbuf_16)
     2    0.019034    0.066229    0.250066    0.342071 ^ clkbuf_0_clk/X (sky130_fd_sc_hd__clkbuf_16)
                                                         clknet_0_clk (net)
                      0.066229    0.000767    0.342838 ^ clkbuf_1_0__f_clk/A (sky130_fd_sc_hd__clkbuf_16)
    10    0.039490    0.094050    0.246393    0.589231 ^ clkbuf_1_0__f_clk/X (sky130_fd_sc_hd__clkbuf_16)
                                                         clknet_1_0__leaf_clk (net)
                      0.094200    0.003282    0.592513 ^ _161_/CLK (sky130_fd_sc_hd__dfxtp_1)
     4    0.031861    0.476687    0.935893    1.528406 ^ _161_/Q (sky130_fd_sc_hd__dfxtp_1)
                                                         net12 (net)
                      0.476691    0.002290    1.530695 ^ _081_/A (sky130_fd_sc_hd__inv_2)
     1    0.001901    0.075546    0.132782    1.663477 v _081_/Y (sky130_fd_sc_hd__inv_2)
                                                         net20 (net)
                      0.075546    0.000133    1.663610 v output20/A (sky130_fd_sc_hd__buf_2)
     1    0.034649    0.167692    0.347594    2.011204 v output20/X (sky130_fd_sc_hd__buf_2)
                                                         dac_in_n[0] (net)
                      0.167709    0.001740    2.012944 v dac_in_n[0] (out)
                                              2.012944   data arrival time

                                 50.000000   50.000000   clock clk (rise edge)
                                  0.000000   50.000000   clock network delay (propagated)
                                 -0.250000   49.749996   clock uncertainty
                                  0.000000   49.749996   clock reconvergence pessimism
                                -10.000000   39.749996   output external delay
                                             39.749996   data required time
---------------------------------------------------------------------------------------------
                                             39.749996   data required time
                                             -2.012944   data arrival time
---------------------------------------------------------------------------------------------
                                             37.737053   slack (MET)


Startpoint: _166_ (rising edge-triggered flip-flop clocked by clk)
Endpoint: dac_in_n[5] (output port clocked by clk)
Path Group: clk
Path Type: max

Fanout         Cap        Slew       Delay        Time   Description
---------------------------------------------------------------------------------------------
                                  0.000000    0.000000   clock clk (rise edge)
                                  0.000000    0.000000   clock source latency
     1    0.017905    0.135463    0.092005    0.092005 ^ clk (in)
                                                         clk (net)
                      0.135470    0.000000    0.092005 ^ clkbuf_0_clk/A (sky130_fd_sc_hd__clkbuf_16)
     2    0.019034    0.066229    0.250066    0.342071 ^ clkbuf_0_clk/X (sky130_fd_sc_hd__clkbuf_16)
                                                         clknet_0_clk (net)
                      0.066229    0.000715    0.342786 ^ clkbuf_1_1__f_clk/A (sky130_fd_sc_hd__clkbuf_16)
    12    0.038817    0.092961    0.245828    0.588614 ^ clkbuf_1_1__f_clk/X (sky130_fd_sc_hd__clkbuf_16)
                                                         clknet_1_1__leaf_clk (net)
                      0.092989    0.001567    0.590180 ^ _166_/CLK (sky130_fd_sc_hd__dfxtp_1)
     3    0.021630    0.330345    0.831232    1.421412 ^ _166_/Q (sky130_fd_sc_hd__dfxtp_1)
                                                         net17 (net)
                      0.330346    0.001397    1.422809 ^ _076_/A (sky130_fd_sc_hd__inv_2)
     2    0.013968    0.106367    0.188260    1.611069 v _076_/Y (sky130_fd_sc_hd__inv_2)
                                                         net25 (net)
                      0.106369    0.000607    1.611676 v output25/A (sky130_fd_sc_hd__buf_2)
     1    0.035510    0.171187    0.364955    1.976631 v output25/X (sky130_fd_sc_hd__buf_2)
                                                         dac_in_n[5] (net)
                      0.171209    0.001970    1.978601 v dac_in_n[5] (out)
                                              1.978601   data arrival time

                                 50.000000   50.000000   clock clk (rise edge)
                                  0.000000   50.000000   clock network delay (propagated)
                                 -0.250000   49.749996   clock uncertainty
                                  0.000000   49.749996   clock reconvergence pessimism
                                -10.000000   39.749996   output external delay
                                             39.749996   data required time
---------------------------------------------------------------------------------------------
                                             39.749996   data required time
                                             -1.978601   data arrival time
---------------------------------------------------------------------------------------------
                                             37.771393   slack (MET)


Startpoint: _164_ (rising edge-triggered flip-flop clocked by clk)
Endpoint: dac_in[3] (output port clocked by clk)
Path Group: clk
Path Type: max

Fanout         Cap        Slew       Delay        Time   Description
---------------------------------------------------------------------------------------------
                                  0.000000    0.000000   clock clk (rise edge)
                                  0.000000    0.000000   clock source latency
     1    0.017905    0.135463    0.092005    0.092005 ^ clk (in)
                                                         clk (net)
                      0.135470    0.000000    0.092005 ^ clkbuf_0_clk/A (sky130_fd_sc_hd__clkbuf_16)
     2    0.019034    0.066229    0.250066    0.342071 ^ clkbuf_0_clk/X (sky130_fd_sc_hd__clkbuf_16)
                                                         clknet_0_clk (net)
                      0.066229    0.000767    0.342838 ^ clkbuf_1_0__f_clk/A (sky130_fd_sc_hd__clkbuf_16)
    10    0.039490    0.094050    0.246393    0.589231 ^ clkbuf_1_0__f_clk/X (sky130_fd_sc_hd__clkbuf_16)
                                                         clknet_1_0__leaf_clk (net)
                      0.094209    0.003361    0.592592 ^ _164_/CLK (sky130_fd_sc_hd__dfxtp_1)
     3    0.026940    0.406649    0.884494    1.477086 ^ _164_/Q (sky130_fd_sc_hd__dfxtp_1)
                                                         net15 (net)
                      0.406649    0.001332    1.478418 ^ output15/A (sky130_fd_sc_hd__buf_2)
     1    0.034608    0.276006    0.487577    1.965994 ^ output15/X (sky130_fd_sc_hd__buf_2)
                                                         dac_in[3] (net)
                      0.276012    0.001723    1.967717 ^ dac_in[3] (out)
                                              1.967717   data arrival time

                                 50.000000   50.000000   clock clk (rise edge)
                                  0.000000   50.000000   clock network delay (propagated)
                                 -0.250000   49.749996   clock uncertainty
                                  0.000000   49.749996   clock reconvergence pessimism
                                -10.000000   39.749996   output external delay
                                             39.749996   data required time
---------------------------------------------------------------------------------------------
                                             39.749996   data required time
                                             -1.967717   data arrival time
---------------------------------------------------------------------------------------------
                                             37.782280   slack (MET)


Startpoint: _165_ (rising edge-triggered flip-flop clocked by clk)
Endpoint: dac_in_n[4] (output port clocked by clk)
Path Group: clk
Path Type: max

Fanout         Cap        Slew       Delay        Time   Description
---------------------------------------------------------------------------------------------
                                  0.000000    0.000000   clock clk (rise edge)
                                  0.000000    0.000000   clock source latency
     1    0.017905    0.135463    0.092005    0.092005 ^ clk (in)
                                                         clk (net)
                      0.135470    0.000000    0.092005 ^ clkbuf_0_clk/A (sky130_fd_sc_hd__clkbuf_16)
     2    0.019034    0.066229    0.250066    0.342071 ^ clkbuf_0_clk/X (sky130_fd_sc_hd__clkbuf_16)
                                                         clknet_0_clk (net)
                      0.066229    0.000715    0.342786 ^ clkbuf_1_1__f_clk/A (sky130_fd_sc_hd__clkbuf_16)
    12    0.038817    0.092961    0.245828    0.588614 ^ clkbuf_1_1__f_clk/X (sky130_fd_sc_hd__clkbuf_16)
                                                         clknet_1_1__leaf_clk (net)
                      0.092969    0.000977    0.589591 ^ _165_/CLK (sky130_fd_sc_hd__dfxtp_1)
     3    0.022126    0.337503    0.835994    1.425585 ^ _165_/Q (sky130_fd_sc_hd__dfxtp_1)
                                                         net16 (net)
                      0.337503    0.001223    1.426808 ^ _077_/A (sky130_fd_sc_hd__inv_2)
     2    0.009605    0.089777    0.166947    1.593755 v _077_/Y (sky130_fd_sc_hd__inv_2)
                                                         net24 (net)
                      0.089777    0.000350    1.594105 v output24/A (sky130_fd_sc_hd__buf_2)
     1    0.034636    0.167637    0.354324    1.948429 v output24/X (sky130_fd_sc_hd__buf_2)
                                                         dac_in_n[4] (net)
                      0.167653    0.001740    1.950169 v dac_in_n[4] (out)
                                              1.950169   data arrival time

                                 50.000000   50.000000   clock clk (rise edge)
                                  0.000000   50.000000   clock network delay (propagated)
                                 -0.250000   49.749996   clock uncertainty
                                  0.000000   49.749996   clock reconvergence pessimism
                                -10.000000   39.749996   output external delay
                                             39.749996   data required time
---------------------------------------------------------------------------------------------
                                             39.749996   data required time
                                             -1.950169   data arrival time
---------------------------------------------------------------------------------------------
                                             37.799828   slack (MET)


Startpoint: _162_ (rising edge-triggered flip-flop clocked by clk)
Endpoint: dac_in_n[1] (output port clocked by clk)
Path Group: clk
Path Type: max

Fanout         Cap        Slew       Delay        Time   Description
---------------------------------------------------------------------------------------------
                                  0.000000    0.000000   clock clk (rise edge)
                                  0.000000    0.000000   clock source latency
     1    0.017905    0.135463    0.092005    0.092005 ^ clk (in)
                                                         clk (net)
                      0.135470    0.000000    0.092005 ^ clkbuf_0_clk/A (sky130_fd_sc_hd__clkbuf_16)
     2    0.019034    0.066229    0.250066    0.342071 ^ clkbuf_0_clk/X (sky130_fd_sc_hd__clkbuf_16)
                                                         clknet_0_clk (net)
                      0.066229    0.000715    0.342786 ^ clkbuf_1_1__f_clk/A (sky130_fd_sc_hd__clkbuf_16)
    12    0.038817    0.092961    0.245828    0.588614 ^ clkbuf_1_1__f_clk/X (sky130_fd_sc_hd__clkbuf_16)
                                                         clknet_1_1__leaf_clk (net)
                      0.093005    0.001879    0.590493 ^ _162_/CLK (sky130_fd_sc_hd__dfxtp_1)
     3    0.022539    0.343481    0.839982    1.430475 ^ _162_/Q (sky130_fd_sc_hd__dfxtp_1)
                                                         net13 (net)
                      0.343485    0.001790    1.432265 ^ _080_/A (sky130_fd_sc_hd__inv_2)
     2    0.006112    0.079476    0.149445    1.581710 v _080_/Y (sky130_fd_sc_hd__inv_2)
                                                         net21 (net)
                      0.079477    0.000239    1.581949 v output21/A (sky130_fd_sc_hd__buf_2)
     1    0.034649    0.167674    0.349398    1.931347 v output21/X (sky130_fd_sc_hd__buf_2)
                                                         dac_in_n[1] (net)
                      0.167691    0.001740    1.933087 v dac_in_n[1] (out)
                                              1.933087   data arrival time

                                 50.000000   50.000000   clock clk (rise edge)
                                  0.000000   50.000000   clock network delay (propagated)
                                 -0.250000   49.749996   clock uncertainty
                                  0.000000   49.749996   clock reconvergence pessimism
                                -10.000000   39.749996   output external delay
                                             39.749996   data required time
---------------------------------------------------------------------------------------------
                                             39.749996   data required time
                                             -1.933087   data arrival time
---------------------------------------------------------------------------------------------
                                             37.816910   slack (MET)


Startpoint: _167_ (rising edge-triggered flip-flop clocked by clk)
Endpoint: dac_in[6] (output port clocked by clk)
Path Group: clk
Path Type: max

Fanout         Cap        Slew       Delay        Time   Description
---------------------------------------------------------------------------------------------
                                  0.000000    0.000000   clock clk (rise edge)
                                  0.000000    0.000000   clock source latency
     1    0.017905    0.135463    0.092005    0.092005 ^ clk (in)
                                                         clk (net)
                      0.135470    0.000000    0.092005 ^ clkbuf_0_clk/A (sky130_fd_sc_hd__clkbuf_16)
     2    0.019034    0.066229    0.250066    0.342071 ^ clkbuf_0_clk/X (sky130_fd_sc_hd__clkbuf_16)
                                                         clknet_0_clk (net)
                      0.066229    0.000767    0.342838 ^ clkbuf_1_0__f_clk/A (sky130_fd_sc_hd__clkbuf_16)
    10    0.039490    0.094050    0.246393    0.589231 ^ clkbuf_1_0__f_clk/X (sky130_fd_sc_hd__clkbuf_16)
                                                         clknet_1_0__leaf_clk (net)
                      0.094085    0.001754    0.590985 ^ _167_/CLK (sky130_fd_sc_hd__dfxtp_1)
     4    0.023306    0.354439    0.848280    1.439264 ^ _167_/Q (sky130_fd_sc_hd__dfxtp_1)
                                                         net18 (net)
                      0.354439    0.001323    1.440587 ^ output18/A (sky130_fd_sc_hd__buf_2)
     1    0.034608    0.275766    0.467308    1.907896 ^ output18/X (sky130_fd_sc_hd__buf_2)
                                                         dac_in[6] (net)
                      0.275772    0.001723    1.909618 ^ dac_in[6] (out)
                                              1.909618   data arrival time

                                 50.000000   50.000000   clock clk (rise edge)
                                  0.000000   50.000000   clock network delay (propagated)
                                 -0.250000   49.749996   clock uncertainty
                                  0.000000   49.749996   clock reconvergence pessimism
                                -10.000000   39.749996   output external delay
                                             39.749996   data required time
---------------------------------------------------------------------------------------------
                                             39.749996   data required time
                                             -1.909618   data arrival time
---------------------------------------------------------------------------------------------
                                             37.840378   slack (MET)


Startpoint: _167_ (rising edge-triggered flip-flop clocked by clk)
Endpoint: dac_in_n[6] (output port clocked by clk)
Path Group: clk
Path Type: max

Fanout         Cap        Slew       Delay        Time   Description
---------------------------------------------------------------------------------------------
                                  0.000000    0.000000   clock clk (rise edge)
                                  0.000000    0.000000   clock source latency
     1    0.017905    0.135463    0.092005    0.092005 ^ clk (in)
                                                         clk (net)
                      0.135470    0.000000    0.092005 ^ clkbuf_0_clk/A (sky130_fd_sc_hd__clkbuf_16)
     2    0.019034    0.066229    0.250066    0.342071 ^ clkbuf_0_clk/X (sky130_fd_sc_hd__clkbuf_16)
                                                         clknet_0_clk (net)
                      0.066229    0.000767    0.342838 ^ clkbuf_1_0__f_clk/A (sky130_fd_sc_hd__clkbuf_16)
    10    0.039490    0.094050    0.246393    0.589231 ^ clkbuf_1_0__f_clk/X (sky130_fd_sc_hd__clkbuf_16)
                                                         clknet_1_0__leaf_clk (net)
                      0.094085    0.001754    0.590985 ^ _167_/CLK (sky130_fd_sc_hd__dfxtp_1)
     4    0.023306    0.354439    0.848280    1.439264 ^ _167_/Q (sky130_fd_sc_hd__dfxtp_1)
                                                         net18 (net)
                      0.354450    0.002463    1.441727 ^ _075_/A (sky130_fd_sc_hd__inv_2)
     1    0.002469    0.063213    0.118755    1.560482 v _075_/Y (sky130_fd_sc_hd__inv_2)
                                                         net26 (net)
                      0.063213    0.000154    1.560635 v output26/A (sky130_fd_sc_hd__buf_2)
     1    0.034629    0.167670    0.341878    1.902514 v output26/X (sky130_fd_sc_hd__buf_2)
                                                         dac_in_n[6] (net)
                      0.167687    0.001739    1.904253 v dac_in_n[6] (out)
                                              1.904253   data arrival time

                                 50.000000   50.000000   clock clk (rise edge)
                                  0.000000   50.000000   clock network delay (propagated)
                                 -0.250000   49.749996   clock uncertainty
                                  0.000000   49.749996   clock reconvergence pessimism
                                -10.000000   39.749996   output external delay
                                             39.749996   data required time
---------------------------------------------------------------------------------------------
                                             39.749996   data required time
                                             -1.904253   data arrival time
---------------------------------------------------------------------------------------------
                                             37.845741   slack (MET)


Startpoint: _162_ (rising edge-triggered flip-flop clocked by clk)
Endpoint: dac_in[1] (output port clocked by clk)
Path Group: clk
Path Type: max

Fanout         Cap        Slew       Delay        Time   Description
---------------------------------------------------------------------------------------------
                                  0.000000    0.000000   clock clk (rise edge)
                                  0.000000    0.000000   clock source latency
     1    0.017905    0.135463    0.092005    0.092005 ^ clk (in)
                                                         clk (net)
                      0.135470    0.000000    0.092005 ^ clkbuf_0_clk/A (sky130_fd_sc_hd__clkbuf_16)
     2    0.019034    0.066229    0.250066    0.342071 ^ clkbuf_0_clk/X (sky130_fd_sc_hd__clkbuf_16)
                                                         clknet_0_clk (net)
                      0.066229    0.000715    0.342786 ^ clkbuf_1_1__f_clk/A (sky130_fd_sc_hd__clkbuf_16)
    12    0.038817    0.092961    0.245828    0.588614 ^ clkbuf_1_1__f_clk/X (sky130_fd_sc_hd__clkbuf_16)
                                                         clknet_1_1__leaf_clk (net)
                      0.093005    0.001879    0.590493 ^ _162_/CLK (sky130_fd_sc_hd__dfxtp_1)
     3    0.022539    0.343481    0.839982    1.430475 ^ _162_/Q (sky130_fd_sc_hd__dfxtp_1)
                                                         net13 (net)
                      0.343491    0.002284    1.432758 ^ output13/A (sky130_fd_sc_hd__buf_2)
     1    0.034608    0.275715    0.463059    1.895817 ^ output13/X (sky130_fd_sc_hd__buf_2)
                                                         dac_in[1] (net)
                      0.275722    0.001723    1.897540 ^ dac_in[1] (out)
                                              1.897540   data arrival time

                                 50.000000   50.000000   clock clk (rise edge)
                                  0.000000   50.000000   clock network delay (propagated)
                                 -0.250000   49.749996   clock uncertainty
                                  0.000000   49.749996   clock reconvergence pessimism
                                -10.000000   39.749996   output external delay
                                             39.749996   data required time
---------------------------------------------------------------------------------------------
                                             39.749996   data required time
                                             -1.897540   data arrival time
---------------------------------------------------------------------------------------------
                                             37.852455   slack (MET)


Startpoint: _165_ (rising edge-triggered flip-flop clocked by clk)
Endpoint: dac_in[4] (output port clocked by clk)
Path Group: clk
Path Type: max

Fanout         Cap        Slew       Delay        Time   Description
---------------------------------------------------------------------------------------------
                                  0.000000    0.000000   clock clk (rise edge)
                                  0.000000    0.000000   clock source latency
     1    0.017905    0.135463    0.092005    0.092005 ^ clk (in)
                                                         clk (net)
                      0.135470    0.000000    0.092005 ^ clkbuf_0_clk/A (sky130_fd_sc_hd__clkbuf_16)
     2    0.019034    0.066229    0.250066    0.342071 ^ clkbuf_0_clk/X (sky130_fd_sc_hd__clkbuf_16)
                                                         clknet_0_clk (net)
                      0.066229    0.000715    0.342786 ^ clkbuf_1_1__f_clk/A (sky130_fd_sc_hd__clkbuf_16)
    12    0.038817    0.092961    0.245828    0.588614 ^ clkbuf_1_1__f_clk/X (sky130_fd_sc_hd__clkbuf_16)
                                                         clknet_1_1__leaf_clk (net)
                      0.092969    0.000977    0.589591 ^ _165_/CLK (sky130_fd_sc_hd__dfxtp_1)
     3    0.022126    0.337503    0.835994    1.425585 ^ _165_/Q (sky130_fd_sc_hd__dfxtp_1)
                                                         net16 (net)
                      0.337511    0.002100    1.427686 ^ output16/A (sky130_fd_sc_hd__buf_2)
     1    0.034608    0.275688    0.460737    1.888423 ^ output16/X (sky130_fd_sc_hd__buf_2)
                                                         dac_in[4] (net)
                      0.275694    0.001723    1.890146 ^ dac_in[4] (out)
                                              1.890146   data arrival time

                                 50.000000   50.000000   clock clk (rise edge)
                                  0.000000   50.000000   clock network delay (propagated)
                                 -0.250000   49.749996   clock uncertainty
                                  0.000000   49.749996   clock reconvergence pessimism
                                -10.000000   39.749996   output external delay
                                             39.749996   data required time
---------------------------------------------------------------------------------------------
                                             39.749996   data required time
                                             -1.890146   data arrival time
---------------------------------------------------------------------------------------------
                                             37.859848   slack (MET)


Startpoint: _168_ (rising edge-triggered flip-flop clocked by clk)
Endpoint: dac_in_n[7] (output port clocked by clk)
Path Group: clk
Path Type: max

Fanout         Cap        Slew       Delay        Time   Description
---------------------------------------------------------------------------------------------
                                  0.000000    0.000000   clock clk (rise edge)
                                  0.000000    0.000000   clock source latency
     1    0.017905    0.135463    0.092005    0.092005 ^ clk (in)
                                                         clk (net)
                      0.135470    0.000000    0.092005 ^ clkbuf_0_clk/A (sky130_fd_sc_hd__clkbuf_16)
     2    0.019034    0.066229    0.250066    0.342071 ^ clkbuf_0_clk/X (sky130_fd_sc_hd__clkbuf_16)
                                                         clknet_0_clk (net)
                      0.066229    0.000767    0.342838 ^ clkbuf_1_0__f_clk/A (sky130_fd_sc_hd__clkbuf_16)
    10    0.039490    0.094050    0.246393    0.589231 ^ clkbuf_1_0__f_clk/X (sky130_fd_sc_hd__clkbuf_16)
                                                         clknet_1_0__leaf_clk (net)
                      0.094081    0.001686    0.590917 ^ _168_/CLK (sky130_fd_sc_hd__dfxtp_1)
     3    0.014285    0.225509    0.756775    1.347692 ^ _168_/Q (sky130_fd_sc_hd__dfxtp_1)
                                                         net19 (net)
                      0.225510    0.001017    1.348708 ^ _074_/A (sky130_fd_sc_hd__inv_2)
     2    0.017504    0.100131    0.171741    1.520449 v _074_/Y (sky130_fd_sc_hd__inv_2)
                                                         net27 (net)
                      0.100138    0.000802    1.521251 v output27/A (sky130_fd_sc_hd__buf_2)
     1    0.034608    0.167531    0.359252    1.880503 v output27/X (sky130_fd_sc_hd__buf_2)
                                                         dac_in_n[7] (net)
                      0.167546    0.001707    1.882210 v dac_in_n[7] (out)
                                              1.882210   data arrival time

                                 50.000000   50.000000   clock clk (rise edge)
                                  0.000000   50.000000   clock network delay (propagated)
                                 -0.250000   49.749996   clock uncertainty
                                  0.000000   49.749996   clock reconvergence pessimism
                                -10.000000   39.749996   output external delay
                                             39.749996   data required time
---------------------------------------------------------------------------------------------
                                             39.749996   data required time
                                             -1.882210   data arrival time
---------------------------------------------------------------------------------------------
                                             37.867786   slack (MET)


Startpoint: _166_ (rising edge-triggered flip-flop clocked by clk)
Endpoint: dac_in[5] (output port clocked by clk)
Path Group: clk
Path Type: max

Fanout         Cap        Slew       Delay        Time   Description
---------------------------------------------------------------------------------------------
                                  0.000000    0.000000   clock clk (rise edge)
                                  0.000000    0.000000   clock source latency
     1    0.017905    0.135463    0.092005    0.092005 ^ clk (in)
                                                         clk (net)
                      0.135470    0.000000    0.092005 ^ clkbuf_0_clk/A (sky130_fd_sc_hd__clkbuf_16)
     2    0.019034    0.066229    0.250066    0.342071 ^ clkbuf_0_clk/X (sky130_fd_sc_hd__clkbuf_16)
                                                         clknet_0_clk (net)
                      0.066229    0.000715    0.342786 ^ clkbuf_1_1__f_clk/A (sky130_fd_sc_hd__clkbuf_16)
    12    0.038817    0.092961    0.245828    0.588614 ^ clkbuf_1_1__f_clk/X (sky130_fd_sc_hd__clkbuf_16)
                                                         clknet_1_1__leaf_clk (net)
                      0.092989    0.001567    0.590180 ^ _166_/CLK (sky130_fd_sc_hd__dfxtp_1)
     3    0.021630    0.330345    0.831232    1.421412 ^ _166_/Q (sky130_fd_sc_hd__dfxtp_1)
                                                         net17 (net)
                      0.330345    0.000894    1.422306 ^ output17/A (sky130_fd_sc_hd__buf_2)
     1    0.034608    0.275655    0.457955    1.880261 ^ output17/X (sky130_fd_sc_hd__buf_2)
                                                         dac_in[5] (net)
                      0.275661    0.001723    1.881984 ^ dac_in[5] (out)
                                              1.881984   data arrival time

                                 50.000000   50.000000   clock clk (rise edge)
                                  0.000000   50.000000   clock network delay (propagated)
                                 -0.250000   49.749996   clock uncertainty
                                  0.000000   49.749996   clock reconvergence pessimism
                                -10.000000   39.749996   output external delay
                                             39.749996   data required time
---------------------------------------------------------------------------------------------
                                             39.749996   data required time
                                             -1.881984   data arrival time
---------------------------------------------------------------------------------------------
                                             37.868015   slack (MET)


Startpoint: _168_ (rising edge-triggered flip-flop clocked by clk)
Endpoint: dac_in[7] (output port clocked by clk)
Path Group: clk
Path Type: max

Fanout         Cap        Slew       Delay        Time   Description
---------------------------------------------------------------------------------------------
                                  0.000000    0.000000   clock clk (rise edge)
                                  0.000000    0.000000   clock source latency
     1    0.017905    0.135463    0.092005    0.092005 ^ clk (in)
                                                         clk (net)
                      0.135470    0.000000    0.092005 ^ clkbuf_0_clk/A (sky130_fd_sc_hd__clkbuf_16)
     2    0.019034    0.066229    0.250066    0.342071 ^ clkbuf_0_clk/X (sky130_fd_sc_hd__clkbuf_16)
                                                         clknet_0_clk (net)
                      0.066229    0.000767    0.342838 ^ clkbuf_1_0__f_clk/A (sky130_fd_sc_hd__clkbuf_16)
    10    0.039490    0.094050    0.246393    0.589231 ^ clkbuf_1_0__f_clk/X (sky130_fd_sc_hd__clkbuf_16)
                                                         clknet_1_0__leaf_clk (net)
                      0.094081    0.001686    0.590917 ^ _168_/CLK (sky130_fd_sc_hd__dfxtp_1)
     3    0.014285    0.225509    0.756775    1.347692 ^ _168_/Q (sky130_fd_sc_hd__dfxtp_1)
                                                         net19 (net)
                      0.225509    0.000432    1.348124 ^ output19/A (sky130_fd_sc_hd__buf_2)
     1    0.034888    0.277275    0.418664    1.766788 ^ output19/X (sky130_fd_sc_hd__buf_2)
                                                         dac_in[7] (net)
                      0.277283    0.001817    1.768605 ^ dac_in[7] (out)
                                              1.768605   data arrival time

                                 50.000000   50.000000   clock clk (rise edge)
                                  0.000000   50.000000   clock network delay (propagated)
                                 -0.250000   49.749996   clock uncertainty
                                  0.000000   49.749996   clock reconvergence pessimism
                                -10.000000   39.749996   output external delay
                                             39.749996   data required time
---------------------------------------------------------------------------------------------
                                             39.749996   data required time
                                             -1.768605   data arrival time
---------------------------------------------------------------------------------------------
                                             37.981392   slack (MET)


Startpoint: _160_ (rising edge-triggered flip-flop clocked by clk)
Endpoint: adc_out[7] (output port clocked by clk)
Path Group: clk
Path Type: max

Fanout         Cap        Slew       Delay        Time   Description
---------------------------------------------------------------------------------------------
                                  0.000000    0.000000   clock clk (rise edge)
                                  0.000000    0.000000   clock source latency
     1    0.017905    0.135463    0.092005    0.092005 ^ clk (in)
                                                         clk (net)
                      0.135470    0.000000    0.092005 ^ clkbuf_0_clk/A (sky130_fd_sc_hd__clkbuf_16)
     2    0.019034    0.066229    0.250066    0.342071 ^ clkbuf_0_clk/X (sky130_fd_sc_hd__clkbuf_16)
                                                         clknet_0_clk (net)
                      0.066229    0.000715    0.342786 ^ clkbuf_1_1__f_clk/A (sky130_fd_sc_hd__clkbuf_16)
    12    0.038817    0.092961    0.245828    0.588614 ^ clkbuf_1_1__f_clk/X (sky130_fd_sc_hd__clkbuf_16)
                                                         clknet_1_1__leaf_clk (net)
                      0.092980    0.001341    0.589955 ^ _160_/CLK (sky130_fd_sc_hd__dfxtp_1)
     2    0.009206    0.155188    0.703385    1.293339 ^ _160_/Q (sky130_fd_sc_hd__dfxtp_1)
                                                         net10 (net)
                      0.155188    0.000438    1.293777 ^ output10/A (sky130_fd_sc_hd__buf_2)
     1    0.035143    0.279036    0.387156    1.680933 ^ output10/X (sky130_fd_sc_hd__buf_2)
                                                         adc_out[7] (net)
                      0.279044    0.001871    1.682804 ^ adc_out[7] (out)
                                              1.682804   data arrival time

                                 50.000000   50.000000   clock clk (rise edge)
                                  0.000000   50.000000   clock network delay (propagated)
                                 -0.250000   49.749996   clock uncertainty
                                  0.000000   49.749996   clock reconvergence pessimism
                                -10.000000   39.749996   output external delay
                                             39.749996   data required time
---------------------------------------------------------------------------------------------
                                             39.749996   data required time
                                             -1.682804   data arrival time
---------------------------------------------------------------------------------------------
                                             38.067192   slack (MET)


Startpoint: _154_ (rising edge-triggered flip-flop clocked by clk)
Endpoint: adc_out[1] (output port clocked by clk)
Path Group: clk
Path Type: max

Fanout         Cap        Slew       Delay        Time   Description
---------------------------------------------------------------------------------------------
                                  0.000000    0.000000   clock clk (rise edge)
                                  0.000000    0.000000   clock source latency
     1    0.017905    0.135463    0.092005    0.092005 ^ clk (in)
                                                         clk (net)
                      0.135470    0.000000    0.092005 ^ clkbuf_0_clk/A (sky130_fd_sc_hd__clkbuf_16)
     2    0.019034    0.066229    0.250066    0.342071 ^ clkbuf_0_clk/X (sky130_fd_sc_hd__clkbuf_16)
                                                         clknet_0_clk (net)
                      0.066229    0.000715    0.342786 ^ clkbuf_1_1__f_clk/A (sky130_fd_sc_hd__clkbuf_16)
    12    0.038817    0.092961    0.245828    0.588614 ^ clkbuf_1_1__f_clk/X (sky130_fd_sc_hd__clkbuf_16)
                                                         clknet_1_1__leaf_clk (net)
                      0.093003    0.001847    0.590461 ^ _154_/CLK (sky130_fd_sc_hd__dfxtp_1)
     2    0.008200    0.141269    0.692707    1.283168 ^ _154_/Q (sky130_fd_sc_hd__dfxtp_1)
                                                         net4 (net)
                      0.141269    0.000624    1.283793 ^ output4/A (sky130_fd_sc_hd__buf_2)
     1    0.034836    0.276697    0.379124    1.662917 ^ output4/X (sky130_fd_sc_hd__buf_2)
                                                         adc_out[1] (net)
                      0.276704    0.001706    1.664623 ^ adc_out[1] (out)
                                              1.664623   data arrival time

                                 50.000000   50.000000   clock clk (rise edge)
                                  0.000000   50.000000   clock network delay (propagated)
                                 -0.250000   49.749996   clock uncertainty
                                  0.000000   49.749996   clock reconvergence pessimism
                                -10.000000   39.749996   output external delay
                                             39.749996   data required time
---------------------------------------------------------------------------------------------
                                             39.749996   data required time
                                             -1.664623   data arrival time
---------------------------------------------------------------------------------------------
                                             38.085373   slack (MET)


Startpoint: _153_ (rising edge-triggered flip-flop clocked by clk)
Endpoint: adc_out[0] (output port clocked by clk)
Path Group: clk
Path Type: max

Fanout         Cap        Slew       Delay        Time   Description
---------------------------------------------------------------------------------------------
                                  0.000000    0.000000   clock clk (rise edge)
                                  0.000000    0.000000   clock source latency
     1    0.017905    0.135463    0.092005    0.092005 ^ clk (in)
                                                         clk (net)
                      0.135470    0.000000    0.092005 ^ clkbuf_0_clk/A (sky130_fd_sc_hd__clkbuf_16)
     2    0.019034    0.066229    0.250066    0.342071 ^ clkbuf_0_clk/X (sky130_fd_sc_hd__clkbuf_16)
                                                         clknet_0_clk (net)
                      0.066229    0.000715    0.342786 ^ clkbuf_1_1__f_clk/A (sky130_fd_sc_hd__clkbuf_16)
    12    0.038817    0.092961    0.245828    0.588614 ^ clkbuf_1_1__f_clk/X (sky130_fd_sc_hd__clkbuf_16)
                                                         clknet_1_1__leaf_clk (net)
                      0.093009    0.001947    0.590561 ^ _153_/CLK (sky130_fd_sc_hd__dfxtp_1)
     2    0.007789    0.135555    0.688512    1.279073 ^ _153_/Q (sky130_fd_sc_hd__dfxtp_1)
                                                         net3 (net)
                      0.135555    0.000454    1.279527 ^ output3/A (sky130_fd_sc_hd__buf_2)
     1    0.035152    0.279081    0.377947    1.657474 ^ output3/X (sky130_fd_sc_hd__buf_2)
                                                         adc_out[0] (net)
                      0.279090    0.001953    1.659427 ^ adc_out[0] (out)
                                              1.659427   data arrival time

                                 50.000000   50.000000   clock clk (rise edge)
                                  0.000000   50.000000   clock network delay (propagated)
                                 -0.250000   49.749996   clock uncertainty
                                  0.000000   49.749996   clock reconvergence pessimism
                                -10.000000   39.749996   output external delay
                                             39.749996   data required time
---------------------------------------------------------------------------------------------
                                             39.749996   data required time
                                             -1.659427   data arrival time
---------------------------------------------------------------------------------------------
                                             38.090569   slack (MET)


Startpoint: _156_ (rising edge-triggered flip-flop clocked by clk)
Endpoint: adc_out[3] (output port clocked by clk)
Path Group: clk
Path Type: max

Fanout         Cap        Slew       Delay        Time   Description
---------------------------------------------------------------------------------------------
                                  0.000000    0.000000   clock clk (rise edge)
                                  0.000000    0.000000   clock source latency
     1    0.017905    0.135463    0.092005    0.092005 ^ clk (in)
                                                         clk (net)
                      0.135470    0.000000    0.092005 ^ clkbuf_0_clk/A (sky130_fd_sc_hd__clkbuf_16)
     2    0.019034    0.066229    0.250066    0.342071 ^ clkbuf_0_clk/X (sky130_fd_sc_hd__clkbuf_16)
                                                         clknet_0_clk (net)
                      0.066229    0.000715    0.342786 ^ clkbuf_1_1__f_clk/A (sky130_fd_sc_hd__clkbuf_16)
    12    0.038817    0.092961    0.245828    0.588614 ^ clkbuf_1_1__f_clk/X (sky130_fd_sc_hd__clkbuf_16)
                                                         clknet_1_1__leaf_clk (net)
                      0.093012    0.001999    0.590613 ^ _156_/CLK (sky130_fd_sc_hd__dfxtp_1)
     2    0.007478    0.131287    0.685127    1.275740 ^ _156_/Q (sky130_fd_sc_hd__dfxtp_1)
                                                         net6 (net)
                      0.131288    0.000602    1.276342 ^ output6/A (sky130_fd_sc_hd__buf_2)
     1    0.034111    0.271281    0.370659    1.647001 ^ output6/X (sky130_fd_sc_hd__buf_2)
                                                         adc_out[3] (net)
                      0.271286    0.001602    1.648603 ^ adc_out[3] (out)
                                              1.648603   data arrival time

                                 50.000000   50.000000   clock clk (rise edge)
                                  0.000000   50.000000   clock network delay (propagated)
                                 -0.250000   49.749996   clock uncertainty
                                  0.000000   49.749996   clock reconvergence pessimism
                                -10.000000   39.749996   output external delay
                                             39.749996   data required time
---------------------------------------------------------------------------------------------
                                             39.749996   data required time
                                             -1.648603   data arrival time
---------------------------------------------------------------------------------------------
                                             38.101395   slack (MET)


Startpoint: _159_ (rising edge-triggered flip-flop clocked by clk)
Endpoint: adc_out[6] (output port clocked by clk)
Path Group: clk
Path Type: max

Fanout         Cap        Slew       Delay        Time   Description
---------------------------------------------------------------------------------------------
                                  0.000000    0.000000   clock clk (rise edge)
                                  0.000000    0.000000   clock source latency
     1    0.017905    0.135463    0.092005    0.092005 ^ clk (in)
                                                         clk (net)
                      0.135470    0.000000    0.092005 ^ clkbuf_0_clk/A (sky130_fd_sc_hd__clkbuf_16)
     2    0.019034    0.066229    0.250066    0.342071 ^ clkbuf_0_clk/X (sky130_fd_sc_hd__clkbuf_16)
                                                         clknet_0_clk (net)
                      0.066229    0.000715    0.342786 ^ clkbuf_1_1__f_clk/A (sky130_fd_sc_hd__clkbuf_16)
    12    0.038817    0.092961    0.245828    0.588614 ^ clkbuf_1_1__f_clk/X (sky130_fd_sc_hd__clkbuf_16)
                                                         clknet_1_1__leaf_clk (net)
                      0.093037    0.002382    0.590995 ^ _159_/CLK (sky130_fd_sc_hd__dfxtp_1)
     2    0.006652    0.119899    0.676548    1.267543 ^ _159_/Q (sky130_fd_sc_hd__dfxtp_1)
                                                         net9 (net)
                      0.119899    0.000408    1.267952 ^ output9/A (sky130_fd_sc_hd__buf_2)
     1    0.034485    0.274043    0.367269    1.635220 ^ output9/X (sky130_fd_sc_hd__buf_2)
                                                         adc_out[6] (net)
                      0.274049    0.001651    1.636871 ^ adc_out[6] (out)
                                              1.636871   data arrival time

                                 50.000000   50.000000   clock clk (rise edge)
                                  0.000000   50.000000   clock network delay (propagated)
                                 -0.250000   49.749996   clock uncertainty
                                  0.000000   49.749996   clock reconvergence pessimism
                                -10.000000   39.749996   output external delay
                                             39.749996   data required time
---------------------------------------------------------------------------------------------
                                             39.749996   data required time
                                             -1.636871   data arrival time
---------------------------------------------------------------------------------------------
                                             38.113125   slack (MET)


Startpoint: _155_ (rising edge-triggered flip-flop clocked by clk)
Endpoint: adc_out[2] (output port clocked by clk)
Path Group: clk
Path Type: max

Fanout         Cap        Slew       Delay        Time   Description
---------------------------------------------------------------------------------------------
                                  0.000000    0.000000   clock clk (rise edge)
                                  0.000000    0.000000   clock source latency
     1    0.017905    0.135463    0.092005    0.092005 ^ clk (in)
                                                         clk (net)
                      0.135470    0.000000    0.092005 ^ clkbuf_0_clk/A (sky130_fd_sc_hd__clkbuf_16)
     2    0.019034    0.066229    0.250066    0.342071 ^ clkbuf_0_clk/X (sky130_fd_sc_hd__clkbuf_16)
                                                         clknet_0_clk (net)
                      0.066229    0.000715    0.342786 ^ clkbuf_1_1__f_clk/A (sky130_fd_sc_hd__clkbuf_16)
    12    0.038817    0.092961    0.245828    0.588614 ^ clkbuf_1_1__f_clk/X (sky130_fd_sc_hd__clkbuf_16)
                                                         clknet_1_1__leaf_clk (net)
                      0.093019    0.002110    0.590724 ^ _155_/CLK (sky130_fd_sc_hd__dfxtp_1)
     2    0.005838    0.108670    0.668005    1.258729 ^ _155_/Q (sky130_fd_sc_hd__dfxtp_1)
                                                         net5 (net)
                      0.108670    0.000354    1.259082 ^ output5/A (sky130_fd_sc_hd__buf_2)
     1    0.034094    0.271111    0.359959    1.619041 ^ output5/X (sky130_fd_sc_hd__buf_2)
                                                         adc_out[2] (net)
                      0.271116    0.001602    1.620643 ^ adc_out[2] (out)
                                              1.620643   data arrival time

                                 50.000000   50.000000   clock clk (rise edge)
                                  0.000000   50.000000   clock network delay (propagated)
                                 -0.250000   49.749996   clock uncertainty
                                  0.000000   49.749996   clock reconvergence pessimism
                                -10.000000   39.749996   output external delay
                                             39.749996   data required time
---------------------------------------------------------------------------------------------
                                             39.749996   data required time
                                             -1.620643   data arrival time
---------------------------------------------------------------------------------------------
                                             38.129356   slack (MET)


Startpoint: _157_ (rising edge-triggered flip-flop clocked by clk)
Endpoint: adc_out[4] (output port clocked by clk)
Path Group: clk
Path Type: max

Fanout         Cap        Slew       Delay        Time   Description
---------------------------------------------------------------------------------------------
                                  0.000000    0.000000   clock clk (rise edge)
                                  0.000000    0.000000   clock source latency
     1    0.017905    0.135463    0.092005    0.092005 ^ clk (in)
                                                         clk (net)
                      0.135470    0.000000    0.092005 ^ clkbuf_0_clk/A (sky130_fd_sc_hd__clkbuf_16)
     2    0.019034    0.066229    0.250066    0.342071 ^ clkbuf_0_clk/X (sky130_fd_sc_hd__clkbuf_16)
                                                         clknet_0_clk (net)
                      0.066229    0.000715    0.342786 ^ clkbuf_1_1__f_clk/A (sky130_fd_sc_hd__clkbuf_16)
    12    0.038817    0.092961    0.245828    0.588614 ^ clkbuf_1_1__f_clk/X (sky130_fd_sc_hd__clkbuf_16)
                                                         clknet_1_1__leaf_clk (net)
                      0.093033    0.002321    0.590935 ^ _157_/CLK (sky130_fd_sc_hd__dfxtp_1)
     2    0.005518    0.104315    0.664685    1.255620 ^ _157_/Q (sky130_fd_sc_hd__dfxtp_1)
                                                         net7 (net)
                      0.104315    0.000300    1.255921 ^ output7/A (sky130_fd_sc_hd__buf_2)
     1    0.034105    0.271183    0.357975    1.613895 ^ output7/X (sky130_fd_sc_hd__buf_2)
                                                         adc_out[4] (net)
                      0.271188    0.001602    1.615497 ^ adc_out[4] (out)
                                              1.615497   data arrival time

                                 50.000000   50.000000   clock clk (rise edge)
                                  0.000000   50.000000   clock network delay (propagated)
                                 -0.250000   49.749996   clock uncertainty
                                  0.000000   49.749996   clock reconvergence pessimism
                                -10.000000   39.749996   output external delay
                                             39.749996   data required time
---------------------------------------------------------------------------------------------
                                             39.749996   data required time
                                             -1.615497   data arrival time
---------------------------------------------------------------------------------------------
                                             38.134499   slack (MET)


Startpoint: _158_ (rising edge-triggered flip-flop clocked by clk)
Endpoint: adc_out[5] (output port clocked by clk)
Path Group: clk
Path Type: max

Fanout         Cap        Slew       Delay        Time   Description
---------------------------------------------------------------------------------------------
                                  0.000000    0.000000   clock clk (rise edge)
                                  0.000000    0.000000   clock source latency
     1    0.017905    0.135463    0.092005    0.092005 ^ clk (in)
                                                         clk (net)
                      0.135470    0.000000    0.092005 ^ clkbuf_0_clk/A (sky130_fd_sc_hd__clkbuf_16)
     2    0.019034    0.066229    0.250066    0.342071 ^ clkbuf_0_clk/X (sky130_fd_sc_hd__clkbuf_16)
                                                         clknet_0_clk (net)
                      0.066229    0.000715    0.342786 ^ clkbuf_1_1__f_clk/A (sky130_fd_sc_hd__clkbuf_16)
    12    0.038817    0.092961    0.245828    0.588614 ^ clkbuf_1_1__f_clk/X (sky130_fd_sc_hd__clkbuf_16)
                                                         clknet_1_1__leaf_clk (net)
                      0.093037    0.002375    0.590989 ^ _158_/CLK (sky130_fd_sc_hd__dfxtp_1)
     2    0.005215    0.100209    0.661505    1.252494 ^ _158_/Q (sky130_fd_sc_hd__dfxtp_1)
                                                         net8 (net)
                      0.100209    0.000230    1.252724 ^ output8/A (sky130_fd_sc_hd__buf_2)
     1    0.034106    0.271184    0.356055    1.608779 ^ output8/X (sky130_fd_sc_hd__buf_2)
                                                         adc_out[5] (net)
                      0.271190    0.001602    1.610381 ^ adc_out[5] (out)
                                              1.610381   data arrival time

                                 50.000000   50.000000   clock clk (rise edge)
                                  0.000000   50.000000   clock network delay (propagated)
                                 -0.250000   49.749996   clock uncertainty
                                  0.000000   49.749996   clock reconvergence pessimism
                                -10.000000   39.749996   output external delay
                                             39.749996   data required time
---------------------------------------------------------------------------------------------
                                             39.749996   data required time
                                             -1.610381   data arrival time
---------------------------------------------------------------------------------------------
                                             38.139614   slack (MET)


Startpoint: rst_n (input port clocked by clk)
Endpoint: _160_ (rising edge-triggered flip-flop clocked by clk)
Path Group: clk
Path Type: max

Fanout         Cap        Slew       Delay        Time   Description
---------------------------------------------------------------------------------------------
                                  0.000000    0.000000   clock clk (rise edge)
                                  0.000000    0.000000   clock network delay (propagated)
                                 10.000000   10.000000 ^ input external delay
     1    0.003546    0.037231    0.019784   10.019784 ^ rst_n (in)
                                                         rst_n (net)
                      0.037231    0.000000   10.019784 ^ input2/A (sky130_fd_sc_hd__buf_1)
     2    0.023900    0.454668    0.407301   10.427085 ^ input2/X (sky130_fd_sc_hd__buf_1)
                                                         net2 (net)
                      0.454710    0.003626   10.430711 ^ _102_/C1 (sky130_fd_sc_hd__o211a_1)
     1    0.002133    0.071188    0.410851   10.841561 ^ _102_/X (sky130_fd_sc_hd__o211a_1)
                                                         _009_ (net)
                      0.071385    0.000141   10.841703 ^ hold3/A (sky130_fd_sc_hd__dlygate4sd3_1)
     1    0.002144    0.084470    1.031336   11.873039 ^ hold3/X (sky130_fd_sc_hd__dlygate4sd3_1)
                                                         net38 (net)
                      0.084470    0.000152   11.873191 ^ _160_/D (sky130_fd_sc_hd__dfxtp_1)
                                             11.873191   data arrival time

                                 50.000000   50.000000   clock clk (rise edge)
                                  0.000000   50.000000   clock source latency
     1    0.017905    0.135463    0.092005   50.092003 ^ clk (in)
                                                         clk (net)
                      0.135470    0.000000   50.092003 ^ clkbuf_0_clk/A (sky130_fd_sc_hd__clkbuf_16)
     2    0.019034    0.066229    0.250065   50.342068 ^ clkbuf_0_clk/X (sky130_fd_sc_hd__clkbuf_16)
                                                         clknet_0_clk (net)
                      0.066229    0.000718   50.342785 ^ clkbuf_1_1__f_clk/A (sky130_fd_sc_hd__clkbuf_16)
    12    0.038817    0.092961    0.245826   50.588612 ^ clkbuf_1_1__f_clk/X (sky130_fd_sc_hd__clkbuf_16)
                                                         clknet_1_1__leaf_clk (net)
                      0.092980    0.001339   50.589951 ^ _160_/CLK (sky130_fd_sc_hd__dfxtp_1)
                                 -0.250000   50.339951   clock uncertainty
                                  0.000000   50.339951   clock reconvergence pessimism
                                 -0.128245   50.211704   library setup time
                                             50.211704   data required time
---------------------------------------------------------------------------------------------
                                             50.211704   data required time
                                            -11.873191   data arrival time
---------------------------------------------------------------------------------------------
                                             38.338512   slack (MET)


Startpoint: rst_n (input port clocked by clk)
Endpoint: _153_ (rising edge-triggered flip-flop clocked by clk)
Path Group: clk
Path Type: max

Fanout         Cap        Slew       Delay        Time   Description
---------------------------------------------------------------------------------------------
                                  0.000000    0.000000   clock clk (rise edge)
                                  0.000000    0.000000   clock network delay (propagated)
                                 10.000000   10.000000 ^ input external delay
     1    0.003546    0.037231    0.019784   10.019784 ^ rst_n (in)
                                                         rst_n (net)
                      0.037231    0.000000   10.019784 ^ input2/A (sky130_fd_sc_hd__buf_1)
     2    0.023900    0.454668    0.407301   10.427085 ^ input2/X (sky130_fd_sc_hd__buf_1)
                                                         net2 (net)
                      0.454696    0.002975   10.430059 ^ fanout34/A (sky130_fd_sc_hd__buf_2)
    10    0.039367    0.311648    0.530219   10.960279 ^ fanout34/X (sky130_fd_sc_hd__buf_2)
                                                         net34 (net)
                      0.311700    0.004018   10.964297 ^ _088_/C1 (sky130_fd_sc_hd__o211a_1)
     1    0.002221    0.072112    0.358787   11.323084 ^ _088_/X (sky130_fd_sc_hd__o211a_1)
                                                         _002_ (net)
                      0.072112    0.000144   11.323228 ^ _153_/D (sky130_fd_sc_hd__dfxtp_1)
                                             11.323228   data arrival time

                                 50.000000   50.000000   clock clk (rise edge)
                                  0.000000   50.000000   clock source latency
     1    0.017905    0.135463    0.092005   50.092003 ^ clk (in)
                                                         clk (net)
                      0.135470    0.000000   50.092003 ^ clkbuf_0_clk/A (sky130_fd_sc_hd__clkbuf_16)
     2    0.019034    0.066229    0.250065   50.342068 ^ clkbuf_0_clk/X (sky130_fd_sc_hd__clkbuf_16)
                                                         clknet_0_clk (net)
                      0.066229    0.000718   50.342785 ^ clkbuf_1_1__f_clk/A (sky130_fd_sc_hd__clkbuf_16)
    12    0.038817    0.092961    0.245826   50.588612 ^ clkbuf_1_1__f_clk/X (sky130_fd_sc_hd__clkbuf_16)
                                                         clknet_1_1__leaf_clk (net)
                      0.093009    0.001947   50.590557 ^ _153_/CLK (sky130_fd_sc_hd__dfxtp_1)
                                 -0.250000   50.340557   clock uncertainty
                                  0.000000   50.340557   clock reconvergence pessimism
                                 -0.125028   50.215530   library setup time
                                             50.215530   data required time
---------------------------------------------------------------------------------------------
                                             50.215530   data required time
                                            -11.323228   data arrival time
---------------------------------------------------------------------------------------------
                                             38.892303   slack (MET)


Startpoint: rst_n (input port clocked by clk)
Endpoint: _159_ (rising edge-triggered flip-flop clocked by clk)
Path Group: clk
Path Type: max

Fanout         Cap        Slew       Delay        Time   Description
---------------------------------------------------------------------------------------------
                                  0.000000    0.000000   clock clk (rise edge)
                                  0.000000    0.000000   clock network delay (propagated)
                                 10.000000   10.000000 ^ input external delay
     1    0.003546    0.037231    0.019784   10.019784 ^ rst_n (in)
                                                         rst_n (net)
                      0.037231    0.000000   10.019784 ^ input2/A (sky130_fd_sc_hd__buf_1)
     2    0.023900    0.454668    0.407301   10.427085 ^ input2/X (sky130_fd_sc_hd__buf_1)
                                                         net2 (net)
                      0.454696    0.002975   10.430059 ^ fanout34/A (sky130_fd_sc_hd__buf_2)
    10    0.039367    0.311648    0.530219   10.960279 ^ fanout34/X (sky130_fd_sc_hd__buf_2)
                                                         net34 (net)
                      0.311717    0.004491   10.964770 ^ _100_/C1 (sky130_fd_sc_hd__o211a_1)
     1    0.002132    0.070237    0.357608   11.322378 ^ _100_/X (sky130_fd_sc_hd__o211a_1)
                                                         _008_ (net)
                      0.070237    0.000151   11.322529 ^ _159_/D (sky130_fd_sc_hd__dfxtp_1)
                                             11.322529   data arrival time

                                 50.000000   50.000000   clock clk (rise edge)
                                  0.000000   50.000000   clock source latency
     1    0.017905    0.135463    0.092005   50.092003 ^ clk (in)
                                                         clk (net)
                      0.135470    0.000000   50.092003 ^ clkbuf_0_clk/A (sky130_fd_sc_hd__clkbuf_16)
     2    0.019034    0.066229    0.250065   50.342068 ^ clkbuf_0_clk/X (sky130_fd_sc_hd__clkbuf_16)
                                                         clknet_0_clk (net)
                      0.066229    0.000718   50.342785 ^ clkbuf_1_1__f_clk/A (sky130_fd_sc_hd__clkbuf_16)
    12    0.038817    0.092961    0.245826   50.588612 ^ clkbuf_1_1__f_clk/X (sky130_fd_sc_hd__clkbuf_16)
                                                         clknet_1_1__leaf_clk (net)
                      0.093037    0.002380   50.590992 ^ _159_/CLK (sky130_fd_sc_hd__dfxtp_1)
                                 -0.250000   50.340992   clock uncertainty
                                  0.000000   50.340992   clock reconvergence pessimism
                                 -0.124536   50.216454   library setup time
                                             50.216454   data required time
---------------------------------------------------------------------------------------------
                                             50.216454   data required time
                                            -11.322529   data arrival time
---------------------------------------------------------------------------------------------
                                             38.893925   slack (MET)


Startpoint: rst_n (input port clocked by clk)
Endpoint: _155_ (rising edge-triggered flip-flop clocked by clk)
Path Group: clk
Path Type: max

Fanout         Cap        Slew       Delay        Time   Description
---------------------------------------------------------------------------------------------
                                  0.000000    0.000000   clock clk (rise edge)
                                  0.000000    0.000000   clock network delay (propagated)
                                 10.000000   10.000000 ^ input external delay
     1    0.003546    0.037231    0.019784   10.019784 ^ rst_n (in)
                                                         rst_n (net)
                      0.037231    0.000000   10.019784 ^ input2/A (sky130_fd_sc_hd__buf_1)
     2    0.023900    0.454668    0.407301   10.427085 ^ input2/X (sky130_fd_sc_hd__buf_1)
                                                         net2 (net)
                      0.454696    0.002975   10.430059 ^ fanout34/A (sky130_fd_sc_hd__buf_2)
    10    0.039367    0.311648    0.530219   10.960279 ^ fanout34/X (sky130_fd_sc_hd__buf_2)
                                                         net34 (net)
                      0.311711    0.004341   10.964620 ^ _092_/C1 (sky130_fd_sc_hd__o211a_1)
     1    0.001931    0.069003    0.354954   11.319574 ^ _092_/X (sky130_fd_sc_hd__o211a_1)
                                                         _004_ (net)
                      0.069003    0.000132   11.319706 ^ _155_/D (sky130_fd_sc_hd__dfxtp_1)
                                             11.319706   data arrival time

                                 50.000000   50.000000   clock clk (rise edge)
                                  0.000000   50.000000   clock source latency
     1    0.017905    0.135463    0.092005   50.092003 ^ clk (in)
                                                         clk (net)
                      0.135470    0.000000   50.092003 ^ clkbuf_0_clk/A (sky130_fd_sc_hd__clkbuf_16)
     2    0.019034    0.066229    0.250065   50.342068 ^ clkbuf_0_clk/X (sky130_fd_sc_hd__clkbuf_16)
                                                         clknet_0_clk (net)
                      0.066229    0.000718   50.342785 ^ clkbuf_1_1__f_clk/A (sky130_fd_sc_hd__clkbuf_16)
    12    0.038817    0.092961    0.245826   50.588612 ^ clkbuf_1_1__f_clk/X (sky130_fd_sc_hd__clkbuf_16)
                                                         clknet_1_1__leaf_clk (net)
                      0.093019    0.002110   50.590721 ^ _155_/CLK (sky130_fd_sc_hd__dfxtp_1)
                                 -0.250000   50.340721   clock uncertainty
                                  0.000000   50.340721   clock reconvergence pessimism
                                 -0.124219   50.216503   library setup time
                                             50.216503   data required time
---------------------------------------------------------------------------------------------
                                             50.216503   data required time
                                            -11.319706   data arrival time
---------------------------------------------------------------------------------------------
                                             38.896797   slack (MET)


Startpoint: rst_n (input port clocked by clk)
Endpoint: _157_ (rising edge-triggered flip-flop clocked by clk)
Path Group: clk
Path Type: max

Fanout         Cap        Slew       Delay        Time   Description
---------------------------------------------------------------------------------------------
                                  0.000000    0.000000   clock clk (rise edge)
                                  0.000000    0.000000   clock network delay (propagated)
                                 10.000000   10.000000 ^ input external delay
     1    0.003546    0.037231    0.019784   10.019784 ^ rst_n (in)
                                                         rst_n (net)
                      0.037231    0.000000   10.019784 ^ input2/A (sky130_fd_sc_hd__buf_1)
     2    0.023900    0.454668    0.407301   10.427085 ^ input2/X (sky130_fd_sc_hd__buf_1)
                                                         net2 (net)
                      0.454696    0.002975   10.430059 ^ fanout34/A (sky130_fd_sc_hd__buf_2)
    10    0.039367    0.311648    0.530219   10.960279 ^ fanout34/X (sky130_fd_sc_hd__buf_2)
                                                         net34 (net)
                      0.311713    0.004391   10.964670 ^ _096_/C1 (sky130_fd_sc_hd__o211a_1)
     1    0.001939    0.068142    0.355061   11.319732 ^ _096_/X (sky130_fd_sc_hd__o211a_1)
                                                         _006_ (net)
                      0.068142    0.000132   11.319863 ^ _157_/D (sky130_fd_sc_hd__dfxtp_1)
                                             11.319863   data arrival time

                                 50.000000   50.000000   clock clk (rise edge)
                                  0.000000   50.000000   clock source latency
     1    0.017905    0.135463    0.092005   50.092003 ^ clk (in)
                                                         clk (net)
                      0.135470    0.000000   50.092003 ^ clkbuf_0_clk/A (sky130_fd_sc_hd__clkbuf_16)
     2    0.019034    0.066229    0.250065   50.342068 ^ clkbuf_0_clk/X (sky130_fd_sc_hd__clkbuf_16)
                                                         clknet_0_clk (net)
                      0.066229    0.000718   50.342785 ^ clkbuf_1_1__f_clk/A (sky130_fd_sc_hd__clkbuf_16)
    12    0.038817    0.092961    0.245826   50.588612 ^ clkbuf_1_1__f_clk/X (sky130_fd_sc_hd__clkbuf_16)
                                                         clknet_1_1__leaf_clk (net)
                      0.093033    0.002320   50.590931 ^ _157_/CLK (sky130_fd_sc_hd__dfxtp_1)
                                 -0.250000   50.340931   clock uncertainty
                                  0.000000   50.340931   clock reconvergence pessimism
                                 -0.123992   50.216938   library setup time
                                             50.216938   data required time
---------------------------------------------------------------------------------------------
                                             50.216938   data required time
                                            -11.319863   data arrival time
---------------------------------------------------------------------------------------------
                                             38.897076   slack (MET)


Startpoint: rst_n (input port clocked by clk)
Endpoint: _156_ (rising edge-triggered flip-flop clocked by clk)
Path Group: clk
Path Type: max

Fanout         Cap        Slew       Delay        Time   Description
---------------------------------------------------------------------------------------------
                                  0.000000    0.000000   clock clk (rise edge)
                                  0.000000    0.000000   clock network delay (propagated)
                                 10.000000   10.000000 ^ input external delay
     1    0.003546    0.037231    0.019784   10.019784 ^ rst_n (in)
                                                         rst_n (net)
                      0.037231    0.000000   10.019784 ^ input2/A (sky130_fd_sc_hd__buf_1)
     2    0.023900    0.454668    0.407301   10.427085 ^ input2/X (sky130_fd_sc_hd__buf_1)
                                                         net2 (net)
                      0.454696    0.002975   10.430059 ^ fanout34/A (sky130_fd_sc_hd__buf_2)
    10    0.039367    0.311648    0.530219   10.960279 ^ fanout34/X (sky130_fd_sc_hd__buf_2)
                                                         net34 (net)
                      0.311689    0.003636   10.963916 ^ _094_/C1 (sky130_fd_sc_hd__o211a_1)
     1    0.001921    0.068358    0.354810   11.318726 ^ _094_/X (sky130_fd_sc_hd__o211a_1)
                                                         _005_ (net)
                      0.068358    0.000133   11.318859 ^ _156_/D (sky130_fd_sc_hd__dfxtp_1)
                                             11.318859   data arrival time

                                 50.000000   50.000000   clock clk (rise edge)
                                  0.000000   50.000000   clock source latency
     1    0.017905    0.135463    0.092005   50.092003 ^ clk (in)
                                                         clk (net)
                      0.135470    0.000000   50.092003 ^ clkbuf_0_clk/A (sky130_fd_sc_hd__clkbuf_16)
     2    0.019034    0.066229    0.250065   50.342068 ^ clkbuf_0_clk/X (sky130_fd_sc_hd__clkbuf_16)
                                                         clknet_0_clk (net)
                      0.066229    0.000718   50.342785 ^ clkbuf_1_1__f_clk/A (sky130_fd_sc_hd__clkbuf_16)
    12    0.038817    0.092961    0.245826   50.588612 ^ clkbuf_1_1__f_clk/X (sky130_fd_sc_hd__clkbuf_16)
                                                         clknet_1_1__leaf_clk (net)
                      0.093012    0.002000   50.590611 ^ _156_/CLK (sky130_fd_sc_hd__dfxtp_1)
                                 -0.250000   50.340611   clock uncertainty
                                  0.000000   50.340611   clock reconvergence pessimism
                                 -0.124052   50.216557   library setup time
                                             50.216557   data required time
---------------------------------------------------------------------------------------------
                                             50.216557   data required time
                                            -11.318859   data arrival time
---------------------------------------------------------------------------------------------
                                             38.897697   slack (MET)


Startpoint: rst_n (input port clocked by clk)
Endpoint: _158_ (rising edge-triggered flip-flop clocked by clk)
Path Group: clk
Path Type: max

Fanout         Cap        Slew       Delay        Time   Description
---------------------------------------------------------------------------------------------
                                  0.000000    0.000000   clock clk (rise edge)
                                  0.000000    0.000000   clock network delay (propagated)
                                 10.000000   10.000000 ^ input external delay
     1    0.003546    0.037231    0.019784   10.019784 ^ rst_n (in)
                                                         rst_n (net)
                      0.037231    0.000000   10.019784 ^ input2/A (sky130_fd_sc_hd__buf_1)
     2    0.023900    0.454668    0.407301   10.427085 ^ input2/X (sky130_fd_sc_hd__buf_1)
                                                         net2 (net)
                      0.454696    0.002975   10.430059 ^ fanout34/A (sky130_fd_sc_hd__buf_2)
    10    0.039367    0.311648    0.530219   10.960279 ^ fanout34/X (sky130_fd_sc_hd__buf_2)
                                                         net34 (net)
                      0.311714    0.004430   10.964709 ^ _098_/C1 (sky130_fd_sc_hd__o211a_1)
     1    0.001863    0.067313    0.354063   11.318772 ^ _098_/X (sky130_fd_sc_hd__o211a_1)
                                                         _007_ (net)
                      0.067313    0.000086   11.318858 ^ _158_/D (sky130_fd_sc_hd__dfxtp_1)
                                             11.318858   data arrival time

                                 50.000000   50.000000   clock clk (rise edge)
                                  0.000000   50.000000   clock source latency
     1    0.017905    0.135463    0.092005   50.092003 ^ clk (in)
                                                         clk (net)
                      0.135470    0.000000   50.092003 ^ clkbuf_0_clk/A (sky130_fd_sc_hd__clkbuf_16)
     2    0.019034    0.066229    0.250065   50.342068 ^ clkbuf_0_clk/X (sky130_fd_sc_hd__clkbuf_16)
                                                         clknet_0_clk (net)
                      0.066229    0.000718   50.342785 ^ clkbuf_1_1__f_clk/A (sky130_fd_sc_hd__clkbuf_16)
    12    0.038817    0.092961    0.245826   50.588612 ^ clkbuf_1_1__f_clk/X (sky130_fd_sc_hd__clkbuf_16)
                                                         clknet_1_1__leaf_clk (net)
                      0.093037    0.002377   50.590988 ^ _158_/CLK (sky130_fd_sc_hd__dfxtp_1)
                                 -0.250000   50.340988   clock uncertainty
                                  0.000000   50.340988   clock reconvergence pessimism
                                 -0.123776   50.217213   library setup time
                                             50.217213   data required time
---------------------------------------------------------------------------------------------
                                             50.217213   data required time
                                            -11.318858   data arrival time
---------------------------------------------------------------------------------------------
                                             38.898354   slack (MET)


Startpoint: rst_n (input port clocked by clk)
Endpoint: _154_ (rising edge-triggered flip-flop clocked by clk)
Path Group: clk
Path Type: max

Fanout         Cap        Slew       Delay        Time   Description
---------------------------------------------------------------------------------------------
                                  0.000000    0.000000   clock clk (rise edge)
                                  0.000000    0.000000   clock network delay (propagated)
                                 10.000000   10.000000 ^ input external delay
     1    0.003546    0.037231    0.019784   10.019784 ^ rst_n (in)
                                                         rst_n (net)
                      0.037231    0.000000   10.019784 ^ input2/A (sky130_fd_sc_hd__buf_1)
     2    0.023900    0.454668    0.407301   10.427085 ^ input2/X (sky130_fd_sc_hd__buf_1)
                                                         net2 (net)
                      0.454696    0.002975   10.430059 ^ fanout34/A (sky130_fd_sc_hd__buf_2)
    10    0.039367    0.311648    0.530219   10.960279 ^ fanout34/X (sky130_fd_sc_hd__buf_2)
                                                         net34 (net)
                      0.311670    0.002888   10.963167 ^ _090_/C1 (sky130_fd_sc_hd__o211a_1)
     1    0.001814    0.066787    0.353396   11.316563 ^ _090_/X (sky130_fd_sc_hd__o211a_1)
                                                         _003_ (net)
                      0.066787    0.000128   11.316691 ^ _154_/D (sky130_fd_sc_hd__dfxtp_1)
                                             11.316691   data arrival time

                                 50.000000   50.000000   clock clk (rise edge)
                                  0.000000   50.000000   clock source latency
     1    0.017905    0.135463    0.092005   50.092003 ^ clk (in)
                                                         clk (net)
                      0.135470    0.000000   50.092003 ^ clkbuf_0_clk/A (sky130_fd_sc_hd__clkbuf_16)
     2    0.019034    0.066229    0.250065   50.342068 ^ clkbuf_0_clk/X (sky130_fd_sc_hd__clkbuf_16)
                                                         clknet_0_clk (net)
                      0.066229    0.000718   50.342785 ^ clkbuf_1_1__f_clk/A (sky130_fd_sc_hd__clkbuf_16)
    12    0.038817    0.092961    0.245826   50.588612 ^ clkbuf_1_1__f_clk/X (sky130_fd_sc_hd__clkbuf_16)
                                                         clknet_1_1__leaf_clk (net)
                      0.093003    0.001847   50.590458 ^ _154_/CLK (sky130_fd_sc_hd__dfxtp_1)
                                 -0.250000   50.340458   clock uncertainty
                                  0.000000   50.340458   clock reconvergence pessimism
                                 -0.123645   50.216812   library setup time
                                             50.216812   data required time
---------------------------------------------------------------------------------------------
                                             50.216812   data required time
                                            -11.316691   data arrival time
---------------------------------------------------------------------------------------------
                                             38.900124   slack (MET)



%OL_END_REPORT
%OL_CREATE_REPORT checks.rpt

===========================================================================
report_checks -unconstrained
===========================================================================
======================= max_ss_100C_1v60 Corner ===================================

Startpoint: _152_ (rising edge-triggered flip-flop clocked by clk')
Endpoint: comparator_clk (output port clocked by clk)
Path Group: clk
Path Type: max

Fanout         Cap        Slew       Delay        Time   Description
---------------------------------------------------------------------------------------------
                                 25.000000   25.000000   clock clk' (rise edge)
                                  0.000000   25.000000   clock source latency
     1    0.017019    0.076181    0.052893   25.052893 v clk (in)
                                                         clk (net)
                      0.076192    0.000000   25.052893 v clkbuf_0_clk/A (sky130_fd_sc_hd__clkbuf_16)
     2    0.017262    0.054824    0.256666   25.309557 v clkbuf_0_clk/X (sky130_fd_sc_hd__clkbuf_16)
                                                         clknet_0_clk (net)
                      0.054824    0.000647   25.310204 v clkbuf_1_1__f_clk/A (sky130_fd_sc_hd__clkbuf_16)
    12    0.037166    0.073940    0.269761   25.579966 v clkbuf_1_1__f_clk/X (sky130_fd_sc_hd__clkbuf_16)
                                                         clknet_1_1__leaf_clk (net)
                      0.073971    0.001446   25.581411 v _083__1/A (sky130_fd_sc_hd__inv_2)
     1    0.002254    0.033114    0.065407   25.646818 ^ _083__1/Y (sky130_fd_sc_hd__inv_2)
                                                         net35 (net)
                      0.033114    0.000151   25.646969 ^ _152_/CLK (sky130_fd_sc_hd__dfxtp_1)
     3    0.015125    0.237517    0.737625   26.384594 ^ _152_/Q (sky130_fd_sc_hd__dfxtp_1)
                                                         net11 (net)
                      0.237517    0.000929   26.385525 ^ output11/A (sky130_fd_sc_hd__buf_2)
     1    0.035467    0.281651    0.426338   26.811861 ^ output11/X (sky130_fd_sc_hd__buf_2)
                                                         comparator_clk (net)
                      0.281660    0.001927   26.813789 ^ comparator_clk (out)
                                             26.813789   data arrival time

                                 50.000000   50.000000   clock clk (rise edge)
                                  0.000000   50.000000   clock network delay (propagated)
                                 -0.250000   49.749996   clock uncertainty
                                  0.000000   49.749996   clock reconvergence pessimism
                                -10.000000   39.749996   output external delay
                                             39.749996   data required time
---------------------------------------------------------------------------------------------
                                             39.749996   data required time
                                            -26.813789   data arrival time
---------------------------------------------------------------------------------------------
                                             12.936207   slack (MET)




===========================================================================
report_checks --slack_max -0.01
============================================================================
======================= max_ss_100C_1v60 Corner ===================================

No paths found.


===========================================================================
 report_check_types -max_slew -max_cap -max_fanout -violators
============================================================================
======================= max_ss_100C_1v60 Corner ===================================

max slew

Pin                                        Limit        Slew       Slack
------------------------------------------------------------------------
_085_/Y                                 0.750000    1.339006   -0.589006 (VIOLATED)
_089_/B                                 0.750000    1.339006   -0.589006 (VIOLATED)
_093_/B                                 0.750000    1.339006   -0.589006 (VIOLATED)
_101_/B                                 0.750000    1.339006   -0.589006 (VIOLATED)
max_cap29/A                             0.750000    1.339006   -0.589006 (VIOLATED)

max fanout

Pin                                   Limit Fanout  Slack
---------------------------------------------------------
clkbuf_1_1__f_clk/X                      10     12     -2 (VIOLATED)



===========================================================================
report_parasitic_annotation -report_unannotated
============================================================================
Found 1 unannotated drivers.
 clkload0/Y
Found 0 partially unannotated drivers.

===========================================================================
max slew violation count 5
%OL_METRIC_I design__max_slew_violation__count__corner:max_ss_100C_1v60 5
max fanout violation count 1
%OL_METRIC_I design__max_fanout_violation__count__corner:max_ss_100C_1v60 1
max cap violation count 0
%OL_METRIC_I design__max_cap_violation__count__corner:max_ss_100C_1v60 0
============================================================================

===========================================================================
check_setup -verbose -unconstrained_endpoints -multiple_clock -no_clock -no_input_delay -loops -generated_clocks
===========================================================================
%OL_END_REPORT
%OL_CREATE_REPORT power.rpt

===========================================================================
 report_power
============================================================================
======================= max_ss_100C_1v60 Corner ===================================

Group                    Internal    Switching      Leakage        Total
                            Power        Power        Power        Power (Watts)
------------------------------------------------------------------------
Sequential           1.331347e-05 4.206320e-07 2.895736e-07 1.402367e-05  43.2%
Combinational        1.225907e-06 2.499872e-06 5.838650e-07 4.309644e-06  13.3%
Clock                8.952928e-06 5.099290e-06 6.226641e-08 1.411448e-05  43.5%
Macro                0.000000e+00 0.000000e+00 0.000000e+00 0.000000e+00   0.0%
Pad                  0.000000e+00 0.000000e+00 0.000000e+00 0.000000e+00   0.0%
------------------------------------------------------------------------
Total                2.349230e-05 8.019794e-06 9.357047e-07 3.244780e-05 100.0%
                            72.4%        24.7%         2.9%
%OL_METRIC_F power__internal__total 2.3492302716476843e-5
%OL_METRIC_F power__switching__total 8.019794222491328e-6
%OL_METRIC_F power__leakage__total 9.357047474622959e-7
%OL_METRIC_F power__total 3.244780236855149e-5

%OL_END_REPORT
%OL_CREATE_REPORT skew.min.rpt

===========================================================================
Clock Skew (Hold)
============================================================================
%OL_METRIC_F clock__skew__worst_hold__corner:max_ss_100C_1v60 -0.2513445356319984
======================= max_ss_100C_1v60 Corner ===================================

Clock clk
0.589591 source latency _165_/CLK ^
-0.590935 target latency _157_/CLK ^
-0.250000 clock uncertainty
0.000000 CRPR
--------------
-0.251345 hold skew

%OL_END_REPORT
%OL_CREATE_REPORT skew.max.rpt

===========================================================================
Clock Skew (Setup)
============================================================================
%OL_METRIC_F clock__skew__worst_setup__corner:max_ss_100C_1v60 0.30737976922681515
======================= max_ss_100C_1v60 Corner ===================================

Clock clk
0.646971 source latency _152_/CLK ^
-0.589591 target latency _165_/CLK ^
0.250000 clock uncertainty
0.000000 CRPR
--------------
0.307380 setup skew

%OL_END_REPORT
%OL_CREATE_REPORT ws.min.rpt

===========================================================================
Worst Slack (Hold)
============================================================================
%OL_METRIC_F timing__hold__ws__corner:max_ss_100C_1v60 0.9909032763681584
max_ss_100C_1v60: 0.9909032763681584
%OL_END_REPORT
%OL_CREATE_REPORT ws.max.rpt

===========================================================================
Worst Slack (Setup)
============================================================================
%OL_METRIC_F timing__setup__ws__corner:max_ss_100C_1v60 12.936207138312366
max_ss_100C_1v60: 12.936207138312366
%OL_END_REPORT
%OL_CREATE_REPORT tns.min.rpt

===========================================================================
Total Negative Slack (Hold)
============================================================================
%OL_METRIC_F timing__hold__tns__corner:max_ss_100C_1v60 0.0
max_ss_100C_1v60: 0.0
%OL_END_REPORT
%OL_CREATE_REPORT tns.max.rpt

===========================================================================
Total Negative Slack (Setup)
============================================================================
%OL_METRIC_F timing__setup__tns__corner:max_ss_100C_1v60 0.0
max_ss_100C_1v60: 0.0
%OL_END_REPORT
%OL_CREATE_REPORT wns.min.rpt

===========================================================================
Worst Negative Slack (Hold)
============================================================================
%OL_METRIC_F timing__hold__wns__corner:max_ss_100C_1v60 0
max_ss_100C_1v60: 0
%OL_END_REPORT
%OL_CREATE_REPORT wns.max.rpt

===========================================================================
Worst Negative Slack (Setup)
============================================================================
%OL_METRIC_F timing__setup__wns__corner:max_ss_100C_1v60 0.0
max_ss_100C_1v60: 0.0
%OL_END_REPORT
%OL_CREATE_REPORT violator_list.rpt

===========================================================================
Violator List
============================================================================
%OL_METRIC_I timing__hold_vio__count__corner:max_ss_100C_1v60 0
%OL_METRIC_F timing__hold_r2r__ws__corner:max_ss_100C_1v60 0.990903
%OL_METRIC_I timing__hold_r2r_vio__count__corner:max_ss_100C_1v60 0
%OL_METRIC_I timing__setup_vio__count__corner:max_ss_100C_1v60 0
%OL_METRIC_F timing__setup_r2r__ws__corner:max_ss_100C_1v60 21.649103
%OL_METRIC_I timing__setup_r2r_vio__count__corner:max_ss_100C_1v60 0
%OL_END_REPORT
%OL_CREATE_REPORT unpropagated.rpt
%OL_END_REPORT
%OL_CREATE_REPORT clock.rpt
Clock: clk
Sources: clk 
Generated: no
Virtual: yes
Propagated: no
Period: 50.000000

===========================================================================
report_clock_properties
============================================================================
Clock                   Period          Waveform
----------------------------------------------------
clk                  50.000000    0.000000 25.000000

===========================================================================
report_clock_latency
============================================================================
Clock clk
rise -> rise
    min     max
0.000000 0.000000 source latency
0.589591         network latency _165_/CLK
        0.592592 network latency _164_/CLK
---------------
0.589591 0.592592 latency
        0.003002 skew

rise -> fall
    min     max
0.000000 0.000000 source latency
0.648553         network latency _152_/CLK
        0.648553 network latency _152_/CLK
---------------
0.648553 0.648553 latency
        0.000000 skew

fall -> rise
    min     max
0.000000 0.000000 source latency
0.646971         network latency _152_/CLK
        0.646971 network latency _152_/CLK
---------------
0.646971 0.646971 latency
        0.000000 skew

fall -> fall
    min     max
0.000000 0.000000 source latency
0.580901         network latency _165_/CLK
        0.582814 network latency _164_/CLK
---------------
0.580901 0.582814 latency
        0.001913 skew



===========================================================================
report_clock_min_period
============================================================================
clk period_min = 4.46 fmax = 224.25
%OL_END_REPORT
Writing SDF files for all corners…
Removing Clock latencies before writing libs…
Writing timing models for all corners…
Writing timing models for the max_ss_100C_1v60 corner to /home/dt/Documents/madvlsi/final/schematics/controller/librelane/runs/RUN_2025-12-16_17-02-26/54-openroad-stapostpnr/max_ss_100C_1v60/controller__max_ss_100C_1v60.lib…
