
===========================================================================
report_checks -path_delay min (Hold)
============================================================================
======================= nom_tt_025C_1v80 Corner ===================================

Startpoint: _166_ (rising edge-triggered flip-flop clocked by clk)
Endpoint: _158_ (rising edge-triggered flip-flop clocked by clk)
Path Group: clk
Path Type: min

Fanout         Cap        Slew       Delay        Time   Description
---------------------------------------------------------------------------------------------
                                  0.000000    0.000000   clock clk (rise edge)
                                  0.000000    0.000000   clock source latency
     1    0.015612    0.076138    0.052032    0.052032 ^ clk (in)
                                                         clk (net)
                      0.076141    0.000000    0.052032 ^ clkbuf_0_clk/A (sky130_fd_sc_hd__clkbuf_16)
     2    0.018571    0.040655    0.135394    0.187426 ^ clkbuf_0_clk/X (sky130_fd_sc_hd__clkbuf_16)
                                                         clknet_0_clk (net)
                      0.040656    0.000394    0.187821 ^ clkbuf_1_1__f_clk/A (sky130_fd_sc_hd__clkbuf_16)
    12    0.034357    0.054720    0.135940    0.323761 ^ clkbuf_1_1__f_clk/X (sky130_fd_sc_hd__clkbuf_16)
                                                         clknet_1_1__leaf_clk (net)
                      0.054737    0.000742    0.324503 ^ _166_/CLK (sky130_fd_sc_hd__dfxtp_1)
     3    0.015416    0.151511    0.385373    0.709876 ^ _166_/Q (sky130_fd_sc_hd__dfxtp_1)
                                                         net17 (net)
                      0.151511    0.000351    0.710227 ^ _098_/A1 (sky130_fd_sc_hd__o211a_1)
     1    0.002093    0.035491    0.165159    0.875386 ^ _098_/X (sky130_fd_sc_hd__o211a_1)
                                                         _007_ (net)
                      0.035491    0.000044    0.875429 ^ _158_/D (sky130_fd_sc_hd__dfxtp_1)
                                              0.875429   data arrival time

                                  0.000000    0.000000   clock clk (rise edge)
                                  0.000000    0.000000   clock source latency
     1    0.015612    0.076138    0.052032    0.052032 ^ clk (in)
                                                         clk (net)
                      0.076141    0.000000    0.052032 ^ clkbuf_0_clk/A (sky130_fd_sc_hd__clkbuf_16)
     2    0.018571    0.040655    0.135394    0.187426 ^ clkbuf_0_clk/X (sky130_fd_sc_hd__clkbuf_16)
                                                         clknet_0_clk (net)
                      0.040656    0.000394    0.187821 ^ clkbuf_1_1__f_clk/A (sky130_fd_sc_hd__clkbuf_16)
    12    0.034357    0.054720    0.135940    0.323761 ^ clkbuf_1_1__f_clk/X (sky130_fd_sc_hd__clkbuf_16)
                                                         clknet_1_1__leaf_clk (net)
                      0.054762    0.001171    0.324932 ^ _158_/CLK (sky130_fd_sc_hd__dfxtp_1)
                                  0.250000    0.574932   clock uncertainty
                                  0.000000    0.574932   clock reconvergence pessimism
                                 -0.027995    0.546937   library hold time
                                              0.546937   data required time
---------------------------------------------------------------------------------------------
                                              0.546937   data required time
                                             -0.875429   data arrival time
---------------------------------------------------------------------------------------------
                                              0.328492   slack (MET)


Startpoint: _165_ (rising edge-triggered flip-flop clocked by clk)
Endpoint: _157_ (rising edge-triggered flip-flop clocked by clk)
Path Group: clk
Path Type: min

Fanout         Cap        Slew       Delay        Time   Description
---------------------------------------------------------------------------------------------
                                  0.000000    0.000000   clock clk (rise edge)
                                  0.000000    0.000000   clock source latency
     1    0.015612    0.076138    0.052032    0.052032 ^ clk (in)
                                                         clk (net)
                      0.076141    0.000000    0.052032 ^ clkbuf_0_clk/A (sky130_fd_sc_hd__clkbuf_16)
     2    0.018571    0.040655    0.135394    0.187426 ^ clkbuf_0_clk/X (sky130_fd_sc_hd__clkbuf_16)
                                                         clknet_0_clk (net)
                      0.040656    0.000394    0.187821 ^ clkbuf_1_1__f_clk/A (sky130_fd_sc_hd__clkbuf_16)
    12    0.034357    0.054720    0.135940    0.323761 ^ clkbuf_1_1__f_clk/X (sky130_fd_sc_hd__clkbuf_16)
                                                         clknet_1_1__leaf_clk (net)
                      0.054722    0.000479    0.324240 ^ _165_/CLK (sky130_fd_sc_hd__dfxtp_1)
     3    0.017646    0.171613    0.399605    0.723846 ^ _165_/Q (sky130_fd_sc_hd__dfxtp_1)
                                                         net16 (net)
                      0.171613    0.000312    0.724158 ^ _096_/A1 (sky130_fd_sc_hd__o211a_1)
     1    0.002235    0.036477    0.170459    0.894617 ^ _096_/X (sky130_fd_sc_hd__o211a_1)
                                                         _006_ (net)
                      0.036477    0.000048    0.894665 ^ _157_/D (sky130_fd_sc_hd__dfxtp_1)
                                              0.894665   data arrival time

                                  0.000000    0.000000   clock clk (rise edge)
                                  0.000000    0.000000   clock source latency
     1    0.015612    0.076138    0.052032    0.052032 ^ clk (in)
                                                         clk (net)
                      0.076141    0.000000    0.052032 ^ clkbuf_0_clk/A (sky130_fd_sc_hd__clkbuf_16)
     2    0.018571    0.040655    0.135394    0.187426 ^ clkbuf_0_clk/X (sky130_fd_sc_hd__clkbuf_16)
                                                         clknet_0_clk (net)
                      0.040656    0.000394    0.187821 ^ clkbuf_1_1__f_clk/A (sky130_fd_sc_hd__clkbuf_16)
    12    0.034357    0.054720    0.135940    0.323761 ^ clkbuf_1_1__f_clk/X (sky130_fd_sc_hd__clkbuf_16)
                                                         clknet_1_1__leaf_clk (net)
                      0.054760    0.001134    0.324895 ^ _157_/CLK (sky130_fd_sc_hd__dfxtp_1)
                                  0.250000    0.574895   clock uncertainty
                                  0.000000    0.574895   clock reconvergence pessimism
                                 -0.028201    0.546694   library hold time
                                              0.546694   data required time
---------------------------------------------------------------------------------------------
                                              0.546694   data required time
                                             -0.894665   data arrival time
---------------------------------------------------------------------------------------------
                                              0.347971   slack (MET)


Startpoint: _153_ (rising edge-triggered flip-flop clocked by clk)
Endpoint: _153_ (rising edge-triggered flip-flop clocked by clk)
Path Group: clk
Path Type: min

Fanout         Cap        Slew       Delay        Time   Description
---------------------------------------------------------------------------------------------
                                  0.000000    0.000000   clock clk (rise edge)
                                  0.000000    0.000000   clock source latency
     1    0.015612    0.076138    0.052032    0.052032 ^ clk (in)
                                                         clk (net)
                      0.076141    0.000000    0.052032 ^ clkbuf_0_clk/A (sky130_fd_sc_hd__clkbuf_16)
     2    0.018571    0.040655    0.135394    0.187426 ^ clkbuf_0_clk/X (sky130_fd_sc_hd__clkbuf_16)
                                                         clknet_0_clk (net)
                      0.040656    0.000394    0.187821 ^ clkbuf_1_1__f_clk/A (sky130_fd_sc_hd__clkbuf_16)
    12    0.034357    0.054720    0.135940    0.323761 ^ clkbuf_1_1__f_clk/X (sky130_fd_sc_hd__clkbuf_16)
                                                         clknet_1_1__leaf_clk (net)
                      0.054748    0.000932    0.324693 ^ _153_/CLK (sky130_fd_sc_hd__dfxtp_1)
     2    0.007190    0.078239    0.332335    0.657028 ^ _153_/Q (sky130_fd_sc_hd__dfxtp_1)
                                                         net3 (net)
                      0.078239    0.000108    0.657137 ^ _087_/A (sky130_fd_sc_hd__or2_1)
     1    0.003170    0.042922    0.103885    0.761022 ^ _087_/X (sky130_fd_sc_hd__or2_1)
                                                         _051_ (net)
                      0.042922    0.000075    0.761097 ^ _088_/B1 (sky130_fd_sc_hd__o211a_1)
     1    0.002636    0.039285    0.133587    0.894684 ^ _088_/X (sky130_fd_sc_hd__o211a_1)
                                                         _002_ (net)
                      0.039285    0.000062    0.894745 ^ _153_/D (sky130_fd_sc_hd__dfxtp_1)
                                              0.894745   data arrival time

                                  0.000000    0.000000   clock clk (rise edge)
                                  0.000000    0.000000   clock source latency
     1    0.015612    0.076138    0.052032    0.052032 ^ clk (in)
                                                         clk (net)
                      0.076141    0.000000    0.052032 ^ clkbuf_0_clk/A (sky130_fd_sc_hd__clkbuf_16)
     2    0.018571    0.040655    0.135394    0.187426 ^ clkbuf_0_clk/X (sky130_fd_sc_hd__clkbuf_16)
                                                         clknet_0_clk (net)
                      0.040656    0.000394    0.187821 ^ clkbuf_1_1__f_clk/A (sky130_fd_sc_hd__clkbuf_16)
    12    0.034357    0.054720    0.135940    0.323761 ^ clkbuf_1_1__f_clk/X (sky130_fd_sc_hd__clkbuf_16)
                                                         clknet_1_1__leaf_clk (net)
                      0.054748    0.000932    0.324693 ^ _153_/CLK (sky130_fd_sc_hd__dfxtp_1)
                                  0.250000    0.574693   clock uncertainty
                                  0.000000    0.574693   clock reconvergence pessimism
                                 -0.028790    0.545903   library hold time
                                              0.545903   data required time
---------------------------------------------------------------------------------------------
                                              0.545903   data required time
                                             -0.894745   data arrival time
---------------------------------------------------------------------------------------------
                                              0.348842   slack (MET)


Startpoint: _162_ (rising edge-triggered flip-flop clocked by clk)
Endpoint: _154_ (rising edge-triggered flip-flop clocked by clk)
Path Group: clk
Path Type: min

Fanout         Cap        Slew       Delay        Time   Description
---------------------------------------------------------------------------------------------
                                  0.000000    0.000000   clock clk (rise edge)
                                  0.000000    0.000000   clock source latency
     1    0.015612    0.076138    0.052032    0.052032 ^ clk (in)
                                                         clk (net)
                      0.076141    0.000000    0.052032 ^ clkbuf_0_clk/A (sky130_fd_sc_hd__clkbuf_16)
     2    0.018571    0.040655    0.135394    0.187426 ^ clkbuf_0_clk/X (sky130_fd_sc_hd__clkbuf_16)
                                                         clknet_0_clk (net)
                      0.040656    0.000394    0.187821 ^ clkbuf_1_1__f_clk/A (sky130_fd_sc_hd__clkbuf_16)
    12    0.034357    0.054720    0.135940    0.323761 ^ clkbuf_1_1__f_clk/X (sky130_fd_sc_hd__clkbuf_16)
                                                         clknet_1_1__leaf_clk (net)
                      0.054744    0.000860    0.324621 ^ _162_/CLK (sky130_fd_sc_hd__dfxtp_1)
     3    0.018006    0.174893    0.401767    0.726388 ^ _162_/Q (sky130_fd_sc_hd__dfxtp_1)
                                                         net13 (net)
                      0.174893    0.000270    0.726658 ^ _090_/A1 (sky130_fd_sc_hd__o211a_1)
     1    0.002144    0.035838    0.170426    0.897084 ^ _090_/X (sky130_fd_sc_hd__o211a_1)
                                                         _003_ (net)
                      0.035838    0.000046    0.897129 ^ _154_/D (sky130_fd_sc_hd__dfxtp_1)
                                              0.897129   data arrival time

                                  0.000000    0.000000   clock clk (rise edge)
                                  0.000000    0.000000   clock source latency
     1    0.015612    0.076138    0.052032    0.052032 ^ clk (in)
                                                         clk (net)
                      0.076141    0.000000    0.052032 ^ clkbuf_0_clk/A (sky130_fd_sc_hd__clkbuf_16)
     2    0.018571    0.040655    0.135394    0.187426 ^ clkbuf_0_clk/X (sky130_fd_sc_hd__clkbuf_16)
                                                         clknet_0_clk (net)
                      0.040656    0.000394    0.187821 ^ clkbuf_1_1__f_clk/A (sky130_fd_sc_hd__clkbuf_16)
    12    0.034357    0.054720    0.135940    0.323761 ^ clkbuf_1_1__f_clk/X (sky130_fd_sc_hd__clkbuf_16)
                                                         clknet_1_1__leaf_clk (net)
                      0.054743    0.000843    0.324604 ^ _154_/CLK (sky130_fd_sc_hd__dfxtp_1)
                                  0.250000    0.574604   clock uncertainty
                                  0.000000    0.574604   clock reconvergence pessimism
                                 -0.028070    0.546534   library hold time
                                              0.546534   data required time
---------------------------------------------------------------------------------------------
                                              0.546534   data required time
                                             -0.897129   data arrival time
---------------------------------------------------------------------------------------------
                                              0.350595   slack (MET)


Startpoint: _164_ (rising edge-triggered flip-flop clocked by clk)
Endpoint: _156_ (rising edge-triggered flip-flop clocked by clk)
Path Group: clk
Path Type: min

Fanout         Cap        Slew       Delay        Time   Description
---------------------------------------------------------------------------------------------
                                  0.000000    0.000000   clock clk (rise edge)
                                  0.000000    0.000000   clock source latency
     1    0.015612    0.076138    0.052032    0.052032 ^ clk (in)
                                                         clk (net)
                      0.076141    0.000000    0.052032 ^ clkbuf_0_clk/A (sky130_fd_sc_hd__clkbuf_16)
     2    0.018571    0.040655    0.135394    0.187426 ^ clkbuf_0_clk/X (sky130_fd_sc_hd__clkbuf_16)
                                                         clknet_0_clk (net)
                      0.040656    0.000469    0.187896 ^ clkbuf_1_0__f_clk/A (sky130_fd_sc_hd__clkbuf_16)
    10    0.036815    0.056861    0.137697    0.325593 ^ clkbuf_1_0__f_clk/X (sky130_fd_sc_hd__clkbuf_16)
                                                         clknet_1_0__leaf_clk (net)
                      0.056924    0.001507    0.327100 ^ _164_/CLK (sky130_fd_sc_hd__dfxtp_1)
     3    0.017853    0.173529    0.401559    0.728659 ^ _164_/Q (sky130_fd_sc_hd__dfxtp_1)
                                                         net15 (net)
                      0.173532    0.001037    0.729696 ^ _094_/A1 (sky130_fd_sc_hd__o211a_1)
     1    0.002352    0.037279    0.171775    0.901471 ^ _094_/X (sky130_fd_sc_hd__o211a_1)
                                                         _005_ (net)
                      0.037279    0.000050    0.901521 ^ _156_/D (sky130_fd_sc_hd__dfxtp_1)
                                              0.901521   data arrival time

                                  0.000000    0.000000   clock clk (rise edge)
                                  0.000000    0.000000   clock source latency
     1    0.015612    0.076138    0.052032    0.052032 ^ clk (in)
                                                         clk (net)
                      0.076141    0.000000    0.052032 ^ clkbuf_0_clk/A (sky130_fd_sc_hd__clkbuf_16)
     2    0.018571    0.040655    0.135394    0.187426 ^ clkbuf_0_clk/X (sky130_fd_sc_hd__clkbuf_16)
                                                         clknet_0_clk (net)
                      0.040656    0.000394    0.187821 ^ clkbuf_1_1__f_clk/A (sky130_fd_sc_hd__clkbuf_16)
    12    0.034357    0.054720    0.135940    0.323761 ^ clkbuf_1_1__f_clk/X (sky130_fd_sc_hd__clkbuf_16)
                                                         clknet_1_1__leaf_clk (net)
                      0.054748    0.000925    0.324686 ^ _156_/CLK (sky130_fd_sc_hd__dfxtp_1)
                                  0.250000    0.574686   clock uncertainty
                                  0.000000    0.574686   clock reconvergence pessimism
                                 -0.028371    0.546316   library hold time
                                              0.546316   data required time
---------------------------------------------------------------------------------------------
                                              0.546316   data required time
                                             -0.901521   data arrival time
---------------------------------------------------------------------------------------------
                                              0.355205   slack (MET)


Startpoint: _166_ (rising edge-triggered flip-flop clocked by clk)
Endpoint: _166_ (rising edge-triggered flip-flop clocked by clk)
Path Group: clk
Path Type: min

Fanout         Cap        Slew       Delay        Time   Description
---------------------------------------------------------------------------------------------
                                  0.000000    0.000000   clock clk (rise edge)
                                  0.000000    0.000000   clock source latency
     1    0.015612    0.076138    0.052032    0.052032 ^ clk (in)
                                                         clk (net)
                      0.076141    0.000000    0.052032 ^ clkbuf_0_clk/A (sky130_fd_sc_hd__clkbuf_16)
     2    0.018571    0.040655    0.135394    0.187426 ^ clkbuf_0_clk/X (sky130_fd_sc_hd__clkbuf_16)
                                                         clknet_0_clk (net)
                      0.040656    0.000394    0.187821 ^ clkbuf_1_1__f_clk/A (sky130_fd_sc_hd__clkbuf_16)
    12    0.034357    0.054720    0.135940    0.323761 ^ clkbuf_1_1__f_clk/X (sky130_fd_sc_hd__clkbuf_16)
                                                         clknet_1_1__leaf_clk (net)
                      0.054737    0.000742    0.324503 ^ _166_/CLK (sky130_fd_sc_hd__dfxtp_1)
     3    0.014657    0.075882    0.339873    0.664377 v _166_/Q (sky130_fd_sc_hd__dfxtp_1)
                                                         net17 (net)
                      0.075883    0.000365    0.664741 v _076_/A (sky130_fd_sc_hd__inv_2)
     2    0.009079    0.051444    0.073505    0.738246 ^ _076_/Y (sky130_fd_sc_hd__inv_2)
                                                         net25 (net)
                      0.051444    0.000230    0.738476 ^ _134_/B1 (sky130_fd_sc_hd__a21o_1)
     1    0.003407    0.039433    0.081549    0.820025 ^ _134_/X (sky130_fd_sc_hd__a21o_1)
                                                         _035_ (net)
                      0.039433    0.000085    0.820110 ^ _137_/A1 (sky130_fd_sc_hd__a31oi_1)
     1    0.002846    0.041947    0.063843    0.883953 v _137_/Y (sky130_fd_sc_hd__a31oi_1)
                                                         _015_ (net)
                      0.041947    0.000070    0.884023 v _166_/D (sky130_fd_sc_hd__dfxtp_1)
                                              0.884023   data arrival time

                                  0.000000    0.000000   clock clk (rise edge)
                                  0.000000    0.000000   clock source latency
     1    0.015612    0.076138    0.052032    0.052032 ^ clk (in)
                                                         clk (net)
                      0.076141    0.000000    0.052032 ^ clkbuf_0_clk/A (sky130_fd_sc_hd__clkbuf_16)
     2    0.018571    0.040655    0.135394    0.187426 ^ clkbuf_0_clk/X (sky130_fd_sc_hd__clkbuf_16)
                                                         clknet_0_clk (net)
                      0.040656    0.000394    0.187821 ^ clkbuf_1_1__f_clk/A (sky130_fd_sc_hd__clkbuf_16)
    12    0.034357    0.054720    0.135940    0.323761 ^ clkbuf_1_1__f_clk/X (sky130_fd_sc_hd__clkbuf_16)
                                                         clknet_1_1__leaf_clk (net)
                      0.054737    0.000742    0.324503 ^ _166_/CLK (sky130_fd_sc_hd__dfxtp_1)
                                  0.250000    0.574503   clock uncertainty
                                  0.000000    0.574503   clock reconvergence pessimism
                                 -0.050073    0.524431   library hold time
                                              0.524431   data required time
---------------------------------------------------------------------------------------------
                                              0.524431   data required time
                                             -0.884023   data arrival time
---------------------------------------------------------------------------------------------
                                              0.359592   slack (MET)


Startpoint: _162_ (rising edge-triggered flip-flop clocked by clk)
Endpoint: _162_ (rising edge-triggered flip-flop clocked by clk)
Path Group: clk
Path Type: min

Fanout         Cap        Slew       Delay        Time   Description
---------------------------------------------------------------------------------------------
                                  0.000000    0.000000   clock clk (rise edge)
                                  0.000000    0.000000   clock source latency
     1    0.015612    0.076138    0.052032    0.052032 ^ clk (in)
                                                         clk (net)
                      0.076141    0.000000    0.052032 ^ clkbuf_0_clk/A (sky130_fd_sc_hd__clkbuf_16)
     2    0.018571    0.040655    0.135394    0.187426 ^ clkbuf_0_clk/X (sky130_fd_sc_hd__clkbuf_16)
                                                         clknet_0_clk (net)
                      0.040656    0.000394    0.187821 ^ clkbuf_1_1__f_clk/A (sky130_fd_sc_hd__clkbuf_16)
    12    0.034357    0.054720    0.135940    0.323761 ^ clkbuf_1_1__f_clk/X (sky130_fd_sc_hd__clkbuf_16)
                                                         clknet_1_1__leaf_clk (net)
                      0.054744    0.000860    0.324621 ^ _162_/CLK (sky130_fd_sc_hd__dfxtp_1)
     3    0.017247    0.087205    0.348620    0.673241 v _162_/Q (sky130_fd_sc_hd__dfxtp_1)
                                                         net13 (net)
                      0.087210    0.000735    0.673976 v _080_/A (sky130_fd_sc_hd__inv_2)
     2    0.006297    0.042958    0.068626    0.742601 ^ _080_/Y (sky130_fd_sc_hd__inv_2)
                                                         net21 (net)
                      0.042958    0.000183    0.742784 ^ _116_/B1 (sky130_fd_sc_hd__a21o_1)
     1    0.004098    0.044891    0.082687    0.825471 ^ _116_/X (sky130_fd_sc_hd__a21o_1)
                                                         _071_ (net)
                      0.044891    0.000151    0.825622 ^ _120_/A1 (sky130_fd_sc_hd__a31oi_1)
     1    0.002964    0.042262    0.066310    0.891932 v _120_/Y (sky130_fd_sc_hd__a31oi_1)
                                                         _011_ (net)
                      0.042262    0.000075    0.892007 v _162_/D (sky130_fd_sc_hd__dfxtp_1)
                                              0.892007   data arrival time

                                  0.000000    0.000000   clock clk (rise edge)
                                  0.000000    0.000000   clock source latency
     1    0.015612    0.076138    0.052032    0.052032 ^ clk (in)
                                                         clk (net)
                      0.076141    0.000000    0.052032 ^ clkbuf_0_clk/A (sky130_fd_sc_hd__clkbuf_16)
     2    0.018571    0.040655    0.135394    0.187426 ^ clkbuf_0_clk/X (sky130_fd_sc_hd__clkbuf_16)
                                                         clknet_0_clk (net)
                      0.040656    0.000394    0.187821 ^ clkbuf_1_1__f_clk/A (sky130_fd_sc_hd__clkbuf_16)
    12    0.034357    0.054720    0.135940    0.323761 ^ clkbuf_1_1__f_clk/X (sky130_fd_sc_hd__clkbuf_16)
                                                         clknet_1_1__leaf_clk (net)
                      0.054744    0.000860    0.324621 ^ _162_/CLK (sky130_fd_sc_hd__dfxtp_1)
                                  0.250000    0.574621   clock uncertainty
                                  0.000000    0.574621   clock reconvergence pessimism
                                 -0.050203    0.524418   library hold time
                                              0.524418   data required time
---------------------------------------------------------------------------------------------
                                              0.524418   data required time
                                             -0.892007   data arrival time
---------------------------------------------------------------------------------------------
                                              0.367588   slack (MET)


Startpoint: _167_ (rising edge-triggered flip-flop clocked by clk)
Endpoint: _159_ (rising edge-triggered flip-flop clocked by clk)
Path Group: clk
Path Type: min

Fanout         Cap        Slew       Delay        Time   Description
---------------------------------------------------------------------------------------------
                                  0.000000    0.000000   clock clk (rise edge)
                                  0.000000    0.000000   clock source latency
     1    0.015612    0.076138    0.052032    0.052032 ^ clk (in)
                                                         clk (net)
                      0.076141    0.000000    0.052032 ^ clkbuf_0_clk/A (sky130_fd_sc_hd__clkbuf_16)
     2    0.018571    0.040655    0.135394    0.187426 ^ clkbuf_0_clk/X (sky130_fd_sc_hd__clkbuf_16)
                                                         clknet_0_clk (net)
                      0.040656    0.000469    0.187896 ^ clkbuf_1_0__f_clk/A (sky130_fd_sc_hd__clkbuf_16)
    10    0.036815    0.056861    0.137697    0.325593 ^ clkbuf_1_0__f_clk/X (sky130_fd_sc_hd__clkbuf_16)
                                                         clknet_1_0__leaf_clk (net)
                      0.056879    0.000817    0.326410 ^ _167_/CLK (sky130_fd_sc_hd__dfxtp_1)
     4    0.019910    0.192084    0.414695    0.741105 ^ _167_/Q (sky130_fd_sc_hd__dfxtp_1)
                                                         net18 (net)
                      0.192087    0.001092    0.742196 ^ _100_/A1 (sky130_fd_sc_hd__o211a_1)
     1    0.002863    0.040937    0.179644    0.921840 ^ _100_/X (sky130_fd_sc_hd__o211a_1)
                                                         _008_ (net)
                      0.040937    0.000092    0.921932 ^ _159_/D (sky130_fd_sc_hd__dfxtp_1)
                                              0.921932   data arrival time

                                  0.000000    0.000000   clock clk (rise edge)
                                  0.000000    0.000000   clock source latency
     1    0.015612    0.076138    0.052032    0.052032 ^ clk (in)
                                                         clk (net)
                      0.076141    0.000000    0.052032 ^ clkbuf_0_clk/A (sky130_fd_sc_hd__clkbuf_16)
     2    0.018571    0.040655    0.135394    0.187426 ^ clkbuf_0_clk/X (sky130_fd_sc_hd__clkbuf_16)
                                                         clknet_0_clk (net)
                      0.040656    0.000394    0.187821 ^ clkbuf_1_1__f_clk/A (sky130_fd_sc_hd__clkbuf_16)
    12    0.034357    0.054720    0.135940    0.323761 ^ clkbuf_1_1__f_clk/X (sky130_fd_sc_hd__clkbuf_16)
                                                         clknet_1_1__leaf_clk (net)
                      0.054762    0.001173    0.324934 ^ _159_/CLK (sky130_fd_sc_hd__dfxtp_1)
                                  0.250000    0.574934   clock uncertainty
                                  0.000000    0.574934   clock reconvergence pessimism
                                 -0.029134    0.545801   library hold time
                                              0.545801   data required time
---------------------------------------------------------------------------------------------
                                              0.545801   data required time
                                             -0.921932   data arrival time
---------------------------------------------------------------------------------------------
                                              0.376132   slack (MET)


Startpoint: _165_ (rising edge-triggered flip-flop clocked by clk)
Endpoint: _165_ (rising edge-triggered flip-flop clocked by clk)
Path Group: clk
Path Type: min

Fanout         Cap        Slew       Delay        Time   Description
---------------------------------------------------------------------------------------------
                                  0.000000    0.000000   clock clk (rise edge)
                                  0.000000    0.000000   clock source latency
     1    0.015612    0.076138    0.052032    0.052032 ^ clk (in)
                                                         clk (net)
                      0.076141    0.000000    0.052032 ^ clkbuf_0_clk/A (sky130_fd_sc_hd__clkbuf_16)
     2    0.018571    0.040655    0.135394    0.187426 ^ clkbuf_0_clk/X (sky130_fd_sc_hd__clkbuf_16)
                                                         clknet_0_clk (net)
                      0.040656    0.000394    0.187821 ^ clkbuf_1_1__f_clk/A (sky130_fd_sc_hd__clkbuf_16)
    12    0.034357    0.054720    0.135940    0.323761 ^ clkbuf_1_1__f_clk/X (sky130_fd_sc_hd__clkbuf_16)
                                                         clknet_1_1__leaf_clk (net)
                      0.054722    0.000479    0.324240 ^ _165_/CLK (sky130_fd_sc_hd__dfxtp_1)
     3    0.016887    0.085576    0.347525    0.671766 v _165_/Q (sky130_fd_sc_hd__dfxtp_1)
                                                         net16 (net)
                      0.085578    0.000482    0.672248 v _077_/A (sky130_fd_sc_hd__inv_2)
     2    0.008076    0.049143    0.074106    0.746354 ^ _077_/Y (sky130_fd_sc_hd__inv_2)
                                                         net24 (net)
                      0.049143    0.000200    0.746554 ^ _132_/B1 (sky130_fd_sc_hd__a21o_1)
     1    0.003503    0.040157    0.081332    0.827886 ^ _132_/X (sky130_fd_sc_hd__a21o_1)
                                                         _034_ (net)
                      0.040157    0.000116    0.828002 ^ _133_/A3 (sky130_fd_sc_hd__a31oi_1)
     1    0.003552    0.043843    0.079577    0.907579 v _133_/Y (sky130_fd_sc_hd__a31oi_1)
                                                         _014_ (net)
                      0.043843    0.000100    0.907679 v _165_/D (sky130_fd_sc_hd__dfxtp_1)
                                              0.907679   data arrival time

                                  0.000000    0.000000   clock clk (rise edge)
                                  0.000000    0.000000   clock source latency
     1    0.015612    0.076138    0.052032    0.052032 ^ clk (in)
                                                         clk (net)
                      0.076141    0.000000    0.052032 ^ clkbuf_0_clk/A (sky130_fd_sc_hd__clkbuf_16)
     2    0.018571    0.040655    0.135394    0.187426 ^ clkbuf_0_clk/X (sky130_fd_sc_hd__clkbuf_16)
                                                         clknet_0_clk (net)
                      0.040656    0.000394    0.187821 ^ clkbuf_1_1__f_clk/A (sky130_fd_sc_hd__clkbuf_16)
    12    0.034357    0.054720    0.135940    0.323761 ^ clkbuf_1_1__f_clk/X (sky130_fd_sc_hd__clkbuf_16)
                                                         clknet_1_1__leaf_clk (net)
                      0.054722    0.000479    0.324240 ^ _165_/CLK (sky130_fd_sc_hd__dfxtp_1)
                                  0.250000    0.574240   clock uncertainty
                                  0.000000    0.574240   clock reconvergence pessimism
                                 -0.050868    0.523373   library hold time
                                              0.523373   data required time
---------------------------------------------------------------------------------------------
                                              0.523373   data required time
                                             -0.907679   data arrival time
---------------------------------------------------------------------------------------------
                                              0.384306   slack (MET)


Startpoint: _163_ (rising edge-triggered flip-flop clocked by clk)
Endpoint: _155_ (rising edge-triggered flip-flop clocked by clk)
Path Group: clk
Path Type: min

Fanout         Cap        Slew       Delay        Time   Description
---------------------------------------------------------------------------------------------
                                  0.000000    0.000000   clock clk (rise edge)
                                  0.000000    0.000000   clock source latency
     1    0.015612    0.076138    0.052032    0.052032 ^ clk (in)
                                                         clk (net)
                      0.076141    0.000000    0.052032 ^ clkbuf_0_clk/A (sky130_fd_sc_hd__clkbuf_16)
     2    0.018571    0.040655    0.135394    0.187426 ^ clkbuf_0_clk/X (sky130_fd_sc_hd__clkbuf_16)
                                                         clknet_0_clk (net)
                      0.040656    0.000469    0.187896 ^ clkbuf_1_0__f_clk/A (sky130_fd_sc_hd__clkbuf_16)
    10    0.036815    0.056861    0.137697    0.325593 ^ clkbuf_1_0__f_clk/X (sky130_fd_sc_hd__clkbuf_16)
                                                         clknet_1_0__leaf_clk (net)
                      0.056922    0.001484    0.327077 ^ _163_/CLK (sky130_fd_sc_hd__dfxtp_1)
     4    0.022232    0.213064    0.429453    0.756529 ^ _163_/Q (sky130_fd_sc_hd__dfxtp_1)
                                                         net14 (net)
                      0.213071    0.001516    0.758046 ^ _092_/A1 (sky130_fd_sc_hd__o211a_1)
     1    0.002187    0.036133    0.178721    0.936766 ^ _092_/X (sky130_fd_sc_hd__o211a_1)
                                                         _004_ (net)
                      0.036146    0.000047    0.936814 ^ _155_/D (sky130_fd_sc_hd__dfxtp_1)
                                              0.936814   data arrival time

                                  0.000000    0.000000   clock clk (rise edge)
                                  0.000000    0.000000   clock source latency
     1    0.015612    0.076138    0.052032    0.052032 ^ clk (in)
                                                         clk (net)
                      0.076141    0.000000    0.052032 ^ clkbuf_0_clk/A (sky130_fd_sc_hd__clkbuf_16)
     2    0.018571    0.040655    0.135394    0.187426 ^ clkbuf_0_clk/X (sky130_fd_sc_hd__clkbuf_16)
                                                         clknet_0_clk (net)
                      0.040656    0.000394    0.187821 ^ clkbuf_1_1__f_clk/A (sky130_fd_sc_hd__clkbuf_16)
    12    0.034357    0.054720    0.135940    0.323761 ^ clkbuf_1_1__f_clk/X (sky130_fd_sc_hd__clkbuf_16)
                                                         clknet_1_1__leaf_clk (net)
                      0.054755    0.001052    0.324813 ^ _155_/CLK (sky130_fd_sc_hd__dfxtp_1)
                                  0.250000    0.574813   clock uncertainty
                                  0.000000    0.574813   clock reconvergence pessimism
                                 -0.028133    0.546681   library hold time
                                              0.546681   data required time
---------------------------------------------------------------------------------------------
                                              0.546681   data required time
                                             -0.936814   data arrival time
---------------------------------------------------------------------------------------------
                                              0.390133   slack (MET)


Startpoint: _169_ (rising edge-triggered flip-flop clocked by clk)
Endpoint: _169_ (rising edge-triggered flip-flop clocked by clk)
Path Group: clk
Path Type: min

Fanout         Cap        Slew       Delay        Time   Description
---------------------------------------------------------------------------------------------
                                  0.000000    0.000000   clock clk (rise edge)
                                  0.000000    0.000000   clock source latency
     1    0.015612    0.076138    0.052032    0.052032 ^ clk (in)
                                                         clk (net)
                      0.076141    0.000000    0.052032 ^ clkbuf_0_clk/A (sky130_fd_sc_hd__clkbuf_16)
     2    0.018571    0.040655    0.135394    0.187426 ^ clkbuf_0_clk/X (sky130_fd_sc_hd__clkbuf_16)
                                                         clknet_0_clk (net)
                      0.040656    0.000469    0.187896 ^ clkbuf_1_0__f_clk/A (sky130_fd_sc_hd__clkbuf_16)
    10    0.036815    0.056861    0.137697    0.325593 ^ clkbuf_1_0__f_clk/X (sky130_fd_sc_hd__clkbuf_16)
                                                         clknet_1_0__leaf_clk (net)
                      0.056886    0.000928    0.326520 ^ _169_/CLK (sky130_fd_sc_hd__dfxtp_1)
     4    0.010030    0.055987    0.324703    0.651223 v _169_/Q (sky130_fd_sc_hd__dfxtp_1)
                                                         count[0] (net)
                      0.055987    0.000159    0.651382 v _105_/B (sky130_fd_sc_hd__nand2_1)
     5    0.015298    0.146124    0.142735    0.794117 ^ _105_/Y (sky130_fd_sc_hd__nand2_1)
                                                         _061_ (net)
                      0.146124    0.000233    0.794350 ^ _145_/B (sky130_fd_sc_hd__and3_1)
     1    0.002155    0.043924    0.162733    0.957083 ^ _145_/X (sky130_fd_sc_hd__and3_1)
                                                         _018_ (net)
                      0.043924    0.000046    0.957129 ^ _169_/D (sky130_fd_sc_hd__dfxtp_1)
                                              0.957129   data arrival time

                                  0.000000    0.000000   clock clk (rise edge)
                                  0.000000    0.000000   clock source latency
     1    0.015612    0.076138    0.052032    0.052032 ^ clk (in)
                                                         clk (net)
                      0.076141    0.000000    0.052032 ^ clkbuf_0_clk/A (sky130_fd_sc_hd__clkbuf_16)
     2    0.018571    0.040655    0.135394    0.187426 ^ clkbuf_0_clk/X (sky130_fd_sc_hd__clkbuf_16)
                                                         clknet_0_clk (net)
                      0.040656    0.000469    0.187896 ^ clkbuf_1_0__f_clk/A (sky130_fd_sc_hd__clkbuf_16)
    10    0.036815    0.056861    0.137697    0.325593 ^ clkbuf_1_0__f_clk/X (sky130_fd_sc_hd__clkbuf_16)
                                                         clknet_1_0__leaf_clk (net)
                      0.056886    0.000928    0.326520 ^ _169_/CLK (sky130_fd_sc_hd__dfxtp_1)
                                  0.250000    0.576520   clock uncertainty
                                  0.000000    0.576520   clock reconvergence pessimism
                                 -0.029478    0.547042   library hold time
                                              0.547042   data required time
---------------------------------------------------------------------------------------------
                                              0.547042   data required time
                                             -0.957129   data arrival time
---------------------------------------------------------------------------------------------
                                              0.410087   slack (MET)


Startpoint: _172_ (rising edge-triggered flip-flop clocked by clk)
Endpoint: _167_ (rising edge-triggered flip-flop clocked by clk)
Path Group: clk
Path Type: min

Fanout         Cap        Slew       Delay        Time   Description
---------------------------------------------------------------------------------------------
                                  0.000000    0.000000   clock clk (rise edge)
                                  0.000000    0.000000   clock source latency
     1    0.015612    0.076138    0.052032    0.052032 ^ clk (in)
                                                         clk (net)
                      0.076141    0.000000    0.052032 ^ clkbuf_0_clk/A (sky130_fd_sc_hd__clkbuf_16)
     2    0.018571    0.040655    0.135394    0.187426 ^ clkbuf_0_clk/X (sky130_fd_sc_hd__clkbuf_16)
                                                         clknet_0_clk (net)
                      0.040656    0.000469    0.187896 ^ clkbuf_1_0__f_clk/A (sky130_fd_sc_hd__clkbuf_16)
    10    0.036815    0.056861    0.137697    0.325593 ^ clkbuf_1_0__f_clk/X (sky130_fd_sc_hd__clkbuf_16)
                                                         clknet_1_0__leaf_clk (net)
                      0.056913    0.001359    0.326951 ^ _172_/CLK (sky130_fd_sc_hd__dfxtp_1)
     3    0.011251    0.114057    0.359473    0.686425 ^ _172_/Q (sky130_fd_sc_hd__dfxtp_1)
                                                         count[3] (net)
                      0.114057    0.000370    0.686795 ^ _138_/A1 (sky130_fd_sc_hd__o41a_1)
     1    0.003275    0.051521    0.161518    0.848313 ^ _138_/X (sky130_fd_sc_hd__o41a_1)
                                                         _038_ (net)
                      0.051521    0.000075    0.848389 ^ _141_/A1 (sky130_fd_sc_hd__o31a_1)
     1    0.002096    0.038153    0.120714    0.969103 ^ _141_/X (sky130_fd_sc_hd__o31a_1)
                                                         _016_ (net)
                      0.038153    0.000044    0.969146 ^ _167_/D (sky130_fd_sc_hd__dfxtp_1)
                                              0.969146   data arrival time

                                  0.000000    0.000000   clock clk (rise edge)
                                  0.000000    0.000000   clock source latency
     1    0.015612    0.076138    0.052032    0.052032 ^ clk (in)
                                                         clk (net)
                      0.076141    0.000000    0.052032 ^ clkbuf_0_clk/A (sky130_fd_sc_hd__clkbuf_16)
     2    0.018571    0.040655    0.135394    0.187426 ^ clkbuf_0_clk/X (sky130_fd_sc_hd__clkbuf_16)
                                                         clknet_0_clk (net)
                      0.040656    0.000469    0.187896 ^ clkbuf_1_0__f_clk/A (sky130_fd_sc_hd__clkbuf_16)
    10    0.036815    0.056861    0.137697    0.325593 ^ clkbuf_1_0__f_clk/X (sky130_fd_sc_hd__clkbuf_16)
                                                         clknet_1_0__leaf_clk (net)
                      0.056879    0.000817    0.326410 ^ _167_/CLK (sky130_fd_sc_hd__dfxtp_1)
                                  0.250000    0.576410   clock uncertainty
                                  0.000000    0.576410   clock reconvergence pessimism
                                 -0.028273    0.548137   library hold time
                                              0.548137   data required time
---------------------------------------------------------------------------------------------
                                              0.548137   data required time
                                             -0.969146   data arrival time
---------------------------------------------------------------------------------------------
                                              0.421009   slack (MET)


Startpoint: _168_ (rising edge-triggered flip-flop clocked by clk)
Endpoint: _168_ (rising edge-triggered flip-flop clocked by clk)
Path Group: clk
Path Type: min

Fanout         Cap        Slew       Delay        Time   Description
---------------------------------------------------------------------------------------------
                                  0.000000    0.000000   clock clk (rise edge)
                                  0.000000    0.000000   clock source latency
     1    0.015612    0.076138    0.052032    0.052032 ^ clk (in)
                                                         clk (net)
                      0.076141    0.000000    0.052032 ^ clkbuf_0_clk/A (sky130_fd_sc_hd__clkbuf_16)
     2    0.018571    0.040655    0.135394    0.187426 ^ clkbuf_0_clk/X (sky130_fd_sc_hd__clkbuf_16)
                                                         clknet_0_clk (net)
                      0.040656    0.000469    0.187896 ^ clkbuf_1_0__f_clk/A (sky130_fd_sc_hd__clkbuf_16)
    10    0.036815    0.056861    0.137697    0.325593 ^ clkbuf_1_0__f_clk/X (sky130_fd_sc_hd__clkbuf_16)
                                                         clknet_1_0__leaf_clk (net)
                      0.056878    0.000789    0.326382 ^ _168_/CLK (sky130_fd_sc_hd__dfxtp_1)
     3    0.012492    0.125209    0.367422    0.693804 ^ _168_/Q (sky130_fd_sc_hd__dfxtp_1)
                                                         net19 (net)
                      0.125209    0.000383    0.694186 ^ _074_/A (sky130_fd_sc_hd__inv_2)
     2    0.010294    0.044545    0.061581    0.755768 v _074_/Y (sky130_fd_sc_hd__inv_2)
                                                         net27 (net)
                      0.044546    0.000230    0.755998 v _142_/B1 (sky130_fd_sc_hd__a21oi_1)
     1    0.003447    0.098473    0.118471    0.874469 ^ _142_/Y (sky130_fd_sc_hd__a21oi_1)
                                                         _041_ (net)
                      0.098473    0.000083    0.874553 ^ _143_/B1 (sky130_fd_sc_hd__a211o_1)
     1    0.002143    0.031941    0.102350    0.976903 ^ _143_/X (sky130_fd_sc_hd__a211o_1)
                                                         _017_ (net)
                      0.031941    0.000046    0.976948 ^ _168_/D (sky130_fd_sc_hd__dfxtp_1)
                                              0.976948   data arrival time

                                  0.000000    0.000000   clock clk (rise edge)
                                  0.000000    0.000000   clock source latency
     1    0.015612    0.076138    0.052032    0.052032 ^ clk (in)
                                                         clk (net)
                      0.076141    0.000000    0.052032 ^ clkbuf_0_clk/A (sky130_fd_sc_hd__clkbuf_16)
     2    0.018571    0.040655    0.135394    0.187426 ^ clkbuf_0_clk/X (sky130_fd_sc_hd__clkbuf_16)
                                                         clknet_0_clk (net)
                      0.040656    0.000469    0.187896 ^ clkbuf_1_0__f_clk/A (sky130_fd_sc_hd__clkbuf_16)
    10    0.036815    0.056861    0.137697    0.325593 ^ clkbuf_1_0__f_clk/X (sky130_fd_sc_hd__clkbuf_16)
                                                         clknet_1_0__leaf_clk (net)
                      0.056878    0.000789    0.326382 ^ _168_/CLK (sky130_fd_sc_hd__dfxtp_1)
                                  0.250000    0.576382   clock uncertainty
                                  0.000000    0.576382   clock reconvergence pessimism
                                 -0.026974    0.549408   library hold time
                                              0.549408   data required time
---------------------------------------------------------------------------------------------
                                              0.549408   data required time
                                             -0.976948   data arrival time
---------------------------------------------------------------------------------------------
                                              0.427541   slack (MET)


Startpoint: _164_ (rising edge-triggered flip-flop clocked by clk)
Endpoint: _164_ (rising edge-triggered flip-flop clocked by clk)
Path Group: clk
Path Type: min

Fanout         Cap        Slew       Delay        Time   Description
---------------------------------------------------------------------------------------------
                                  0.000000    0.000000   clock clk (rise edge)
                                  0.000000    0.000000   clock source latency
     1    0.015612    0.076138    0.052032    0.052032 ^ clk (in)
                                                         clk (net)
                      0.076141    0.000000    0.052032 ^ clkbuf_0_clk/A (sky130_fd_sc_hd__clkbuf_16)
     2    0.018571    0.040655    0.135394    0.187426 ^ clkbuf_0_clk/X (sky130_fd_sc_hd__clkbuf_16)
                                                         clknet_0_clk (net)
                      0.040656    0.000469    0.187896 ^ clkbuf_1_0__f_clk/A (sky130_fd_sc_hd__clkbuf_16)
    10    0.036815    0.056861    0.137697    0.325593 ^ clkbuf_1_0__f_clk/X (sky130_fd_sc_hd__clkbuf_16)
                                                         clknet_1_0__leaf_clk (net)
                      0.056924    0.001507    0.327100 ^ _164_/CLK (sky130_fd_sc_hd__dfxtp_1)
     3    0.017094    0.086556    0.348865    0.675964 v _164_/Q (sky130_fd_sc_hd__dfxtp_1)
                                                         net15 (net)
                      0.086565    0.000927    0.676891 v _078_/A (sky130_fd_sc_hd__inv_2)
     2    0.007687    0.047872    0.073165    0.750057 ^ _078_/Y (sky130_fd_sc_hd__inv_2)
                                                         net23 (net)
                      0.047872    0.000205    0.750262 ^ _126_/B1 (sky130_fd_sc_hd__a21oi_1)
     1    0.002794    0.026698    0.037591    0.787853 v _126_/Y (sky130_fd_sc_hd__a21oi_1)
                                                         _029_ (net)
                      0.026698    0.000061    0.787913 v _129_/A1 (sky130_fd_sc_hd__o21a_1)
     1    0.004683    0.038458    0.181337    0.969251 v _129_/X (sky130_fd_sc_hd__o21a_1)
                                                         _013_ (net)
                      0.038458    0.000160    0.969411 v _164_/D (sky130_fd_sc_hd__dfxtp_1)
                                              0.969411   data arrival time

                                  0.000000    0.000000   clock clk (rise edge)
                                  0.000000    0.000000   clock source latency
     1    0.015612    0.076138    0.052032    0.052032 ^ clk (in)
                                                         clk (net)
                      0.076141    0.000000    0.052032 ^ clkbuf_0_clk/A (sky130_fd_sc_hd__clkbuf_16)
     2    0.018571    0.040655    0.135394    0.187426 ^ clkbuf_0_clk/X (sky130_fd_sc_hd__clkbuf_16)
                                                         clknet_0_clk (net)
                      0.040656    0.000469    0.187896 ^ clkbuf_1_0__f_clk/A (sky130_fd_sc_hd__clkbuf_16)
    10    0.036815    0.056861    0.137697    0.325593 ^ clkbuf_1_0__f_clk/X (sky130_fd_sc_hd__clkbuf_16)
                                                         clknet_1_0__leaf_clk (net)
                      0.056924    0.001507    0.327100 ^ _164_/CLK (sky130_fd_sc_hd__dfxtp_1)
                                  0.250000    0.577100   clock uncertainty
                                  0.000000    0.577100   clock reconvergence pessimism
                                 -0.048124    0.528975   library hold time
                                              0.528975   data required time
---------------------------------------------------------------------------------------------
                                              0.528975   data required time
                                             -0.969411   data arrival time
---------------------------------------------------------------------------------------------
                                              0.440436   slack (MET)


Startpoint: _172_ (rising edge-triggered flip-flop clocked by clk)
Endpoint: _172_ (rising edge-triggered flip-flop clocked by clk)
Path Group: clk
Path Type: min

Fanout         Cap        Slew       Delay        Time   Description
---------------------------------------------------------------------------------------------
                                  0.000000    0.000000   clock clk (rise edge)
                                  0.000000    0.000000   clock source latency
     1    0.015612    0.076138    0.052032    0.052032 ^ clk (in)
                                                         clk (net)
                      0.076141    0.000000    0.052032 ^ clkbuf_0_clk/A (sky130_fd_sc_hd__clkbuf_16)
     2    0.018571    0.040655    0.135394    0.187426 ^ clkbuf_0_clk/X (sky130_fd_sc_hd__clkbuf_16)
                                                         clknet_0_clk (net)
                      0.040656    0.000469    0.187896 ^ clkbuf_1_0__f_clk/A (sky130_fd_sc_hd__clkbuf_16)
    10    0.036815    0.056861    0.137697    0.325593 ^ clkbuf_1_0__f_clk/X (sky130_fd_sc_hd__clkbuf_16)
                                                         clknet_1_0__leaf_clk (net)
                      0.056913    0.001359    0.326951 ^ _172_/CLK (sky130_fd_sc_hd__dfxtp_1)
     3    0.010690    0.058820    0.326933    0.653884 v _172_/Q (sky130_fd_sc_hd__dfxtp_1)
                                                         count[3] (net)
                      0.058820    0.000143    0.654028 v fanout30/A (sky130_fd_sc_hd__clkbuf_2)
    10    0.028140    0.110837    0.177269    0.831297 v fanout30/X (sky130_fd_sc_hd__clkbuf_2)
                                                         net30 (net)
                      0.110837    0.000326    0.831623 v _150_/A (sky130_fd_sc_hd__nand2_1)
     1    0.003004    0.049471    0.082429    0.914052 ^ _150_/Y (sky130_fd_sc_hd__nand2_1)
                                                         _045_ (net)
                      0.049471    0.000067    0.914119 ^ _151_/A2 (sky130_fd_sc_hd__a21oi_1)
     1    0.003053    0.040881    0.061029    0.975148 v _151_/Y (sky130_fd_sc_hd__a21oi_1)
                                                         _021_ (net)
                      0.040881    0.000078    0.975227 v _172_/D (sky130_fd_sc_hd__dfxtp_1)
                                              0.975227   data arrival time

                                  0.000000    0.000000   clock clk (rise edge)
                                  0.000000    0.000000   clock source latency
     1    0.015612    0.076138    0.052032    0.052032 ^ clk (in)
                                                         clk (net)
                      0.076141    0.000000    0.052032 ^ clkbuf_0_clk/A (sky130_fd_sc_hd__clkbuf_16)
     2    0.018571    0.040655    0.135394    0.187426 ^ clkbuf_0_clk/X (sky130_fd_sc_hd__clkbuf_16)
                                                         clknet_0_clk (net)
                      0.040656    0.000469    0.187896 ^ clkbuf_1_0__f_clk/A (sky130_fd_sc_hd__clkbuf_16)
    10    0.036815    0.056861    0.137697    0.325593 ^ clkbuf_1_0__f_clk/X (sky130_fd_sc_hd__clkbuf_16)
                                                         clknet_1_0__leaf_clk (net)
                      0.056913    0.001359    0.326951 ^ _172_/CLK (sky130_fd_sc_hd__dfxtp_1)
                                  0.250000    0.576951   clock uncertainty
                                  0.000000    0.576951   clock reconvergence pessimism
                                 -0.049138    0.527814   library hold time
                                              0.527814   data required time
---------------------------------------------------------------------------------------------
                                              0.527814   data required time
                                             -0.975227   data arrival time
---------------------------------------------------------------------------------------------
                                              0.447413   slack (MET)


Startpoint: _171_ (rising edge-triggered flip-flop clocked by clk)
Endpoint: _171_ (rising edge-triggered flip-flop clocked by clk)
Path Group: clk
Path Type: min

Fanout         Cap        Slew       Delay        Time   Description
---------------------------------------------------------------------------------------------
                                  0.000000    0.000000   clock clk (rise edge)
                                  0.000000    0.000000   clock source latency
     1    0.015612    0.076138    0.052032    0.052032 ^ clk (in)
                                                         clk (net)
                      0.076141    0.000000    0.052032 ^ clkbuf_0_clk/A (sky130_fd_sc_hd__clkbuf_16)
     2    0.018571    0.040655    0.135394    0.187426 ^ clkbuf_0_clk/X (sky130_fd_sc_hd__clkbuf_16)
                                                         clknet_0_clk (net)
                      0.040656    0.000469    0.187896 ^ clkbuf_1_0__f_clk/A (sky130_fd_sc_hd__clkbuf_16)
    10    0.036815    0.056861    0.137697    0.325593 ^ clkbuf_1_0__f_clk/X (sky130_fd_sc_hd__clkbuf_16)
                                                         clknet_1_0__leaf_clk (net)
                      0.056909    0.001299    0.326892 ^ _171_/CLK (sky130_fd_sc_hd__dfxtp_2)
     9    0.030699    0.082033    0.365872    0.692763 v _171_/Q (sky130_fd_sc_hd__dfxtp_2)
                                                         count[2] (net)
                      0.082034    0.000411    0.693174 v _109_/B (sky130_fd_sc_hd__nand4_1)
     4    0.009967    0.116315    0.147918    0.841092 ^ _109_/Y (sky130_fd_sc_hd__nand4_1)
                                                         _065_ (net)
                      0.116315    0.000122    0.841214 ^ _149_/B (sky130_fd_sc_hd__and3_1)
     1    0.003090    0.051823    0.163629    1.004844 ^ _149_/X (sky130_fd_sc_hd__and3_1)
                                                         _020_ (net)
                      0.051823    0.000081    1.004925 ^ _171_/D (sky130_fd_sc_hd__dfxtp_2)
                                              1.004925   data arrival time

                                  0.000000    0.000000   clock clk (rise edge)
                                  0.000000    0.000000   clock source latency
     1    0.015612    0.076138    0.052032    0.052032 ^ clk (in)
                                                         clk (net)
                      0.076141    0.000000    0.052032 ^ clkbuf_0_clk/A (sky130_fd_sc_hd__clkbuf_16)
     2    0.018571    0.040655    0.135394    0.187426 ^ clkbuf_0_clk/X (sky130_fd_sc_hd__clkbuf_16)
                                                         clknet_0_clk (net)
                      0.040656    0.000469    0.187896 ^ clkbuf_1_0__f_clk/A (sky130_fd_sc_hd__clkbuf_16)
    10    0.036815    0.056861    0.137697    0.325593 ^ clkbuf_1_0__f_clk/X (sky130_fd_sc_hd__clkbuf_16)
                                                         clknet_1_0__leaf_clk (net)
                      0.056909    0.001299    0.326892 ^ _171_/CLK (sky130_fd_sc_hd__dfxtp_2)
                                  0.250000    0.576892   clock uncertainty
                                  0.000000    0.576892   clock reconvergence pessimism
                                 -0.031033    0.545859   library hold time
                                              0.545859   data required time
---------------------------------------------------------------------------------------------
                                              0.545859   data required time
                                             -1.004925   data arrival time
---------------------------------------------------------------------------------------------
                                              0.459065   slack (MET)


Startpoint: _161_ (rising edge-triggered flip-flop clocked by clk)
Endpoint: _161_ (rising edge-triggered flip-flop clocked by clk)
Path Group: clk
Path Type: min

Fanout         Cap        Slew       Delay        Time   Description
---------------------------------------------------------------------------------------------
                                  0.000000    0.000000   clock clk (rise edge)
                                  0.000000    0.000000   clock source latency
     1    0.015612    0.076138    0.052032    0.052032 ^ clk (in)
                                                         clk (net)
                      0.076141    0.000000    0.052032 ^ clkbuf_0_clk/A (sky130_fd_sc_hd__clkbuf_16)
     2    0.018571    0.040655    0.135394    0.187426 ^ clkbuf_0_clk/X (sky130_fd_sc_hd__clkbuf_16)
                                                         clknet_0_clk (net)
                      0.040656    0.000469    0.187896 ^ clkbuf_1_0__f_clk/A (sky130_fd_sc_hd__clkbuf_16)
    10    0.036815    0.056861    0.137697    0.325593 ^ clkbuf_1_0__f_clk/X (sky130_fd_sc_hd__clkbuf_16)
                                                         clknet_1_0__leaf_clk (net)
                      0.056919    0.001445    0.327037 ^ _161_/CLK (sky130_fd_sc_hd__dfxtp_1)
     4    0.023313    0.112857    0.370480    0.697518 v _161_/Q (sky130_fd_sc_hd__dfxtp_1)
                                                         net12 (net)
                      0.112860    0.000726    0.698244 v _111_/B1 (sky130_fd_sc_hd__o21a_1)
     1    0.003695    0.034162    0.133905    0.832149 v _111_/X (sky130_fd_sc_hd__o21a_1)
                                                         _067_ (net)
                      0.034162    0.000127    0.832276 v _115_/A1 (sky130_fd_sc_hd__o21a_1)
     1    0.002273    0.026717    0.170541    1.002818 v _115_/X (sky130_fd_sc_hd__o21a_1)
                                                         _010_ (net)
                      0.026717    0.000049    1.002866 v _161_/D (sky130_fd_sc_hd__dfxtp_1)
                                              1.002866   data arrival time

                                  0.000000    0.000000   clock clk (rise edge)
                                  0.000000    0.000000   clock source latency
     1    0.015612    0.076138    0.052032    0.052032 ^ clk (in)
                                                         clk (net)
                      0.076141    0.000000    0.052032 ^ clkbuf_0_clk/A (sky130_fd_sc_hd__clkbuf_16)
     2    0.018571    0.040655    0.135394    0.187426 ^ clkbuf_0_clk/X (sky130_fd_sc_hd__clkbuf_16)
                                                         clknet_0_clk (net)
                      0.040656    0.000469    0.187896 ^ clkbuf_1_0__f_clk/A (sky130_fd_sc_hd__clkbuf_16)
    10    0.036815    0.056861    0.137697    0.325593 ^ clkbuf_1_0__f_clk/X (sky130_fd_sc_hd__clkbuf_16)
                                                         clknet_1_0__leaf_clk (net)
                      0.056919    0.001445    0.327037 ^ _161_/CLK (sky130_fd_sc_hd__dfxtp_1)
                                  0.250000    0.577037   clock uncertainty
                                  0.000000    0.577037   clock reconvergence pessimism
                                 -0.043226    0.533811   library hold time
                                              0.533811   data required time
---------------------------------------------------------------------------------------------
                                              0.533811   data required time
                                             -1.002866   data arrival time
---------------------------------------------------------------------------------------------
                                              0.469055   slack (MET)


Startpoint: _171_ (rising edge-triggered flip-flop clocked by clk)
Endpoint: _163_ (rising edge-triggered flip-flop clocked by clk)
Path Group: clk
Path Type: min

Fanout         Cap        Slew       Delay        Time   Description
---------------------------------------------------------------------------------------------
                                  0.000000    0.000000   clock clk (rise edge)
                                  0.000000    0.000000   clock source latency
     1    0.015612    0.076138    0.052032    0.052032 ^ clk (in)
                                                         clk (net)
                      0.076141    0.000000    0.052032 ^ clkbuf_0_clk/A (sky130_fd_sc_hd__clkbuf_16)
     2    0.018571    0.040655    0.135394    0.187426 ^ clkbuf_0_clk/X (sky130_fd_sc_hd__clkbuf_16)
                                                         clknet_0_clk (net)
                      0.040656    0.000469    0.187896 ^ clkbuf_1_0__f_clk/A (sky130_fd_sc_hd__clkbuf_16)
    10    0.036815    0.056861    0.137697    0.325593 ^ clkbuf_1_0__f_clk/X (sky130_fd_sc_hd__clkbuf_16)
                                                         clknet_1_0__leaf_clk (net)
                      0.056909    0.001299    0.326892 ^ _171_/CLK (sky130_fd_sc_hd__dfxtp_2)
     9    0.030699    0.082033    0.365872    0.692763 v _171_/Q (sky130_fd_sc_hd__dfxtp_2)
                                                         count[2] (net)
                      0.082081    0.001805    0.694568 v _072_/A (sky130_fd_sc_hd__inv_2)
     4    0.012820    0.066191    0.088788    0.783356 ^ _072_/Y (sky130_fd_sc_hd__inv_2)
                                                         _046_ (net)
                      0.066192    0.000393    0.783748 ^ _121_/A2 (sky130_fd_sc_hd__o41a_1)
     1    0.003784    0.056189    0.145587    0.929335 ^ _121_/X (sky130_fd_sc_hd__o41a_1)
                                                         _025_ (net)
                      0.056189    0.000101    0.929436 ^ _125_/A1 (sky130_fd_sc_hd__o31a_1)
     1    0.003216    0.048138    0.131233    1.060669 ^ _125_/X (sky130_fd_sc_hd__o31a_1)
                                                         _012_ (net)
                      0.048138    0.000110    1.060778 ^ _163_/D (sky130_fd_sc_hd__dfxtp_1)
                                              1.060778   data arrival time

                                  0.000000    0.000000   clock clk (rise edge)
                                  0.000000    0.000000   clock source latency
     1    0.015612    0.076138    0.052032    0.052032 ^ clk (in)
                                                         clk (net)
                      0.076141    0.000000    0.052032 ^ clkbuf_0_clk/A (sky130_fd_sc_hd__clkbuf_16)
     2    0.018571    0.040655    0.135394    0.187426 ^ clkbuf_0_clk/X (sky130_fd_sc_hd__clkbuf_16)
                                                         clknet_0_clk (net)
                      0.040656    0.000469    0.187896 ^ clkbuf_1_0__f_clk/A (sky130_fd_sc_hd__clkbuf_16)
    10    0.036815    0.056861    0.137697    0.325593 ^ clkbuf_1_0__f_clk/X (sky130_fd_sc_hd__clkbuf_16)
                                                         clknet_1_0__leaf_clk (net)
                      0.056922    0.001484    0.327077 ^ _163_/CLK (sky130_fd_sc_hd__dfxtp_1)
                                  0.250000    0.577077   clock uncertainty
                                  0.000000    0.577077   clock reconvergence pessimism
                                 -0.030355    0.546722   library hold time
                                              0.546722   data required time
---------------------------------------------------------------------------------------------
                                              0.546722   data required time
                                             -1.060778   data arrival time
---------------------------------------------------------------------------------------------
                                              0.514056   slack (MET)


Startpoint: _170_ (rising edge-triggered flip-flop clocked by clk)
Endpoint: _170_ (rising edge-triggered flip-flop clocked by clk)
Path Group: clk
Path Type: min

Fanout         Cap        Slew       Delay        Time   Description
---------------------------------------------------------------------------------------------
                                  0.000000    0.000000   clock clk (rise edge)
                                  0.000000    0.000000   clock source latency
     1    0.015612    0.076138    0.052032    0.052032 ^ clk (in)
                                                         clk (net)
                      0.076141    0.000000    0.052032 ^ clkbuf_0_clk/A (sky130_fd_sc_hd__clkbuf_16)
     2    0.018571    0.040655    0.135394    0.187426 ^ clkbuf_0_clk/X (sky130_fd_sc_hd__clkbuf_16)
                                                         clknet_0_clk (net)
                      0.040656    0.000469    0.187896 ^ clkbuf_1_0__f_clk/A (sky130_fd_sc_hd__clkbuf_16)
    10    0.036815    0.056861    0.137697    0.325593 ^ clkbuf_1_0__f_clk/X (sky130_fd_sc_hd__clkbuf_16)
                                                         clknet_1_0__leaf_clk (net)
                      0.056898    0.001127    0.326720 ^ _170_/CLK (sky130_fd_sc_hd__dfxtp_1)
     2    0.006303    0.041043    0.310155    0.636875 v _170_/Q (sky130_fd_sc_hd__dfxtp_1)
                                                         count[1] (net)
                      0.041043    0.000095    0.636970 v fanout31/A (sky130_fd_sc_hd__buf_2)
    10    0.030747    0.082092    0.171655    0.808625 v fanout31/X (sky130_fd_sc_hd__buf_2)
                                                         net31 (net)
                      0.082103    0.000944    0.809569 v _107_/B (sky130_fd_sc_hd__nand3_1)
     3    0.007813    0.094394    0.127328    0.936897 ^ _107_/Y (sky130_fd_sc_hd__nand3_1)
                                                         _063_ (net)
                      0.094394    0.000125    0.937022 ^ _147_/B (sky130_fd_sc_hd__and3_1)
     1    0.002031    0.042926    0.147839    1.084861 ^ _147_/X (sky130_fd_sc_hd__and3_1)
                                                         _019_ (net)
                      0.042926    0.000042    1.084903 ^ _170_/D (sky130_fd_sc_hd__dfxtp_1)
                                              1.084903   data arrival time

                                  0.000000    0.000000   clock clk (rise edge)
                                  0.000000    0.000000   clock source latency
     1    0.015612    0.076138    0.052032    0.052032 ^ clk (in)
                                                         clk (net)
                      0.076141    0.000000    0.052032 ^ clkbuf_0_clk/A (sky130_fd_sc_hd__clkbuf_16)
     2    0.018571    0.040655    0.135394    0.187426 ^ clkbuf_0_clk/X (sky130_fd_sc_hd__clkbuf_16)
                                                         clknet_0_clk (net)
                      0.040656    0.000469    0.187896 ^ clkbuf_1_0__f_clk/A (sky130_fd_sc_hd__clkbuf_16)
    10    0.036815    0.056861    0.137697    0.325593 ^ clkbuf_1_0__f_clk/X (sky130_fd_sc_hd__clkbuf_16)
                                                         clknet_1_0__leaf_clk (net)
                      0.056898    0.001127    0.326720 ^ _170_/CLK (sky130_fd_sc_hd__dfxtp_1)
                                  0.250000    0.576720   clock uncertainty
                                  0.000000    0.576720   clock reconvergence pessimism
                                 -0.029268    0.547451   library hold time
                                              0.547451   data required time
---------------------------------------------------------------------------------------------
                                              0.547451   data required time
                                             -1.084903   data arrival time
---------------------------------------------------------------------------------------------
                                              0.537452   slack (MET)


Startpoint: _152_ (rising edge-triggered flip-flop clocked by clk')
Endpoint: _152_ (rising edge-triggered flip-flop clocked by clk')
Path Group: clk
Path Type: min

Fanout         Cap        Slew       Delay        Time   Description
---------------------------------------------------------------------------------------------
                                 25.000000   25.000000   clock clk' (rise edge)
                                  0.000000   25.000000   clock source latency
     1    0.014618    0.034448    0.023787   25.023787 v clk (in)
                                                         clk (net)
                      0.034454    0.000000   25.023787 v clkbuf_0_clk/A (sky130_fd_sc_hd__clkbuf_16)
     2    0.016583    0.033210    0.139455   25.163240 v clkbuf_0_clk/X (sky130_fd_sc_hd__clkbuf_16)
                                                         clknet_0_clk (net)
                      0.033210    0.000350   25.163591 v clkbuf_1_1__f_clk/A (sky130_fd_sc_hd__clkbuf_16)
    12    0.032176    0.042236    0.150205   25.313797 v clkbuf_1_1__f_clk/X (sky130_fd_sc_hd__clkbuf_16)
                                                         clknet_1_1__leaf_clk (net)
                      0.042247    0.000743   25.314539 v _083__1/A (sky130_fd_sc_hd__inv_2)
     1    0.002284    0.020912    0.037188   25.351727 ^ _083__1/Y (sky130_fd_sc_hd__inv_2)
                                                         net35 (net)
                      0.020912    0.000048   25.351774 ^ _152_/CLK (sky130_fd_sc_hd__dfxtp_1)
     3    0.012070    0.064834    0.318455   25.670229 v _152_/Q (sky130_fd_sc_hd__dfxtp_1)
                                                         net11 (net)
                      0.064835    0.000279   25.670507 v hold1/A (sky130_fd_sc_hd__dlygate4sd3_1)
     1    0.004204    0.059675    0.567287   26.237795 v hold1/X (sky130_fd_sc_hd__dlygate4sd3_1)
                                                         net36 (net)
                      0.059675    0.000167   26.237963 v _084_/A_N (sky130_fd_sc_hd__and2b_1)
     1    0.002390    0.038434    0.184633   26.422594 ^ _084_/X (sky130_fd_sc_hd__and2b_1)
                                                         _001_ (net)
                      0.038434    0.000053   26.422647 ^ _152_/D (sky130_fd_sc_hd__dfxtp_1)
                                             26.422647   data arrival time

                                 25.000000   25.000000   clock clk' (rise edge)
                                  0.000000   25.000000   clock source latency
     1    0.014618    0.034448    0.023787   25.023787 v clk (in)
                                                         clk (net)
                      0.034454    0.000000   25.023787 v clkbuf_0_clk/A (sky130_fd_sc_hd__clkbuf_16)
     2    0.016583    0.033210    0.139455   25.163240 v clkbuf_0_clk/X (sky130_fd_sc_hd__clkbuf_16)
                                                         clknet_0_clk (net)
                      0.033210    0.000350   25.163591 v clkbuf_1_1__f_clk/A (sky130_fd_sc_hd__clkbuf_16)
    12    0.032176    0.042236    0.150205   25.313797 v clkbuf_1_1__f_clk/X (sky130_fd_sc_hd__clkbuf_16)
                                                         clknet_1_1__leaf_clk (net)
                      0.042247    0.000743   25.314539 v _083__1/A (sky130_fd_sc_hd__inv_2)
     1    0.002284    0.020912    0.037188   25.351727 ^ _083__1/Y (sky130_fd_sc_hd__inv_2)
                                                         net35 (net)
                      0.020912    0.000048   25.351774 ^ _152_/CLK (sky130_fd_sc_hd__dfxtp_1)
                                  0.250000   25.601774   clock uncertainty
                                  0.000000   25.601774   clock reconvergence pessimism
                                 -0.033066   25.568707   library hold time
                                             25.568707   data required time
---------------------------------------------------------------------------------------------
                                             25.568707   data required time
                                            -26.422647   data arrival time
---------------------------------------------------------------------------------------------
                                              0.853941   slack (MET)


Startpoint: _160_ (rising edge-triggered flip-flop clocked by clk)
Endpoint: _160_ (rising edge-triggered flip-flop clocked by clk)
Path Group: clk
Path Type: min

Fanout         Cap        Slew       Delay        Time   Description
---------------------------------------------------------------------------------------------
                                  0.000000    0.000000   clock clk (rise edge)
                                  0.000000    0.000000   clock source latency
     1    0.015612    0.076138    0.052032    0.052032 ^ clk (in)
                                                         clk (net)
                      0.076141    0.000000    0.052032 ^ clkbuf_0_clk/A (sky130_fd_sc_hd__clkbuf_16)
     2    0.018571    0.040655    0.135394    0.187426 ^ clkbuf_0_clk/X (sky130_fd_sc_hd__clkbuf_16)
                                                         clknet_0_clk (net)
                      0.040656    0.000394    0.187821 ^ clkbuf_1_1__f_clk/A (sky130_fd_sc_hd__clkbuf_16)
    12    0.034357    0.054720    0.135940    0.323761 ^ clkbuf_1_1__f_clk/X (sky130_fd_sc_hd__clkbuf_16)
                                                         clknet_1_1__leaf_clk (net)
                      0.054739    0.000774    0.324535 ^ _160_/CLK (sky130_fd_sc_hd__dfxtp_1)
     2    0.006380    0.071150    0.327007    0.651542 ^ _160_/Q (sky130_fd_sc_hd__dfxtp_1)
                                                         net10 (net)
                      0.071150    0.000091    0.651633 ^ _101_/A (sky130_fd_sc_hd__or2_1)
     1    0.003529    0.045807    0.103867    0.755501 ^ _101_/X (sky130_fd_sc_hd__or2_1)
                                                         _058_ (net)
                      0.045807    0.000091    0.755592 ^ _102_/B1 (sky130_fd_sc_hd__o211a_1)
     1    0.002087    0.035446    0.130151    0.885743 ^ _102_/X (sky130_fd_sc_hd__o211a_1)
                                                         _009_ (net)
                      0.035446    0.000042    0.885785 ^ hold3/A (sky130_fd_sc_hd__dlygate4sd3_1)
     1    0.002909    0.053845    0.532747    1.418532 ^ hold3/X (sky130_fd_sc_hd__dlygate4sd3_1)
                                                         net38 (net)
                      0.053845    0.000073    1.418606 ^ _160_/D (sky130_fd_sc_hd__dfxtp_1)
                                              1.418606   data arrival time

                                  0.000000    0.000000   clock clk (rise edge)
                                  0.000000    0.000000   clock source latency
     1    0.015612    0.076138    0.052032    0.052032 ^ clk (in)
                                                         clk (net)
                      0.076141    0.000000    0.052032 ^ clkbuf_0_clk/A (sky130_fd_sc_hd__clkbuf_16)
     2    0.018571    0.040655    0.135394    0.187426 ^ clkbuf_0_clk/X (sky130_fd_sc_hd__clkbuf_16)
                                                         clknet_0_clk (net)
                      0.040656    0.000394    0.187821 ^ clkbuf_1_1__f_clk/A (sky130_fd_sc_hd__clkbuf_16)
    12    0.034357    0.054720    0.135940    0.323761 ^ clkbuf_1_1__f_clk/X (sky130_fd_sc_hd__clkbuf_16)
                                                         clknet_1_1__leaf_clk (net)
                      0.054739    0.000774    0.324535 ^ _160_/CLK (sky130_fd_sc_hd__dfxtp_1)
                                  0.250000    0.574535   clock uncertainty
                                  0.000000    0.574535   clock reconvergence pessimism
                                 -0.031836    0.542699   library hold time
                                              0.542699   data required time
---------------------------------------------------------------------------------------------
                                              0.542699   data required time
                                             -1.418606   data arrival time
---------------------------------------------------------------------------------------------
                                              0.875906   slack (MET)


Startpoint: _158_ (rising edge-triggered flip-flop clocked by clk)
Endpoint: adc_out[5] (output port clocked by clk)
Path Group: clk
Path Type: min

Fanout         Cap        Slew       Delay        Time   Description
---------------------------------------------------------------------------------------------
                                  0.000000    0.000000   clock clk (rise edge)
                                  0.000000    0.000000   clock source latency
     1    0.015612    0.076138    0.052032    0.052032 ^ clk (in)
                                                         clk (net)
                      0.076141    0.000000    0.052032 ^ clkbuf_0_clk/A (sky130_fd_sc_hd__clkbuf_16)
     2    0.018571    0.040655    0.135394    0.187426 ^ clkbuf_0_clk/X (sky130_fd_sc_hd__clkbuf_16)
                                                         clknet_0_clk (net)
                      0.040656    0.000394    0.187821 ^ clkbuf_1_1__f_clk/A (sky130_fd_sc_hd__clkbuf_16)
    12    0.034357    0.054720    0.135940    0.323761 ^ clkbuf_1_1__f_clk/X (sky130_fd_sc_hd__clkbuf_16)
                                                         clknet_1_1__leaf_clk (net)
                      0.054762    0.001171    0.324932 ^ _158_/CLK (sky130_fd_sc_hd__dfxtp_1)
     2    0.004911    0.035227    0.303715    0.628647 v _158_/Q (sky130_fd_sc_hd__dfxtp_1)
                                                         net8 (net)
                      0.035227    0.000114    0.628762 v output8/A (sky130_fd_sc_hd__buf_2)
     1    0.034550    0.090233    0.176343    0.805104 v output8/X (sky130_fd_sc_hd__buf_2)
                                                         adc_out[5] (net)
                      0.090238    0.000746    0.805851 v adc_out[5] (out)
                                              0.805851   data arrival time

                                  0.000000    0.000000   clock clk (rise edge)
                                  0.000000    0.000000   clock network delay (propagated)
                                  0.250000    0.250000   clock uncertainty
                                  0.000000    0.250000   clock reconvergence pessimism
                                -10.000000   -9.750000   output external delay
                                             -9.750000   data required time
---------------------------------------------------------------------------------------------
                                             -9.750000   data required time
                                             -0.805851   data arrival time
---------------------------------------------------------------------------------------------
                                             10.555851   slack (MET)


Startpoint: _155_ (rising edge-triggered flip-flop clocked by clk)
Endpoint: adc_out[2] (output port clocked by clk)
Path Group: clk
Path Type: min

Fanout         Cap        Slew       Delay        Time   Description
---------------------------------------------------------------------------------------------
                                  0.000000    0.000000   clock clk (rise edge)
                                  0.000000    0.000000   clock source latency
     1    0.015612    0.076138    0.052032    0.052032 ^ clk (in)
                                                         clk (net)
                      0.076141    0.000000    0.052032 ^ clkbuf_0_clk/A (sky130_fd_sc_hd__clkbuf_16)
     2    0.018571    0.040655    0.135394    0.187426 ^ clkbuf_0_clk/X (sky130_fd_sc_hd__clkbuf_16)
                                                         clknet_0_clk (net)
                      0.040656    0.000394    0.187821 ^ clkbuf_1_1__f_clk/A (sky130_fd_sc_hd__clkbuf_16)
    12    0.034357    0.054720    0.135940    0.323761 ^ clkbuf_1_1__f_clk/X (sky130_fd_sc_hd__clkbuf_16)
                                                         clknet_1_1__leaf_clk (net)
                      0.054755    0.001052    0.324813 ^ _155_/CLK (sky130_fd_sc_hd__dfxtp_1)
     2    0.005124    0.036100    0.304574    0.629388 v _155_/Q (sky130_fd_sc_hd__dfxtp_1)
                                                         net5 (net)
                      0.036100    0.000122    0.629509 v output5/A (sky130_fd_sc_hd__buf_2)
     1    0.034851    0.090894    0.177242    0.806751 v output5/X (sky130_fd_sc_hd__buf_2)
                                                         adc_out[2] (net)
                      0.090901    0.000796    0.807546 v adc_out[2] (out)
                                              0.807546   data arrival time

                                  0.000000    0.000000   clock clk (rise edge)
                                  0.000000    0.000000   clock network delay (propagated)
                                  0.250000    0.250000   clock uncertainty
                                  0.000000    0.250000   clock reconvergence pessimism
                                -10.000000   -9.750000   output external delay
                                             -9.750000   data required time
---------------------------------------------------------------------------------------------
                                             -9.750000   data required time
                                             -0.807546   data arrival time
---------------------------------------------------------------------------------------------
                                             10.557547   slack (MET)


Startpoint: _157_ (rising edge-triggered flip-flop clocked by clk)
Endpoint: adc_out[4] (output port clocked by clk)
Path Group: clk
Path Type: min

Fanout         Cap        Slew       Delay        Time   Description
---------------------------------------------------------------------------------------------
                                  0.000000    0.000000   clock clk (rise edge)
                                  0.000000    0.000000   clock source latency
     1    0.015612    0.076138    0.052032    0.052032 ^ clk (in)
                                                         clk (net)
                      0.076141    0.000000    0.052032 ^ clkbuf_0_clk/A (sky130_fd_sc_hd__clkbuf_16)
     2    0.018571    0.040655    0.135394    0.187426 ^ clkbuf_0_clk/X (sky130_fd_sc_hd__clkbuf_16)
                                                         clknet_0_clk (net)
                      0.040656    0.000394    0.187821 ^ clkbuf_1_1__f_clk/A (sky130_fd_sc_hd__clkbuf_16)
    12    0.034357    0.054720    0.135940    0.323761 ^ clkbuf_1_1__f_clk/X (sky130_fd_sc_hd__clkbuf_16)
                                                         clknet_1_1__leaf_clk (net)
                      0.054760    0.001134    0.324895 ^ _157_/CLK (sky130_fd_sc_hd__dfxtp_1)
     2    0.005212    0.036462    0.304931    0.629826 v _157_/Q (sky130_fd_sc_hd__dfxtp_1)
                                                         net7 (net)
                      0.036462    0.000123    0.629949 v output7/A (sky130_fd_sc_hd__buf_2)
     1    0.034612    0.090374    0.176960    0.806909 v output7/X (sky130_fd_sc_hd__buf_2)
                                                         adc_out[4] (net)
                      0.090381    0.000787    0.807696 v adc_out[4] (out)
                                              0.807696   data arrival time

                                  0.000000    0.000000   clock clk (rise edge)
                                  0.000000    0.000000   clock network delay (propagated)
                                  0.250000    0.250000   clock uncertainty
                                  0.000000    0.250000   clock reconvergence pessimism
                                -10.000000   -9.750000   output external delay
                                             -9.750000   data required time
---------------------------------------------------------------------------------------------
                                             -9.750000   data required time
                                             -0.807696   data arrival time
---------------------------------------------------------------------------------------------
                                             10.557695   slack (MET)


Startpoint: _159_ (rising edge-triggered flip-flop clocked by clk)
Endpoint: adc_out[6] (output port clocked by clk)
Path Group: clk
Path Type: min

Fanout         Cap        Slew       Delay        Time   Description
---------------------------------------------------------------------------------------------
                                  0.000000    0.000000   clock clk (rise edge)
                                  0.000000    0.000000   clock source latency
     1    0.015612    0.076138    0.052032    0.052032 ^ clk (in)
                                                         clk (net)
                      0.076141    0.000000    0.052032 ^ clkbuf_0_clk/A (sky130_fd_sc_hd__clkbuf_16)
     2    0.018571    0.040655    0.135394    0.187426 ^ clkbuf_0_clk/X (sky130_fd_sc_hd__clkbuf_16)
                                                         clknet_0_clk (net)
                      0.040656    0.000394    0.187821 ^ clkbuf_1_1__f_clk/A (sky130_fd_sc_hd__clkbuf_16)
    12    0.034357    0.054720    0.135940    0.323761 ^ clkbuf_1_1__f_clk/X (sky130_fd_sc_hd__clkbuf_16)
                                                         clknet_1_1__leaf_clk (net)
                      0.054762    0.001173    0.324934 ^ _159_/CLK (sky130_fd_sc_hd__dfxtp_1)
     2    0.005689    0.038452    0.306861    0.631796 v _159_/Q (sky130_fd_sc_hd__dfxtp_1)
                                                         net9 (net)
                      0.038452    0.000129    0.631924 v output9/A (sky130_fd_sc_hd__buf_2)
     1    0.035149    0.091586    0.178684    0.810608 v output9/X (sky130_fd_sc_hd__buf_2)
                                                         adc_out[6] (net)
                      0.091596    0.000955    0.811563 v adc_out[6] (out)
                                              0.811563   data arrival time

                                  0.000000    0.000000   clock clk (rise edge)
                                  0.000000    0.000000   clock network delay (propagated)
                                  0.250000    0.250000   clock uncertainty
                                  0.000000    0.250000   clock reconvergence pessimism
                                -10.000000   -9.750000   output external delay
                                             -9.750000   data required time
---------------------------------------------------------------------------------------------
                                             -9.750000   data required time
                                             -0.811563   data arrival time
---------------------------------------------------------------------------------------------
                                             10.561563   slack (MET)


Startpoint: _160_ (rising edge-triggered flip-flop clocked by clk)
Endpoint: adc_out[7] (output port clocked by clk)
Path Group: clk
Path Type: min

Fanout         Cap        Slew       Delay        Time   Description
---------------------------------------------------------------------------------------------
                                  0.000000    0.000000   clock clk (rise edge)
                                  0.000000    0.000000   clock source latency
     1    0.015612    0.076138    0.052032    0.052032 ^ clk (in)
                                                         clk (net)
                      0.076141    0.000000    0.052032 ^ clkbuf_0_clk/A (sky130_fd_sc_hd__clkbuf_16)
     2    0.018571    0.040655    0.135394    0.187426 ^ clkbuf_0_clk/X (sky130_fd_sc_hd__clkbuf_16)
                                                         clknet_0_clk (net)
                      0.040656    0.000394    0.187821 ^ clkbuf_1_1__f_clk/A (sky130_fd_sc_hd__clkbuf_16)
    12    0.034357    0.054720    0.135940    0.323761 ^ clkbuf_1_1__f_clk/X (sky130_fd_sc_hd__clkbuf_16)
                                                         clknet_1_1__leaf_clk (net)
                      0.054739    0.000774    0.324535 ^ _160_/CLK (sky130_fd_sc_hd__dfxtp_1)
     2    0.006076    0.040083    0.308428    0.632963 v _160_/Q (sky130_fd_sc_hd__dfxtp_1)
                                                         net10 (net)
                      0.040083    0.000174    0.633137 v output10/A (sky130_fd_sc_hd__buf_2)
     1    0.035334    0.091997    0.179684    0.812821 v output10/X (sky130_fd_sc_hd__buf_2)
                                                         adc_out[7] (net)
                      0.092009    0.001016    0.813837 v adc_out[7] (out)
                                              0.813837   data arrival time

                                  0.000000    0.000000   clock clk (rise edge)
                                  0.000000    0.000000   clock network delay (propagated)
                                  0.250000    0.250000   clock uncertainty
                                  0.000000    0.250000   clock reconvergence pessimism
                                -10.000000   -9.750000   output external delay
                                             -9.750000   data required time
---------------------------------------------------------------------------------------------
                                             -9.750000   data required time
                                             -0.813837   data arrival time
---------------------------------------------------------------------------------------------
                                             10.563837   slack (MET)


Startpoint: _156_ (rising edge-triggered flip-flop clocked by clk)
Endpoint: adc_out[3] (output port clocked by clk)
Path Group: clk
Path Type: min

Fanout         Cap        Slew       Delay        Time   Description
---------------------------------------------------------------------------------------------
                                  0.000000    0.000000   clock clk (rise edge)
                                  0.000000    0.000000   clock source latency
     1    0.015612    0.076138    0.052032    0.052032 ^ clk (in)
                                                         clk (net)
                      0.076141    0.000000    0.052032 ^ clkbuf_0_clk/A (sky130_fd_sc_hd__clkbuf_16)
     2    0.018571    0.040655    0.135394    0.187426 ^ clkbuf_0_clk/X (sky130_fd_sc_hd__clkbuf_16)
                                                         clknet_0_clk (net)
                      0.040656    0.000394    0.187821 ^ clkbuf_1_1__f_clk/A (sky130_fd_sc_hd__clkbuf_16)
    12    0.034357    0.054720    0.135940    0.323761 ^ clkbuf_1_1__f_clk/X (sky130_fd_sc_hd__clkbuf_16)
                                                         clknet_1_1__leaf_clk (net)
                      0.054748    0.000925    0.324686 ^ _156_/CLK (sky130_fd_sc_hd__dfxtp_1)
     2    0.006474    0.041781    0.310037    0.634723 v _156_/Q (sky130_fd_sc_hd__dfxtp_1)
                                                         net6 (net)
                      0.041781    0.000184    0.634907 v output6/A (sky130_fd_sc_hd__buf_2)
     1    0.034861    0.090894    0.179671    0.814579 v output6/X (sky130_fd_sc_hd__buf_2)
                                                         adc_out[3] (net)
                      0.090902    0.000843    0.815422 v adc_out[3] (out)
                                              0.815422   data arrival time

                                  0.000000    0.000000   clock clk (rise edge)
                                  0.000000    0.000000   clock network delay (propagated)
                                  0.250000    0.250000   clock uncertainty
                                  0.000000    0.250000   clock reconvergence pessimism
                                -10.000000   -9.750000   output external delay
                                             -9.750000   data required time
---------------------------------------------------------------------------------------------
                                             -9.750000   data required time
                                             -0.815422   data arrival time
---------------------------------------------------------------------------------------------
                                             10.565422   slack (MET)


Startpoint: _153_ (rising edge-triggered flip-flop clocked by clk)
Endpoint: adc_out[0] (output port clocked by clk)
Path Group: clk
Path Type: min

Fanout         Cap        Slew       Delay        Time   Description
---------------------------------------------------------------------------------------------
                                  0.000000    0.000000   clock clk (rise edge)
                                  0.000000    0.000000   clock source latency
     1    0.015612    0.076138    0.052032    0.052032 ^ clk (in)
                                                         clk (net)
                      0.076141    0.000000    0.052032 ^ clkbuf_0_clk/A (sky130_fd_sc_hd__clkbuf_16)
     2    0.018571    0.040655    0.135394    0.187426 ^ clkbuf_0_clk/X (sky130_fd_sc_hd__clkbuf_16)
                                                         clknet_0_clk (net)
                      0.040656    0.000394    0.187821 ^ clkbuf_1_1__f_clk/A (sky130_fd_sc_hd__clkbuf_16)
    12    0.034357    0.054720    0.135940    0.323761 ^ clkbuf_1_1__f_clk/X (sky130_fd_sc_hd__clkbuf_16)
                                                         clknet_1_1__leaf_clk (net)
                      0.054748    0.000932    0.324693 ^ _153_/CLK (sky130_fd_sc_hd__dfxtp_1)
     2    0.006886    0.043548    0.311706    0.636399 v _153_/Q (sky130_fd_sc_hd__dfxtp_1)
                                                         net3 (net)
                      0.043548    0.000224    0.636623 v output3/A (sky130_fd_sc_hd__buf_2)
     1    0.035049    0.091405    0.180559    0.817182 v output3/X (sky130_fd_sc_hd__buf_2)
                                                         adc_out[0] (net)
                      0.091420    0.001132    0.818314 v adc_out[0] (out)
                                              0.818314   data arrival time

                                  0.000000    0.000000   clock clk (rise edge)
                                  0.000000    0.000000   clock network delay (propagated)
                                  0.250000    0.250000   clock uncertainty
                                  0.000000    0.250000   clock reconvergence pessimism
                                -10.000000   -9.750000   output external delay
                                             -9.750000   data required time
---------------------------------------------------------------------------------------------
                                             -9.750000   data required time
                                             -0.818314   data arrival time
---------------------------------------------------------------------------------------------
                                             10.568315   slack (MET)


Startpoint: _154_ (rising edge-triggered flip-flop clocked by clk)
Endpoint: adc_out[1] (output port clocked by clk)
Path Group: clk
Path Type: min

Fanout         Cap        Slew       Delay        Time   Description
---------------------------------------------------------------------------------------------
                                  0.000000    0.000000   clock clk (rise edge)
                                  0.000000    0.000000   clock source latency
     1    0.015612    0.076138    0.052032    0.052032 ^ clk (in)
                                                         clk (net)
                      0.076141    0.000000    0.052032 ^ clkbuf_0_clk/A (sky130_fd_sc_hd__clkbuf_16)
     2    0.018571    0.040655    0.135394    0.187426 ^ clkbuf_0_clk/X (sky130_fd_sc_hd__clkbuf_16)
                                                         clknet_0_clk (net)
                      0.040656    0.000394    0.187821 ^ clkbuf_1_1__f_clk/A (sky130_fd_sc_hd__clkbuf_16)
    12    0.034357    0.054720    0.135940    0.323761 ^ clkbuf_1_1__f_clk/X (sky130_fd_sc_hd__clkbuf_16)
                                                         clknet_1_1__leaf_clk (net)
                      0.054743    0.000843    0.324604 ^ _154_/CLK (sky130_fd_sc_hd__dfxtp_1)
     2    0.007865    0.047837    0.315605    0.640209 v _154_/Q (sky130_fd_sc_hd__dfxtp_1)
                                                         net4 (net)
                      0.047911    0.000337    0.640546 v output4/A (sky130_fd_sc_hd__buf_2)
     1    0.034502    0.090021    0.181752    0.822298 v output4/X (sky130_fd_sc_hd__buf_2)
                                                         adc_out[1] (net)
                      0.090025    0.000703    0.823001 v adc_out[1] (out)
                                              0.823001   data arrival time

                                  0.000000    0.000000   clock clk (rise edge)
                                  0.000000    0.000000   clock network delay (propagated)
                                  0.250000    0.250000   clock uncertainty
                                  0.000000    0.250000   clock reconvergence pessimism
                                -10.000000   -9.750000   output external delay
                                             -9.750000   data required time
---------------------------------------------------------------------------------------------
                                             -9.750000   data required time
                                             -0.823001   data arrival time
---------------------------------------------------------------------------------------------
                                             10.573001   slack (MET)


Startpoint: _168_ (rising edge-triggered flip-flop clocked by clk)
Endpoint: dac_in[7] (output port clocked by clk)
Path Group: clk
Path Type: min

Fanout         Cap        Slew       Delay        Time   Description
---------------------------------------------------------------------------------------------
                                  0.000000    0.000000   clock clk (rise edge)
                                  0.000000    0.000000   clock source latency
     1    0.015612    0.076138    0.052032    0.052032 ^ clk (in)
                                                         clk (net)
                      0.076141    0.000000    0.052032 ^ clkbuf_0_clk/A (sky130_fd_sc_hd__clkbuf_16)
     2    0.018571    0.040655    0.135394    0.187426 ^ clkbuf_0_clk/X (sky130_fd_sc_hd__clkbuf_16)
                                                         clknet_0_clk (net)
                      0.040656    0.000469    0.187896 ^ clkbuf_1_0__f_clk/A (sky130_fd_sc_hd__clkbuf_16)
    10    0.036815    0.056861    0.137697    0.325593 ^ clkbuf_1_0__f_clk/X (sky130_fd_sc_hd__clkbuf_16)
                                                         clknet_1_0__leaf_clk (net)
                      0.056878    0.000789    0.326382 ^ _168_/CLK (sky130_fd_sc_hd__dfxtp_1)
     3    0.011801    0.063578    0.330773    0.657155 v _168_/Q (sky130_fd_sc_hd__dfxtp_1)
                                                         net19 (net)
                      0.063578    0.000217    0.657371 v output19/A (sky130_fd_sc_hd__buf_2)
     1    0.034711    0.090552    0.188941    0.846312 v output19/X (sky130_fd_sc_hd__buf_2)
                                                         dac_in[7] (net)
                      0.090562    0.000961    0.847272 v dac_in[7] (out)
                                              0.847272   data arrival time

                                  0.000000    0.000000   clock clk (rise edge)
                                  0.000000    0.000000   clock network delay (propagated)
                                  0.250000    0.250000   clock uncertainty
                                  0.000000    0.250000   clock reconvergence pessimism
                                -10.000000   -9.750000   output external delay
                                             -9.750000   data required time
---------------------------------------------------------------------------------------------
                                             -9.750000   data required time
                                             -0.847272   data arrival time
---------------------------------------------------------------------------------------------
                                             10.597273   slack (MET)


Startpoint: _166_ (rising edge-triggered flip-flop clocked by clk)
Endpoint: dac_in[5] (output port clocked by clk)
Path Group: clk
Path Type: min

Fanout         Cap        Slew       Delay        Time   Description
---------------------------------------------------------------------------------------------
                                  0.000000    0.000000   clock clk (rise edge)
                                  0.000000    0.000000   clock source latency
     1    0.015612    0.076138    0.052032    0.052032 ^ clk (in)
                                                         clk (net)
                      0.076141    0.000000    0.052032 ^ clkbuf_0_clk/A (sky130_fd_sc_hd__clkbuf_16)
     2    0.018571    0.040655    0.135394    0.187426 ^ clkbuf_0_clk/X (sky130_fd_sc_hd__clkbuf_16)
                                                         clknet_0_clk (net)
                      0.040656    0.000394    0.187821 ^ clkbuf_1_1__f_clk/A (sky130_fd_sc_hd__clkbuf_16)
    12    0.034357    0.054720    0.135940    0.323761 ^ clkbuf_1_1__f_clk/X (sky130_fd_sc_hd__clkbuf_16)
                                                         clknet_1_1__leaf_clk (net)
                      0.054737    0.000742    0.324503 ^ _166_/CLK (sky130_fd_sc_hd__dfxtp_1)
     3    0.014657    0.075882    0.339873    0.664377 v _166_/Q (sky130_fd_sc_hd__dfxtp_1)
                                                         net17 (net)
                      0.075883    0.000396    0.664772 v output17/A (sky130_fd_sc_hd__buf_2)
     1    0.034455    0.089977    0.194135    0.858908 v output17/X (sky130_fd_sc_hd__buf_2)
                                                         dac_in[5] (net)
                      0.089985    0.000864    0.859772 v dac_in[5] (out)
                                              0.859772   data arrival time

                                  0.000000    0.000000   clock clk (rise edge)
                                  0.000000    0.000000   clock network delay (propagated)
                                  0.250000    0.250000   clock uncertainty
                                  0.000000    0.250000   clock reconvergence pessimism
                                -10.000000   -9.750000   output external delay
                                             -9.750000   data required time
---------------------------------------------------------------------------------------------
                                             -9.750000   data required time
                                             -0.859772   data arrival time
---------------------------------------------------------------------------------------------
                                             10.609772   slack (MET)


Startpoint: _165_ (rising edge-triggered flip-flop clocked by clk)
Endpoint: dac_in[4] (output port clocked by clk)
Path Group: clk
Path Type: min

Fanout         Cap        Slew       Delay        Time   Description
---------------------------------------------------------------------------------------------
                                  0.000000    0.000000   clock clk (rise edge)
                                  0.000000    0.000000   clock source latency
     1    0.015612    0.076138    0.052032    0.052032 ^ clk (in)
                                                         clk (net)
                      0.076141    0.000000    0.052032 ^ clkbuf_0_clk/A (sky130_fd_sc_hd__clkbuf_16)
     2    0.018571    0.040655    0.135394    0.187426 ^ clkbuf_0_clk/X (sky130_fd_sc_hd__clkbuf_16)
                                                         clknet_0_clk (net)
                      0.040656    0.000394    0.187821 ^ clkbuf_1_1__f_clk/A (sky130_fd_sc_hd__clkbuf_16)
    12    0.034357    0.054720    0.135940    0.323761 ^ clkbuf_1_1__f_clk/X (sky130_fd_sc_hd__clkbuf_16)
                                                         clknet_1_1__leaf_clk (net)
                      0.054722    0.000479    0.324240 ^ _165_/CLK (sky130_fd_sc_hd__dfxtp_1)
     3    0.016887    0.085576    0.347525    0.671766 v _165_/Q (sky130_fd_sc_hd__dfxtp_1)
                                                         net16 (net)
                      0.085580    0.000669    0.672435 v output16/A (sky130_fd_sc_hd__buf_2)
     1    0.034755    0.090679    0.199015    0.871451 v output16/X (sky130_fd_sc_hd__buf_2)
                                                         dac_in[4] (net)
                      0.090690    0.000980    0.872431 v dac_in[4] (out)
                                              0.872431   data arrival time

                                  0.000000    0.000000   clock clk (rise edge)
                                  0.000000    0.000000   clock network delay (propagated)
                                  0.250000    0.250000   clock uncertainty
                                  0.000000    0.250000   clock reconvergence pessimism
                                -10.000000   -9.750000   output external delay
                                             -9.750000   data required time
---------------------------------------------------------------------------------------------
                                             -9.750000   data required time
                                             -0.872431   data arrival time
---------------------------------------------------------------------------------------------
                                             10.622431   slack (MET)


Startpoint: _162_ (rising edge-triggered flip-flop clocked by clk)
Endpoint: dac_in[1] (output port clocked by clk)
Path Group: clk
Path Type: min

Fanout         Cap        Slew       Delay        Time   Description
---------------------------------------------------------------------------------------------
                                  0.000000    0.000000   clock clk (rise edge)
                                  0.000000    0.000000   clock source latency
     1    0.015612    0.076138    0.052032    0.052032 ^ clk (in)
                                                         clk (net)
                      0.076141    0.000000    0.052032 ^ clkbuf_0_clk/A (sky130_fd_sc_hd__clkbuf_16)
     2    0.018571    0.040655    0.135394    0.187426 ^ clkbuf_0_clk/X (sky130_fd_sc_hd__clkbuf_16)
                                                         clknet_0_clk (net)
                      0.040656    0.000394    0.187821 ^ clkbuf_1_1__f_clk/A (sky130_fd_sc_hd__clkbuf_16)
    12    0.034357    0.054720    0.135940    0.323761 ^ clkbuf_1_1__f_clk/X (sky130_fd_sc_hd__clkbuf_16)
                                                         clknet_1_1__leaf_clk (net)
                      0.054744    0.000860    0.324621 ^ _162_/CLK (sky130_fd_sc_hd__dfxtp_1)
     3    0.017247    0.087205    0.348620    0.673241 v _162_/Q (sky130_fd_sc_hd__dfxtp_1)
                                                         net13 (net)
                      0.087216    0.000986    0.674227 v output13/A (sky130_fd_sc_hd__buf_2)
     1    0.034530    0.090162    0.199408    0.873635 v output13/X (sky130_fd_sc_hd__buf_2)
                                                         dac_in[1] (net)
                      0.090171    0.000893    0.874528 v dac_in[1] (out)
                                              0.874528   data arrival time

                                  0.000000    0.000000   clock clk (rise edge)
                                  0.000000    0.000000   clock network delay (propagated)
                                  0.250000    0.250000   clock uncertainty
                                  0.000000    0.250000   clock reconvergence pessimism
                                -10.000000   -9.750000   output external delay
                                             -9.750000   data required time
---------------------------------------------------------------------------------------------
                                             -9.750000   data required time
                                             -0.874528   data arrival time
---------------------------------------------------------------------------------------------
                                             10.624528   slack (MET)


Startpoint: _164_ (rising edge-triggered flip-flop clocked by clk)
Endpoint: dac_in[3] (output port clocked by clk)
Path Group: clk
Path Type: min

Fanout         Cap        Slew       Delay        Time   Description
---------------------------------------------------------------------------------------------
                                  0.000000    0.000000   clock clk (rise edge)
                                  0.000000    0.000000   clock source latency
     1    0.015612    0.076138    0.052032    0.052032 ^ clk (in)
                                                         clk (net)
                      0.076141    0.000000    0.052032 ^ clkbuf_0_clk/A (sky130_fd_sc_hd__clkbuf_16)
     2    0.018571    0.040655    0.135394    0.187426 ^ clkbuf_0_clk/X (sky130_fd_sc_hd__clkbuf_16)
                                                         clknet_0_clk (net)
                      0.040656    0.000469    0.187896 ^ clkbuf_1_0__f_clk/A (sky130_fd_sc_hd__clkbuf_16)
    10    0.036815    0.056861    0.137697    0.325593 ^ clkbuf_1_0__f_clk/X (sky130_fd_sc_hd__clkbuf_16)
                                                         clknet_1_0__leaf_clk (net)
                      0.056924    0.001507    0.327100 ^ _164_/CLK (sky130_fd_sc_hd__dfxtp_1)
     3    0.017094    0.086556    0.348865    0.675964 v _164_/Q (sky130_fd_sc_hd__dfxtp_1)
                                                         net15 (net)
                      0.086556    0.000364    0.676328 v output15/A (sky130_fd_sc_hd__buf_2)
     1    0.034636    0.090405    0.199277    0.875605 v output15/X (sky130_fd_sc_hd__buf_2)
                                                         dac_in[3] (net)
                      0.090415    0.000931    0.876536 v dac_in[3] (out)
                                              0.876536   data arrival time

                                  0.000000    0.000000   clock clk (rise edge)
                                  0.000000    0.000000   clock network delay (propagated)
                                  0.250000    0.250000   clock uncertainty
                                  0.000000    0.250000   clock reconvergence pessimism
                                -10.000000   -9.750000   output external delay
                                             -9.750000   data required time
---------------------------------------------------------------------------------------------
                                             -9.750000   data required time
                                             -0.876536   data arrival time
---------------------------------------------------------------------------------------------
                                             10.626536   slack (MET)


Startpoint: _167_ (rising edge-triggered flip-flop clocked by clk)
Endpoint: dac_in[6] (output port clocked by clk)
Path Group: clk
Path Type: min

Fanout         Cap        Slew       Delay        Time   Description
---------------------------------------------------------------------------------------------
                                  0.000000    0.000000   clock clk (rise edge)
                                  0.000000    0.000000   clock source latency
     1    0.015612    0.076138    0.052032    0.052032 ^ clk (in)
                                                         clk (net)
                      0.076141    0.000000    0.052032 ^ clkbuf_0_clk/A (sky130_fd_sc_hd__clkbuf_16)
     2    0.018571    0.040655    0.135394    0.187426 ^ clkbuf_0_clk/X (sky130_fd_sc_hd__clkbuf_16)
                                                         clknet_0_clk (net)
                      0.040656    0.000469    0.187896 ^ clkbuf_1_0__f_clk/A (sky130_fd_sc_hd__clkbuf_16)
    10    0.036815    0.056861    0.137697    0.325593 ^ clkbuf_1_0__f_clk/X (sky130_fd_sc_hd__clkbuf_16)
                                                         clknet_1_0__leaf_clk (net)
                      0.056879    0.000817    0.326410 ^ _167_/CLK (sky130_fd_sc_hd__dfxtp_1)
     4    0.018997    0.094852    0.355394    0.681804 v _167_/Q (sky130_fd_sc_hd__dfxtp_1)
                                                         net18 (net)
                      0.094853    0.000480    0.682283 v output18/A (sky130_fd_sc_hd__buf_2)
     1    0.034412    0.089895    0.202700    0.884983 v output18/X (sky130_fd_sc_hd__buf_2)
                                                         dac_in[6] (net)
                      0.089903    0.000845    0.885827 v dac_in[6] (out)
                                              0.885827   data arrival time

                                  0.000000    0.000000   clock clk (rise edge)
                                  0.000000    0.000000   clock network delay (propagated)
                                  0.250000    0.250000   clock uncertainty
                                  0.000000    0.250000   clock reconvergence pessimism
                                -10.000000   -9.750000   output external delay
                                             -9.750000   data required time
---------------------------------------------------------------------------------------------
                                             -9.750000   data required time
                                             -0.885827   data arrival time
---------------------------------------------------------------------------------------------
                                             10.635828   slack (MET)


Startpoint: _163_ (rising edge-triggered flip-flop clocked by clk)
Endpoint: dac_in[2] (output port clocked by clk)
Path Group: clk
Path Type: min

Fanout         Cap        Slew       Delay        Time   Description
---------------------------------------------------------------------------------------------
                                  0.000000    0.000000   clock clk (rise edge)
                                  0.000000    0.000000   clock source latency
     1    0.015612    0.076138    0.052032    0.052032 ^ clk (in)
                                                         clk (net)
                      0.076141    0.000000    0.052032 ^ clkbuf_0_clk/A (sky130_fd_sc_hd__clkbuf_16)
     2    0.018571    0.040655    0.135394    0.187426 ^ clkbuf_0_clk/X (sky130_fd_sc_hd__clkbuf_16)
                                                         clknet_0_clk (net)
                      0.040656    0.000469    0.187896 ^ clkbuf_1_0__f_clk/A (sky130_fd_sc_hd__clkbuf_16)
    10    0.036815    0.056861    0.137697    0.325593 ^ clkbuf_1_0__f_clk/X (sky130_fd_sc_hd__clkbuf_16)
                                                         clknet_1_0__leaf_clk (net)
                      0.056922    0.001484    0.327077 ^ _163_/CLK (sky130_fd_sc_hd__dfxtp_1)
     4    0.021319    0.105038    0.363292    0.690369 v _163_/Q (sky130_fd_sc_hd__dfxtp_1)
                                                         net14 (net)
                      0.105038    0.000269    0.690638 v output14/A (sky130_fd_sc_hd__buf_2)
     1    0.034359    0.089784    0.207250    0.897888 v output14/X (sky130_fd_sc_hd__buf_2)
                                                         dac_in[2] (net)
                      0.089791    0.000825    0.898712 v dac_in[2] (out)
                                              0.898712   data arrival time

                                  0.000000    0.000000   clock clk (rise edge)
                                  0.000000    0.000000   clock network delay (propagated)
                                  0.250000    0.250000   clock uncertainty
                                  0.000000    0.250000   clock reconvergence pessimism
                                -10.000000   -9.750000   output external delay
                                             -9.750000   data required time
---------------------------------------------------------------------------------------------
                                             -9.750000   data required time
                                             -0.898712   data arrival time
---------------------------------------------------------------------------------------------
                                             10.648712   slack (MET)


Startpoint: _161_ (rising edge-triggered flip-flop clocked by clk)
Endpoint: dac_in[0] (output port clocked by clk)
Path Group: clk
Path Type: min

Fanout         Cap        Slew       Delay        Time   Description
---------------------------------------------------------------------------------------------
                                  0.000000    0.000000   clock clk (rise edge)
                                  0.000000    0.000000   clock source latency
     1    0.015612    0.076138    0.052032    0.052032 ^ clk (in)
                                                         clk (net)
                      0.076141    0.000000    0.052032 ^ clkbuf_0_clk/A (sky130_fd_sc_hd__clkbuf_16)
     2    0.018571    0.040655    0.135394    0.187426 ^ clkbuf_0_clk/X (sky130_fd_sc_hd__clkbuf_16)
                                                         clknet_0_clk (net)
                      0.040656    0.000469    0.187896 ^ clkbuf_1_0__f_clk/A (sky130_fd_sc_hd__clkbuf_16)
    10    0.036815    0.056861    0.137697    0.325593 ^ clkbuf_1_0__f_clk/X (sky130_fd_sc_hd__clkbuf_16)
                                                         clknet_1_0__leaf_clk (net)
                      0.056919    0.001445    0.327037 ^ _161_/CLK (sky130_fd_sc_hd__dfxtp_1)
     4    0.023313    0.112857    0.370480    0.697518 v _161_/Q (sky130_fd_sc_hd__dfxtp_1)
                                                         net12 (net)
                      0.112857    0.000396    0.697914 v output12/A (sky130_fd_sc_hd__buf_2)
     1    0.035357    0.092097    0.212375    0.910289 v output12/X (sky130_fd_sc_hd__buf_2)
                                                         dac_in[0] (net)
                      0.092114    0.001207    0.911495 v dac_in[0] (out)
                                              0.911495   data arrival time

                                  0.000000    0.000000   clock clk (rise edge)
                                  0.000000    0.000000   clock network delay (propagated)
                                  0.250000    0.250000   clock uncertainty
                                  0.000000    0.250000   clock reconvergence pessimism
                                -10.000000   -9.750000   output external delay
                                             -9.750000   data required time
---------------------------------------------------------------------------------------------
                                             -9.750000   data required time
                                             -0.911495   data arrival time
---------------------------------------------------------------------------------------------
                                             10.661496   slack (MET)


Startpoint: _167_ (rising edge-triggered flip-flop clocked by clk)
Endpoint: dac_in_n[6] (output port clocked by clk)
Path Group: clk
Path Type: min

Fanout         Cap        Slew       Delay        Time   Description
---------------------------------------------------------------------------------------------
                                  0.000000    0.000000   clock clk (rise edge)
                                  0.000000    0.000000   clock source latency
     1    0.015612    0.076138    0.052032    0.052032 ^ clk (in)
                                                         clk (net)
                      0.076141    0.000000    0.052032 ^ clkbuf_0_clk/A (sky130_fd_sc_hd__clkbuf_16)
     2    0.018571    0.040655    0.135394    0.187426 ^ clkbuf_0_clk/X (sky130_fd_sc_hd__clkbuf_16)
                                                         clknet_0_clk (net)
                      0.040656    0.000469    0.187896 ^ clkbuf_1_0__f_clk/A (sky130_fd_sc_hd__clkbuf_16)
    10    0.036815    0.056861    0.137697    0.325593 ^ clkbuf_1_0__f_clk/X (sky130_fd_sc_hd__clkbuf_16)
                                                         clknet_1_0__leaf_clk (net)
                      0.056879    0.000817    0.326410 ^ _167_/CLK (sky130_fd_sc_hd__dfxtp_1)
     4    0.018997    0.094852    0.355394    0.681804 v _167_/Q (sky130_fd_sc_hd__dfxtp_1)
                                                         net18 (net)
                      0.094868    0.001214    0.683018 v _075_/A (sky130_fd_sc_hd__inv_2)
     1    0.002879    0.032680    0.057290    0.740308 ^ _075_/Y (sky130_fd_sc_hd__inv_2)
                                                         net26 (net)
                      0.032680    0.000092    0.740400 ^ output26/A (sky130_fd_sc_hd__buf_2)
     1    0.034607    0.171801    0.194189    0.934589 ^ output26/X (sky130_fd_sc_hd__buf_2)
                                                         dac_in_n[6] (net)
                      0.171856    0.000920    0.935509 ^ dac_in_n[6] (out)
                                              0.935509   data arrival time

                                  0.000000    0.000000   clock clk (rise edge)
                                  0.000000    0.000000   clock network delay (propagated)
                                  0.250000    0.250000   clock uncertainty
                                  0.000000    0.250000   clock reconvergence pessimism
                                -10.000000   -9.750000   output external delay
                                             -9.750000   data required time
---------------------------------------------------------------------------------------------
                                             -9.750000   data required time
                                             -0.935509   data arrival time
---------------------------------------------------------------------------------------------
                                             10.685509   slack (MET)


Startpoint: _168_ (rising edge-triggered flip-flop clocked by clk)
Endpoint: dac_in_n[7] (output port clocked by clk)
Path Group: clk
Path Type: min

Fanout         Cap        Slew       Delay        Time   Description
---------------------------------------------------------------------------------------------
                                  0.000000    0.000000   clock clk (rise edge)
                                  0.000000    0.000000   clock source latency
     1    0.015612    0.076138    0.052032    0.052032 ^ clk (in)
                                                         clk (net)
                      0.076141    0.000000    0.052032 ^ clkbuf_0_clk/A (sky130_fd_sc_hd__clkbuf_16)
     2    0.018571    0.040655    0.135394    0.187426 ^ clkbuf_0_clk/X (sky130_fd_sc_hd__clkbuf_16)
                                                         clknet_0_clk (net)
                      0.040656    0.000469    0.187896 ^ clkbuf_1_0__f_clk/A (sky130_fd_sc_hd__clkbuf_16)
    10    0.036815    0.056861    0.137697    0.325593 ^ clkbuf_1_0__f_clk/X (sky130_fd_sc_hd__clkbuf_16)
                                                         clknet_1_0__leaf_clk (net)
                      0.056878    0.000789    0.326382 ^ _168_/CLK (sky130_fd_sc_hd__dfxtp_1)
     3    0.011801    0.063578    0.330773    0.657155 v _168_/Q (sky130_fd_sc_hd__dfxtp_1)
                                                         net19 (net)
                      0.063578    0.000359    0.657514 v _074_/A (sky130_fd_sc_hd__inv_2)
     2    0.010762    0.056407    0.073787    0.731301 ^ _074_/Y (sky130_fd_sc_hd__inv_2)
                                                         net27 (net)
                      0.056408    0.000304    0.731604 ^ output27/A (sky130_fd_sc_hd__buf_2)
     1    0.034750    0.172449    0.203672    0.935276 ^ output27/X (sky130_fd_sc_hd__buf_2)
                                                         dac_in_n[7] (net)
                      0.172505    0.000979    0.936255 ^ dac_in_n[7] (out)
                                              0.936255   data arrival time

                                  0.000000    0.000000   clock clk (rise edge)
                                  0.000000    0.000000   clock network delay (propagated)
                                  0.250000    0.250000   clock uncertainty
                                  0.000000    0.250000   clock reconvergence pessimism
                                -10.000000   -9.750000   output external delay
                                             -9.750000   data required time
---------------------------------------------------------------------------------------------
                                             -9.750000   data required time
                                             -0.936255   data arrival time
---------------------------------------------------------------------------------------------
                                             10.686255   slack (MET)


Startpoint: _162_ (rising edge-triggered flip-flop clocked by clk)
Endpoint: dac_in_n[1] (output port clocked by clk)
Path Group: clk
Path Type: min

Fanout         Cap        Slew       Delay        Time   Description
---------------------------------------------------------------------------------------------
                                  0.000000    0.000000   clock clk (rise edge)
                                  0.000000    0.000000   clock source latency
     1    0.015612    0.076138    0.052032    0.052032 ^ clk (in)
                                                         clk (net)
                      0.076141    0.000000    0.052032 ^ clkbuf_0_clk/A (sky130_fd_sc_hd__clkbuf_16)
     2    0.018571    0.040655    0.135394    0.187426 ^ clkbuf_0_clk/X (sky130_fd_sc_hd__clkbuf_16)
                                                         clknet_0_clk (net)
                      0.040656    0.000394    0.187821 ^ clkbuf_1_1__f_clk/A (sky130_fd_sc_hd__clkbuf_16)
    12    0.034357    0.054720    0.135940    0.323761 ^ clkbuf_1_1__f_clk/X (sky130_fd_sc_hd__clkbuf_16)
                                                         clknet_1_1__leaf_clk (net)
                      0.054744    0.000860    0.324621 ^ _162_/CLK (sky130_fd_sc_hd__dfxtp_1)
     3    0.017247    0.087205    0.348620    0.673241 v _162_/Q (sky130_fd_sc_hd__dfxtp_1)
                                                         net13 (net)
                      0.087210    0.000735    0.673976 v _080_/A (sky130_fd_sc_hd__inv_2)
     2    0.006297    0.042958    0.068626    0.742601 ^ _080_/Y (sky130_fd_sc_hd__inv_2)
                                                         net21 (net)
                      0.042958    0.000093    0.742695 ^ output21/A (sky130_fd_sc_hd__buf_2)
     1    0.034398    0.170791    0.197489    0.940183 ^ output21/X (sky130_fd_sc_hd__buf_2)
                                                         dac_in_n[1] (net)
                      0.170844    0.000842    0.941026 ^ dac_in_n[1] (out)
                                              0.941026   data arrival time

                                  0.000000    0.000000   clock clk (rise edge)
                                  0.000000    0.000000   clock network delay (propagated)
                                  0.250000    0.250000   clock uncertainty
                                  0.000000    0.250000   clock reconvergence pessimism
                                -10.000000   -9.750000   output external delay
                                             -9.750000   data required time
---------------------------------------------------------------------------------------------
                                             -9.750000   data required time
                                             -0.941026   data arrival time
---------------------------------------------------------------------------------------------
                                             10.691026   slack (MET)


Startpoint: _166_ (rising edge-triggered flip-flop clocked by clk)
Endpoint: dac_in_n[5] (output port clocked by clk)
Path Group: clk
Path Type: min

Fanout         Cap        Slew       Delay        Time   Description
---------------------------------------------------------------------------------------------
                                  0.000000    0.000000   clock clk (rise edge)
                                  0.000000    0.000000   clock source latency
     1    0.015612    0.076138    0.052032    0.052032 ^ clk (in)
                                                         clk (net)
                      0.076141    0.000000    0.052032 ^ clkbuf_0_clk/A (sky130_fd_sc_hd__clkbuf_16)
     2    0.018571    0.040655    0.135394    0.187426 ^ clkbuf_0_clk/X (sky130_fd_sc_hd__clkbuf_16)
                                                         clknet_0_clk (net)
                      0.040656    0.000394    0.187821 ^ clkbuf_1_1__f_clk/A (sky130_fd_sc_hd__clkbuf_16)
    12    0.034357    0.054720    0.135940    0.323761 ^ clkbuf_1_1__f_clk/X (sky130_fd_sc_hd__clkbuf_16)
                                                         clknet_1_1__leaf_clk (net)
                      0.054737    0.000742    0.324503 ^ _166_/CLK (sky130_fd_sc_hd__dfxtp_1)
     3    0.014657    0.075882    0.339873    0.664377 v _166_/Q (sky130_fd_sc_hd__dfxtp_1)
                                                         net17 (net)
                      0.075883    0.000365    0.664741 v _076_/A (sky130_fd_sc_hd__inv_2)
     2    0.009079    0.051444    0.073505    0.738246 ^ _076_/Y (sky130_fd_sc_hd__inv_2)
                                                         net25 (net)
                      0.051444    0.000205    0.738452 ^ output25/A (sky130_fd_sc_hd__buf_2)
     1    0.035001    0.173615    0.202591    0.941043 ^ output25/X (sky130_fd_sc_hd__buf_2)
                                                         dac_in_n[5] (net)
                      0.173673    0.001067    0.942109 ^ dac_in_n[5] (out)
                                              0.942109   data arrival time

                                  0.000000    0.000000   clock clk (rise edge)
                                  0.000000    0.000000   clock network delay (propagated)
                                  0.250000    0.250000   clock uncertainty
                                  0.000000    0.250000   clock reconvergence pessimism
                                -10.000000   -9.750000   output external delay
                                             -9.750000   data required time
---------------------------------------------------------------------------------------------
                                             -9.750000   data required time
                                             -0.942109   data arrival time
---------------------------------------------------------------------------------------------
                                             10.692110   slack (MET)


Startpoint: _165_ (rising edge-triggered flip-flop clocked by clk)
Endpoint: dac_in_n[4] (output port clocked by clk)
Path Group: clk
Path Type: min

Fanout         Cap        Slew       Delay        Time   Description
---------------------------------------------------------------------------------------------
                                  0.000000    0.000000   clock clk (rise edge)
                                  0.000000    0.000000   clock source latency
     1    0.015612    0.076138    0.052032    0.052032 ^ clk (in)
                                                         clk (net)
                      0.076141    0.000000    0.052032 ^ clkbuf_0_clk/A (sky130_fd_sc_hd__clkbuf_16)
     2    0.018571    0.040655    0.135394    0.187426 ^ clkbuf_0_clk/X (sky130_fd_sc_hd__clkbuf_16)
                                                         clknet_0_clk (net)
                      0.040656    0.000394    0.187821 ^ clkbuf_1_1__f_clk/A (sky130_fd_sc_hd__clkbuf_16)
    12    0.034357    0.054720    0.135940    0.323761 ^ clkbuf_1_1__f_clk/X (sky130_fd_sc_hd__clkbuf_16)
                                                         clknet_1_1__leaf_clk (net)
                      0.054722    0.000479    0.324240 ^ _165_/CLK (sky130_fd_sc_hd__dfxtp_1)
     3    0.016887    0.085576    0.347525    0.671766 v _165_/Q (sky130_fd_sc_hd__dfxtp_1)
                                                         net16 (net)
                      0.085578    0.000482    0.672248 v _077_/A (sky130_fd_sc_hd__inv_2)
     2    0.008076    0.049143    0.074106    0.746354 ^ _077_/Y (sky130_fd_sc_hd__inv_2)
                                                         net24 (net)
                      0.049143    0.000179    0.746533 ^ output24/A (sky130_fd_sc_hd__buf_2)
     1    0.034560    0.171541    0.200352    0.946885 ^ output24/X (sky130_fd_sc_hd__buf_2)
                                                         dac_in_n[4] (net)
                      0.171595    0.000906    0.947791 ^ dac_in_n[4] (out)
                                              0.947791   data arrival time

                                  0.000000    0.000000   clock clk (rise edge)
                                  0.000000    0.000000   clock network delay (propagated)
                                  0.250000    0.250000   clock uncertainty
                                  0.000000    0.250000   clock reconvergence pessimism
                                -10.000000   -9.750000   output external delay
                                             -9.750000   data required time
---------------------------------------------------------------------------------------------
                                             -9.750000   data required time
                                             -0.947791   data arrival time
---------------------------------------------------------------------------------------------
                                             10.697791   slack (MET)


Startpoint: _163_ (rising edge-triggered flip-flop clocked by clk)
Endpoint: dac_in_n[2] (output port clocked by clk)
Path Group: clk
Path Type: min

Fanout         Cap        Slew       Delay        Time   Description
---------------------------------------------------------------------------------------------
                                  0.000000    0.000000   clock clk (rise edge)
                                  0.000000    0.000000   clock source latency
     1    0.015612    0.076138    0.052032    0.052032 ^ clk (in)
                                                         clk (net)
                      0.076141    0.000000    0.052032 ^ clkbuf_0_clk/A (sky130_fd_sc_hd__clkbuf_16)
     2    0.018571    0.040655    0.135394    0.187426 ^ clkbuf_0_clk/X (sky130_fd_sc_hd__clkbuf_16)
                                                         clknet_0_clk (net)
                      0.040656    0.000469    0.187896 ^ clkbuf_1_0__f_clk/A (sky130_fd_sc_hd__clkbuf_16)
    10    0.036815    0.056861    0.137697    0.325593 ^ clkbuf_1_0__f_clk/X (sky130_fd_sc_hd__clkbuf_16)
                                                         clknet_1_0__leaf_clk (net)
                      0.056922    0.001484    0.327077 ^ _163_/CLK (sky130_fd_sc_hd__dfxtp_1)
     4    0.021319    0.105038    0.363292    0.690369 v _163_/Q (sky130_fd_sc_hd__dfxtp_1)
                                                         net14 (net)
                      0.105060    0.001444    0.691813 v _079_/A (sky130_fd_sc_hd__inv_2)
     1    0.002968    0.034985    0.061038    0.752851 ^ _079_/Y (sky130_fd_sc_hd__inv_2)
                                                         net22 (net)
                      0.034985    0.000097    0.752948 ^ output22/A (sky130_fd_sc_hd__buf_2)
     1    0.035171    0.174454    0.196800    0.949748 ^ output22/X (sky130_fd_sc_hd__buf_2)
                                                         dac_in_n[2] (net)
                      0.174514    0.001131    0.950879 ^ dac_in_n[2] (out)
                                              0.950879   data arrival time

                                  0.000000    0.000000   clock clk (rise edge)
                                  0.000000    0.000000   clock network delay (propagated)
                                  0.250000    0.250000   clock uncertainty
                                  0.000000    0.250000   clock reconvergence pessimism
                                -10.000000   -9.750000   output external delay
                                             -9.750000   data required time
---------------------------------------------------------------------------------------------
                                             -9.750000   data required time
                                             -0.950879   data arrival time
---------------------------------------------------------------------------------------------
                                             10.700879   slack (MET)


Startpoint: _164_ (rising edge-triggered flip-flop clocked by clk)
Endpoint: dac_in_n[3] (output port clocked by clk)
Path Group: clk
Path Type: min

Fanout         Cap        Slew       Delay        Time   Description
---------------------------------------------------------------------------------------------
                                  0.000000    0.000000   clock clk (rise edge)
                                  0.000000    0.000000   clock source latency
     1    0.015612    0.076138    0.052032    0.052032 ^ clk (in)
                                                         clk (net)
                      0.076141    0.000000    0.052032 ^ clkbuf_0_clk/A (sky130_fd_sc_hd__clkbuf_16)
     2    0.018571    0.040655    0.135394    0.187426 ^ clkbuf_0_clk/X (sky130_fd_sc_hd__clkbuf_16)
                                                         clknet_0_clk (net)
                      0.040656    0.000469    0.187896 ^ clkbuf_1_0__f_clk/A (sky130_fd_sc_hd__clkbuf_16)
    10    0.036815    0.056861    0.137697    0.325593 ^ clkbuf_1_0__f_clk/X (sky130_fd_sc_hd__clkbuf_16)
                                                         clknet_1_0__leaf_clk (net)
                      0.056924    0.001507    0.327100 ^ _164_/CLK (sky130_fd_sc_hd__dfxtp_1)
     3    0.017094    0.086556    0.348865    0.675964 v _164_/Q (sky130_fd_sc_hd__dfxtp_1)
                                                         net15 (net)
                      0.086565    0.000927    0.676891 v _078_/A (sky130_fd_sc_hd__inv_2)
     2    0.007687    0.047872    0.073165    0.750057 ^ _078_/Y (sky130_fd_sc_hd__inv_2)
                                                         net23 (net)
                      0.047872    0.000167    0.750224 ^ output23/A (sky130_fd_sc_hd__buf_2)
     1    0.035314    0.175098    0.202177    0.952401 ^ output23/X (sky130_fd_sc_hd__buf_2)
                                                         dac_in_n[3] (net)
                      0.175159    0.001190    0.953592 ^ dac_in_n[3] (out)
                                              0.953592   data arrival time

                                  0.000000    0.000000   clock clk (rise edge)
                                  0.000000    0.000000   clock network delay (propagated)
                                  0.250000    0.250000   clock uncertainty
                                  0.000000    0.250000   clock reconvergence pessimism
                                -10.000000   -9.750000   output external delay
                                             -9.750000   data required time
---------------------------------------------------------------------------------------------
                                             -9.750000   data required time
                                             -0.953592   data arrival time
---------------------------------------------------------------------------------------------
                                             10.703592   slack (MET)


Startpoint: _161_ (rising edge-triggered flip-flop clocked by clk)
Endpoint: dac_in_n[0] (output port clocked by clk)
Path Group: clk
Path Type: min

Fanout         Cap        Slew       Delay        Time   Description
---------------------------------------------------------------------------------------------
                                  0.000000    0.000000   clock clk (rise edge)
                                  0.000000    0.000000   clock source latency
     1    0.015612    0.076138    0.052032    0.052032 ^ clk (in)
                                                         clk (net)
                      0.076141    0.000000    0.052032 ^ clkbuf_0_clk/A (sky130_fd_sc_hd__clkbuf_16)
     2    0.018571    0.040655    0.135394    0.187426 ^ clkbuf_0_clk/X (sky130_fd_sc_hd__clkbuf_16)
                                                         clknet_0_clk (net)
                      0.040656    0.000469    0.187896 ^ clkbuf_1_0__f_clk/A (sky130_fd_sc_hd__clkbuf_16)
    10    0.036815    0.056861    0.137697    0.325593 ^ clkbuf_1_0__f_clk/X (sky130_fd_sc_hd__clkbuf_16)
                                                         clknet_1_0__leaf_clk (net)
                      0.056919    0.001445    0.327037 ^ _161_/CLK (sky130_fd_sc_hd__dfxtp_1)
     4    0.023313    0.112857    0.370480    0.697518 v _161_/Q (sky130_fd_sc_hd__dfxtp_1)
                                                         net12 (net)
                      0.112865    0.000981    0.698499 v _081_/A (sky130_fd_sc_hd__inv_2)
     1    0.003021    0.036709    0.063864    0.762363 ^ _081_/Y (sky130_fd_sc_hd__inv_2)
                                                         net20 (net)
                      0.036709    0.000098    0.762462 ^ output20/A (sky130_fd_sc_hd__buf_2)
     1    0.034635    0.171924    0.195814    0.958275 ^ output20/X (sky130_fd_sc_hd__buf_2)
                                                         dac_in_n[0] (net)
                      0.171979    0.000935    0.959211 ^ dac_in_n[0] (out)
                                              0.959211   data arrival time

                                  0.000000    0.000000   clock clk (rise edge)
                                  0.000000    0.000000   clock network delay (propagated)
                                  0.250000    0.250000   clock uncertainty
                                  0.000000    0.250000   clock reconvergence pessimism
                                -10.000000   -9.750000   output external delay
                                             -9.750000   data required time
---------------------------------------------------------------------------------------------
                                             -9.750000   data required time
                                             -0.959211   data arrival time
---------------------------------------------------------------------------------------------
                                             10.709210   slack (MET)


Startpoint: _152_ (rising edge-triggered flip-flop clocked by clk')
Endpoint: comparator_clk (output port clocked by clk)
Path Group: clk
Path Type: min

Fanout         Cap        Slew       Delay        Time   Description
---------------------------------------------------------------------------------------------
                                 25.000000   25.000000   clock clk' (rise edge)
                                  0.000000   25.000000   clock source latency
     1    0.014618    0.034448    0.023787   25.023787 v clk (in)
                                                         clk (net)
                      0.034454    0.000000   25.023787 v clkbuf_0_clk/A (sky130_fd_sc_hd__clkbuf_16)
     2    0.016583    0.033210    0.139455   25.163240 v clkbuf_0_clk/X (sky130_fd_sc_hd__clkbuf_16)
                                                         clknet_0_clk (net)
                      0.033210    0.000350   25.163591 v clkbuf_1_1__f_clk/A (sky130_fd_sc_hd__clkbuf_16)
    12    0.032176    0.042236    0.150205   25.313797 v clkbuf_1_1__f_clk/X (sky130_fd_sc_hd__clkbuf_16)
                                                         clknet_1_1__leaf_clk (net)
                      0.042247    0.000743   25.314539 v _083__1/A (sky130_fd_sc_hd__inv_2)
     1    0.002284    0.020912    0.037188   25.351727 ^ _083__1/Y (sky130_fd_sc_hd__inv_2)
                                                         net35 (net)
                      0.020912    0.000048   25.351774 ^ _152_/CLK (sky130_fd_sc_hd__dfxtp_1)
     3    0.012070    0.064834    0.318455   25.670229 v _152_/Q (sky130_fd_sc_hd__dfxtp_1)
                                                         net11 (net)
                      0.064835    0.000304   25.670532 v output11/A (sky130_fd_sc_hd__buf_2)
     1    0.034971    0.091094    0.190029   25.860563 v output11/X (sky130_fd_sc_hd__buf_2)
                                                         comparator_clk (net)
                      0.091103    0.000917   25.861479 v comparator_clk (out)
                                             25.861479   data arrival time

                                  0.000000    0.000000   clock clk (rise edge)
                                  0.000000    0.000000   clock network delay (propagated)
                                  0.250000    0.250000   clock uncertainty
                                  0.000000    0.250000   clock reconvergence pessimism
                                -10.000000   -9.750000   output external delay
                                             -9.750000   data required time
---------------------------------------------------------------------------------------------
                                             -9.750000   data required time
                                            -25.861479   data arrival time
---------------------------------------------------------------------------------------------
                                             35.611481   slack (MET)



