Reading OpenROAD database at '/home/dt/Documents/madvlsi/final/schematics/controller/librelane/runs/RUN_2025-12-16_17-02-26/41-openroad-repairantennas/1-diodeinsertion/controller.odb'…
Reading library file at '/usr/local/share/pdk/ciel/sky130/versions/0fe599b2afb6708d281543108caf8310912f54af/sky130A/libs.ref/sky130_fd_sc_hd/lib/sky130_fd_sc_hd__tt_025C_1v80.lib'…
Reading design constraints file at '/nix/store/pqxyc4xmydcs5adig47yyc29r3svp5nx-python3-3.11.9-env/lib/python3.11/site-packages/librelane/scripts/base.sdc'…
[INFO] Using clock clk…
[INFO] Setting output delay to: 10
[INFO] Setting input delay to: 10
[INFO] Setting load to: 0.033442
[INFO] Setting clock uncertainty to: 0.25
[INFO] Setting clock transition to: 0.1499999999999999944488848768742172978818416595458984375
[INFO] Setting timing derate to: 5%
[INFO] Setting RC values…
%OL_CREATE_REPORT min.rpt

===========================================================================
report_checks -path_delay min (Hold)
============================================================================
======================= nom_tt_025C_1v80 Corner ===================================

Startpoint: _166_ (rising edge-triggered flip-flop clocked by clk)
Endpoint: _158_ (rising edge-triggered flip-flop clocked by clk)
Path Group: clk
Path Type: min

Fanout         Cap        Slew       Delay        Time   Description
---------------------------------------------------------------------------------------------
                                  0.000000    0.000000   clock clk (rise edge)
                                  0.000000    0.000000   clock source latency
     1    0.015612    0.076138    0.052032    0.052032 ^ clk (in)
                                                         clk (net)
                      0.076141    0.000000    0.052032 ^ clkbuf_0_clk/A (sky130_fd_sc_hd__clkbuf_16)
     2    0.018571    0.040655    0.135394    0.187426 ^ clkbuf_0_clk/X (sky130_fd_sc_hd__clkbuf_16)
                                                         clknet_0_clk (net)
                      0.040656    0.000394    0.187821 ^ clkbuf_1_1__f_clk/A (sky130_fd_sc_hd__clkbuf_16)
    12    0.034357    0.054720    0.135940    0.323761 ^ clkbuf_1_1__f_clk/X (sky130_fd_sc_hd__clkbuf_16)
                                                         clknet_1_1__leaf_clk (net)
                      0.054737    0.000742    0.324503 ^ _166_/CLK (sky130_fd_sc_hd__dfxtp_1)
     3    0.015416    0.151511    0.385373    0.709876 ^ _166_/Q (sky130_fd_sc_hd__dfxtp_1)
                                                         net17 (net)
                      0.151511    0.000351    0.710227 ^ _098_/A1 (sky130_fd_sc_hd__o211a_1)
     1    0.002093    0.035491    0.165159    0.875386 ^ _098_/X (sky130_fd_sc_hd__o211a_1)
                                                         _007_ (net)
                      0.035491    0.000044    0.875429 ^ _158_/D (sky130_fd_sc_hd__dfxtp_1)
                                              0.875429   data arrival time

                                  0.000000    0.000000   clock clk (rise edge)
                                  0.000000    0.000000   clock source latency
     1    0.015612    0.076138    0.052032    0.052032 ^ clk (in)
                                                         clk (net)
                      0.076141    0.000000    0.052032 ^ clkbuf_0_clk/A (sky130_fd_sc_hd__clkbuf_16)
     2    0.018571    0.040655    0.135394    0.187426 ^ clkbuf_0_clk/X (sky130_fd_sc_hd__clkbuf_16)
                                                         clknet_0_clk (net)
                      0.040656    0.000394    0.187821 ^ clkbuf_1_1__f_clk/A (sky130_fd_sc_hd__clkbuf_16)
    12    0.034357    0.054720    0.135940    0.323761 ^ clkbuf_1_1__f_clk/X (sky130_fd_sc_hd__clkbuf_16)
                                                         clknet_1_1__leaf_clk (net)
                      0.054762    0.001171    0.324932 ^ _158_/CLK (sky130_fd_sc_hd__dfxtp_1)
                                  0.250000    0.574932   clock uncertainty
                                  0.000000    0.574932   clock reconvergence pessimism
                                 -0.027995    0.546937   library hold time
                                              0.546937   data required time
---------------------------------------------------------------------------------------------
                                              0.546937   data required time
                                             -0.875429   data arrival time
---------------------------------------------------------------------------------------------
                                              0.328492   slack (MET)


Startpoint: _165_ (rising edge-triggered flip-flop clocked by clk)
Endpoint: _157_ (rising edge-triggered flip-flop clocked by clk)
Path Group: clk
Path Type: min

Fanout         Cap        Slew       Delay        Time   Description
---------------------------------------------------------------------------------------------
                                  0.000000    0.000000   clock clk (rise edge)
                                  0.000000    0.000000   clock source latency
     1    0.015612    0.076138    0.052032    0.052032 ^ clk (in)
                                                         clk (net)
                      0.076141    0.000000    0.052032 ^ clkbuf_0_clk/A (sky130_fd_sc_hd__clkbuf_16)
     2    0.018571    0.040655    0.135394    0.187426 ^ clkbuf_0_clk/X (sky130_fd_sc_hd__clkbuf_16)
                                                         clknet_0_clk (net)
                      0.040656    0.000394    0.187821 ^ clkbuf_1_1__f_clk/A (sky130_fd_sc_hd__clkbuf_16)
    12    0.034357    0.054720    0.135940    0.323761 ^ clkbuf_1_1__f_clk/X (sky130_fd_sc_hd__clkbuf_16)
                                                         clknet_1_1__leaf_clk (net)
                      0.054722    0.000479    0.324240 ^ _165_/CLK (sky130_fd_sc_hd__dfxtp_1)
     3    0.017646    0.171613    0.399605    0.723846 ^ _165_/Q (sky130_fd_sc_hd__dfxtp_1)
                                                         net16 (net)
                      0.171613    0.000312    0.724158 ^ _096_/A1 (sky130_fd_sc_hd__o211a_1)
     1    0.002235    0.036477    0.170459    0.894617 ^ _096_/X (sky130_fd_sc_hd__o211a_1)
                                                         _006_ (net)
                      0.036477    0.000048    0.894665 ^ _157_/D (sky130_fd_sc_hd__dfxtp_1)
                                              0.894665   data arrival time

                                  0.000000    0.000000   clock clk (rise edge)
                                  0.000000    0.000000   clock source latency
     1    0.015612    0.076138    0.052032    0.052032 ^ clk (in)
                                                         clk (net)
                      0.076141    0.000000    0.052032 ^ clkbuf_0_clk/A (sky130_fd_sc_hd__clkbuf_16)
     2    0.018571    0.040655    0.135394    0.187426 ^ clkbuf_0_clk/X (sky130_fd_sc_hd__clkbuf_16)
                                                         clknet_0_clk (net)
                      0.040656    0.000394    0.187821 ^ clkbuf_1_1__f_clk/A (sky130_fd_sc_hd__clkbuf_16)
    12    0.034357    0.054720    0.135940    0.323761 ^ clkbuf_1_1__f_clk/X (sky130_fd_sc_hd__clkbuf_16)
                                                         clknet_1_1__leaf_clk (net)
                      0.054760    0.001134    0.324895 ^ _157_/CLK (sky130_fd_sc_hd__dfxtp_1)
                                  0.250000    0.574895   clock uncertainty
                                  0.000000    0.574895   clock reconvergence pessimism
                                 -0.028201    0.546694   library hold time
                                              0.546694   data required time
---------------------------------------------------------------------------------------------
                                              0.546694   data required time
                                             -0.894665   data arrival time
---------------------------------------------------------------------------------------------
                                              0.347971   slack (MET)


Startpoint: _153_ (rising edge-triggered flip-flop clocked by clk)
Endpoint: _153_ (rising edge-triggered flip-flop clocked by clk)
Path Group: clk
Path Type: min

Fanout         Cap        Slew       Delay        Time   Description
---------------------------------------------------------------------------------------------
                                  0.000000    0.000000   clock clk (rise edge)
                                  0.000000    0.000000   clock source latency
     1    0.015612    0.076138    0.052032    0.052032 ^ clk (in)
                                                         clk (net)
                      0.076141    0.000000    0.052032 ^ clkbuf_0_clk/A (sky130_fd_sc_hd__clkbuf_16)
     2    0.018571    0.040655    0.135394    0.187426 ^ clkbuf_0_clk/X (sky130_fd_sc_hd__clkbuf_16)
                                                         clknet_0_clk (net)
                      0.040656    0.000394    0.187821 ^ clkbuf_1_1__f_clk/A (sky130_fd_sc_hd__clkbuf_16)
    12    0.034357    0.054720    0.135940    0.323761 ^ clkbuf_1_1__f_clk/X (sky130_fd_sc_hd__clkbuf_16)
                                                         clknet_1_1__leaf_clk (net)
                      0.054748    0.000932    0.324693 ^ _153_/CLK (sky130_fd_sc_hd__dfxtp_1)
     2    0.007190    0.078239    0.332335    0.657028 ^ _153_/Q (sky130_fd_sc_hd__dfxtp_1)
                                                         net3 (net)
                      0.078239    0.000108    0.657137 ^ _087_/A (sky130_fd_sc_hd__or2_1)
     1    0.003170    0.042922    0.103885    0.761022 ^ _087_/X (sky130_fd_sc_hd__or2_1)
                                                         _051_ (net)
                      0.042922    0.000075    0.761097 ^ _088_/B1 (sky130_fd_sc_hd__o211a_1)
     1    0.002636    0.039285    0.133587    0.894684 ^ _088_/X (sky130_fd_sc_hd__o211a_1)
                                                         _002_ (net)
                      0.039285    0.000062    0.894745 ^ _153_/D (sky130_fd_sc_hd__dfxtp_1)
                                              0.894745   data arrival time

                                  0.000000    0.000000   clock clk (rise edge)
                                  0.000000    0.000000   clock source latency
     1    0.015612    0.076138    0.052032    0.052032 ^ clk (in)
                                                         clk (net)
                      0.076141    0.000000    0.052032 ^ clkbuf_0_clk/A (sky130_fd_sc_hd__clkbuf_16)
     2    0.018571    0.040655    0.135394    0.187426 ^ clkbuf_0_clk/X (sky130_fd_sc_hd__clkbuf_16)
                                                         clknet_0_clk (net)
                      0.040656    0.000394    0.187821 ^ clkbuf_1_1__f_clk/A (sky130_fd_sc_hd__clkbuf_16)
    12    0.034357    0.054720    0.135940    0.323761 ^ clkbuf_1_1__f_clk/X (sky130_fd_sc_hd__clkbuf_16)
                                                         clknet_1_1__leaf_clk (net)
                      0.054748    0.000932    0.324693 ^ _153_/CLK (sky130_fd_sc_hd__dfxtp_1)
                                  0.250000    0.574693   clock uncertainty
                                  0.000000    0.574693   clock reconvergence pessimism
                                 -0.028790    0.545903   library hold time
                                              0.545903   data required time
---------------------------------------------------------------------------------------------
                                              0.545903   data required time
                                             -0.894745   data arrival time
---------------------------------------------------------------------------------------------
                                              0.348842   slack (MET)


Startpoint: _162_ (rising edge-triggered flip-flop clocked by clk)
Endpoint: _154_ (rising edge-triggered flip-flop clocked by clk)
Path Group: clk
Path Type: min

Fanout         Cap        Slew       Delay        Time   Description
---------------------------------------------------------------------------------------------
                                  0.000000    0.000000   clock clk (rise edge)
                                  0.000000    0.000000   clock source latency
     1    0.015612    0.076138    0.052032    0.052032 ^ clk (in)
                                                         clk (net)
                      0.076141    0.000000    0.052032 ^ clkbuf_0_clk/A (sky130_fd_sc_hd__clkbuf_16)
     2    0.018571    0.040655    0.135394    0.187426 ^ clkbuf_0_clk/X (sky130_fd_sc_hd__clkbuf_16)
                                                         clknet_0_clk (net)
                      0.040656    0.000394    0.187821 ^ clkbuf_1_1__f_clk/A (sky130_fd_sc_hd__clkbuf_16)
    12    0.034357    0.054720    0.135940    0.323761 ^ clkbuf_1_1__f_clk/X (sky130_fd_sc_hd__clkbuf_16)
                                                         clknet_1_1__leaf_clk (net)
                      0.054744    0.000860    0.324621 ^ _162_/CLK (sky130_fd_sc_hd__dfxtp_1)
     3    0.018006    0.174893    0.401767    0.726388 ^ _162_/Q (sky130_fd_sc_hd__dfxtp_1)
                                                         net13 (net)
                      0.174893    0.000270    0.726658 ^ _090_/A1 (sky130_fd_sc_hd__o211a_1)
     1    0.002144    0.035838    0.170426    0.897084 ^ _090_/X (sky130_fd_sc_hd__o211a_1)
                                                         _003_ (net)
                      0.035838    0.000046    0.897129 ^ _154_/D (sky130_fd_sc_hd__dfxtp_1)
                                              0.897129   data arrival time

                                  0.000000    0.000000   clock clk (rise edge)
                                  0.000000    0.000000   clock source latency
     1    0.015612    0.076138    0.052032    0.052032 ^ clk (in)
                                                         clk (net)
                      0.076141    0.000000    0.052032 ^ clkbuf_0_clk/A (sky130_fd_sc_hd__clkbuf_16)
     2    0.018571    0.040655    0.135394    0.187426 ^ clkbuf_0_clk/X (sky130_fd_sc_hd__clkbuf_16)
                                                         clknet_0_clk (net)
                      0.040656    0.000394    0.187821 ^ clkbuf_1_1__f_clk/A (sky130_fd_sc_hd__clkbuf_16)
    12    0.034357    0.054720    0.135940    0.323761 ^ clkbuf_1_1__f_clk/X (sky130_fd_sc_hd__clkbuf_16)
                                                         clknet_1_1__leaf_clk (net)
                      0.054743    0.000843    0.324604 ^ _154_/CLK (sky130_fd_sc_hd__dfxtp_1)
                                  0.250000    0.574604   clock uncertainty
                                  0.000000    0.574604   clock reconvergence pessimism
                                 -0.028070    0.546534   library hold time
                                              0.546534   data required time
---------------------------------------------------------------------------------------------
                                              0.546534   data required time
                                             -0.897129   data arrival time
---------------------------------------------------------------------------------------------
                                              0.350595   slack (MET)


Startpoint: _164_ (rising edge-triggered flip-flop clocked by clk)
Endpoint: _156_ (rising edge-triggered flip-flop clocked by clk)
Path Group: clk
Path Type: min

Fanout         Cap        Slew       Delay        Time   Description
---------------------------------------------------------------------------------------------
                                  0.000000    0.000000   clock clk (rise edge)
                                  0.000000    0.000000   clock source latency
     1    0.015612    0.076138    0.052032    0.052032 ^ clk (in)
                                                         clk (net)
                      0.076141    0.000000    0.052032 ^ clkbuf_0_clk/A (sky130_fd_sc_hd__clkbuf_16)
     2    0.018571    0.040655    0.135394    0.187426 ^ clkbuf_0_clk/X (sky130_fd_sc_hd__clkbuf_16)
                                                         clknet_0_clk (net)
                      0.040656    0.000469    0.187896 ^ clkbuf_1_0__f_clk/A (sky130_fd_sc_hd__clkbuf_16)
    10    0.036815    0.056861    0.137697    0.325593 ^ clkbuf_1_0__f_clk/X (sky130_fd_sc_hd__clkbuf_16)
                                                         clknet_1_0__leaf_clk (net)
                      0.056924    0.001507    0.327100 ^ _164_/CLK (sky130_fd_sc_hd__dfxtp_1)
     3    0.017853    0.173529    0.401559    0.728659 ^ _164_/Q (sky130_fd_sc_hd__dfxtp_1)
                                                         net15 (net)
                      0.173532    0.001037    0.729696 ^ _094_/A1 (sky130_fd_sc_hd__o211a_1)
     1    0.002352    0.037279    0.171775    0.901471 ^ _094_/X (sky130_fd_sc_hd__o211a_1)
                                                         _005_ (net)
                      0.037279    0.000050    0.901521 ^ _156_/D (sky130_fd_sc_hd__dfxtp_1)
                                              0.901521   data arrival time

                                  0.000000    0.000000   clock clk (rise edge)
                                  0.000000    0.000000   clock source latency
     1    0.015612    0.076138    0.052032    0.052032 ^ clk (in)
                                                         clk (net)
                      0.076141    0.000000    0.052032 ^ clkbuf_0_clk/A (sky130_fd_sc_hd__clkbuf_16)
     2    0.018571    0.040655    0.135394    0.187426 ^ clkbuf_0_clk/X (sky130_fd_sc_hd__clkbuf_16)
                                                         clknet_0_clk (net)
                      0.040656    0.000394    0.187821 ^ clkbuf_1_1__f_clk/A (sky130_fd_sc_hd__clkbuf_16)
    12    0.034357    0.054720    0.135940    0.323761 ^ clkbuf_1_1__f_clk/X (sky130_fd_sc_hd__clkbuf_16)
                                                         clknet_1_1__leaf_clk (net)
                      0.054748    0.000925    0.324686 ^ _156_/CLK (sky130_fd_sc_hd__dfxtp_1)
                                  0.250000    0.574686   clock uncertainty
                                  0.000000    0.574686   clock reconvergence pessimism
                                 -0.028371    0.546316   library hold time
                                              0.546316   data required time
---------------------------------------------------------------------------------------------
                                              0.546316   data required time
                                             -0.901521   data arrival time
---------------------------------------------------------------------------------------------
                                              0.355205   slack (MET)


Startpoint: _166_ (rising edge-triggered flip-flop clocked by clk)
Endpoint: _166_ (rising edge-triggered flip-flop clocked by clk)
Path Group: clk
Path Type: min

Fanout         Cap        Slew       Delay        Time   Description
---------------------------------------------------------------------------------------------
                                  0.000000    0.000000   clock clk (rise edge)
                                  0.000000    0.000000   clock source latency
     1    0.015612    0.076138    0.052032    0.052032 ^ clk (in)
                                                         clk (net)
                      0.076141    0.000000    0.052032 ^ clkbuf_0_clk/A (sky130_fd_sc_hd__clkbuf_16)
     2    0.018571    0.040655    0.135394    0.187426 ^ clkbuf_0_clk/X (sky130_fd_sc_hd__clkbuf_16)
                                                         clknet_0_clk (net)
                      0.040656    0.000394    0.187821 ^ clkbuf_1_1__f_clk/A (sky130_fd_sc_hd__clkbuf_16)
    12    0.034357    0.054720    0.135940    0.323761 ^ clkbuf_1_1__f_clk/X (sky130_fd_sc_hd__clkbuf_16)
                                                         clknet_1_1__leaf_clk (net)
                      0.054737    0.000742    0.324503 ^ _166_/CLK (sky130_fd_sc_hd__dfxtp_1)
     3    0.014657    0.075882    0.339873    0.664377 v _166_/Q (sky130_fd_sc_hd__dfxtp_1)
                                                         net17 (net)
                      0.075883    0.000365    0.664741 v _076_/A (sky130_fd_sc_hd__inv_2)
     2    0.009079    0.051444    0.073505    0.738246 ^ _076_/Y (sky130_fd_sc_hd__inv_2)
                                                         net25 (net)
                      0.051444    0.000230    0.738476 ^ _134_/B1 (sky130_fd_sc_hd__a21o_1)
     1    0.003407    0.039433    0.081549    0.820025 ^ _134_/X (sky130_fd_sc_hd__a21o_1)
                                                         _035_ (net)
                      0.039433    0.000085    0.820110 ^ _137_/A1 (sky130_fd_sc_hd__a31oi_1)
     1    0.002846    0.041947    0.063843    0.883953 v _137_/Y (sky130_fd_sc_hd__a31oi_1)
                                                         _015_ (net)
                      0.041947    0.000070    0.884023 v _166_/D (sky130_fd_sc_hd__dfxtp_1)
                                              0.884023   data arrival time

                                  0.000000    0.000000   clock clk (rise edge)
                                  0.000000    0.000000   clock source latency
     1    0.015612    0.076138    0.052032    0.052032 ^ clk (in)
                                                         clk (net)
                      0.076141    0.000000    0.052032 ^ clkbuf_0_clk/A (sky130_fd_sc_hd__clkbuf_16)
     2    0.018571    0.040655    0.135394    0.187426 ^ clkbuf_0_clk/X (sky130_fd_sc_hd__clkbuf_16)
                                                         clknet_0_clk (net)
                      0.040656    0.000394    0.187821 ^ clkbuf_1_1__f_clk/A (sky130_fd_sc_hd__clkbuf_16)
    12    0.034357    0.054720    0.135940    0.323761 ^ clkbuf_1_1__f_clk/X (sky130_fd_sc_hd__clkbuf_16)
                                                         clknet_1_1__leaf_clk (net)
                      0.054737    0.000742    0.324503 ^ _166_/CLK (sky130_fd_sc_hd__dfxtp_1)
                                  0.250000    0.574503   clock uncertainty
                                  0.000000    0.574503   clock reconvergence pessimism
                                 -0.050073    0.524431   library hold time
                                              0.524431   data required time
---------------------------------------------------------------------------------------------
                                              0.524431   data required time
                                             -0.884023   data arrival time
---------------------------------------------------------------------------------------------
                                              0.359592   slack (MET)


Startpoint: _162_ (rising edge-triggered flip-flop clocked by clk)
Endpoint: _162_ (rising edge-triggered flip-flop clocked by clk)
Path Group: clk
Path Type: min

Fanout         Cap        Slew       Delay        Time   Description
---------------------------------------------------------------------------------------------
                                  0.000000    0.000000   clock clk (rise edge)
                                  0.000000    0.000000   clock source latency
     1    0.015612    0.076138    0.052032    0.052032 ^ clk (in)
                                                         clk (net)
                      0.076141    0.000000    0.052032 ^ clkbuf_0_clk/A (sky130_fd_sc_hd__clkbuf_16)
     2    0.018571    0.040655    0.135394    0.187426 ^ clkbuf_0_clk/X (sky130_fd_sc_hd__clkbuf_16)
                                                         clknet_0_clk (net)
                      0.040656    0.000394    0.187821 ^ clkbuf_1_1__f_clk/A (sky130_fd_sc_hd__clkbuf_16)
    12    0.034357    0.054720    0.135940    0.323761 ^ clkbuf_1_1__f_clk/X (sky130_fd_sc_hd__clkbuf_16)
                                                         clknet_1_1__leaf_clk (net)
                      0.054744    0.000860    0.324621 ^ _162_/CLK (sky130_fd_sc_hd__dfxtp_1)
     3    0.017247    0.087205    0.348620    0.673241 v _162_/Q (sky130_fd_sc_hd__dfxtp_1)
                                                         net13 (net)
                      0.087210    0.000735    0.673976 v _080_/A (sky130_fd_sc_hd__inv_2)
     2    0.006297    0.042958    0.068626    0.742601 ^ _080_/Y (sky130_fd_sc_hd__inv_2)
                                                         net21 (net)
                      0.042958    0.000183    0.742784 ^ _116_/B1 (sky130_fd_sc_hd__a21o_1)
     1    0.004098    0.044891    0.082687    0.825471 ^ _116_/X (sky130_fd_sc_hd__a21o_1)
                                                         _071_ (net)
                      0.044891    0.000151    0.825622 ^ _120_/A1 (sky130_fd_sc_hd__a31oi_1)
     1    0.002964    0.042262    0.066310    0.891932 v _120_/Y (sky130_fd_sc_hd__a31oi_1)
                                                         _011_ (net)
                      0.042262    0.000075    0.892007 v _162_/D (sky130_fd_sc_hd__dfxtp_1)
                                              0.892007   data arrival time

                                  0.000000    0.000000   clock clk (rise edge)
                                  0.000000    0.000000   clock source latency
     1    0.015612    0.076138    0.052032    0.052032 ^ clk (in)
                                                         clk (net)
                      0.076141    0.000000    0.052032 ^ clkbuf_0_clk/A (sky130_fd_sc_hd__clkbuf_16)
     2    0.018571    0.040655    0.135394    0.187426 ^ clkbuf_0_clk/X (sky130_fd_sc_hd__clkbuf_16)
                                                         clknet_0_clk (net)
                      0.040656    0.000394    0.187821 ^ clkbuf_1_1__f_clk/A (sky130_fd_sc_hd__clkbuf_16)
    12    0.034357    0.054720    0.135940    0.323761 ^ clkbuf_1_1__f_clk/X (sky130_fd_sc_hd__clkbuf_16)
                                                         clknet_1_1__leaf_clk (net)
                      0.054744    0.000860    0.324621 ^ _162_/CLK (sky130_fd_sc_hd__dfxtp_1)
                                  0.250000    0.574621   clock uncertainty
                                  0.000000    0.574621   clock reconvergence pessimism
                                 -0.050203    0.524418   library hold time
                                              0.524418   data required time
---------------------------------------------------------------------------------------------
                                              0.524418   data required time
                                             -0.892007   data arrival time
---------------------------------------------------------------------------------------------
                                              0.367588   slack (MET)


Startpoint: _167_ (rising edge-triggered flip-flop clocked by clk)
Endpoint: _159_ (rising edge-triggered flip-flop clocked by clk)
Path Group: clk
Path Type: min

Fanout         Cap        Slew       Delay        Time   Description
---------------------------------------------------------------------------------------------
                                  0.000000    0.000000   clock clk (rise edge)
                                  0.000000    0.000000   clock source latency
     1    0.015612    0.076138    0.052032    0.052032 ^ clk (in)
                                                         clk (net)
                      0.076141    0.000000    0.052032 ^ clkbuf_0_clk/A (sky130_fd_sc_hd__clkbuf_16)
     2    0.018571    0.040655    0.135394    0.187426 ^ clkbuf_0_clk/X (sky130_fd_sc_hd__clkbuf_16)
                                                         clknet_0_clk (net)
                      0.040656    0.000469    0.187896 ^ clkbuf_1_0__f_clk/A (sky130_fd_sc_hd__clkbuf_16)
    10    0.036815    0.056861    0.137697    0.325593 ^ clkbuf_1_0__f_clk/X (sky130_fd_sc_hd__clkbuf_16)
                                                         clknet_1_0__leaf_clk (net)
                      0.056879    0.000817    0.326410 ^ _167_/CLK (sky130_fd_sc_hd__dfxtp_1)
     4    0.019910    0.192084    0.414695    0.741105 ^ _167_/Q (sky130_fd_sc_hd__dfxtp_1)
                                                         net18 (net)
                      0.192087    0.001092    0.742196 ^ _100_/A1 (sky130_fd_sc_hd__o211a_1)
     1    0.002863    0.040937    0.179644    0.921840 ^ _100_/X (sky130_fd_sc_hd__o211a_1)
                                                         _008_ (net)
                      0.040937    0.000092    0.921932 ^ _159_/D (sky130_fd_sc_hd__dfxtp_1)
                                              0.921932   data arrival time

                                  0.000000    0.000000   clock clk (rise edge)
                                  0.000000    0.000000   clock source latency
     1    0.015612    0.076138    0.052032    0.052032 ^ clk (in)
                                                         clk (net)
                      0.076141    0.000000    0.052032 ^ clkbuf_0_clk/A (sky130_fd_sc_hd__clkbuf_16)
     2    0.018571    0.040655    0.135394    0.187426 ^ clkbuf_0_clk/X (sky130_fd_sc_hd__clkbuf_16)
                                                         clknet_0_clk (net)
                      0.040656    0.000394    0.187821 ^ clkbuf_1_1__f_clk/A (sky130_fd_sc_hd__clkbuf_16)
    12    0.034357    0.054720    0.135940    0.323761 ^ clkbuf_1_1__f_clk/X (sky130_fd_sc_hd__clkbuf_16)
                                                         clknet_1_1__leaf_clk (net)
                      0.054762    0.001173    0.324934 ^ _159_/CLK (sky130_fd_sc_hd__dfxtp_1)
                                  0.250000    0.574934   clock uncertainty
                                  0.000000    0.574934   clock reconvergence pessimism
                                 -0.029134    0.545801   library hold time
                                              0.545801   data required time
---------------------------------------------------------------------------------------------
                                              0.545801   data required time
                                             -0.921932   data arrival time
---------------------------------------------------------------------------------------------
                                              0.376132   slack (MET)


Startpoint: _165_ (rising edge-triggered flip-flop clocked by clk)
Endpoint: _165_ (rising edge-triggered flip-flop clocked by clk)
Path Group: clk
Path Type: min

Fanout         Cap        Slew       Delay        Time   Description
---------------------------------------------------------------------------------------------
                                  0.000000    0.000000   clock clk (rise edge)
                                  0.000000    0.000000   clock source latency
     1    0.015612    0.076138    0.052032    0.052032 ^ clk (in)
                                                         clk (net)
                      0.076141    0.000000    0.052032 ^ clkbuf_0_clk/A (sky130_fd_sc_hd__clkbuf_16)
     2    0.018571    0.040655    0.135394    0.187426 ^ clkbuf_0_clk/X (sky130_fd_sc_hd__clkbuf_16)
                                                         clknet_0_clk (net)
                      0.040656    0.000394    0.187821 ^ clkbuf_1_1__f_clk/A (sky130_fd_sc_hd__clkbuf_16)
    12    0.034357    0.054720    0.135940    0.323761 ^ clkbuf_1_1__f_clk/X (sky130_fd_sc_hd__clkbuf_16)
                                                         clknet_1_1__leaf_clk (net)
                      0.054722    0.000479    0.324240 ^ _165_/CLK (sky130_fd_sc_hd__dfxtp_1)
     3    0.016887    0.085576    0.347525    0.671766 v _165_/Q (sky130_fd_sc_hd__dfxtp_1)
                                                         net16 (net)
                      0.085578    0.000482    0.672248 v _077_/A (sky130_fd_sc_hd__inv_2)
     2    0.008076    0.049143    0.074106    0.746354 ^ _077_/Y (sky130_fd_sc_hd__inv_2)
                                                         net24 (net)
                      0.049143    0.000200    0.746554 ^ _132_/B1 (sky130_fd_sc_hd__a21o_1)
     1    0.003503    0.040157    0.081332    0.827886 ^ _132_/X (sky130_fd_sc_hd__a21o_1)
                                                         _034_ (net)
                      0.040157    0.000116    0.828002 ^ _133_/A3 (sky130_fd_sc_hd__a31oi_1)
     1    0.003552    0.043843    0.079577    0.907579 v _133_/Y (sky130_fd_sc_hd__a31oi_1)
                                                         _014_ (net)
                      0.043843    0.000100    0.907679 v _165_/D (sky130_fd_sc_hd__dfxtp_1)
                                              0.907679   data arrival time

                                  0.000000    0.000000   clock clk (rise edge)
                                  0.000000    0.000000   clock source latency
     1    0.015612    0.076138    0.052032    0.052032 ^ clk (in)
                                                         clk (net)
                      0.076141    0.000000    0.052032 ^ clkbuf_0_clk/A (sky130_fd_sc_hd__clkbuf_16)
     2    0.018571    0.040655    0.135394    0.187426 ^ clkbuf_0_clk/X (sky130_fd_sc_hd__clkbuf_16)
                                                         clknet_0_clk (net)
                      0.040656    0.000394    0.187821 ^ clkbuf_1_1__f_clk/A (sky130_fd_sc_hd__clkbuf_16)
    12    0.034357    0.054720    0.135940    0.323761 ^ clkbuf_1_1__f_clk/X (sky130_fd_sc_hd__clkbuf_16)
                                                         clknet_1_1__leaf_clk (net)
                      0.054722    0.000479    0.324240 ^ _165_/CLK (sky130_fd_sc_hd__dfxtp_1)
                                  0.250000    0.574240   clock uncertainty
                                  0.000000    0.574240   clock reconvergence pessimism
                                 -0.050868    0.523373   library hold time
                                              0.523373   data required time
---------------------------------------------------------------------------------------------
                                              0.523373   data required time
                                             -0.907679   data arrival time
---------------------------------------------------------------------------------------------
                                              0.384306   slack (MET)


Startpoint: _163_ (rising edge-triggered flip-flop clocked by clk)
Endpoint: _155_ (rising edge-triggered flip-flop clocked by clk)
Path Group: clk
Path Type: min

Fanout         Cap        Slew       Delay        Time   Description
---------------------------------------------------------------------------------------------
                                  0.000000    0.000000   clock clk (rise edge)
                                  0.000000    0.000000   clock source latency
     1    0.015612    0.076138    0.052032    0.052032 ^ clk (in)
                                                         clk (net)
                      0.076141    0.000000    0.052032 ^ clkbuf_0_clk/A (sky130_fd_sc_hd__clkbuf_16)
     2    0.018571    0.040655    0.135394    0.187426 ^ clkbuf_0_clk/X (sky130_fd_sc_hd__clkbuf_16)
                                                         clknet_0_clk (net)
                      0.040656    0.000469    0.187896 ^ clkbuf_1_0__f_clk/A (sky130_fd_sc_hd__clkbuf_16)
    10    0.036815    0.056861    0.137697    0.325593 ^ clkbuf_1_0__f_clk/X (sky130_fd_sc_hd__clkbuf_16)
                                                         clknet_1_0__leaf_clk (net)
                      0.056922    0.001484    0.327077 ^ _163_/CLK (sky130_fd_sc_hd__dfxtp_1)
     4    0.022232    0.213064    0.429453    0.756529 ^ _163_/Q (sky130_fd_sc_hd__dfxtp_1)
                                                         net14 (net)
                      0.213071    0.001516    0.758046 ^ _092_/A1 (sky130_fd_sc_hd__o211a_1)
     1    0.002187    0.036133    0.178721    0.936766 ^ _092_/X (sky130_fd_sc_hd__o211a_1)
                                                         _004_ (net)
                      0.036146    0.000047    0.936814 ^ _155_/D (sky130_fd_sc_hd__dfxtp_1)
                                              0.936814   data arrival time

                                  0.000000    0.000000   clock clk (rise edge)
                                  0.000000    0.000000   clock source latency
     1    0.015612    0.076138    0.052032    0.052032 ^ clk (in)
                                                         clk (net)
                      0.076141    0.000000    0.052032 ^ clkbuf_0_clk/A (sky130_fd_sc_hd__clkbuf_16)
     2    0.018571    0.040655    0.135394    0.187426 ^ clkbuf_0_clk/X (sky130_fd_sc_hd__clkbuf_16)
                                                         clknet_0_clk (net)
                      0.040656    0.000394    0.187821 ^ clkbuf_1_1__f_clk/A (sky130_fd_sc_hd__clkbuf_16)
    12    0.034357    0.054720    0.135940    0.323761 ^ clkbuf_1_1__f_clk/X (sky130_fd_sc_hd__clkbuf_16)
                                                         clknet_1_1__leaf_clk (net)
                      0.054755    0.001052    0.324813 ^ _155_/CLK (sky130_fd_sc_hd__dfxtp_1)
                                  0.250000    0.574813   clock uncertainty
                                  0.000000    0.574813   clock reconvergence pessimism
                                 -0.028133    0.546681   library hold time
                                              0.546681   data required time
---------------------------------------------------------------------------------------------
                                              0.546681   data required time
                                             -0.936814   data arrival time
---------------------------------------------------------------------------------------------
                                              0.390133   slack (MET)


Startpoint: _169_ (rising edge-triggered flip-flop clocked by clk)
Endpoint: _169_ (rising edge-triggered flip-flop clocked by clk)
Path Group: clk
Path Type: min

Fanout         Cap        Slew       Delay        Time   Description
---------------------------------------------------------------------------------------------
                                  0.000000    0.000000   clock clk (rise edge)
                                  0.000000    0.000000   clock source latency
     1    0.015612    0.076138    0.052032    0.052032 ^ clk (in)
                                                         clk (net)
                      0.076141    0.000000    0.052032 ^ clkbuf_0_clk/A (sky130_fd_sc_hd__clkbuf_16)
     2    0.018571    0.040655    0.135394    0.187426 ^ clkbuf_0_clk/X (sky130_fd_sc_hd__clkbuf_16)
                                                         clknet_0_clk (net)
                      0.040656    0.000469    0.187896 ^ clkbuf_1_0__f_clk/A (sky130_fd_sc_hd__clkbuf_16)
    10    0.036815    0.056861    0.137697    0.325593 ^ clkbuf_1_0__f_clk/X (sky130_fd_sc_hd__clkbuf_16)
                                                         clknet_1_0__leaf_clk (net)
                      0.056886    0.000928    0.326520 ^ _169_/CLK (sky130_fd_sc_hd__dfxtp_1)
     4    0.010030    0.055987    0.324703    0.651223 v _169_/Q (sky130_fd_sc_hd__dfxtp_1)
                                                         count[0] (net)
                      0.055987    0.000159    0.651382 v _105_/B (sky130_fd_sc_hd__nand2_1)
     5    0.015298    0.146124    0.142735    0.794117 ^ _105_/Y (sky130_fd_sc_hd__nand2_1)
                                                         _061_ (net)
                      0.146124    0.000233    0.794350 ^ _145_/B (sky130_fd_sc_hd__and3_1)
     1    0.002155    0.043924    0.162733    0.957083 ^ _145_/X (sky130_fd_sc_hd__and3_1)
                                                         _018_ (net)
                      0.043924    0.000046    0.957129 ^ _169_/D (sky130_fd_sc_hd__dfxtp_1)
                                              0.957129   data arrival time

                                  0.000000    0.000000   clock clk (rise edge)
                                  0.000000    0.000000   clock source latency
     1    0.015612    0.076138    0.052032    0.052032 ^ clk (in)
                                                         clk (net)
                      0.076141    0.000000    0.052032 ^ clkbuf_0_clk/A (sky130_fd_sc_hd__clkbuf_16)
     2    0.018571    0.040655    0.135394    0.187426 ^ clkbuf_0_clk/X (sky130_fd_sc_hd__clkbuf_16)
                                                         clknet_0_clk (net)
                      0.040656    0.000469    0.187896 ^ clkbuf_1_0__f_clk/A (sky130_fd_sc_hd__clkbuf_16)
    10    0.036815    0.056861    0.137697    0.325593 ^ clkbuf_1_0__f_clk/X (sky130_fd_sc_hd__clkbuf_16)
                                                         clknet_1_0__leaf_clk (net)
                      0.056886    0.000928    0.326520 ^ _169_/CLK (sky130_fd_sc_hd__dfxtp_1)
                                  0.250000    0.576520   clock uncertainty
                                  0.000000    0.576520   clock reconvergence pessimism
                                 -0.029478    0.547042   library hold time
                                              0.547042   data required time
---------------------------------------------------------------------------------------------
                                              0.547042   data required time
                                             -0.957129   data arrival time
---------------------------------------------------------------------------------------------
                                              0.410087   slack (MET)


Startpoint: _172_ (rising edge-triggered flip-flop clocked by clk)
Endpoint: _167_ (rising edge-triggered flip-flop clocked by clk)
Path Group: clk
Path Type: min

Fanout         Cap        Slew       Delay        Time   Description
---------------------------------------------------------------------------------------------
                                  0.000000    0.000000   clock clk (rise edge)
                                  0.000000    0.000000   clock source latency
     1    0.015612    0.076138    0.052032    0.052032 ^ clk (in)
                                                         clk (net)
                      0.076141    0.000000    0.052032 ^ clkbuf_0_clk/A (sky130_fd_sc_hd__clkbuf_16)
     2    0.018571    0.040655    0.135394    0.187426 ^ clkbuf_0_clk/X (sky130_fd_sc_hd__clkbuf_16)
                                                         clknet_0_clk (net)
                      0.040656    0.000469    0.187896 ^ clkbuf_1_0__f_clk/A (sky130_fd_sc_hd__clkbuf_16)
    10    0.036815    0.056861    0.137697    0.325593 ^ clkbuf_1_0__f_clk/X (sky130_fd_sc_hd__clkbuf_16)
                                                         clknet_1_0__leaf_clk (net)
                      0.056913    0.001359    0.326951 ^ _172_/CLK (sky130_fd_sc_hd__dfxtp_1)
     3    0.011251    0.114057    0.359473    0.686425 ^ _172_/Q (sky130_fd_sc_hd__dfxtp_1)
                                                         count[3] (net)
                      0.114057    0.000370    0.686795 ^ _138_/A1 (sky130_fd_sc_hd__o41a_1)
     1    0.003275    0.051521    0.161518    0.848313 ^ _138_/X (sky130_fd_sc_hd__o41a_1)
                                                         _038_ (net)
                      0.051521    0.000075    0.848389 ^ _141_/A1 (sky130_fd_sc_hd__o31a_1)
     1    0.002096    0.038153    0.120714    0.969103 ^ _141_/X (sky130_fd_sc_hd__o31a_1)
                                                         _016_ (net)
                      0.038153    0.000044    0.969146 ^ _167_/D (sky130_fd_sc_hd__dfxtp_1)
                                              0.969146   data arrival time

                                  0.000000    0.000000   clock clk (rise edge)
                                  0.000000    0.000000   clock source latency
     1    0.015612    0.076138    0.052032    0.052032 ^ clk (in)
                                                         clk (net)
                      0.076141    0.000000    0.052032 ^ clkbuf_0_clk/A (sky130_fd_sc_hd__clkbuf_16)
     2    0.018571    0.040655    0.135394    0.187426 ^ clkbuf_0_clk/X (sky130_fd_sc_hd__clkbuf_16)
                                                         clknet_0_clk (net)
                      0.040656    0.000469    0.187896 ^ clkbuf_1_0__f_clk/A (sky130_fd_sc_hd__clkbuf_16)
    10    0.036815    0.056861    0.137697    0.325593 ^ clkbuf_1_0__f_clk/X (sky130_fd_sc_hd__clkbuf_16)
                                                         clknet_1_0__leaf_clk (net)
                      0.056879    0.000817    0.326410 ^ _167_/CLK (sky130_fd_sc_hd__dfxtp_1)
                                  0.250000    0.576410   clock uncertainty
                                  0.000000    0.576410   clock reconvergence pessimism
                                 -0.028273    0.548137   library hold time
                                              0.548137   data required time
---------------------------------------------------------------------------------------------
                                              0.548137   data required time
                                             -0.969146   data arrival time
---------------------------------------------------------------------------------------------
                                              0.421009   slack (MET)


Startpoint: _168_ (rising edge-triggered flip-flop clocked by clk)
Endpoint: _168_ (rising edge-triggered flip-flop clocked by clk)
Path Group: clk
Path Type: min

Fanout         Cap        Slew       Delay        Time   Description
---------------------------------------------------------------------------------------------
                                  0.000000    0.000000   clock clk (rise edge)
                                  0.000000    0.000000   clock source latency
     1    0.015612    0.076138    0.052032    0.052032 ^ clk (in)
                                                         clk (net)
                      0.076141    0.000000    0.052032 ^ clkbuf_0_clk/A (sky130_fd_sc_hd__clkbuf_16)
     2    0.018571    0.040655    0.135394    0.187426 ^ clkbuf_0_clk/X (sky130_fd_sc_hd__clkbuf_16)
                                                         clknet_0_clk (net)
                      0.040656    0.000469    0.187896 ^ clkbuf_1_0__f_clk/A (sky130_fd_sc_hd__clkbuf_16)
    10    0.036815    0.056861    0.137697    0.325593 ^ clkbuf_1_0__f_clk/X (sky130_fd_sc_hd__clkbuf_16)
                                                         clknet_1_0__leaf_clk (net)
                      0.056878    0.000789    0.326382 ^ _168_/CLK (sky130_fd_sc_hd__dfxtp_1)
     3    0.012492    0.125209    0.367422    0.693804 ^ _168_/Q (sky130_fd_sc_hd__dfxtp_1)
                                                         net19 (net)
                      0.125209    0.000383    0.694186 ^ _074_/A (sky130_fd_sc_hd__inv_2)
     2    0.010294    0.044545    0.061581    0.755768 v _074_/Y (sky130_fd_sc_hd__inv_2)
                                                         net27 (net)
                      0.044546    0.000230    0.755998 v _142_/B1 (sky130_fd_sc_hd__a21oi_1)
     1    0.003447    0.098473    0.118471    0.874469 ^ _142_/Y (sky130_fd_sc_hd__a21oi_1)
                                                         _041_ (net)
                      0.098473    0.000083    0.874553 ^ _143_/B1 (sky130_fd_sc_hd__a211o_1)
     1    0.002143    0.031941    0.102350    0.976903 ^ _143_/X (sky130_fd_sc_hd__a211o_1)
                                                         _017_ (net)
                      0.031941    0.000046    0.976948 ^ _168_/D (sky130_fd_sc_hd__dfxtp_1)
                                              0.976948   data arrival time

                                  0.000000    0.000000   clock clk (rise edge)
                                  0.000000    0.000000   clock source latency
     1    0.015612    0.076138    0.052032    0.052032 ^ clk (in)
                                                         clk (net)
                      0.076141    0.000000    0.052032 ^ clkbuf_0_clk/A (sky130_fd_sc_hd__clkbuf_16)
     2    0.018571    0.040655    0.135394    0.187426 ^ clkbuf_0_clk/X (sky130_fd_sc_hd__clkbuf_16)
                                                         clknet_0_clk (net)
                      0.040656    0.000469    0.187896 ^ clkbuf_1_0__f_clk/A (sky130_fd_sc_hd__clkbuf_16)
    10    0.036815    0.056861    0.137697    0.325593 ^ clkbuf_1_0__f_clk/X (sky130_fd_sc_hd__clkbuf_16)
                                                         clknet_1_0__leaf_clk (net)
                      0.056878    0.000789    0.326382 ^ _168_/CLK (sky130_fd_sc_hd__dfxtp_1)
                                  0.250000    0.576382   clock uncertainty
                                  0.000000    0.576382   clock reconvergence pessimism
                                 -0.026974    0.549408   library hold time
                                              0.549408   data required time
---------------------------------------------------------------------------------------------
                                              0.549408   data required time
                                             -0.976948   data arrival time
---------------------------------------------------------------------------------------------
                                              0.427541   slack (MET)


Startpoint: _164_ (rising edge-triggered flip-flop clocked by clk)
Endpoint: _164_ (rising edge-triggered flip-flop clocked by clk)
Path Group: clk
Path Type: min

Fanout         Cap        Slew       Delay        Time   Description
---------------------------------------------------------------------------------------------
                                  0.000000    0.000000   clock clk (rise edge)
                                  0.000000    0.000000   clock source latency
     1    0.015612    0.076138    0.052032    0.052032 ^ clk (in)
                                                         clk (net)
                      0.076141    0.000000    0.052032 ^ clkbuf_0_clk/A (sky130_fd_sc_hd__clkbuf_16)
     2    0.018571    0.040655    0.135394    0.187426 ^ clkbuf_0_clk/X (sky130_fd_sc_hd__clkbuf_16)
                                                         clknet_0_clk (net)
                      0.040656    0.000469    0.187896 ^ clkbuf_1_0__f_clk/A (sky130_fd_sc_hd__clkbuf_16)
    10    0.036815    0.056861    0.137697    0.325593 ^ clkbuf_1_0__f_clk/X (sky130_fd_sc_hd__clkbuf_16)
                                                         clknet_1_0__leaf_clk (net)
                      0.056924    0.001507    0.327100 ^ _164_/CLK (sky130_fd_sc_hd__dfxtp_1)
     3    0.017094    0.086556    0.348865    0.675964 v _164_/Q (sky130_fd_sc_hd__dfxtp_1)
                                                         net15 (net)
                      0.086565    0.000927    0.676891 v _078_/A (sky130_fd_sc_hd__inv_2)
     2    0.007687    0.047872    0.073165    0.750057 ^ _078_/Y (sky130_fd_sc_hd__inv_2)
                                                         net23 (net)
                      0.047872    0.000205    0.750262 ^ _126_/B1 (sky130_fd_sc_hd__a21oi_1)
     1    0.002794    0.026698    0.037591    0.787853 v _126_/Y (sky130_fd_sc_hd__a21oi_1)
                                                         _029_ (net)
                      0.026698    0.000061    0.787913 v _129_/A1 (sky130_fd_sc_hd__o21a_1)
     1    0.004683    0.038458    0.181337    0.969251 v _129_/X (sky130_fd_sc_hd__o21a_1)
                                                         _013_ (net)
                      0.038458    0.000160    0.969411 v _164_/D (sky130_fd_sc_hd__dfxtp_1)
                                              0.969411   data arrival time

                                  0.000000    0.000000   clock clk (rise edge)
                                  0.000000    0.000000   clock source latency
     1    0.015612    0.076138    0.052032    0.052032 ^ clk (in)
                                                         clk (net)
                      0.076141    0.000000    0.052032 ^ clkbuf_0_clk/A (sky130_fd_sc_hd__clkbuf_16)
     2    0.018571    0.040655    0.135394    0.187426 ^ clkbuf_0_clk/X (sky130_fd_sc_hd__clkbuf_16)
                                                         clknet_0_clk (net)
                      0.040656    0.000469    0.187896 ^ clkbuf_1_0__f_clk/A (sky130_fd_sc_hd__clkbuf_16)
    10    0.036815    0.056861    0.137697    0.325593 ^ clkbuf_1_0__f_clk/X (sky130_fd_sc_hd__clkbuf_16)
                                                         clknet_1_0__leaf_clk (net)
                      0.056924    0.001507    0.327100 ^ _164_/CLK (sky130_fd_sc_hd__dfxtp_1)
                                  0.250000    0.577100   clock uncertainty
                                  0.000000    0.577100   clock reconvergence pessimism
                                 -0.048124    0.528975   library hold time
                                              0.528975   data required time
---------------------------------------------------------------------------------------------
                                              0.528975   data required time
                                             -0.969411   data arrival time
---------------------------------------------------------------------------------------------
                                              0.440436   slack (MET)


Startpoint: _172_ (rising edge-triggered flip-flop clocked by clk)
Endpoint: _172_ (rising edge-triggered flip-flop clocked by clk)
Path Group: clk
Path Type: min

Fanout         Cap        Slew       Delay        Time   Description
---------------------------------------------------------------------------------------------
                                  0.000000    0.000000   clock clk (rise edge)
                                  0.000000    0.000000   clock source latency
     1    0.015612    0.076138    0.052032    0.052032 ^ clk (in)
                                                         clk (net)
                      0.076141    0.000000    0.052032 ^ clkbuf_0_clk/A (sky130_fd_sc_hd__clkbuf_16)
     2    0.018571    0.040655    0.135394    0.187426 ^ clkbuf_0_clk/X (sky130_fd_sc_hd__clkbuf_16)
                                                         clknet_0_clk (net)
                      0.040656    0.000469    0.187896 ^ clkbuf_1_0__f_clk/A (sky130_fd_sc_hd__clkbuf_16)
    10    0.036815    0.056861    0.137697    0.325593 ^ clkbuf_1_0__f_clk/X (sky130_fd_sc_hd__clkbuf_16)
                                                         clknet_1_0__leaf_clk (net)
                      0.056913    0.001359    0.326951 ^ _172_/CLK (sky130_fd_sc_hd__dfxtp_1)
     3    0.010690    0.058820    0.326933    0.653884 v _172_/Q (sky130_fd_sc_hd__dfxtp_1)
                                                         count[3] (net)
                      0.058820    0.000143    0.654028 v fanout30/A (sky130_fd_sc_hd__clkbuf_2)
    10    0.028140    0.110837    0.177269    0.831297 v fanout30/X (sky130_fd_sc_hd__clkbuf_2)
                                                         net30 (net)
                      0.110837    0.000326    0.831623 v _150_/A (sky130_fd_sc_hd__nand2_1)
     1    0.003004    0.049471    0.082429    0.914052 ^ _150_/Y (sky130_fd_sc_hd__nand2_1)
                                                         _045_ (net)
                      0.049471    0.000067    0.914119 ^ _151_/A2 (sky130_fd_sc_hd__a21oi_1)
     1    0.003053    0.040881    0.061029    0.975148 v _151_/Y (sky130_fd_sc_hd__a21oi_1)
                                                         _021_ (net)
                      0.040881    0.000078    0.975227 v _172_/D (sky130_fd_sc_hd__dfxtp_1)
                                              0.975227   data arrival time

                                  0.000000    0.000000   clock clk (rise edge)
                                  0.000000    0.000000   clock source latency
     1    0.015612    0.076138    0.052032    0.052032 ^ clk (in)
                                                         clk (net)
                      0.076141    0.000000    0.052032 ^ clkbuf_0_clk/A (sky130_fd_sc_hd__clkbuf_16)
     2    0.018571    0.040655    0.135394    0.187426 ^ clkbuf_0_clk/X (sky130_fd_sc_hd__clkbuf_16)
                                                         clknet_0_clk (net)
                      0.040656    0.000469    0.187896 ^ clkbuf_1_0__f_clk/A (sky130_fd_sc_hd__clkbuf_16)
    10    0.036815    0.056861    0.137697    0.325593 ^ clkbuf_1_0__f_clk/X (sky130_fd_sc_hd__clkbuf_16)
                                                         clknet_1_0__leaf_clk (net)
                      0.056913    0.001359    0.326951 ^ _172_/CLK (sky130_fd_sc_hd__dfxtp_1)
                                  0.250000    0.576951   clock uncertainty
                                  0.000000    0.576951   clock reconvergence pessimism
                                 -0.049138    0.527814   library hold time
                                              0.527814   data required time
---------------------------------------------------------------------------------------------
                                              0.527814   data required time
                                             -0.975227   data arrival time
---------------------------------------------------------------------------------------------
                                              0.447413   slack (MET)


Startpoint: _171_ (rising edge-triggered flip-flop clocked by clk)
Endpoint: _171_ (rising edge-triggered flip-flop clocked by clk)
Path Group: clk
Path Type: min

Fanout         Cap        Slew       Delay        Time   Description
---------------------------------------------------------------------------------------------
                                  0.000000    0.000000   clock clk (rise edge)
                                  0.000000    0.000000   clock source latency
     1    0.015612    0.076138    0.052032    0.052032 ^ clk (in)
                                                         clk (net)
                      0.076141    0.000000    0.052032 ^ clkbuf_0_clk/A (sky130_fd_sc_hd__clkbuf_16)
     2    0.018571    0.040655    0.135394    0.187426 ^ clkbuf_0_clk/X (sky130_fd_sc_hd__clkbuf_16)
                                                         clknet_0_clk (net)
                      0.040656    0.000469    0.187896 ^ clkbuf_1_0__f_clk/A (sky130_fd_sc_hd__clkbuf_16)
    10    0.036815    0.056861    0.137697    0.325593 ^ clkbuf_1_0__f_clk/X (sky130_fd_sc_hd__clkbuf_16)
                                                         clknet_1_0__leaf_clk (net)
                      0.056909    0.001299    0.326892 ^ _171_/CLK (sky130_fd_sc_hd__dfxtp_2)
     9    0.030699    0.082033    0.365872    0.692763 v _171_/Q (sky130_fd_sc_hd__dfxtp_2)
                                                         count[2] (net)
                      0.082034    0.000411    0.693174 v _109_/B (sky130_fd_sc_hd__nand4_1)
     4    0.009967    0.116315    0.147918    0.841092 ^ _109_/Y (sky130_fd_sc_hd__nand4_1)
                                                         _065_ (net)
                      0.116315    0.000122    0.841214 ^ _149_/B (sky130_fd_sc_hd__and3_1)
     1    0.003090    0.051823    0.163629    1.004844 ^ _149_/X (sky130_fd_sc_hd__and3_1)
                                                         _020_ (net)
                      0.051823    0.000081    1.004925 ^ _171_/D (sky130_fd_sc_hd__dfxtp_2)
                                              1.004925   data arrival time

                                  0.000000    0.000000   clock clk (rise edge)
                                  0.000000    0.000000   clock source latency
     1    0.015612    0.076138    0.052032    0.052032 ^ clk (in)
                                                         clk (net)
                      0.076141    0.000000    0.052032 ^ clkbuf_0_clk/A (sky130_fd_sc_hd__clkbuf_16)
     2    0.018571    0.040655    0.135394    0.187426 ^ clkbuf_0_clk/X (sky130_fd_sc_hd__clkbuf_16)
                                                         clknet_0_clk (net)
                      0.040656    0.000469    0.187896 ^ clkbuf_1_0__f_clk/A (sky130_fd_sc_hd__clkbuf_16)
    10    0.036815    0.056861    0.137697    0.325593 ^ clkbuf_1_0__f_clk/X (sky130_fd_sc_hd__clkbuf_16)
                                                         clknet_1_0__leaf_clk (net)
                      0.056909    0.001299    0.326892 ^ _171_/CLK (sky130_fd_sc_hd__dfxtp_2)
                                  0.250000    0.576892   clock uncertainty
                                  0.000000    0.576892   clock reconvergence pessimism
                                 -0.031033    0.545859   library hold time
                                              0.545859   data required time
---------------------------------------------------------------------------------------------
                                              0.545859   data required time
                                             -1.004925   data arrival time
---------------------------------------------------------------------------------------------
                                              0.459065   slack (MET)


Startpoint: _161_ (rising edge-triggered flip-flop clocked by clk)
Endpoint: _161_ (rising edge-triggered flip-flop clocked by clk)
Path Group: clk
Path Type: min

Fanout         Cap        Slew       Delay        Time   Description
---------------------------------------------------------------------------------------------
                                  0.000000    0.000000   clock clk (rise edge)
                                  0.000000    0.000000   clock source latency
     1    0.015612    0.076138    0.052032    0.052032 ^ clk (in)
                                                         clk (net)
                      0.076141    0.000000    0.052032 ^ clkbuf_0_clk/A (sky130_fd_sc_hd__clkbuf_16)
     2    0.018571    0.040655    0.135394    0.187426 ^ clkbuf_0_clk/X (sky130_fd_sc_hd__clkbuf_16)
                                                         clknet_0_clk (net)
                      0.040656    0.000469    0.187896 ^ clkbuf_1_0__f_clk/A (sky130_fd_sc_hd__clkbuf_16)
    10    0.036815    0.056861    0.137697    0.325593 ^ clkbuf_1_0__f_clk/X (sky130_fd_sc_hd__clkbuf_16)
                                                         clknet_1_0__leaf_clk (net)
                      0.056919    0.001445    0.327037 ^ _161_/CLK (sky130_fd_sc_hd__dfxtp_1)
     4    0.023313    0.112857    0.370480    0.697518 v _161_/Q (sky130_fd_sc_hd__dfxtp_1)
                                                         net12 (net)
                      0.112860    0.000726    0.698244 v _111_/B1 (sky130_fd_sc_hd__o21a_1)
     1    0.003695    0.034162    0.133905    0.832149 v _111_/X (sky130_fd_sc_hd__o21a_1)
                                                         _067_ (net)
                      0.034162    0.000127    0.832276 v _115_/A1 (sky130_fd_sc_hd__o21a_1)
     1    0.002273    0.026717    0.170541    1.002818 v _115_/X (sky130_fd_sc_hd__o21a_1)
                                                         _010_ (net)
                      0.026717    0.000049    1.002866 v _161_/D (sky130_fd_sc_hd__dfxtp_1)
                                              1.002866   data arrival time

                                  0.000000    0.000000   clock clk (rise edge)
                                  0.000000    0.000000   clock source latency
     1    0.015612    0.076138    0.052032    0.052032 ^ clk (in)
                                                         clk (net)
                      0.076141    0.000000    0.052032 ^ clkbuf_0_clk/A (sky130_fd_sc_hd__clkbuf_16)
     2    0.018571    0.040655    0.135394    0.187426 ^ clkbuf_0_clk/X (sky130_fd_sc_hd__clkbuf_16)
                                                         clknet_0_clk (net)
                      0.040656    0.000469    0.187896 ^ clkbuf_1_0__f_clk/A (sky130_fd_sc_hd__clkbuf_16)
    10    0.036815    0.056861    0.137697    0.325593 ^ clkbuf_1_0__f_clk/X (sky130_fd_sc_hd__clkbuf_16)
                                                         clknet_1_0__leaf_clk (net)
                      0.056919    0.001445    0.327037 ^ _161_/CLK (sky130_fd_sc_hd__dfxtp_1)
                                  0.250000    0.577037   clock uncertainty
                                  0.000000    0.577037   clock reconvergence pessimism
                                 -0.043226    0.533811   library hold time
                                              0.533811   data required time
---------------------------------------------------------------------------------------------
                                              0.533811   data required time
                                             -1.002866   data arrival time
---------------------------------------------------------------------------------------------
                                              0.469055   slack (MET)


Startpoint: _171_ (rising edge-triggered flip-flop clocked by clk)
Endpoint: _163_ (rising edge-triggered flip-flop clocked by clk)
Path Group: clk
Path Type: min

Fanout         Cap        Slew       Delay        Time   Description
---------------------------------------------------------------------------------------------
                                  0.000000    0.000000   clock clk (rise edge)
                                  0.000000    0.000000   clock source latency
     1    0.015612    0.076138    0.052032    0.052032 ^ clk (in)
                                                         clk (net)
                      0.076141    0.000000    0.052032 ^ clkbuf_0_clk/A (sky130_fd_sc_hd__clkbuf_16)
     2    0.018571    0.040655    0.135394    0.187426 ^ clkbuf_0_clk/X (sky130_fd_sc_hd__clkbuf_16)
                                                         clknet_0_clk (net)
                      0.040656    0.000469    0.187896 ^ clkbuf_1_0__f_clk/A (sky130_fd_sc_hd__clkbuf_16)
    10    0.036815    0.056861    0.137697    0.325593 ^ clkbuf_1_0__f_clk/X (sky130_fd_sc_hd__clkbuf_16)
                                                         clknet_1_0__leaf_clk (net)
                      0.056909    0.001299    0.326892 ^ _171_/CLK (sky130_fd_sc_hd__dfxtp_2)
     9    0.030699    0.082033    0.365872    0.692763 v _171_/Q (sky130_fd_sc_hd__dfxtp_2)
                                                         count[2] (net)
                      0.082081    0.001805    0.694568 v _072_/A (sky130_fd_sc_hd__inv_2)
     4    0.012820    0.066191    0.088788    0.783356 ^ _072_/Y (sky130_fd_sc_hd__inv_2)
                                                         _046_ (net)
                      0.066192    0.000393    0.783748 ^ _121_/A2 (sky130_fd_sc_hd__o41a_1)
     1    0.003784    0.056189    0.145587    0.929335 ^ _121_/X (sky130_fd_sc_hd__o41a_1)
                                                         _025_ (net)
                      0.056189    0.000101    0.929436 ^ _125_/A1 (sky130_fd_sc_hd__o31a_1)
     1    0.003216    0.048138    0.131233    1.060669 ^ _125_/X (sky130_fd_sc_hd__o31a_1)
                                                         _012_ (net)
                      0.048138    0.000110    1.060778 ^ _163_/D (sky130_fd_sc_hd__dfxtp_1)
                                              1.060778   data arrival time

                                  0.000000    0.000000   clock clk (rise edge)
                                  0.000000    0.000000   clock source latency
     1    0.015612    0.076138    0.052032    0.052032 ^ clk (in)
                                                         clk (net)
                      0.076141    0.000000    0.052032 ^ clkbuf_0_clk/A (sky130_fd_sc_hd__clkbuf_16)
     2    0.018571    0.040655    0.135394    0.187426 ^ clkbuf_0_clk/X (sky130_fd_sc_hd__clkbuf_16)
                                                         clknet_0_clk (net)
                      0.040656    0.000469    0.187896 ^ clkbuf_1_0__f_clk/A (sky130_fd_sc_hd__clkbuf_16)
    10    0.036815    0.056861    0.137697    0.325593 ^ clkbuf_1_0__f_clk/X (sky130_fd_sc_hd__clkbuf_16)
                                                         clknet_1_0__leaf_clk (net)
                      0.056922    0.001484    0.327077 ^ _163_/CLK (sky130_fd_sc_hd__dfxtp_1)
                                  0.250000    0.577077   clock uncertainty
                                  0.000000    0.577077   clock reconvergence pessimism
                                 -0.030355    0.546722   library hold time
                                              0.546722   data required time
---------------------------------------------------------------------------------------------
                                              0.546722   data required time
                                             -1.060778   data arrival time
---------------------------------------------------------------------------------------------
                                              0.514056   slack (MET)


Startpoint: _170_ (rising edge-triggered flip-flop clocked by clk)
Endpoint: _170_ (rising edge-triggered flip-flop clocked by clk)
Path Group: clk
Path Type: min

Fanout         Cap        Slew       Delay        Time   Description
---------------------------------------------------------------------------------------------
                                  0.000000    0.000000   clock clk (rise edge)
                                  0.000000    0.000000   clock source latency
     1    0.015612    0.076138    0.052032    0.052032 ^ clk (in)
                                                         clk (net)
                      0.076141    0.000000    0.052032 ^ clkbuf_0_clk/A (sky130_fd_sc_hd__clkbuf_16)
     2    0.018571    0.040655    0.135394    0.187426 ^ clkbuf_0_clk/X (sky130_fd_sc_hd__clkbuf_16)
                                                         clknet_0_clk (net)
                      0.040656    0.000469    0.187896 ^ clkbuf_1_0__f_clk/A (sky130_fd_sc_hd__clkbuf_16)
    10    0.036815    0.056861    0.137697    0.325593 ^ clkbuf_1_0__f_clk/X (sky130_fd_sc_hd__clkbuf_16)
                                                         clknet_1_0__leaf_clk (net)
                      0.056898    0.001127    0.326720 ^ _170_/CLK (sky130_fd_sc_hd__dfxtp_1)
     2    0.006303    0.041043    0.310155    0.636875 v _170_/Q (sky130_fd_sc_hd__dfxtp_1)
                                                         count[1] (net)
                      0.041043    0.000095    0.636970 v fanout31/A (sky130_fd_sc_hd__buf_2)
    10    0.030747    0.082092    0.171655    0.808625 v fanout31/X (sky130_fd_sc_hd__buf_2)
                                                         net31 (net)
                      0.082103    0.000944    0.809569 v _107_/B (sky130_fd_sc_hd__nand3_1)
     3    0.007813    0.094394    0.127328    0.936897 ^ _107_/Y (sky130_fd_sc_hd__nand3_1)
                                                         _063_ (net)
                      0.094394    0.000125    0.937022 ^ _147_/B (sky130_fd_sc_hd__and3_1)
     1    0.002031    0.042926    0.147839    1.084861 ^ _147_/X (sky130_fd_sc_hd__and3_1)
                                                         _019_ (net)
                      0.042926    0.000042    1.084903 ^ _170_/D (sky130_fd_sc_hd__dfxtp_1)
                                              1.084903   data arrival time

                                  0.000000    0.000000   clock clk (rise edge)
                                  0.000000    0.000000   clock source latency
     1    0.015612    0.076138    0.052032    0.052032 ^ clk (in)
                                                         clk (net)
                      0.076141    0.000000    0.052032 ^ clkbuf_0_clk/A (sky130_fd_sc_hd__clkbuf_16)
     2    0.018571    0.040655    0.135394    0.187426 ^ clkbuf_0_clk/X (sky130_fd_sc_hd__clkbuf_16)
                                                         clknet_0_clk (net)
                      0.040656    0.000469    0.187896 ^ clkbuf_1_0__f_clk/A (sky130_fd_sc_hd__clkbuf_16)
    10    0.036815    0.056861    0.137697    0.325593 ^ clkbuf_1_0__f_clk/X (sky130_fd_sc_hd__clkbuf_16)
                                                         clknet_1_0__leaf_clk (net)
                      0.056898    0.001127    0.326720 ^ _170_/CLK (sky130_fd_sc_hd__dfxtp_1)
                                  0.250000    0.576720   clock uncertainty
                                  0.000000    0.576720   clock reconvergence pessimism
                                 -0.029268    0.547451   library hold time
                                              0.547451   data required time
---------------------------------------------------------------------------------------------
                                              0.547451   data required time
                                             -1.084903   data arrival time
---------------------------------------------------------------------------------------------
                                              0.537452   slack (MET)


Startpoint: _152_ (rising edge-triggered flip-flop clocked by clk')
Endpoint: _152_ (rising edge-triggered flip-flop clocked by clk')
Path Group: clk
Path Type: min

Fanout         Cap        Slew       Delay        Time   Description
---------------------------------------------------------------------------------------------
                                 25.000000   25.000000   clock clk' (rise edge)
                                  0.000000   25.000000   clock source latency
     1    0.014618    0.034448    0.023787   25.023787 v clk (in)
                                                         clk (net)
                      0.034454    0.000000   25.023787 v clkbuf_0_clk/A (sky130_fd_sc_hd__clkbuf_16)
     2    0.016583    0.033210    0.139455   25.163240 v clkbuf_0_clk/X (sky130_fd_sc_hd__clkbuf_16)
                                                         clknet_0_clk (net)
                      0.033210    0.000350   25.163591 v clkbuf_1_1__f_clk/A (sky130_fd_sc_hd__clkbuf_16)
    12    0.032176    0.042236    0.150205   25.313797 v clkbuf_1_1__f_clk/X (sky130_fd_sc_hd__clkbuf_16)
                                                         clknet_1_1__leaf_clk (net)
                      0.042247    0.000743   25.314539 v _083__1/A (sky130_fd_sc_hd__inv_2)
     1    0.002284    0.020912    0.037188   25.351727 ^ _083__1/Y (sky130_fd_sc_hd__inv_2)
                                                         net35 (net)
                      0.020912    0.000048   25.351774 ^ _152_/CLK (sky130_fd_sc_hd__dfxtp_1)
     3    0.012070    0.064834    0.318455   25.670229 v _152_/Q (sky130_fd_sc_hd__dfxtp_1)
                                                         net11 (net)
                      0.064835    0.000279   25.670507 v hold1/A (sky130_fd_sc_hd__dlygate4sd3_1)
     1    0.004204    0.059675    0.567287   26.237795 v hold1/X (sky130_fd_sc_hd__dlygate4sd3_1)
                                                         net36 (net)
                      0.059675    0.000167   26.237963 v _084_/A_N (sky130_fd_sc_hd__and2b_1)
     1    0.002390    0.038434    0.184633   26.422594 ^ _084_/X (sky130_fd_sc_hd__and2b_1)
                                                         _001_ (net)
                      0.038434    0.000053   26.422647 ^ _152_/D (sky130_fd_sc_hd__dfxtp_1)
                                             26.422647   data arrival time

                                 25.000000   25.000000   clock clk' (rise edge)
                                  0.000000   25.000000   clock source latency
     1    0.014618    0.034448    0.023787   25.023787 v clk (in)
                                                         clk (net)
                      0.034454    0.000000   25.023787 v clkbuf_0_clk/A (sky130_fd_sc_hd__clkbuf_16)
     2    0.016583    0.033210    0.139455   25.163240 v clkbuf_0_clk/X (sky130_fd_sc_hd__clkbuf_16)
                                                         clknet_0_clk (net)
                      0.033210    0.000350   25.163591 v clkbuf_1_1__f_clk/A (sky130_fd_sc_hd__clkbuf_16)
    12    0.032176    0.042236    0.150205   25.313797 v clkbuf_1_1__f_clk/X (sky130_fd_sc_hd__clkbuf_16)
                                                         clknet_1_1__leaf_clk (net)
                      0.042247    0.000743   25.314539 v _083__1/A (sky130_fd_sc_hd__inv_2)
     1    0.002284    0.020912    0.037188   25.351727 ^ _083__1/Y (sky130_fd_sc_hd__inv_2)
                                                         net35 (net)
                      0.020912    0.000048   25.351774 ^ _152_/CLK (sky130_fd_sc_hd__dfxtp_1)
                                  0.250000   25.601774   clock uncertainty
                                  0.000000   25.601774   clock reconvergence pessimism
                                 -0.033066   25.568707   library hold time
                                             25.568707   data required time
---------------------------------------------------------------------------------------------
                                             25.568707   data required time
                                            -26.422647   data arrival time
---------------------------------------------------------------------------------------------
                                              0.853941   slack (MET)


Startpoint: _160_ (rising edge-triggered flip-flop clocked by clk)
Endpoint: _160_ (rising edge-triggered flip-flop clocked by clk)
Path Group: clk
Path Type: min

Fanout         Cap        Slew       Delay        Time   Description
---------------------------------------------------------------------------------------------
                                  0.000000    0.000000   clock clk (rise edge)
                                  0.000000    0.000000   clock source latency
     1    0.015612    0.076138    0.052032    0.052032 ^ clk (in)
                                                         clk (net)
                      0.076141    0.000000    0.052032 ^ clkbuf_0_clk/A (sky130_fd_sc_hd__clkbuf_16)
     2    0.018571    0.040655    0.135394    0.187426 ^ clkbuf_0_clk/X (sky130_fd_sc_hd__clkbuf_16)
                                                         clknet_0_clk (net)
                      0.040656    0.000394    0.187821 ^ clkbuf_1_1__f_clk/A (sky130_fd_sc_hd__clkbuf_16)
    12    0.034357    0.054720    0.135940    0.323761 ^ clkbuf_1_1__f_clk/X (sky130_fd_sc_hd__clkbuf_16)
                                                         clknet_1_1__leaf_clk (net)
                      0.054739    0.000774    0.324535 ^ _160_/CLK (sky130_fd_sc_hd__dfxtp_1)
     2    0.006380    0.071150    0.327007    0.651542 ^ _160_/Q (sky130_fd_sc_hd__dfxtp_1)
                                                         net10 (net)
                      0.071150    0.000091    0.651633 ^ _101_/A (sky130_fd_sc_hd__or2_1)
     1    0.003529    0.045807    0.103867    0.755501 ^ _101_/X (sky130_fd_sc_hd__or2_1)
                                                         _058_ (net)
                      0.045807    0.000091    0.755592 ^ _102_/B1 (sky130_fd_sc_hd__o211a_1)
     1    0.002087    0.035446    0.130151    0.885743 ^ _102_/X (sky130_fd_sc_hd__o211a_1)
                                                         _009_ (net)
                      0.035446    0.000042    0.885785 ^ hold3/A (sky130_fd_sc_hd__dlygate4sd3_1)
     1    0.002909    0.053845    0.532747    1.418532 ^ hold3/X (sky130_fd_sc_hd__dlygate4sd3_1)
                                                         net38 (net)
                      0.053845    0.000073    1.418606 ^ _160_/D (sky130_fd_sc_hd__dfxtp_1)
                                              1.418606   data arrival time

                                  0.000000    0.000000   clock clk (rise edge)
                                  0.000000    0.000000   clock source latency
     1    0.015612    0.076138    0.052032    0.052032 ^ clk (in)
                                                         clk (net)
                      0.076141    0.000000    0.052032 ^ clkbuf_0_clk/A (sky130_fd_sc_hd__clkbuf_16)
     2    0.018571    0.040655    0.135394    0.187426 ^ clkbuf_0_clk/X (sky130_fd_sc_hd__clkbuf_16)
                                                         clknet_0_clk (net)
                      0.040656    0.000394    0.187821 ^ clkbuf_1_1__f_clk/A (sky130_fd_sc_hd__clkbuf_16)
    12    0.034357    0.054720    0.135940    0.323761 ^ clkbuf_1_1__f_clk/X (sky130_fd_sc_hd__clkbuf_16)
                                                         clknet_1_1__leaf_clk (net)
                      0.054739    0.000774    0.324535 ^ _160_/CLK (sky130_fd_sc_hd__dfxtp_1)
                                  0.250000    0.574535   clock uncertainty
                                  0.000000    0.574535   clock reconvergence pessimism
                                 -0.031836    0.542699   library hold time
                                              0.542699   data required time
---------------------------------------------------------------------------------------------
                                              0.542699   data required time
                                             -1.418606   data arrival time
---------------------------------------------------------------------------------------------
                                              0.875906   slack (MET)


Startpoint: _158_ (rising edge-triggered flip-flop clocked by clk)
Endpoint: adc_out[5] (output port clocked by clk)
Path Group: clk
Path Type: min

Fanout         Cap        Slew       Delay        Time   Description
---------------------------------------------------------------------------------------------
                                  0.000000    0.000000   clock clk (rise edge)
                                  0.000000    0.000000   clock source latency
     1    0.015612    0.076138    0.052032    0.052032 ^ clk (in)
                                                         clk (net)
                      0.076141    0.000000    0.052032 ^ clkbuf_0_clk/A (sky130_fd_sc_hd__clkbuf_16)
     2    0.018571    0.040655    0.135394    0.187426 ^ clkbuf_0_clk/X (sky130_fd_sc_hd__clkbuf_16)
                                                         clknet_0_clk (net)
                      0.040656    0.000394    0.187821 ^ clkbuf_1_1__f_clk/A (sky130_fd_sc_hd__clkbuf_16)
    12    0.034357    0.054720    0.135940    0.323761 ^ clkbuf_1_1__f_clk/X (sky130_fd_sc_hd__clkbuf_16)
                                                         clknet_1_1__leaf_clk (net)
                      0.054762    0.001171    0.324932 ^ _158_/CLK (sky130_fd_sc_hd__dfxtp_1)
     2    0.004911    0.035227    0.303715    0.628647 v _158_/Q (sky130_fd_sc_hd__dfxtp_1)
                                                         net8 (net)
                      0.035227    0.000114    0.628762 v output8/A (sky130_fd_sc_hd__buf_2)
     1    0.034550    0.090233    0.176343    0.805104 v output8/X (sky130_fd_sc_hd__buf_2)
                                                         adc_out[5] (net)
                      0.090238    0.000746    0.805851 v adc_out[5] (out)
                                              0.805851   data arrival time

                                  0.000000    0.000000   clock clk (rise edge)
                                  0.000000    0.000000   clock network delay (propagated)
                                  0.250000    0.250000   clock uncertainty
                                  0.000000    0.250000   clock reconvergence pessimism
                                -10.000000   -9.750000   output external delay
                                             -9.750000   data required time
---------------------------------------------------------------------------------------------
                                             -9.750000   data required time
                                             -0.805851   data arrival time
---------------------------------------------------------------------------------------------
                                             10.555851   slack (MET)


Startpoint: _155_ (rising edge-triggered flip-flop clocked by clk)
Endpoint: adc_out[2] (output port clocked by clk)
Path Group: clk
Path Type: min

Fanout         Cap        Slew       Delay        Time   Description
---------------------------------------------------------------------------------------------
                                  0.000000    0.000000   clock clk (rise edge)
                                  0.000000    0.000000   clock source latency
     1    0.015612    0.076138    0.052032    0.052032 ^ clk (in)
                                                         clk (net)
                      0.076141    0.000000    0.052032 ^ clkbuf_0_clk/A (sky130_fd_sc_hd__clkbuf_16)
     2    0.018571    0.040655    0.135394    0.187426 ^ clkbuf_0_clk/X (sky130_fd_sc_hd__clkbuf_16)
                                                         clknet_0_clk (net)
                      0.040656    0.000394    0.187821 ^ clkbuf_1_1__f_clk/A (sky130_fd_sc_hd__clkbuf_16)
    12    0.034357    0.054720    0.135940    0.323761 ^ clkbuf_1_1__f_clk/X (sky130_fd_sc_hd__clkbuf_16)
                                                         clknet_1_1__leaf_clk (net)
                      0.054755    0.001052    0.324813 ^ _155_/CLK (sky130_fd_sc_hd__dfxtp_1)
     2    0.005124    0.036100    0.304574    0.629388 v _155_/Q (sky130_fd_sc_hd__dfxtp_1)
                                                         net5 (net)
                      0.036100    0.000122    0.629509 v output5/A (sky130_fd_sc_hd__buf_2)
     1    0.034851    0.090894    0.177242    0.806751 v output5/X (sky130_fd_sc_hd__buf_2)
                                                         adc_out[2] (net)
                      0.090901    0.000796    0.807546 v adc_out[2] (out)
                                              0.807546   data arrival time

                                  0.000000    0.000000   clock clk (rise edge)
                                  0.000000    0.000000   clock network delay (propagated)
                                  0.250000    0.250000   clock uncertainty
                                  0.000000    0.250000   clock reconvergence pessimism
                                -10.000000   -9.750000   output external delay
                                             -9.750000   data required time
---------------------------------------------------------------------------------------------
                                             -9.750000   data required time
                                             -0.807546   data arrival time
---------------------------------------------------------------------------------------------
                                             10.557547   slack (MET)


Startpoint: _157_ (rising edge-triggered flip-flop clocked by clk)
Endpoint: adc_out[4] (output port clocked by clk)
Path Group: clk
Path Type: min

Fanout         Cap        Slew       Delay        Time   Description
---------------------------------------------------------------------------------------------
                                  0.000000    0.000000   clock clk (rise edge)
                                  0.000000    0.000000   clock source latency
     1    0.015612    0.076138    0.052032    0.052032 ^ clk (in)
                                                         clk (net)
                      0.076141    0.000000    0.052032 ^ clkbuf_0_clk/A (sky130_fd_sc_hd__clkbuf_16)
     2    0.018571    0.040655    0.135394    0.187426 ^ clkbuf_0_clk/X (sky130_fd_sc_hd__clkbuf_16)
                                                         clknet_0_clk (net)
                      0.040656    0.000394    0.187821 ^ clkbuf_1_1__f_clk/A (sky130_fd_sc_hd__clkbuf_16)
    12    0.034357    0.054720    0.135940    0.323761 ^ clkbuf_1_1__f_clk/X (sky130_fd_sc_hd__clkbuf_16)
                                                         clknet_1_1__leaf_clk (net)
                      0.054760    0.001134    0.324895 ^ _157_/CLK (sky130_fd_sc_hd__dfxtp_1)
     2    0.005212    0.036462    0.304931    0.629826 v _157_/Q (sky130_fd_sc_hd__dfxtp_1)
                                                         net7 (net)
                      0.036462    0.000123    0.629949 v output7/A (sky130_fd_sc_hd__buf_2)
     1    0.034612    0.090374    0.176960    0.806909 v output7/X (sky130_fd_sc_hd__buf_2)
                                                         adc_out[4] (net)
                      0.090381    0.000787    0.807696 v adc_out[4] (out)
                                              0.807696   data arrival time

                                  0.000000    0.000000   clock clk (rise edge)
                                  0.000000    0.000000   clock network delay (propagated)
                                  0.250000    0.250000   clock uncertainty
                                  0.000000    0.250000   clock reconvergence pessimism
                                -10.000000   -9.750000   output external delay
                                             -9.750000   data required time
---------------------------------------------------------------------------------------------
                                             -9.750000   data required time
                                             -0.807696   data arrival time
---------------------------------------------------------------------------------------------
                                             10.557695   slack (MET)


Startpoint: _159_ (rising edge-triggered flip-flop clocked by clk)
Endpoint: adc_out[6] (output port clocked by clk)
Path Group: clk
Path Type: min

Fanout         Cap        Slew       Delay        Time   Description
---------------------------------------------------------------------------------------------
                                  0.000000    0.000000   clock clk (rise edge)
                                  0.000000    0.000000   clock source latency
     1    0.015612    0.076138    0.052032    0.052032 ^ clk (in)
                                                         clk (net)
                      0.076141    0.000000    0.052032 ^ clkbuf_0_clk/A (sky130_fd_sc_hd__clkbuf_16)
     2    0.018571    0.040655    0.135394    0.187426 ^ clkbuf_0_clk/X (sky130_fd_sc_hd__clkbuf_16)
                                                         clknet_0_clk (net)
                      0.040656    0.000394    0.187821 ^ clkbuf_1_1__f_clk/A (sky130_fd_sc_hd__clkbuf_16)
    12    0.034357    0.054720    0.135940    0.323761 ^ clkbuf_1_1__f_clk/X (sky130_fd_sc_hd__clkbuf_16)
                                                         clknet_1_1__leaf_clk (net)
                      0.054762    0.001173    0.324934 ^ _159_/CLK (sky130_fd_sc_hd__dfxtp_1)
     2    0.005689    0.038452    0.306861    0.631796 v _159_/Q (sky130_fd_sc_hd__dfxtp_1)
                                                         net9 (net)
                      0.038452    0.000129    0.631924 v output9/A (sky130_fd_sc_hd__buf_2)
     1    0.035149    0.091586    0.178684    0.810608 v output9/X (sky130_fd_sc_hd__buf_2)
                                                         adc_out[6] (net)
                      0.091596    0.000955    0.811563 v adc_out[6] (out)
                                              0.811563   data arrival time

                                  0.000000    0.000000   clock clk (rise edge)
                                  0.000000    0.000000   clock network delay (propagated)
                                  0.250000    0.250000   clock uncertainty
                                  0.000000    0.250000   clock reconvergence pessimism
                                -10.000000   -9.750000   output external delay
                                             -9.750000   data required time
---------------------------------------------------------------------------------------------
                                             -9.750000   data required time
                                             -0.811563   data arrival time
---------------------------------------------------------------------------------------------
                                             10.561563   slack (MET)


Startpoint: _160_ (rising edge-triggered flip-flop clocked by clk)
Endpoint: adc_out[7] (output port clocked by clk)
Path Group: clk
Path Type: min

Fanout         Cap        Slew       Delay        Time   Description
---------------------------------------------------------------------------------------------
                                  0.000000    0.000000   clock clk (rise edge)
                                  0.000000    0.000000   clock source latency
     1    0.015612    0.076138    0.052032    0.052032 ^ clk (in)
                                                         clk (net)
                      0.076141    0.000000    0.052032 ^ clkbuf_0_clk/A (sky130_fd_sc_hd__clkbuf_16)
     2    0.018571    0.040655    0.135394    0.187426 ^ clkbuf_0_clk/X (sky130_fd_sc_hd__clkbuf_16)
                                                         clknet_0_clk (net)
                      0.040656    0.000394    0.187821 ^ clkbuf_1_1__f_clk/A (sky130_fd_sc_hd__clkbuf_16)
    12    0.034357    0.054720    0.135940    0.323761 ^ clkbuf_1_1__f_clk/X (sky130_fd_sc_hd__clkbuf_16)
                                                         clknet_1_1__leaf_clk (net)
                      0.054739    0.000774    0.324535 ^ _160_/CLK (sky130_fd_sc_hd__dfxtp_1)
     2    0.006076    0.040083    0.308428    0.632963 v _160_/Q (sky130_fd_sc_hd__dfxtp_1)
                                                         net10 (net)
                      0.040083    0.000174    0.633137 v output10/A (sky130_fd_sc_hd__buf_2)
     1    0.035334    0.091997    0.179684    0.812821 v output10/X (sky130_fd_sc_hd__buf_2)
                                                         adc_out[7] (net)
                      0.092009    0.001016    0.813837 v adc_out[7] (out)
                                              0.813837   data arrival time

                                  0.000000    0.000000   clock clk (rise edge)
                                  0.000000    0.000000   clock network delay (propagated)
                                  0.250000    0.250000   clock uncertainty
                                  0.000000    0.250000   clock reconvergence pessimism
                                -10.000000   -9.750000   output external delay
                                             -9.750000   data required time
---------------------------------------------------------------------------------------------
                                             -9.750000   data required time
                                             -0.813837   data arrival time
---------------------------------------------------------------------------------------------
                                             10.563837   slack (MET)


Startpoint: _156_ (rising edge-triggered flip-flop clocked by clk)
Endpoint: adc_out[3] (output port clocked by clk)
Path Group: clk
Path Type: min

Fanout         Cap        Slew       Delay        Time   Description
---------------------------------------------------------------------------------------------
                                  0.000000    0.000000   clock clk (rise edge)
                                  0.000000    0.000000   clock source latency
     1    0.015612    0.076138    0.052032    0.052032 ^ clk (in)
                                                         clk (net)
                      0.076141    0.000000    0.052032 ^ clkbuf_0_clk/A (sky130_fd_sc_hd__clkbuf_16)
     2    0.018571    0.040655    0.135394    0.187426 ^ clkbuf_0_clk/X (sky130_fd_sc_hd__clkbuf_16)
                                                         clknet_0_clk (net)
                      0.040656    0.000394    0.187821 ^ clkbuf_1_1__f_clk/A (sky130_fd_sc_hd__clkbuf_16)
    12    0.034357    0.054720    0.135940    0.323761 ^ clkbuf_1_1__f_clk/X (sky130_fd_sc_hd__clkbuf_16)
                                                         clknet_1_1__leaf_clk (net)
                      0.054748    0.000925    0.324686 ^ _156_/CLK (sky130_fd_sc_hd__dfxtp_1)
     2    0.006474    0.041781    0.310037    0.634723 v _156_/Q (sky130_fd_sc_hd__dfxtp_1)
                                                         net6 (net)
                      0.041781    0.000184    0.634907 v output6/A (sky130_fd_sc_hd__buf_2)
     1    0.034861    0.090894    0.179671    0.814579 v output6/X (sky130_fd_sc_hd__buf_2)
                                                         adc_out[3] (net)
                      0.090902    0.000843    0.815422 v adc_out[3] (out)
                                              0.815422   data arrival time

                                  0.000000    0.000000   clock clk (rise edge)
                                  0.000000    0.000000   clock network delay (propagated)
                                  0.250000    0.250000   clock uncertainty
                                  0.000000    0.250000   clock reconvergence pessimism
                                -10.000000   -9.750000   output external delay
                                             -9.750000   data required time
---------------------------------------------------------------------------------------------
                                             -9.750000   data required time
                                             -0.815422   data arrival time
---------------------------------------------------------------------------------------------
                                             10.565422   slack (MET)


Startpoint: _153_ (rising edge-triggered flip-flop clocked by clk)
Endpoint: adc_out[0] (output port clocked by clk)
Path Group: clk
Path Type: min

Fanout         Cap        Slew       Delay        Time   Description
---------------------------------------------------------------------------------------------
                                  0.000000    0.000000   clock clk (rise edge)
                                  0.000000    0.000000   clock source latency
     1    0.015612    0.076138    0.052032    0.052032 ^ clk (in)
                                                         clk (net)
                      0.076141    0.000000    0.052032 ^ clkbuf_0_clk/A (sky130_fd_sc_hd__clkbuf_16)
     2    0.018571    0.040655    0.135394    0.187426 ^ clkbuf_0_clk/X (sky130_fd_sc_hd__clkbuf_16)
                                                         clknet_0_clk (net)
                      0.040656    0.000394    0.187821 ^ clkbuf_1_1__f_clk/A (sky130_fd_sc_hd__clkbuf_16)
    12    0.034357    0.054720    0.135940    0.323761 ^ clkbuf_1_1__f_clk/X (sky130_fd_sc_hd__clkbuf_16)
                                                         clknet_1_1__leaf_clk (net)
                      0.054748    0.000932    0.324693 ^ _153_/CLK (sky130_fd_sc_hd__dfxtp_1)
     2    0.006886    0.043548    0.311706    0.636399 v _153_/Q (sky130_fd_sc_hd__dfxtp_1)
                                                         net3 (net)
                      0.043548    0.000224    0.636623 v output3/A (sky130_fd_sc_hd__buf_2)
     1    0.035049    0.091405    0.180559    0.817182 v output3/X (sky130_fd_sc_hd__buf_2)
                                                         adc_out[0] (net)
                      0.091420    0.001132    0.818314 v adc_out[0] (out)
                                              0.818314   data arrival time

                                  0.000000    0.000000   clock clk (rise edge)
                                  0.000000    0.000000   clock network delay (propagated)
                                  0.250000    0.250000   clock uncertainty
                                  0.000000    0.250000   clock reconvergence pessimism
                                -10.000000   -9.750000   output external delay
                                             -9.750000   data required time
---------------------------------------------------------------------------------------------
                                             -9.750000   data required time
                                             -0.818314   data arrival time
---------------------------------------------------------------------------------------------
                                             10.568315   slack (MET)


Startpoint: _154_ (rising edge-triggered flip-flop clocked by clk)
Endpoint: adc_out[1] (output port clocked by clk)
Path Group: clk
Path Type: min

Fanout         Cap        Slew       Delay        Time   Description
---------------------------------------------------------------------------------------------
                                  0.000000    0.000000   clock clk (rise edge)
                                  0.000000    0.000000   clock source latency
     1    0.015612    0.076138    0.052032    0.052032 ^ clk (in)
                                                         clk (net)
                      0.076141    0.000000    0.052032 ^ clkbuf_0_clk/A (sky130_fd_sc_hd__clkbuf_16)
     2    0.018571    0.040655    0.135394    0.187426 ^ clkbuf_0_clk/X (sky130_fd_sc_hd__clkbuf_16)
                                                         clknet_0_clk (net)
                      0.040656    0.000394    0.187821 ^ clkbuf_1_1__f_clk/A (sky130_fd_sc_hd__clkbuf_16)
    12    0.034357    0.054720    0.135940    0.323761 ^ clkbuf_1_1__f_clk/X (sky130_fd_sc_hd__clkbuf_16)
                                                         clknet_1_1__leaf_clk (net)
                      0.054743    0.000843    0.324604 ^ _154_/CLK (sky130_fd_sc_hd__dfxtp_1)
     2    0.007865    0.047837    0.315605    0.640209 v _154_/Q (sky130_fd_sc_hd__dfxtp_1)
                                                         net4 (net)
                      0.047911    0.000337    0.640546 v output4/A (sky130_fd_sc_hd__buf_2)
     1    0.034502    0.090021    0.181752    0.822298 v output4/X (sky130_fd_sc_hd__buf_2)
                                                         adc_out[1] (net)
                      0.090025    0.000703    0.823001 v adc_out[1] (out)
                                              0.823001   data arrival time

                                  0.000000    0.000000   clock clk (rise edge)
                                  0.000000    0.000000   clock network delay (propagated)
                                  0.250000    0.250000   clock uncertainty
                                  0.000000    0.250000   clock reconvergence pessimism
                                -10.000000   -9.750000   output external delay
                                             -9.750000   data required time
---------------------------------------------------------------------------------------------
                                             -9.750000   data required time
                                             -0.823001   data arrival time
---------------------------------------------------------------------------------------------
                                             10.573001   slack (MET)


Startpoint: _168_ (rising edge-triggered flip-flop clocked by clk)
Endpoint: dac_in[7] (output port clocked by clk)
Path Group: clk
Path Type: min

Fanout         Cap        Slew       Delay        Time   Description
---------------------------------------------------------------------------------------------
                                  0.000000    0.000000   clock clk (rise edge)
                                  0.000000    0.000000   clock source latency
     1    0.015612    0.076138    0.052032    0.052032 ^ clk (in)
                                                         clk (net)
                      0.076141    0.000000    0.052032 ^ clkbuf_0_clk/A (sky130_fd_sc_hd__clkbuf_16)
     2    0.018571    0.040655    0.135394    0.187426 ^ clkbuf_0_clk/X (sky130_fd_sc_hd__clkbuf_16)
                                                         clknet_0_clk (net)
                      0.040656    0.000469    0.187896 ^ clkbuf_1_0__f_clk/A (sky130_fd_sc_hd__clkbuf_16)
    10    0.036815    0.056861    0.137697    0.325593 ^ clkbuf_1_0__f_clk/X (sky130_fd_sc_hd__clkbuf_16)
                                                         clknet_1_0__leaf_clk (net)
                      0.056878    0.000789    0.326382 ^ _168_/CLK (sky130_fd_sc_hd__dfxtp_1)
     3    0.011801    0.063578    0.330773    0.657155 v _168_/Q (sky130_fd_sc_hd__dfxtp_1)
                                                         net19 (net)
                      0.063578    0.000217    0.657371 v output19/A (sky130_fd_sc_hd__buf_2)
     1    0.034711    0.090552    0.188941    0.846312 v output19/X (sky130_fd_sc_hd__buf_2)
                                                         dac_in[7] (net)
                      0.090562    0.000961    0.847272 v dac_in[7] (out)
                                              0.847272   data arrival time

                                  0.000000    0.000000   clock clk (rise edge)
                                  0.000000    0.000000   clock network delay (propagated)
                                  0.250000    0.250000   clock uncertainty
                                  0.000000    0.250000   clock reconvergence pessimism
                                -10.000000   -9.750000   output external delay
                                             -9.750000   data required time
---------------------------------------------------------------------------------------------
                                             -9.750000   data required time
                                             -0.847272   data arrival time
---------------------------------------------------------------------------------------------
                                             10.597273   slack (MET)


Startpoint: _166_ (rising edge-triggered flip-flop clocked by clk)
Endpoint: dac_in[5] (output port clocked by clk)
Path Group: clk
Path Type: min

Fanout         Cap        Slew       Delay        Time   Description
---------------------------------------------------------------------------------------------
                                  0.000000    0.000000   clock clk (rise edge)
                                  0.000000    0.000000   clock source latency
     1    0.015612    0.076138    0.052032    0.052032 ^ clk (in)
                                                         clk (net)
                      0.076141    0.000000    0.052032 ^ clkbuf_0_clk/A (sky130_fd_sc_hd__clkbuf_16)
     2    0.018571    0.040655    0.135394    0.187426 ^ clkbuf_0_clk/X (sky130_fd_sc_hd__clkbuf_16)
                                                         clknet_0_clk (net)
                      0.040656    0.000394    0.187821 ^ clkbuf_1_1__f_clk/A (sky130_fd_sc_hd__clkbuf_16)
    12    0.034357    0.054720    0.135940    0.323761 ^ clkbuf_1_1__f_clk/X (sky130_fd_sc_hd__clkbuf_16)
                                                         clknet_1_1__leaf_clk (net)
                      0.054737    0.000742    0.324503 ^ _166_/CLK (sky130_fd_sc_hd__dfxtp_1)
     3    0.014657    0.075882    0.339873    0.664377 v _166_/Q (sky130_fd_sc_hd__dfxtp_1)
                                                         net17 (net)
                      0.075883    0.000396    0.664772 v output17/A (sky130_fd_sc_hd__buf_2)
     1    0.034455    0.089977    0.194135    0.858908 v output17/X (sky130_fd_sc_hd__buf_2)
                                                         dac_in[5] (net)
                      0.089985    0.000864    0.859772 v dac_in[5] (out)
                                              0.859772   data arrival time

                                  0.000000    0.000000   clock clk (rise edge)
                                  0.000000    0.000000   clock network delay (propagated)
                                  0.250000    0.250000   clock uncertainty
                                  0.000000    0.250000   clock reconvergence pessimism
                                -10.000000   -9.750000   output external delay
                                             -9.750000   data required time
---------------------------------------------------------------------------------------------
                                             -9.750000   data required time
                                             -0.859772   data arrival time
---------------------------------------------------------------------------------------------
                                             10.609772   slack (MET)


Startpoint: _165_ (rising edge-triggered flip-flop clocked by clk)
Endpoint: dac_in[4] (output port clocked by clk)
Path Group: clk
Path Type: min

Fanout         Cap        Slew       Delay        Time   Description
---------------------------------------------------------------------------------------------
                                  0.000000    0.000000   clock clk (rise edge)
                                  0.000000    0.000000   clock source latency
     1    0.015612    0.076138    0.052032    0.052032 ^ clk (in)
                                                         clk (net)
                      0.076141    0.000000    0.052032 ^ clkbuf_0_clk/A (sky130_fd_sc_hd__clkbuf_16)
     2    0.018571    0.040655    0.135394    0.187426 ^ clkbuf_0_clk/X (sky130_fd_sc_hd__clkbuf_16)
                                                         clknet_0_clk (net)
                      0.040656    0.000394    0.187821 ^ clkbuf_1_1__f_clk/A (sky130_fd_sc_hd__clkbuf_16)
    12    0.034357    0.054720    0.135940    0.323761 ^ clkbuf_1_1__f_clk/X (sky130_fd_sc_hd__clkbuf_16)
                                                         clknet_1_1__leaf_clk (net)
                      0.054722    0.000479    0.324240 ^ _165_/CLK (sky130_fd_sc_hd__dfxtp_1)
     3    0.016887    0.085576    0.347525    0.671766 v _165_/Q (sky130_fd_sc_hd__dfxtp_1)
                                                         net16 (net)
                      0.085580    0.000669    0.672435 v output16/A (sky130_fd_sc_hd__buf_2)
     1    0.034755    0.090679    0.199015    0.871451 v output16/X (sky130_fd_sc_hd__buf_2)
                                                         dac_in[4] (net)
                      0.090690    0.000980    0.872431 v dac_in[4] (out)
                                              0.872431   data arrival time

                                  0.000000    0.000000   clock clk (rise edge)
                                  0.000000    0.000000   clock network delay (propagated)
                                  0.250000    0.250000   clock uncertainty
                                  0.000000    0.250000   clock reconvergence pessimism
                                -10.000000   -9.750000   output external delay
                                             -9.750000   data required time
---------------------------------------------------------------------------------------------
                                             -9.750000   data required time
                                             -0.872431   data arrival time
---------------------------------------------------------------------------------------------
                                             10.622431   slack (MET)


Startpoint: _162_ (rising edge-triggered flip-flop clocked by clk)
Endpoint: dac_in[1] (output port clocked by clk)
Path Group: clk
Path Type: min

Fanout         Cap        Slew       Delay        Time   Description
---------------------------------------------------------------------------------------------
                                  0.000000    0.000000   clock clk (rise edge)
                                  0.000000    0.000000   clock source latency
     1    0.015612    0.076138    0.052032    0.052032 ^ clk (in)
                                                         clk (net)
                      0.076141    0.000000    0.052032 ^ clkbuf_0_clk/A (sky130_fd_sc_hd__clkbuf_16)
     2    0.018571    0.040655    0.135394    0.187426 ^ clkbuf_0_clk/X (sky130_fd_sc_hd__clkbuf_16)
                                                         clknet_0_clk (net)
                      0.040656    0.000394    0.187821 ^ clkbuf_1_1__f_clk/A (sky130_fd_sc_hd__clkbuf_16)
    12    0.034357    0.054720    0.135940    0.323761 ^ clkbuf_1_1__f_clk/X (sky130_fd_sc_hd__clkbuf_16)
                                                         clknet_1_1__leaf_clk (net)
                      0.054744    0.000860    0.324621 ^ _162_/CLK (sky130_fd_sc_hd__dfxtp_1)
     3    0.017247    0.087205    0.348620    0.673241 v _162_/Q (sky130_fd_sc_hd__dfxtp_1)
                                                         net13 (net)
                      0.087216    0.000986    0.674227 v output13/A (sky130_fd_sc_hd__buf_2)
     1    0.034530    0.090162    0.199408    0.873635 v output13/X (sky130_fd_sc_hd__buf_2)
                                                         dac_in[1] (net)
                      0.090171    0.000893    0.874528 v dac_in[1] (out)
                                              0.874528   data arrival time

                                  0.000000    0.000000   clock clk (rise edge)
                                  0.000000    0.000000   clock network delay (propagated)
                                  0.250000    0.250000   clock uncertainty
                                  0.000000    0.250000   clock reconvergence pessimism
                                -10.000000   -9.750000   output external delay
                                             -9.750000   data required time
---------------------------------------------------------------------------------------------
                                             -9.750000   data required time
                                             -0.874528   data arrival time
---------------------------------------------------------------------------------------------
                                             10.624528   slack (MET)


Startpoint: _164_ (rising edge-triggered flip-flop clocked by clk)
Endpoint: dac_in[3] (output port clocked by clk)
Path Group: clk
Path Type: min

Fanout         Cap        Slew       Delay        Time   Description
---------------------------------------------------------------------------------------------
                                  0.000000    0.000000   clock clk (rise edge)
                                  0.000000    0.000000   clock source latency
     1    0.015612    0.076138    0.052032    0.052032 ^ clk (in)
                                                         clk (net)
                      0.076141    0.000000    0.052032 ^ clkbuf_0_clk/A (sky130_fd_sc_hd__clkbuf_16)
     2    0.018571    0.040655    0.135394    0.187426 ^ clkbuf_0_clk/X (sky130_fd_sc_hd__clkbuf_16)
                                                         clknet_0_clk (net)
                      0.040656    0.000469    0.187896 ^ clkbuf_1_0__f_clk/A (sky130_fd_sc_hd__clkbuf_16)
    10    0.036815    0.056861    0.137697    0.325593 ^ clkbuf_1_0__f_clk/X (sky130_fd_sc_hd__clkbuf_16)
                                                         clknet_1_0__leaf_clk (net)
                      0.056924    0.001507    0.327100 ^ _164_/CLK (sky130_fd_sc_hd__dfxtp_1)
     3    0.017094    0.086556    0.348865    0.675964 v _164_/Q (sky130_fd_sc_hd__dfxtp_1)
                                                         net15 (net)
                      0.086556    0.000364    0.676328 v output15/A (sky130_fd_sc_hd__buf_2)
     1    0.034636    0.090405    0.199277    0.875605 v output15/X (sky130_fd_sc_hd__buf_2)
                                                         dac_in[3] (net)
                      0.090415    0.000931    0.876536 v dac_in[3] (out)
                                              0.876536   data arrival time

                                  0.000000    0.000000   clock clk (rise edge)
                                  0.000000    0.000000   clock network delay (propagated)
                                  0.250000    0.250000   clock uncertainty
                                  0.000000    0.250000   clock reconvergence pessimism
                                -10.000000   -9.750000   output external delay
                                             -9.750000   data required time
---------------------------------------------------------------------------------------------
                                             -9.750000   data required time
                                             -0.876536   data arrival time
---------------------------------------------------------------------------------------------
                                             10.626536   slack (MET)


Startpoint: _167_ (rising edge-triggered flip-flop clocked by clk)
Endpoint: dac_in[6] (output port clocked by clk)
Path Group: clk
Path Type: min

Fanout         Cap        Slew       Delay        Time   Description
---------------------------------------------------------------------------------------------
                                  0.000000    0.000000   clock clk (rise edge)
                                  0.000000    0.000000   clock source latency
     1    0.015612    0.076138    0.052032    0.052032 ^ clk (in)
                                                         clk (net)
                      0.076141    0.000000    0.052032 ^ clkbuf_0_clk/A (sky130_fd_sc_hd__clkbuf_16)
     2    0.018571    0.040655    0.135394    0.187426 ^ clkbuf_0_clk/X (sky130_fd_sc_hd__clkbuf_16)
                                                         clknet_0_clk (net)
                      0.040656    0.000469    0.187896 ^ clkbuf_1_0__f_clk/A (sky130_fd_sc_hd__clkbuf_16)
    10    0.036815    0.056861    0.137697    0.325593 ^ clkbuf_1_0__f_clk/X (sky130_fd_sc_hd__clkbuf_16)
                                                         clknet_1_0__leaf_clk (net)
                      0.056879    0.000817    0.326410 ^ _167_/CLK (sky130_fd_sc_hd__dfxtp_1)
     4    0.018997    0.094852    0.355394    0.681804 v _167_/Q (sky130_fd_sc_hd__dfxtp_1)
                                                         net18 (net)
                      0.094853    0.000480    0.682283 v output18/A (sky130_fd_sc_hd__buf_2)
     1    0.034412    0.089895    0.202700    0.884983 v output18/X (sky130_fd_sc_hd__buf_2)
                                                         dac_in[6] (net)
                      0.089903    0.000845    0.885827 v dac_in[6] (out)
                                              0.885827   data arrival time

                                  0.000000    0.000000   clock clk (rise edge)
                                  0.000000    0.000000   clock network delay (propagated)
                                  0.250000    0.250000   clock uncertainty
                                  0.000000    0.250000   clock reconvergence pessimism
                                -10.000000   -9.750000   output external delay
                                             -9.750000   data required time
---------------------------------------------------------------------------------------------
                                             -9.750000   data required time
                                             -0.885827   data arrival time
---------------------------------------------------------------------------------------------
                                             10.635828   slack (MET)


Startpoint: _163_ (rising edge-triggered flip-flop clocked by clk)
Endpoint: dac_in[2] (output port clocked by clk)
Path Group: clk
Path Type: min

Fanout         Cap        Slew       Delay        Time   Description
---------------------------------------------------------------------------------------------
                                  0.000000    0.000000   clock clk (rise edge)
                                  0.000000    0.000000   clock source latency
     1    0.015612    0.076138    0.052032    0.052032 ^ clk (in)
                                                         clk (net)
                      0.076141    0.000000    0.052032 ^ clkbuf_0_clk/A (sky130_fd_sc_hd__clkbuf_16)
     2    0.018571    0.040655    0.135394    0.187426 ^ clkbuf_0_clk/X (sky130_fd_sc_hd__clkbuf_16)
                                                         clknet_0_clk (net)
                      0.040656    0.000469    0.187896 ^ clkbuf_1_0__f_clk/A (sky130_fd_sc_hd__clkbuf_16)
    10    0.036815    0.056861    0.137697    0.325593 ^ clkbuf_1_0__f_clk/X (sky130_fd_sc_hd__clkbuf_16)
                                                         clknet_1_0__leaf_clk (net)
                      0.056922    0.001484    0.327077 ^ _163_/CLK (sky130_fd_sc_hd__dfxtp_1)
     4    0.021319    0.105038    0.363292    0.690369 v _163_/Q (sky130_fd_sc_hd__dfxtp_1)
                                                         net14 (net)
                      0.105038    0.000269    0.690638 v output14/A (sky130_fd_sc_hd__buf_2)
     1    0.034359    0.089784    0.207250    0.897888 v output14/X (sky130_fd_sc_hd__buf_2)
                                                         dac_in[2] (net)
                      0.089791    0.000825    0.898712 v dac_in[2] (out)
                                              0.898712   data arrival time

                                  0.000000    0.000000   clock clk (rise edge)
                                  0.000000    0.000000   clock network delay (propagated)
                                  0.250000    0.250000   clock uncertainty
                                  0.000000    0.250000   clock reconvergence pessimism
                                -10.000000   -9.750000   output external delay
                                             -9.750000   data required time
---------------------------------------------------------------------------------------------
                                             -9.750000   data required time
                                             -0.898712   data arrival time
---------------------------------------------------------------------------------------------
                                             10.648712   slack (MET)


Startpoint: _161_ (rising edge-triggered flip-flop clocked by clk)
Endpoint: dac_in[0] (output port clocked by clk)
Path Group: clk
Path Type: min

Fanout         Cap        Slew       Delay        Time   Description
---------------------------------------------------------------------------------------------
                                  0.000000    0.000000   clock clk (rise edge)
                                  0.000000    0.000000   clock source latency
     1    0.015612    0.076138    0.052032    0.052032 ^ clk (in)
                                                         clk (net)
                      0.076141    0.000000    0.052032 ^ clkbuf_0_clk/A (sky130_fd_sc_hd__clkbuf_16)
     2    0.018571    0.040655    0.135394    0.187426 ^ clkbuf_0_clk/X (sky130_fd_sc_hd__clkbuf_16)
                                                         clknet_0_clk (net)
                      0.040656    0.000469    0.187896 ^ clkbuf_1_0__f_clk/A (sky130_fd_sc_hd__clkbuf_16)
    10    0.036815    0.056861    0.137697    0.325593 ^ clkbuf_1_0__f_clk/X (sky130_fd_sc_hd__clkbuf_16)
                                                         clknet_1_0__leaf_clk (net)
                      0.056919    0.001445    0.327037 ^ _161_/CLK (sky130_fd_sc_hd__dfxtp_1)
     4    0.023313    0.112857    0.370480    0.697518 v _161_/Q (sky130_fd_sc_hd__dfxtp_1)
                                                         net12 (net)
                      0.112857    0.000396    0.697914 v output12/A (sky130_fd_sc_hd__buf_2)
     1    0.035357    0.092097    0.212375    0.910289 v output12/X (sky130_fd_sc_hd__buf_2)
                                                         dac_in[0] (net)
                      0.092114    0.001207    0.911495 v dac_in[0] (out)
                                              0.911495   data arrival time

                                  0.000000    0.000000   clock clk (rise edge)
                                  0.000000    0.000000   clock network delay (propagated)
                                  0.250000    0.250000   clock uncertainty
                                  0.000000    0.250000   clock reconvergence pessimism
                                -10.000000   -9.750000   output external delay
                                             -9.750000   data required time
---------------------------------------------------------------------------------------------
                                             -9.750000   data required time
                                             -0.911495   data arrival time
---------------------------------------------------------------------------------------------
                                             10.661496   slack (MET)


Startpoint: _167_ (rising edge-triggered flip-flop clocked by clk)
Endpoint: dac_in_n[6] (output port clocked by clk)
Path Group: clk
Path Type: min

Fanout         Cap        Slew       Delay        Time   Description
---------------------------------------------------------------------------------------------
                                  0.000000    0.000000   clock clk (rise edge)
                                  0.000000    0.000000   clock source latency
     1    0.015612    0.076138    0.052032    0.052032 ^ clk (in)
                                                         clk (net)
                      0.076141    0.000000    0.052032 ^ clkbuf_0_clk/A (sky130_fd_sc_hd__clkbuf_16)
     2    0.018571    0.040655    0.135394    0.187426 ^ clkbuf_0_clk/X (sky130_fd_sc_hd__clkbuf_16)
                                                         clknet_0_clk (net)
                      0.040656    0.000469    0.187896 ^ clkbuf_1_0__f_clk/A (sky130_fd_sc_hd__clkbuf_16)
    10    0.036815    0.056861    0.137697    0.325593 ^ clkbuf_1_0__f_clk/X (sky130_fd_sc_hd__clkbuf_16)
                                                         clknet_1_0__leaf_clk (net)
                      0.056879    0.000817    0.326410 ^ _167_/CLK (sky130_fd_sc_hd__dfxtp_1)
     4    0.018997    0.094852    0.355394    0.681804 v _167_/Q (sky130_fd_sc_hd__dfxtp_1)
                                                         net18 (net)
                      0.094868    0.001214    0.683018 v _075_/A (sky130_fd_sc_hd__inv_2)
     1    0.002879    0.032680    0.057290    0.740308 ^ _075_/Y (sky130_fd_sc_hd__inv_2)
                                                         net26 (net)
                      0.032680    0.000092    0.740400 ^ output26/A (sky130_fd_sc_hd__buf_2)
     1    0.034607    0.171801    0.194189    0.934589 ^ output26/X (sky130_fd_sc_hd__buf_2)
                                                         dac_in_n[6] (net)
                      0.171856    0.000920    0.935509 ^ dac_in_n[6] (out)
                                              0.935509   data arrival time

                                  0.000000    0.000000   clock clk (rise edge)
                                  0.000000    0.000000   clock network delay (propagated)
                                  0.250000    0.250000   clock uncertainty
                                  0.000000    0.250000   clock reconvergence pessimism
                                -10.000000   -9.750000   output external delay
                                             -9.750000   data required time
---------------------------------------------------------------------------------------------
                                             -9.750000   data required time
                                             -0.935509   data arrival time
---------------------------------------------------------------------------------------------
                                             10.685509   slack (MET)


Startpoint: _168_ (rising edge-triggered flip-flop clocked by clk)
Endpoint: dac_in_n[7] (output port clocked by clk)
Path Group: clk
Path Type: min

Fanout         Cap        Slew       Delay        Time   Description
---------------------------------------------------------------------------------------------
                                  0.000000    0.000000   clock clk (rise edge)
                                  0.000000    0.000000   clock source latency
     1    0.015612    0.076138    0.052032    0.052032 ^ clk (in)
                                                         clk (net)
                      0.076141    0.000000    0.052032 ^ clkbuf_0_clk/A (sky130_fd_sc_hd__clkbuf_16)
     2    0.018571    0.040655    0.135394    0.187426 ^ clkbuf_0_clk/X (sky130_fd_sc_hd__clkbuf_16)
                                                         clknet_0_clk (net)
                      0.040656    0.000469    0.187896 ^ clkbuf_1_0__f_clk/A (sky130_fd_sc_hd__clkbuf_16)
    10    0.036815    0.056861    0.137697    0.325593 ^ clkbuf_1_0__f_clk/X (sky130_fd_sc_hd__clkbuf_16)
                                                         clknet_1_0__leaf_clk (net)
                      0.056878    0.000789    0.326382 ^ _168_/CLK (sky130_fd_sc_hd__dfxtp_1)
     3    0.011801    0.063578    0.330773    0.657155 v _168_/Q (sky130_fd_sc_hd__dfxtp_1)
                                                         net19 (net)
                      0.063578    0.000359    0.657514 v _074_/A (sky130_fd_sc_hd__inv_2)
     2    0.010762    0.056407    0.073787    0.731301 ^ _074_/Y (sky130_fd_sc_hd__inv_2)
                                                         net27 (net)
                      0.056408    0.000304    0.731604 ^ output27/A (sky130_fd_sc_hd__buf_2)
     1    0.034750    0.172449    0.203672    0.935276 ^ output27/X (sky130_fd_sc_hd__buf_2)
                                                         dac_in_n[7] (net)
                      0.172505    0.000979    0.936255 ^ dac_in_n[7] (out)
                                              0.936255   data arrival time

                                  0.000000    0.000000   clock clk (rise edge)
                                  0.000000    0.000000   clock network delay (propagated)
                                  0.250000    0.250000   clock uncertainty
                                  0.000000    0.250000   clock reconvergence pessimism
                                -10.000000   -9.750000   output external delay
                                             -9.750000   data required time
---------------------------------------------------------------------------------------------
                                             -9.750000   data required time
                                             -0.936255   data arrival time
---------------------------------------------------------------------------------------------
                                             10.686255   slack (MET)


Startpoint: _162_ (rising edge-triggered flip-flop clocked by clk)
Endpoint: dac_in_n[1] (output port clocked by clk)
Path Group: clk
Path Type: min

Fanout         Cap        Slew       Delay        Time   Description
---------------------------------------------------------------------------------------------
                                  0.000000    0.000000   clock clk (rise edge)
                                  0.000000    0.000000   clock source latency
     1    0.015612    0.076138    0.052032    0.052032 ^ clk (in)
                                                         clk (net)
                      0.076141    0.000000    0.052032 ^ clkbuf_0_clk/A (sky130_fd_sc_hd__clkbuf_16)
     2    0.018571    0.040655    0.135394    0.187426 ^ clkbuf_0_clk/X (sky130_fd_sc_hd__clkbuf_16)
                                                         clknet_0_clk (net)
                      0.040656    0.000394    0.187821 ^ clkbuf_1_1__f_clk/A (sky130_fd_sc_hd__clkbuf_16)
    12    0.034357    0.054720    0.135940    0.323761 ^ clkbuf_1_1__f_clk/X (sky130_fd_sc_hd__clkbuf_16)
                                                         clknet_1_1__leaf_clk (net)
                      0.054744    0.000860    0.324621 ^ _162_/CLK (sky130_fd_sc_hd__dfxtp_1)
     3    0.017247    0.087205    0.348620    0.673241 v _162_/Q (sky130_fd_sc_hd__dfxtp_1)
                                                         net13 (net)
                      0.087210    0.000735    0.673976 v _080_/A (sky130_fd_sc_hd__inv_2)
     2    0.006297    0.042958    0.068626    0.742601 ^ _080_/Y (sky130_fd_sc_hd__inv_2)
                                                         net21 (net)
                      0.042958    0.000093    0.742695 ^ output21/A (sky130_fd_sc_hd__buf_2)
     1    0.034398    0.170791    0.197489    0.940183 ^ output21/X (sky130_fd_sc_hd__buf_2)
                                                         dac_in_n[1] (net)
                      0.170844    0.000842    0.941026 ^ dac_in_n[1] (out)
                                              0.941026   data arrival time

                                  0.000000    0.000000   clock clk (rise edge)
                                  0.000000    0.000000   clock network delay (propagated)
                                  0.250000    0.250000   clock uncertainty
                                  0.000000    0.250000   clock reconvergence pessimism
                                -10.000000   -9.750000   output external delay
                                             -9.750000   data required time
---------------------------------------------------------------------------------------------
                                             -9.750000   data required time
                                             -0.941026   data arrival time
---------------------------------------------------------------------------------------------
                                             10.691026   slack (MET)


Startpoint: _166_ (rising edge-triggered flip-flop clocked by clk)
Endpoint: dac_in_n[5] (output port clocked by clk)
Path Group: clk
Path Type: min

Fanout         Cap        Slew       Delay        Time   Description
---------------------------------------------------------------------------------------------
                                  0.000000    0.000000   clock clk (rise edge)
                                  0.000000    0.000000   clock source latency
     1    0.015612    0.076138    0.052032    0.052032 ^ clk (in)
                                                         clk (net)
                      0.076141    0.000000    0.052032 ^ clkbuf_0_clk/A (sky130_fd_sc_hd__clkbuf_16)
     2    0.018571    0.040655    0.135394    0.187426 ^ clkbuf_0_clk/X (sky130_fd_sc_hd__clkbuf_16)
                                                         clknet_0_clk (net)
                      0.040656    0.000394    0.187821 ^ clkbuf_1_1__f_clk/A (sky130_fd_sc_hd__clkbuf_16)
    12    0.034357    0.054720    0.135940    0.323761 ^ clkbuf_1_1__f_clk/X (sky130_fd_sc_hd__clkbuf_16)
                                                         clknet_1_1__leaf_clk (net)
                      0.054737    0.000742    0.324503 ^ _166_/CLK (sky130_fd_sc_hd__dfxtp_1)
     3    0.014657    0.075882    0.339873    0.664377 v _166_/Q (sky130_fd_sc_hd__dfxtp_1)
                                                         net17 (net)
                      0.075883    0.000365    0.664741 v _076_/A (sky130_fd_sc_hd__inv_2)
     2    0.009079    0.051444    0.073505    0.738246 ^ _076_/Y (sky130_fd_sc_hd__inv_2)
                                                         net25 (net)
                      0.051444    0.000205    0.738452 ^ output25/A (sky130_fd_sc_hd__buf_2)
     1    0.035001    0.173615    0.202591    0.941043 ^ output25/X (sky130_fd_sc_hd__buf_2)
                                                         dac_in_n[5] (net)
                      0.173673    0.001067    0.942109 ^ dac_in_n[5] (out)
                                              0.942109   data arrival time

                                  0.000000    0.000000   clock clk (rise edge)
                                  0.000000    0.000000   clock network delay (propagated)
                                  0.250000    0.250000   clock uncertainty
                                  0.000000    0.250000   clock reconvergence pessimism
                                -10.000000   -9.750000   output external delay
                                             -9.750000   data required time
---------------------------------------------------------------------------------------------
                                             -9.750000   data required time
                                             -0.942109   data arrival time
---------------------------------------------------------------------------------------------
                                             10.692110   slack (MET)


Startpoint: _165_ (rising edge-triggered flip-flop clocked by clk)
Endpoint: dac_in_n[4] (output port clocked by clk)
Path Group: clk
Path Type: min

Fanout         Cap        Slew       Delay        Time   Description
---------------------------------------------------------------------------------------------
                                  0.000000    0.000000   clock clk (rise edge)
                                  0.000000    0.000000   clock source latency
     1    0.015612    0.076138    0.052032    0.052032 ^ clk (in)
                                                         clk (net)
                      0.076141    0.000000    0.052032 ^ clkbuf_0_clk/A (sky130_fd_sc_hd__clkbuf_16)
     2    0.018571    0.040655    0.135394    0.187426 ^ clkbuf_0_clk/X (sky130_fd_sc_hd__clkbuf_16)
                                                         clknet_0_clk (net)
                      0.040656    0.000394    0.187821 ^ clkbuf_1_1__f_clk/A (sky130_fd_sc_hd__clkbuf_16)
    12    0.034357    0.054720    0.135940    0.323761 ^ clkbuf_1_1__f_clk/X (sky130_fd_sc_hd__clkbuf_16)
                                                         clknet_1_1__leaf_clk (net)
                      0.054722    0.000479    0.324240 ^ _165_/CLK (sky130_fd_sc_hd__dfxtp_1)
     3    0.016887    0.085576    0.347525    0.671766 v _165_/Q (sky130_fd_sc_hd__dfxtp_1)
                                                         net16 (net)
                      0.085578    0.000482    0.672248 v _077_/A (sky130_fd_sc_hd__inv_2)
     2    0.008076    0.049143    0.074106    0.746354 ^ _077_/Y (sky130_fd_sc_hd__inv_2)
                                                         net24 (net)
                      0.049143    0.000179    0.746533 ^ output24/A (sky130_fd_sc_hd__buf_2)
     1    0.034560    0.171541    0.200352    0.946885 ^ output24/X (sky130_fd_sc_hd__buf_2)
                                                         dac_in_n[4] (net)
                      0.171595    0.000906    0.947791 ^ dac_in_n[4] (out)
                                              0.947791   data arrival time

                                  0.000000    0.000000   clock clk (rise edge)
                                  0.000000    0.000000   clock network delay (propagated)
                                  0.250000    0.250000   clock uncertainty
                                  0.000000    0.250000   clock reconvergence pessimism
                                -10.000000   -9.750000   output external delay
                                             -9.750000   data required time
---------------------------------------------------------------------------------------------
                                             -9.750000   data required time
                                             -0.947791   data arrival time
---------------------------------------------------------------------------------------------
                                             10.697791   slack (MET)


Startpoint: _163_ (rising edge-triggered flip-flop clocked by clk)
Endpoint: dac_in_n[2] (output port clocked by clk)
Path Group: clk
Path Type: min

Fanout         Cap        Slew       Delay        Time   Description
---------------------------------------------------------------------------------------------
                                  0.000000    0.000000   clock clk (rise edge)
                                  0.000000    0.000000   clock source latency
     1    0.015612    0.076138    0.052032    0.052032 ^ clk (in)
                                                         clk (net)
                      0.076141    0.000000    0.052032 ^ clkbuf_0_clk/A (sky130_fd_sc_hd__clkbuf_16)
     2    0.018571    0.040655    0.135394    0.187426 ^ clkbuf_0_clk/X (sky130_fd_sc_hd__clkbuf_16)
                                                         clknet_0_clk (net)
                      0.040656    0.000469    0.187896 ^ clkbuf_1_0__f_clk/A (sky130_fd_sc_hd__clkbuf_16)
    10    0.036815    0.056861    0.137697    0.325593 ^ clkbuf_1_0__f_clk/X (sky130_fd_sc_hd__clkbuf_16)
                                                         clknet_1_0__leaf_clk (net)
                      0.056922    0.001484    0.327077 ^ _163_/CLK (sky130_fd_sc_hd__dfxtp_1)
     4    0.021319    0.105038    0.363292    0.690369 v _163_/Q (sky130_fd_sc_hd__dfxtp_1)
                                                         net14 (net)
                      0.105060    0.001444    0.691813 v _079_/A (sky130_fd_sc_hd__inv_2)
     1    0.002968    0.034985    0.061038    0.752851 ^ _079_/Y (sky130_fd_sc_hd__inv_2)
                                                         net22 (net)
                      0.034985    0.000097    0.752948 ^ output22/A (sky130_fd_sc_hd__buf_2)
     1    0.035171    0.174454    0.196800    0.949748 ^ output22/X (sky130_fd_sc_hd__buf_2)
                                                         dac_in_n[2] (net)
                      0.174514    0.001131    0.950879 ^ dac_in_n[2] (out)
                                              0.950879   data arrival time

                                  0.000000    0.000000   clock clk (rise edge)
                                  0.000000    0.000000   clock network delay (propagated)
                                  0.250000    0.250000   clock uncertainty
                                  0.000000    0.250000   clock reconvergence pessimism
                                -10.000000   -9.750000   output external delay
                                             -9.750000   data required time
---------------------------------------------------------------------------------------------
                                             -9.750000   data required time
                                             -0.950879   data arrival time
---------------------------------------------------------------------------------------------
                                             10.700879   slack (MET)


Startpoint: _164_ (rising edge-triggered flip-flop clocked by clk)
Endpoint: dac_in_n[3] (output port clocked by clk)
Path Group: clk
Path Type: min

Fanout         Cap        Slew       Delay        Time   Description
---------------------------------------------------------------------------------------------
                                  0.000000    0.000000   clock clk (rise edge)
                                  0.000000    0.000000   clock source latency
     1    0.015612    0.076138    0.052032    0.052032 ^ clk (in)
                                                         clk (net)
                      0.076141    0.000000    0.052032 ^ clkbuf_0_clk/A (sky130_fd_sc_hd__clkbuf_16)
     2    0.018571    0.040655    0.135394    0.187426 ^ clkbuf_0_clk/X (sky130_fd_sc_hd__clkbuf_16)
                                                         clknet_0_clk (net)
                      0.040656    0.000469    0.187896 ^ clkbuf_1_0__f_clk/A (sky130_fd_sc_hd__clkbuf_16)
    10    0.036815    0.056861    0.137697    0.325593 ^ clkbuf_1_0__f_clk/X (sky130_fd_sc_hd__clkbuf_16)
                                                         clknet_1_0__leaf_clk (net)
                      0.056924    0.001507    0.327100 ^ _164_/CLK (sky130_fd_sc_hd__dfxtp_1)
     3    0.017094    0.086556    0.348865    0.675964 v _164_/Q (sky130_fd_sc_hd__dfxtp_1)
                                                         net15 (net)
                      0.086565    0.000927    0.676891 v _078_/A (sky130_fd_sc_hd__inv_2)
     2    0.007687    0.047872    0.073165    0.750057 ^ _078_/Y (sky130_fd_sc_hd__inv_2)
                                                         net23 (net)
                      0.047872    0.000167    0.750224 ^ output23/A (sky130_fd_sc_hd__buf_2)
     1    0.035314    0.175098    0.202177    0.952401 ^ output23/X (sky130_fd_sc_hd__buf_2)
                                                         dac_in_n[3] (net)
                      0.175159    0.001190    0.953592 ^ dac_in_n[3] (out)
                                              0.953592   data arrival time

                                  0.000000    0.000000   clock clk (rise edge)
                                  0.000000    0.000000   clock network delay (propagated)
                                  0.250000    0.250000   clock uncertainty
                                  0.000000    0.250000   clock reconvergence pessimism
                                -10.000000   -9.750000   output external delay
                                             -9.750000   data required time
---------------------------------------------------------------------------------------------
                                             -9.750000   data required time
                                             -0.953592   data arrival time
---------------------------------------------------------------------------------------------
                                             10.703592   slack (MET)


Startpoint: _161_ (rising edge-triggered flip-flop clocked by clk)
Endpoint: dac_in_n[0] (output port clocked by clk)
Path Group: clk
Path Type: min

Fanout         Cap        Slew       Delay        Time   Description
---------------------------------------------------------------------------------------------
                                  0.000000    0.000000   clock clk (rise edge)
                                  0.000000    0.000000   clock source latency
     1    0.015612    0.076138    0.052032    0.052032 ^ clk (in)
                                                         clk (net)
                      0.076141    0.000000    0.052032 ^ clkbuf_0_clk/A (sky130_fd_sc_hd__clkbuf_16)
     2    0.018571    0.040655    0.135394    0.187426 ^ clkbuf_0_clk/X (sky130_fd_sc_hd__clkbuf_16)
                                                         clknet_0_clk (net)
                      0.040656    0.000469    0.187896 ^ clkbuf_1_0__f_clk/A (sky130_fd_sc_hd__clkbuf_16)
    10    0.036815    0.056861    0.137697    0.325593 ^ clkbuf_1_0__f_clk/X (sky130_fd_sc_hd__clkbuf_16)
                                                         clknet_1_0__leaf_clk (net)
                      0.056919    0.001445    0.327037 ^ _161_/CLK (sky130_fd_sc_hd__dfxtp_1)
     4    0.023313    0.112857    0.370480    0.697518 v _161_/Q (sky130_fd_sc_hd__dfxtp_1)
                                                         net12 (net)
                      0.112865    0.000981    0.698499 v _081_/A (sky130_fd_sc_hd__inv_2)
     1    0.003021    0.036709    0.063864    0.762363 ^ _081_/Y (sky130_fd_sc_hd__inv_2)
                                                         net20 (net)
                      0.036709    0.000098    0.762462 ^ output20/A (sky130_fd_sc_hd__buf_2)
     1    0.034635    0.171924    0.195814    0.958275 ^ output20/X (sky130_fd_sc_hd__buf_2)
                                                         dac_in_n[0] (net)
                      0.171979    0.000935    0.959211 ^ dac_in_n[0] (out)
                                              0.959211   data arrival time

                                  0.000000    0.000000   clock clk (rise edge)
                                  0.000000    0.000000   clock network delay (propagated)
                                  0.250000    0.250000   clock uncertainty
                                  0.000000    0.250000   clock reconvergence pessimism
                                -10.000000   -9.750000   output external delay
                                             -9.750000   data required time
---------------------------------------------------------------------------------------------
                                             -9.750000   data required time
                                             -0.959211   data arrival time
---------------------------------------------------------------------------------------------
                                             10.709210   slack (MET)


Startpoint: _152_ (rising edge-triggered flip-flop clocked by clk')
Endpoint: comparator_clk (output port clocked by clk)
Path Group: clk
Path Type: min

Fanout         Cap        Slew       Delay        Time   Description
---------------------------------------------------------------------------------------------
                                 25.000000   25.000000   clock clk' (rise edge)
                                  0.000000   25.000000   clock source latency
     1    0.014618    0.034448    0.023787   25.023787 v clk (in)
                                                         clk (net)
                      0.034454    0.000000   25.023787 v clkbuf_0_clk/A (sky130_fd_sc_hd__clkbuf_16)
     2    0.016583    0.033210    0.139455   25.163240 v clkbuf_0_clk/X (sky130_fd_sc_hd__clkbuf_16)
                                                         clknet_0_clk (net)
                      0.033210    0.000350   25.163591 v clkbuf_1_1__f_clk/A (sky130_fd_sc_hd__clkbuf_16)
    12    0.032176    0.042236    0.150205   25.313797 v clkbuf_1_1__f_clk/X (sky130_fd_sc_hd__clkbuf_16)
                                                         clknet_1_1__leaf_clk (net)
                      0.042247    0.000743   25.314539 v _083__1/A (sky130_fd_sc_hd__inv_2)
     1    0.002284    0.020912    0.037188   25.351727 ^ _083__1/Y (sky130_fd_sc_hd__inv_2)
                                                         net35 (net)
                      0.020912    0.000048   25.351774 ^ _152_/CLK (sky130_fd_sc_hd__dfxtp_1)
     3    0.012070    0.064834    0.318455   25.670229 v _152_/Q (sky130_fd_sc_hd__dfxtp_1)
                                                         net11 (net)
                      0.064835    0.000304   25.670532 v output11/A (sky130_fd_sc_hd__buf_2)
     1    0.034971    0.091094    0.190029   25.860563 v output11/X (sky130_fd_sc_hd__buf_2)
                                                         comparator_clk (net)
                      0.091103    0.000917   25.861479 v comparator_clk (out)
                                             25.861479   data arrival time

                                  0.000000    0.000000   clock clk (rise edge)
                                  0.000000    0.000000   clock network delay (propagated)
                                  0.250000    0.250000   clock uncertainty
                                  0.000000    0.250000   clock reconvergence pessimism
                                -10.000000   -9.750000   output external delay
                                             -9.750000   data required time
---------------------------------------------------------------------------------------------
                                             -9.750000   data required time
                                            -25.861479   data arrival time
---------------------------------------------------------------------------------------------
                                             35.611481   slack (MET)



%OL_END_REPORT
%OL_CREATE_REPORT max.rpt

===========================================================================
report_checks -path_delay max (Setup)
============================================================================
======================= nom_tt_025C_1v80 Corner ===================================

Startpoint: _152_ (rising edge-triggered flip-flop clocked by clk')
Endpoint: comparator_clk (output port clocked by clk)
Path Group: clk
Path Type: max

Fanout         Cap        Slew       Delay        Time   Description
---------------------------------------------------------------------------------------------
                                 25.000000   25.000000   clock clk' (rise edge)
                                  0.000000   25.000000   clock source latency
     1    0.014618    0.034448    0.023787   25.023787 v clk (in)
                                                         clk (net)
                      0.034454    0.000000   25.023787 v clkbuf_0_clk/A (sky130_fd_sc_hd__clkbuf_16)
     2    0.016583    0.033210    0.139455   25.163240 v clkbuf_0_clk/X (sky130_fd_sc_hd__clkbuf_16)
                                                         clknet_0_clk (net)
                      0.033210    0.000350   25.163591 v clkbuf_1_1__f_clk/A (sky130_fd_sc_hd__clkbuf_16)
    12    0.032176    0.042236    0.150205   25.313797 v clkbuf_1_1__f_clk/X (sky130_fd_sc_hd__clkbuf_16)
                                                         clknet_1_1__leaf_clk (net)
                      0.042247    0.000743   25.314539 v _083__1/A (sky130_fd_sc_hd__inv_2)
     1    0.002284    0.020912    0.037188   25.351727 ^ _083__1/Y (sky130_fd_sc_hd__inv_2)
                                                         net35 (net)
                      0.020912    0.000048   25.351774 ^ _152_/CLK (sky130_fd_sc_hd__dfxtp_1)
     3    0.012625    0.126388    0.355016   25.706791 ^ _152_/Q (sky130_fd_sc_hd__dfxtp_1)
                                                         net11 (net)
                      0.126388    0.000320   25.707109 ^ output11/A (sky130_fd_sc_hd__buf_2)
     1    0.034971    0.173934    0.229843   25.936953 ^ output11/X (sky130_fd_sc_hd__buf_2)
                                                         comparator_clk (net)
                      0.173936    0.000917   25.937870 ^ comparator_clk (out)
                                             25.937870   data arrival time

                                 50.000000   50.000000   clock clk (rise edge)
                                  0.000000   50.000000   clock network delay (propagated)
                                 -0.250000   49.749996   clock uncertainty
                                  0.000000   49.749996   clock reconvergence pessimism
                                -10.000000   39.749996   output external delay
                                             39.749996   data required time
---------------------------------------------------------------------------------------------
                                             39.749996   data required time
                                            -25.937870   data arrival time
---------------------------------------------------------------------------------------------
                                             13.812127   slack (MET)


Startpoint: rst_n (input port clocked by clk)
Endpoint: _152_ (rising edge-triggered flip-flop clocked by clk')
Path Group: clk
Path Type: max

Fanout         Cap        Slew       Delay        Time   Description
---------------------------------------------------------------------------------------------
                                  0.000000    0.000000   clock clk (rise edge)
                                  0.000000    0.000000   clock network delay (propagated)
                                 10.000000   10.000000 ^ input external delay
     1    0.003550    0.022985    0.012955   10.012956 ^ rst_n (in)
                                                         rst_n (net)
                      0.022992    0.000000   10.012956 ^ input2/A (sky130_fd_sc_hd__buf_1)
     2    0.013599    0.165584    0.157951   10.170906 ^ input2/X (sky130_fd_sc_hd__buf_1)
                                                         net2 (net)
                      0.165591    0.000873   10.171780 ^ fanout34/A (sky130_fd_sc_hd__buf_2)
    10    0.034255    0.170756    0.237588   10.409367 ^ fanout34/X (sky130_fd_sc_hd__buf_2)
                                                         net34 (net)
                      0.170770    0.001680   10.411047 ^ _084_/B (sky130_fd_sc_hd__and2b_1)
     1    0.002390    0.039415    0.139978   10.551024 ^ _084_/X (sky130_fd_sc_hd__and2b_1)
                                                         _001_ (net)
                      0.039415    0.000052   10.551077 ^ _152_/D (sky130_fd_sc_hd__dfxtp_1)
                                             10.551077   data arrival time

                                 25.000000   25.000000   clock clk' (rise edge)
                                  0.000000   25.000000   clock source latency
     1    0.014618    0.034448    0.023787   25.023787 v clk (in)
                                                         clk (net)
                      0.034454    0.000000   25.023787 v clkbuf_0_clk/A (sky130_fd_sc_hd__clkbuf_16)
     2    0.016583    0.033210    0.139455   25.163240 v clkbuf_0_clk/X (sky130_fd_sc_hd__clkbuf_16)
                                                         clknet_0_clk (net)
                      0.033210    0.000350   25.163591 v clkbuf_1_1__f_clk/A (sky130_fd_sc_hd__clkbuf_16)
    12    0.032176    0.042236    0.150205   25.313797 v clkbuf_1_1__f_clk/X (sky130_fd_sc_hd__clkbuf_16)
                                                         clknet_1_1__leaf_clk (net)
                      0.042247    0.000743   25.314539 v _083__1/A (sky130_fd_sc_hd__inv_2)
     1    0.002284    0.020912    0.037188   25.351727 ^ _083__1/Y (sky130_fd_sc_hd__inv_2)
                                                         net35 (net)
                      0.020912    0.000048   25.351774 ^ _152_/CLK (sky130_fd_sc_hd__dfxtp_1)
                                 -0.250000   25.101776   clock uncertainty
                                  0.000000   25.101776   clock reconvergence pessimism
                                 -0.056127   25.045649   library setup time
                                             25.045649   data required time
---------------------------------------------------------------------------------------------
                                             25.045649   data required time
                                            -10.551077   data arrival time
---------------------------------------------------------------------------------------------
                                             14.494572   slack (MET)


Startpoint: _152_ (rising edge-triggered flip-flop clocked by clk')
Endpoint: _163_ (rising edge-triggered flip-flop clocked by clk)
Path Group: clk
Path Type: max

Fanout         Cap        Slew       Delay        Time   Description
---------------------------------------------------------------------------------------------
                                 25.000000   25.000000   clock clk' (rise edge)
                                  0.000000   25.000000   clock source latency
     1    0.014618    0.034448    0.023787   25.023787 v clk (in)
                                                         clk (net)
                      0.034454    0.000000   25.023787 v clkbuf_0_clk/A (sky130_fd_sc_hd__clkbuf_16)
     2    0.016583    0.033210    0.139455   25.163240 v clkbuf_0_clk/X (sky130_fd_sc_hd__clkbuf_16)
                                                         clknet_0_clk (net)
                      0.033210    0.000350   25.163591 v clkbuf_1_1__f_clk/A (sky130_fd_sc_hd__clkbuf_16)
    12    0.032176    0.042236    0.150205   25.313797 v clkbuf_1_1__f_clk/X (sky130_fd_sc_hd__clkbuf_16)
                                                         clknet_1_1__leaf_clk (net)
                      0.042247    0.000743   25.314539 v _083__1/A (sky130_fd_sc_hd__inv_2)
     1    0.002284    0.020912    0.037188   25.351727 ^ _083__1/Y (sky130_fd_sc_hd__inv_2)
                                                         net35 (net)
                      0.020912    0.000048   25.351774 ^ _152_/CLK (sky130_fd_sc_hd__dfxtp_1)
     3    0.012625    0.126388    0.355016   25.706791 ^ _152_/Q (sky130_fd_sc_hd__dfxtp_1)
                                                         net11 (net)
                      0.126388    0.000393   25.707184 ^ fanout28/A (sky130_fd_sc_hd__clkbuf_2)
    10    0.027836    0.155666    0.212564   25.919746 ^ fanout28/X (sky130_fd_sc_hd__clkbuf_2)
                                                         net28 (net)
                      0.155669    0.001007   25.920753 ^ _105_/A (sky130_fd_sc_hd__nand2_1)
     5    0.014113    0.115134    0.138732   26.059486 v _105_/Y (sky130_fd_sc_hd__nand2_1)
                                                         _061_ (net)
                      0.115134    0.000417   26.059904 v _121_/A4 (sky130_fd_sc_hd__o41a_1)
     1    0.003525    0.064520    0.331218   26.391121 v _121_/X (sky130_fd_sc_hd__o41a_1)
                                                         _025_ (net)
                      0.064520    0.000092   26.391214 v _125_/A1 (sky130_fd_sc_hd__o31a_1)
     1    0.003223    0.049466    0.297431   26.688644 v _125_/X (sky130_fd_sc_hd__o31a_1)
                                                         _012_ (net)
                      0.049466    0.000110   26.688755 v _163_/D (sky130_fd_sc_hd__dfxtp_1)
                                             26.688755   data arrival time

                                 50.000000   50.000000   clock clk (rise edge)
                                  0.000000   50.000000   clock source latency
     1    0.015612    0.076138    0.052033   50.052032 ^ clk (in)
                                                         clk (net)
                      0.076141    0.000000   50.052032 ^ clkbuf_0_clk/A (sky130_fd_sc_hd__clkbuf_16)
     2    0.018571    0.040655    0.135394   50.187424 ^ clkbuf_0_clk/X (sky130_fd_sc_hd__clkbuf_16)
                                                         clknet_0_clk (net)
                      0.040656    0.000469   50.187893 ^ clkbuf_1_0__f_clk/A (sky130_fd_sc_hd__clkbuf_16)
    10    0.036815    0.056861    0.137696   50.325592 ^ clkbuf_1_0__f_clk/X (sky130_fd_sc_hd__clkbuf_16)
                                                         clknet_1_0__leaf_clk (net)
                      0.056922    0.001485   50.327076 ^ _163_/CLK (sky130_fd_sc_hd__dfxtp_1)
                                 -0.250000   50.077076   clock uncertainty
                                  0.000000   50.077076   clock reconvergence pessimism
                                 -0.109705   49.967369   library setup time
                                             49.967369   data required time
---------------------------------------------------------------------------------------------
                                             49.967369   data required time
                                            -26.688755   data arrival time
---------------------------------------------------------------------------------------------
                                             23.278616   slack (MET)


Startpoint: _152_ (rising edge-triggered flip-flop clocked by clk')
Endpoint: _167_ (rising edge-triggered flip-flop clocked by clk)
Path Group: clk
Path Type: max

Fanout         Cap        Slew       Delay        Time   Description
---------------------------------------------------------------------------------------------
                                 25.000000   25.000000   clock clk' (rise edge)
                                  0.000000   25.000000   clock source latency
     1    0.014618    0.034448    0.023787   25.023787 v clk (in)
                                                         clk (net)
                      0.034454    0.000000   25.023787 v clkbuf_0_clk/A (sky130_fd_sc_hd__clkbuf_16)
     2    0.016583    0.033210    0.139455   25.163240 v clkbuf_0_clk/X (sky130_fd_sc_hd__clkbuf_16)
                                                         clknet_0_clk (net)
                      0.033210    0.000350   25.163591 v clkbuf_1_1__f_clk/A (sky130_fd_sc_hd__clkbuf_16)
    12    0.032176    0.042236    0.150205   25.313797 v clkbuf_1_1__f_clk/X (sky130_fd_sc_hd__clkbuf_16)
                                                         clknet_1_1__leaf_clk (net)
                      0.042247    0.000743   25.314539 v _083__1/A (sky130_fd_sc_hd__inv_2)
     1    0.002284    0.020912    0.037188   25.351727 ^ _083__1/Y (sky130_fd_sc_hd__inv_2)
                                                         net35 (net)
                      0.020912    0.000048   25.351774 ^ _152_/CLK (sky130_fd_sc_hd__dfxtp_1)
     3    0.012625    0.126388    0.355016   25.706791 ^ _152_/Q (sky130_fd_sc_hd__dfxtp_1)
                                                         net11 (net)
                      0.126388    0.000393   25.707184 ^ fanout28/A (sky130_fd_sc_hd__clkbuf_2)
    10    0.027836    0.155666    0.212564   25.919746 ^ fanout28/X (sky130_fd_sc_hd__clkbuf_2)
                                                         net28 (net)
                      0.155669    0.001007   25.920753 ^ _105_/A (sky130_fd_sc_hd__nand2_1)
     5    0.014113    0.115134    0.138732   26.059486 v _105_/Y (sky130_fd_sc_hd__nand2_1)
                                                         _061_ (net)
                      0.115134    0.000437   26.059923 v _138_/A4 (sky130_fd_sc_hd__o41a_1)
     1    0.003016    0.060928    0.326903   26.386826 v _138_/X (sky130_fd_sc_hd__o41a_1)
                                                         _038_ (net)
                      0.060928    0.000069   26.386896 v _141_/A1 (sky130_fd_sc_hd__o31a_1)
     1    0.002103    0.043283    0.287182   26.674078 v _141_/X (sky130_fd_sc_hd__o31a_1)
                                                         _016_ (net)
                      0.043283    0.000044   26.674122 v _167_/D (sky130_fd_sc_hd__dfxtp_1)
                                             26.674122   data arrival time

                                 50.000000   50.000000   clock clk (rise edge)
                                  0.000000   50.000000   clock source latency
     1    0.015612    0.076138    0.052033   50.052032 ^ clk (in)
                                                         clk (net)
                      0.076141    0.000000   50.052032 ^ clkbuf_0_clk/A (sky130_fd_sc_hd__clkbuf_16)
     2    0.018571    0.040655    0.135394   50.187424 ^ clkbuf_0_clk/X (sky130_fd_sc_hd__clkbuf_16)
                                                         clknet_0_clk (net)
                      0.040656    0.000469   50.187893 ^ clkbuf_1_0__f_clk/A (sky130_fd_sc_hd__clkbuf_16)
    10    0.036815    0.056861    0.137696   50.325592 ^ clkbuf_1_0__f_clk/X (sky130_fd_sc_hd__clkbuf_16)
                                                         clknet_1_0__leaf_clk (net)
                      0.056879    0.000817   50.326408 ^ _167_/CLK (sky130_fd_sc_hd__dfxtp_1)
                                 -0.250000   50.076408   clock uncertainty
                                  0.000000   50.076408   clock reconvergence pessimism
                                 -0.107002   49.969406   library setup time
                                             49.969406   data required time
---------------------------------------------------------------------------------------------
                                             49.969406   data required time
                                            -26.674122   data arrival time
---------------------------------------------------------------------------------------------
                                             23.295284   slack (MET)


Startpoint: _152_ (rising edge-triggered flip-flop clocked by clk')
Endpoint: _162_ (rising edge-triggered flip-flop clocked by clk)
Path Group: clk
Path Type: max

Fanout         Cap        Slew       Delay        Time   Description
---------------------------------------------------------------------------------------------
                                 25.000000   25.000000   clock clk' (rise edge)
                                  0.000000   25.000000   clock source latency
     1    0.014618    0.034448    0.023787   25.023787 v clk (in)
                                                         clk (net)
                      0.034454    0.000000   25.023787 v clkbuf_0_clk/A (sky130_fd_sc_hd__clkbuf_16)
     2    0.016583    0.033210    0.139455   25.163240 v clkbuf_0_clk/X (sky130_fd_sc_hd__clkbuf_16)
                                                         clknet_0_clk (net)
                      0.033210    0.000350   25.163591 v clkbuf_1_1__f_clk/A (sky130_fd_sc_hd__clkbuf_16)
    12    0.032176    0.042236    0.150205   25.313797 v clkbuf_1_1__f_clk/X (sky130_fd_sc_hd__clkbuf_16)
                                                         clknet_1_1__leaf_clk (net)
                      0.042247    0.000743   25.314539 v _083__1/A (sky130_fd_sc_hd__inv_2)
     1    0.002284    0.020912    0.037188   25.351727 ^ _083__1/Y (sky130_fd_sc_hd__inv_2)
                                                         net35 (net)
                      0.020912    0.000048   25.351774 ^ _152_/CLK (sky130_fd_sc_hd__dfxtp_1)
     3    0.012625    0.126388    0.355016   25.706791 ^ _152_/Q (sky130_fd_sc_hd__dfxtp_1)
                                                         net11 (net)
                      0.126388    0.000393   25.707184 ^ fanout28/A (sky130_fd_sc_hd__clkbuf_2)
    10    0.027836    0.155666    0.212564   25.919746 ^ fanout28/X (sky130_fd_sc_hd__clkbuf_2)
                                                         net28 (net)
                      0.155669    0.001007   25.920753 ^ _105_/A (sky130_fd_sc_hd__nand2_1)
     5    0.014113    0.115134    0.138732   26.059486 v _105_/Y (sky130_fd_sc_hd__nand2_1)
                                                         _061_ (net)
                      0.115134    0.000371   26.059856 v _118_/D (sky130_fd_sc_hd__or4_1)
     1    0.004418    0.093397    0.429495   26.489351 v _118_/X (sky130_fd_sc_hd__or4_1)
                                                         _023_ (net)
                      0.093397    0.000165   26.489517 v _120_/A2 (sky130_fd_sc_hd__a31oi_1)
     1    0.002957    0.127128    0.175442   26.664959 ^ _120_/Y (sky130_fd_sc_hd__a31oi_1)
                                                         _011_ (net)
                      0.127128    0.000075   26.665033 ^ _162_/D (sky130_fd_sc_hd__dfxtp_1)
                                             26.665033   data arrival time

                                 50.000000   50.000000   clock clk (rise edge)
                                  0.000000   50.000000   clock source latency
     1    0.015612    0.076138    0.052033   50.052032 ^ clk (in)
                                                         clk (net)
                      0.076141    0.000000   50.052032 ^ clkbuf_0_clk/A (sky130_fd_sc_hd__clkbuf_16)
     2    0.018571    0.040655    0.135394   50.187424 ^ clkbuf_0_clk/X (sky130_fd_sc_hd__clkbuf_16)
                                                         clknet_0_clk (net)
                      0.040656    0.000394   50.187820 ^ clkbuf_1_1__f_clk/A (sky130_fd_sc_hd__clkbuf_16)
    12    0.034357    0.054720    0.135941   50.323761 ^ clkbuf_1_1__f_clk/X (sky130_fd_sc_hd__clkbuf_16)
                                                         clknet_1_1__leaf_clk (net)
                      0.054744    0.000860   50.324619 ^ _162_/CLK (sky130_fd_sc_hd__dfxtp_1)
                                 -0.250000   50.074619   clock uncertainty
                                  0.000000   50.074619   clock reconvergence pessimism
                                 -0.071545   50.003075   library setup time
                                             50.003075   data required time
---------------------------------------------------------------------------------------------
                                             50.003075   data required time
                                            -26.665033   data arrival time
---------------------------------------------------------------------------------------------
                                             23.338041   slack (MET)


Startpoint: _152_ (rising edge-triggered flip-flop clocked by clk')
Endpoint: _166_ (rising edge-triggered flip-flop clocked by clk)
Path Group: clk
Path Type: max

Fanout         Cap        Slew       Delay        Time   Description
---------------------------------------------------------------------------------------------
                                 25.000000   25.000000   clock clk' (rise edge)
                                  0.000000   25.000000   clock source latency
     1    0.014618    0.034448    0.023787   25.023787 v clk (in)
                                                         clk (net)
                      0.034454    0.000000   25.023787 v clkbuf_0_clk/A (sky130_fd_sc_hd__clkbuf_16)
     2    0.016583    0.033210    0.139455   25.163240 v clkbuf_0_clk/X (sky130_fd_sc_hd__clkbuf_16)
                                                         clknet_0_clk (net)
                      0.033210    0.000350   25.163591 v clkbuf_1_1__f_clk/A (sky130_fd_sc_hd__clkbuf_16)
    12    0.032176    0.042236    0.150205   25.313797 v clkbuf_1_1__f_clk/X (sky130_fd_sc_hd__clkbuf_16)
                                                         clknet_1_1__leaf_clk (net)
                      0.042247    0.000743   25.314539 v _083__1/A (sky130_fd_sc_hd__inv_2)
     1    0.002284    0.020912    0.037188   25.351727 ^ _083__1/Y (sky130_fd_sc_hd__inv_2)
                                                         net35 (net)
                      0.020912    0.000048   25.351774 ^ _152_/CLK (sky130_fd_sc_hd__dfxtp_1)
     3    0.012625    0.126388    0.355016   25.706791 ^ _152_/Q (sky130_fd_sc_hd__dfxtp_1)
                                                         net11 (net)
                      0.126388    0.000393   25.707184 ^ fanout28/A (sky130_fd_sc_hd__clkbuf_2)
    10    0.027836    0.155666    0.212564   25.919746 ^ fanout28/X (sky130_fd_sc_hd__clkbuf_2)
                                                         net28 (net)
                      0.155669    0.001007   25.920753 ^ _105_/A (sky130_fd_sc_hd__nand2_1)
     5    0.014113    0.115134    0.138732   26.059486 v _105_/Y (sky130_fd_sc_hd__nand2_1)
                                                         _061_ (net)
                      0.115134    0.000417   26.059904 v _135_/D (sky130_fd_sc_hd__or4_1)
     1    0.003418    0.087516    0.420133   26.480036 v _135_/X (sky130_fd_sc_hd__or4_1)
                                                         _036_ (net)
                      0.087516    0.000085   26.480122 v _137_/A2 (sky130_fd_sc_hd__a31oi_1)
     1    0.002839    0.124929    0.171182   26.651304 ^ _137_/Y (sky130_fd_sc_hd__a31oi_1)
                                                         _015_ (net)
                      0.124929    0.000069   26.651373 ^ _166_/D (sky130_fd_sc_hd__dfxtp_1)
                                             26.651373   data arrival time

                                 50.000000   50.000000   clock clk (rise edge)
                                  0.000000   50.000000   clock source latency
     1    0.015612    0.076138    0.052033   50.052032 ^ clk (in)
                                                         clk (net)
                      0.076141    0.000000   50.052032 ^ clkbuf_0_clk/A (sky130_fd_sc_hd__clkbuf_16)
     2    0.018571    0.040655    0.135394   50.187424 ^ clkbuf_0_clk/X (sky130_fd_sc_hd__clkbuf_16)
                                                         clknet_0_clk (net)
                      0.040656    0.000394   50.187820 ^ clkbuf_1_1__f_clk/A (sky130_fd_sc_hd__clkbuf_16)
    12    0.034357    0.054720    0.135941   50.323761 ^ clkbuf_1_1__f_clk/X (sky130_fd_sc_hd__clkbuf_16)
                                                         clknet_1_1__leaf_clk (net)
                      0.054737    0.000743   50.324505 ^ _166_/CLK (sky130_fd_sc_hd__dfxtp_1)
                                 -0.250000   50.074501   clock uncertainty
                                  0.000000   50.074501   clock reconvergence pessimism
                                 -0.071039   50.003464   library setup time
                                             50.003464   data required time
---------------------------------------------------------------------------------------------
                                             50.003464   data required time
                                            -26.651373   data arrival time
---------------------------------------------------------------------------------------------
                                             23.352089   slack (MET)


Startpoint: _152_ (rising edge-triggered flip-flop clocked by clk')
Endpoint: _168_ (rising edge-triggered flip-flop clocked by clk)
Path Group: clk
Path Type: max

Fanout         Cap        Slew       Delay        Time   Description
---------------------------------------------------------------------------------------------
                                 25.000000   25.000000   clock clk' (rise edge)
                                  0.000000   25.000000   clock source latency
     1    0.014618    0.034448    0.023787   25.023787 v clk (in)
                                                         clk (net)
                      0.034454    0.000000   25.023787 v clkbuf_0_clk/A (sky130_fd_sc_hd__clkbuf_16)
     2    0.016583    0.033210    0.139455   25.163240 v clkbuf_0_clk/X (sky130_fd_sc_hd__clkbuf_16)
                                                         clknet_0_clk (net)
                      0.033210    0.000350   25.163591 v clkbuf_1_1__f_clk/A (sky130_fd_sc_hd__clkbuf_16)
    12    0.032176    0.042236    0.150205   25.313797 v clkbuf_1_1__f_clk/X (sky130_fd_sc_hd__clkbuf_16)
                                                         clknet_1_1__leaf_clk (net)
                      0.042247    0.000743   25.314539 v _083__1/A (sky130_fd_sc_hd__inv_2)
     1    0.002284    0.020912    0.037188   25.351727 ^ _083__1/Y (sky130_fd_sc_hd__inv_2)
                                                         net35 (net)
                      0.020912    0.000048   25.351774 ^ _152_/CLK (sky130_fd_sc_hd__dfxtp_1)
     3    0.012625    0.126388    0.355016   25.706791 ^ _152_/Q (sky130_fd_sc_hd__dfxtp_1)
                                                         net11 (net)
                      0.126388    0.000393   25.707184 ^ fanout28/A (sky130_fd_sc_hd__clkbuf_2)
    10    0.027836    0.155666    0.212564   25.919746 ^ fanout28/X (sky130_fd_sc_hd__clkbuf_2)
                                                         net28 (net)
                      0.155675    0.001338   25.921085 ^ _122_/C_N (sky130_fd_sc_hd__nor3b_2)
     5    0.013806    0.271780    0.300936   26.222021 ^ _122_/Y (sky130_fd_sc_hd__nor3b_2)
                                                         _026_ (net)
                      0.271868    0.000425   26.222445 ^ _142_/A1 (sky130_fd_sc_hd__a21oi_1)
     1    0.003115    0.078127    0.107670   26.330116 v _142_/Y (sky130_fd_sc_hd__a21oi_1)
                                                         _041_ (net)
                      0.078127    0.000075   26.330191 v _143_/B1 (sky130_fd_sc_hd__a211o_1)
     1    0.002150    0.043483    0.266265   26.596455 v _143_/X (sky130_fd_sc_hd__a211o_1)
                                                         _017_ (net)
                      0.043483    0.000046   26.596502 v _168_/D (sky130_fd_sc_hd__dfxtp_1)
                                             26.596502   data arrival time

                                 50.000000   50.000000   clock clk (rise edge)
                                  0.000000   50.000000   clock source latency
     1    0.015612    0.076138    0.052033   50.052032 ^ clk (in)
                                                         clk (net)
                      0.076141    0.000000   50.052032 ^ clkbuf_0_clk/A (sky130_fd_sc_hd__clkbuf_16)
     2    0.018571    0.040655    0.135394   50.187424 ^ clkbuf_0_clk/X (sky130_fd_sc_hd__clkbuf_16)
                                                         clknet_0_clk (net)
                      0.040656    0.000469   50.187893 ^ clkbuf_1_0__f_clk/A (sky130_fd_sc_hd__clkbuf_16)
    10    0.036815    0.056861    0.137696   50.325592 ^ clkbuf_1_0__f_clk/X (sky130_fd_sc_hd__clkbuf_16)
                                                         clknet_1_0__leaf_clk (net)
                      0.056878    0.000789   50.326378 ^ _168_/CLK (sky130_fd_sc_hd__dfxtp_1)
                                 -0.250000   50.076378   clock uncertainty
                                  0.000000   50.076378   clock reconvergence pessimism
                                 -0.107090   49.969288   library setup time
                                             49.969288   data required time
---------------------------------------------------------------------------------------------
                                             49.969288   data required time
                                            -26.596502   data arrival time
---------------------------------------------------------------------------------------------
                                             23.372787   slack (MET)


Startpoint: _152_ (rising edge-triggered flip-flop clocked by clk')
Endpoint: _165_ (rising edge-triggered flip-flop clocked by clk)
Path Group: clk
Path Type: max

Fanout         Cap        Slew       Delay        Time   Description
---------------------------------------------------------------------------------------------
                                 25.000000   25.000000   clock clk' (rise edge)
                                  0.000000   25.000000   clock source latency
     1    0.014618    0.034448    0.023787   25.023787 v clk (in)
                                                         clk (net)
                      0.034454    0.000000   25.023787 v clkbuf_0_clk/A (sky130_fd_sc_hd__clkbuf_16)
     2    0.016583    0.033210    0.139455   25.163240 v clkbuf_0_clk/X (sky130_fd_sc_hd__clkbuf_16)
                                                         clknet_0_clk (net)
                      0.033210    0.000350   25.163591 v clkbuf_1_1__f_clk/A (sky130_fd_sc_hd__clkbuf_16)
    12    0.032176    0.042236    0.150205   25.313797 v clkbuf_1_1__f_clk/X (sky130_fd_sc_hd__clkbuf_16)
                                                         clknet_1_1__leaf_clk (net)
                      0.042247    0.000743   25.314539 v _083__1/A (sky130_fd_sc_hd__inv_2)
     1    0.002284    0.020912    0.037188   25.351727 ^ _083__1/Y (sky130_fd_sc_hd__inv_2)
                                                         net35 (net)
                      0.020912    0.000048   25.351774 ^ _152_/CLK (sky130_fd_sc_hd__dfxtp_1)
     3    0.012625    0.126388    0.355016   25.706791 ^ _152_/Q (sky130_fd_sc_hd__dfxtp_1)
                                                         net11 (net)
                      0.126388    0.000393   25.707184 ^ fanout28/A (sky130_fd_sc_hd__clkbuf_2)
    10    0.027836    0.155666    0.212564   25.919746 ^ fanout28/X (sky130_fd_sc_hd__clkbuf_2)
                                                         net28 (net)
                      0.155672    0.001192   25.920938 ^ _107_/A (sky130_fd_sc_hd__nand3_1)
     3    0.007366    0.100920    0.124322   26.045261 v _107_/Y (sky130_fd_sc_hd__nand3_1)
                                                         _063_ (net)
                      0.100920    0.000169   26.045429 v _130_/B (sky130_fd_sc_hd__or3b_1)
     1    0.005086    0.078093    0.379956   26.425385 v _130_/X (sky130_fd_sc_hd__or3b_1)
                                                         _032_ (net)
                      0.078093    0.000178   26.425564 v _133_/A1 (sky130_fd_sc_hd__a31oi_1)
     1    0.003545    0.138156    0.147159   26.572721 ^ _133_/Y (sky130_fd_sc_hd__a31oi_1)
                                                         _014_ (net)
                      0.138156    0.000099   26.572821 ^ _165_/D (sky130_fd_sc_hd__dfxtp_1)
                                             26.572821   data arrival time

                                 50.000000   50.000000   clock clk (rise edge)
                                  0.000000   50.000000   clock source latency
     1    0.015612    0.076138    0.052033   50.052032 ^ clk (in)
                                                         clk (net)
                      0.076141    0.000000   50.052032 ^ clkbuf_0_clk/A (sky130_fd_sc_hd__clkbuf_16)
     2    0.018571    0.040655    0.135394   50.187424 ^ clkbuf_0_clk/X (sky130_fd_sc_hd__clkbuf_16)
                                                         clknet_0_clk (net)
                      0.040656    0.000394   50.187820 ^ clkbuf_1_1__f_clk/A (sky130_fd_sc_hd__clkbuf_16)
    12    0.034357    0.054720    0.135941   50.323761 ^ clkbuf_1_1__f_clk/X (sky130_fd_sc_hd__clkbuf_16)
                                                         clknet_1_1__leaf_clk (net)
                      0.054722    0.000480   50.324242 ^ _165_/CLK (sky130_fd_sc_hd__dfxtp_1)
                                 -0.250000   50.074238   clock uncertainty
                                  0.000000   50.074238   clock reconvergence pessimism
                                 -0.074092   50.000149   library setup time
                                             50.000149   data required time
---------------------------------------------------------------------------------------------
                                             50.000149   data required time
                                            -26.572821   data arrival time
---------------------------------------------------------------------------------------------
                                             23.427326   slack (MET)


Startpoint: _152_ (rising edge-triggered flip-flop clocked by clk')
Endpoint: _164_ (rising edge-triggered flip-flop clocked by clk)
Path Group: clk
Path Type: max

Fanout         Cap        Slew       Delay        Time   Description
---------------------------------------------------------------------------------------------
                                 25.000000   25.000000   clock clk' (rise edge)
                                  0.000000   25.000000   clock source latency
     1    0.014618    0.034448    0.023787   25.023787 v clk (in)
                                                         clk (net)
                      0.034454    0.000000   25.023787 v clkbuf_0_clk/A (sky130_fd_sc_hd__clkbuf_16)
     2    0.016583    0.033210    0.139455   25.163240 v clkbuf_0_clk/X (sky130_fd_sc_hd__clkbuf_16)
                                                         clknet_0_clk (net)
                      0.033210    0.000350   25.163591 v clkbuf_1_1__f_clk/A (sky130_fd_sc_hd__clkbuf_16)
    12    0.032176    0.042236    0.150205   25.313797 v clkbuf_1_1__f_clk/X (sky130_fd_sc_hd__clkbuf_16)
                                                         clknet_1_1__leaf_clk (net)
                      0.042247    0.000743   25.314539 v _083__1/A (sky130_fd_sc_hd__inv_2)
     1    0.002284    0.020912    0.037188   25.351727 ^ _083__1/Y (sky130_fd_sc_hd__inv_2)
                                                         net35 (net)
                      0.020912    0.000048   25.351774 ^ _152_/CLK (sky130_fd_sc_hd__dfxtp_1)
     3    0.012625    0.126388    0.355016   25.706791 ^ _152_/Q (sky130_fd_sc_hd__dfxtp_1)
                                                         net11 (net)
                      0.126388    0.000393   25.707184 ^ fanout28/A (sky130_fd_sc_hd__clkbuf_2)
    10    0.027836    0.155666    0.212564   25.919746 ^ fanout28/X (sky130_fd_sc_hd__clkbuf_2)
                                                         net28 (net)
                      0.155675    0.001338   25.921085 ^ _122_/C_N (sky130_fd_sc_hd__nor3b_2)
     5    0.013806    0.271780    0.300936   26.222021 ^ _122_/Y (sky130_fd_sc_hd__nor3b_2)
                                                         _026_ (net)
                      0.271868    0.000421   26.222443 ^ _126_/A2 (sky130_fd_sc_hd__a21oi_1)
     1    0.002794    0.065958    0.110086   26.332527 v _126_/Y (sky130_fd_sc_hd__a21oi_1)
                                                         _029_ (net)
                      0.065958    0.000060   26.332588 v _129_/A1 (sky130_fd_sc_hd__o21a_1)
     1    0.004683    0.043510    0.196817   26.529406 v _129_/X (sky130_fd_sc_hd__o21a_1)
                                                         _013_ (net)
                      0.043510    0.000160   26.529566 v _164_/D (sky130_fd_sc_hd__dfxtp_1)
                                             26.529566   data arrival time

                                 50.000000   50.000000   clock clk (rise edge)
                                  0.000000   50.000000   clock source latency
     1    0.015612    0.076138    0.052033   50.052032 ^ clk (in)
                                                         clk (net)
                      0.076141    0.000000   50.052032 ^ clkbuf_0_clk/A (sky130_fd_sc_hd__clkbuf_16)
     2    0.018571    0.040655    0.135394   50.187424 ^ clkbuf_0_clk/X (sky130_fd_sc_hd__clkbuf_16)
                                                         clknet_0_clk (net)
                      0.040656    0.000469   50.187893 ^ clkbuf_1_0__f_clk/A (sky130_fd_sc_hd__clkbuf_16)
    10    0.036815    0.056861    0.137696   50.325592 ^ clkbuf_1_0__f_clk/X (sky130_fd_sc_hd__clkbuf_16)
                                                         clknet_1_0__leaf_clk (net)
                      0.056924    0.001506   50.327095 ^ _164_/CLK (sky130_fd_sc_hd__dfxtp_1)
                                 -0.250000   50.077095   clock uncertainty
                                  0.000000   50.077095   clock reconvergence pessimism
                                 -0.107091   49.970005   library setup time
                                             49.970005   data required time
---------------------------------------------------------------------------------------------
                                             49.970005   data required time
                                            -26.529566   data arrival time
---------------------------------------------------------------------------------------------
                                             23.440441   slack (MET)


Startpoint: _152_ (rising edge-triggered flip-flop clocked by clk')
Endpoint: _161_ (rising edge-triggered flip-flop clocked by clk)
Path Group: clk
Path Type: max

Fanout         Cap        Slew       Delay        Time   Description
---------------------------------------------------------------------------------------------
                                 25.000000   25.000000   clock clk' (rise edge)
                                  0.000000   25.000000   clock source latency
     1    0.014618    0.034448    0.023787   25.023787 v clk (in)
                                                         clk (net)
                      0.034454    0.000000   25.023787 v clkbuf_0_clk/A (sky130_fd_sc_hd__clkbuf_16)
     2    0.016583    0.033210    0.139455   25.163240 v clkbuf_0_clk/X (sky130_fd_sc_hd__clkbuf_16)
                                                         clknet_0_clk (net)
                      0.033210    0.000350   25.163591 v clkbuf_1_1__f_clk/A (sky130_fd_sc_hd__clkbuf_16)
    12    0.032176    0.042236    0.150205   25.313797 v clkbuf_1_1__f_clk/X (sky130_fd_sc_hd__clkbuf_16)
                                                         clknet_1_1__leaf_clk (net)
                      0.042247    0.000743   25.314539 v _083__1/A (sky130_fd_sc_hd__inv_2)
     1    0.002284    0.020912    0.037188   25.351727 ^ _083__1/Y (sky130_fd_sc_hd__inv_2)
                                                         net35 (net)
                      0.020912    0.000048   25.351774 ^ _152_/CLK (sky130_fd_sc_hd__dfxtp_1)
     3    0.012625    0.126388    0.355016   25.706791 ^ _152_/Q (sky130_fd_sc_hd__dfxtp_1)
                                                         net11 (net)
                      0.126388    0.000393   25.707184 ^ fanout28/A (sky130_fd_sc_hd__clkbuf_2)
    10    0.027836    0.155666    0.212564   25.919746 ^ fanout28/X (sky130_fd_sc_hd__clkbuf_2)
                                                         net28 (net)
                      0.155673    0.001236   25.920984 ^ _109_/A (sky130_fd_sc_hd__nand4_1)
     4    0.009221    0.140627    0.155548   26.076532 v _109_/Y (sky130_fd_sc_hd__nand4_1)
                                                         _065_ (net)
                      0.140627    0.000169   26.076700 v _111_/A2 (sky130_fd_sc_hd__o21a_1)
     1    0.003695    0.039151    0.206422   26.283123 v _111_/X (sky130_fd_sc_hd__o21a_1)
                                                         _067_ (net)
                      0.039151    0.000126   26.283249 v _115_/A1 (sky130_fd_sc_hd__o21a_1)
     1    0.002273    0.032280    0.172557   26.455805 v _115_/X (sky130_fd_sc_hd__o21a_1)
                                                         _010_ (net)
                      0.032280    0.000048   26.455853 v _161_/D (sky130_fd_sc_hd__dfxtp_1)
                                             26.455853   data arrival time

                                 50.000000   50.000000   clock clk (rise edge)
                                  0.000000   50.000000   clock source latency
     1    0.015612    0.076138    0.052033   50.052032 ^ clk (in)
                                                         clk (net)
                      0.076141    0.000000   50.052032 ^ clkbuf_0_clk/A (sky130_fd_sc_hd__clkbuf_16)
     2    0.018571    0.040655    0.135394   50.187424 ^ clkbuf_0_clk/X (sky130_fd_sc_hd__clkbuf_16)
                                                         clknet_0_clk (net)
                      0.040656    0.000469   50.187893 ^ clkbuf_1_0__f_clk/A (sky130_fd_sc_hd__clkbuf_16)
    10    0.036815    0.056861    0.137696   50.325592 ^ clkbuf_1_0__f_clk/X (sky130_fd_sc_hd__clkbuf_16)
                                                         clknet_1_0__leaf_clk (net)
                      0.056919    0.001446   50.327038 ^ _161_/CLK (sky130_fd_sc_hd__dfxtp_1)
                                 -0.250000   50.077034   clock uncertainty
                                  0.000000   50.077034   clock reconvergence pessimism
                                 -0.102165   49.974869   library setup time
                                             49.974869   data required time
---------------------------------------------------------------------------------------------
                                             49.974869   data required time
                                            -26.455853   data arrival time
---------------------------------------------------------------------------------------------
                                             23.519016   slack (MET)


Startpoint: _152_ (rising edge-triggered flip-flop clocked by clk')
Endpoint: _172_ (rising edge-triggered flip-flop clocked by clk)
Path Group: clk
Path Type: max

Fanout         Cap        Slew       Delay        Time   Description
---------------------------------------------------------------------------------------------
                                 25.000000   25.000000   clock clk' (rise edge)
                                  0.000000   25.000000   clock source latency
     1    0.014618    0.034448    0.023787   25.023787 v clk (in)
                                                         clk (net)
                      0.034454    0.000000   25.023787 v clkbuf_0_clk/A (sky130_fd_sc_hd__clkbuf_16)
     2    0.016583    0.033210    0.139455   25.163240 v clkbuf_0_clk/X (sky130_fd_sc_hd__clkbuf_16)
                                                         clknet_0_clk (net)
                      0.033210    0.000350   25.163591 v clkbuf_1_1__f_clk/A (sky130_fd_sc_hd__clkbuf_16)
    12    0.032176    0.042236    0.150205   25.313797 v clkbuf_1_1__f_clk/X (sky130_fd_sc_hd__clkbuf_16)
                                                         clknet_1_1__leaf_clk (net)
                      0.042247    0.000743   25.314539 v _083__1/A (sky130_fd_sc_hd__inv_2)
     1    0.002284    0.020912    0.037188   25.351727 ^ _083__1/Y (sky130_fd_sc_hd__inv_2)
                                                         net35 (net)
                      0.020912    0.000048   25.351774 ^ _152_/CLK (sky130_fd_sc_hd__dfxtp_1)
     3    0.012625    0.126388    0.355016   25.706791 ^ _152_/Q (sky130_fd_sc_hd__dfxtp_1)
                                                         net11 (net)
                      0.126388    0.000393   25.707184 ^ fanout28/A (sky130_fd_sc_hd__clkbuf_2)
    10    0.027836    0.155666    0.212564   25.919746 ^ fanout28/X (sky130_fd_sc_hd__clkbuf_2)
                                                         net28 (net)
                      0.155673    0.001236   25.920984 ^ _109_/A (sky130_fd_sc_hd__nand4_1)
     4    0.009221    0.140627    0.155548   26.076532 v _109_/Y (sky130_fd_sc_hd__nand4_1)
                                                         _065_ (net)
                      0.140627    0.000151   26.076683 v _110_/B (sky130_fd_sc_hd__or2_1)
     1    0.002706    0.047365    0.238090   26.314774 v _110_/X (sky130_fd_sc_hd__or2_1)
                                                         _066_ (net)
                      0.047365    0.000059   26.314833 v _151_/A1 (sky130_fd_sc_hd__a21oi_1)
     1    0.003046    0.108858    0.121473   26.436304 ^ _151_/Y (sky130_fd_sc_hd__a21oi_1)
                                                         _021_ (net)
                      0.108858    0.000078   26.436382 ^ _172_/D (sky130_fd_sc_hd__dfxtp_1)
                                             26.436382   data arrival time

                                 50.000000   50.000000   clock clk (rise edge)
                                  0.000000   50.000000   clock source latency
     1    0.015612    0.076138    0.052033   50.052032 ^ clk (in)
                                                         clk (net)
                      0.076141    0.000000   50.052032 ^ clkbuf_0_clk/A (sky130_fd_sc_hd__clkbuf_16)
     2    0.018571    0.040655    0.135394   50.187424 ^ clkbuf_0_clk/X (sky130_fd_sc_hd__clkbuf_16)
                                                         clknet_0_clk (net)
                      0.040656    0.000469   50.187893 ^ clkbuf_1_0__f_clk/A (sky130_fd_sc_hd__clkbuf_16)
    10    0.036815    0.056861    0.137696   50.325592 ^ clkbuf_1_0__f_clk/X (sky130_fd_sc_hd__clkbuf_16)
                                                         clknet_1_0__leaf_clk (net)
                      0.056913    0.001361   50.326950 ^ _172_/CLK (sky130_fd_sc_hd__dfxtp_1)
                                 -0.250000   50.076950   clock uncertainty
                                  0.000000   50.076950   clock reconvergence pessimism
                                 -0.067015   50.009937   library setup time
                                             50.009937   data required time
---------------------------------------------------------------------------------------------
                                             50.009937   data required time
                                            -26.436382   data arrival time
---------------------------------------------------------------------------------------------
                                             23.573553   slack (MET)


Startpoint: _152_ (rising edge-triggered flip-flop clocked by clk')
Endpoint: _171_ (rising edge-triggered flip-flop clocked by clk)
Path Group: clk
Path Type: max

Fanout         Cap        Slew       Delay        Time   Description
---------------------------------------------------------------------------------------------
                                 25.000000   25.000000   clock clk' (rise edge)
                                  0.000000   25.000000   clock source latency
     1    0.014618    0.034448    0.023787   25.023787 v clk (in)
                                                         clk (net)
                      0.034454    0.000000   25.023787 v clkbuf_0_clk/A (sky130_fd_sc_hd__clkbuf_16)
     2    0.016583    0.033210    0.139455   25.163240 v clkbuf_0_clk/X (sky130_fd_sc_hd__clkbuf_16)
                                                         clknet_0_clk (net)
                      0.033210    0.000350   25.163591 v clkbuf_1_1__f_clk/A (sky130_fd_sc_hd__clkbuf_16)
    12    0.032176    0.042236    0.150205   25.313797 v clkbuf_1_1__f_clk/X (sky130_fd_sc_hd__clkbuf_16)
                                                         clknet_1_1__leaf_clk (net)
                      0.042247    0.000743   25.314539 v _083__1/A (sky130_fd_sc_hd__inv_2)
     1    0.002284    0.020912    0.037188   25.351727 ^ _083__1/Y (sky130_fd_sc_hd__inv_2)
                                                         net35 (net)
                      0.020912    0.000048   25.351774 ^ _152_/CLK (sky130_fd_sc_hd__dfxtp_1)
     3    0.012625    0.126388    0.355016   25.706791 ^ _152_/Q (sky130_fd_sc_hd__dfxtp_1)
                                                         net11 (net)
                      0.126388    0.000393   25.707184 ^ fanout28/A (sky130_fd_sc_hd__clkbuf_2)
    10    0.027836    0.155666    0.212564   25.919746 ^ fanout28/X (sky130_fd_sc_hd__clkbuf_2)
                                                         net28 (net)
                      0.155673    0.001236   25.920984 ^ _109_/A (sky130_fd_sc_hd__nand4_1)
     4    0.009221    0.140627    0.155548   26.076532 v _109_/Y (sky130_fd_sc_hd__nand4_1)
                                                         _065_ (net)
                      0.140627    0.000114   26.076645 v _149_/B (sky130_fd_sc_hd__and3_1)
     1    0.003097    0.038120    0.203386   26.280031 v _149_/X (sky130_fd_sc_hd__and3_1)
                                                         _020_ (net)
                      0.038120    0.000082   26.280113 v _171_/D (sky130_fd_sc_hd__dfxtp_2)
                                             26.280113   data arrival time

                                 50.000000   50.000000   clock clk (rise edge)
                                  0.000000   50.000000   clock source latency
     1    0.015612    0.076138    0.052033   50.052032 ^ clk (in)
                                                         clk (net)
                      0.076141    0.000000   50.052032 ^ clkbuf_0_clk/A (sky130_fd_sc_hd__clkbuf_16)
     2    0.018571    0.040655    0.135394   50.187424 ^ clkbuf_0_clk/X (sky130_fd_sc_hd__clkbuf_16)
                                                         clknet_0_clk (net)
                      0.040656    0.000469   50.187893 ^ clkbuf_1_0__f_clk/A (sky130_fd_sc_hd__clkbuf_16)
    10    0.036815    0.056861    0.137696   50.325592 ^ clkbuf_1_0__f_clk/X (sky130_fd_sc_hd__clkbuf_16)
                                                         clknet_1_0__leaf_clk (net)
                      0.056909    0.001300   50.326889 ^ _171_/CLK (sky130_fd_sc_hd__dfxtp_2)
                                 -0.250000   50.076889   clock uncertainty
                                  0.000000   50.076889   clock reconvergence pessimism
                                 -0.107101   49.969791   library setup time
                                             49.969791   data required time
---------------------------------------------------------------------------------------------
                                             49.969791   data required time
                                            -26.280113   data arrival time
---------------------------------------------------------------------------------------------
                                             23.689676   slack (MET)


Startpoint: _152_ (rising edge-triggered flip-flop clocked by clk')
Endpoint: _169_ (rising edge-triggered flip-flop clocked by clk)
Path Group: clk
Path Type: max

Fanout         Cap        Slew       Delay        Time   Description
---------------------------------------------------------------------------------------------
                                 25.000000   25.000000   clock clk' (rise edge)
                                  0.000000   25.000000   clock source latency
     1    0.014618    0.034448    0.023787   25.023787 v clk (in)
                                                         clk (net)
                      0.034454    0.000000   25.023787 v clkbuf_0_clk/A (sky130_fd_sc_hd__clkbuf_16)
     2    0.016583    0.033210    0.139455   25.163240 v clkbuf_0_clk/X (sky130_fd_sc_hd__clkbuf_16)
                                                         clknet_0_clk (net)
                      0.033210    0.000350   25.163591 v clkbuf_1_1__f_clk/A (sky130_fd_sc_hd__clkbuf_16)
    12    0.032176    0.042236    0.150205   25.313797 v clkbuf_1_1__f_clk/X (sky130_fd_sc_hd__clkbuf_16)
                                                         clknet_1_1__leaf_clk (net)
                      0.042247    0.000743   25.314539 v _083__1/A (sky130_fd_sc_hd__inv_2)
     1    0.002284    0.020912    0.037188   25.351727 ^ _083__1/Y (sky130_fd_sc_hd__inv_2)
                                                         net35 (net)
                      0.020912    0.000048   25.351774 ^ _152_/CLK (sky130_fd_sc_hd__dfxtp_1)
     3    0.012070    0.064834    0.318455   25.670229 v _152_/Q (sky130_fd_sc_hd__dfxtp_1)
                                                         net11 (net)
                      0.064835    0.000369   25.670599 v fanout28/A (sky130_fd_sc_hd__clkbuf_2)
    10    0.026757    0.105979    0.176049   25.846649 v fanout28/X (sky130_fd_sc_hd__clkbuf_2)
                                                         net28 (net)
                      0.105987    0.000950   25.847599 v _144_/A (sky130_fd_sc_hd__or2_1)
     1    0.001758    0.042350    0.234326   26.081924 v _144_/X (sky130_fd_sc_hd__or2_1)
                                                         _042_ (net)
                      0.042350    0.000034   26.081959 v _145_/C (sky130_fd_sc_hd__and3_1)
     1    0.002162    0.033770    0.167853   26.249811 v _145_/X (sky130_fd_sc_hd__and3_1)
                                                         _018_ (net)
                      0.033770    0.000046   26.249859 v _169_/D (sky130_fd_sc_hd__dfxtp_1)
                                             26.249859   data arrival time

                                 50.000000   50.000000   clock clk (rise edge)
                                  0.000000   50.000000   clock source latency
     1    0.015612    0.076138    0.052033   50.052032 ^ clk (in)
                                                         clk (net)
                      0.076141    0.000000   50.052032 ^ clkbuf_0_clk/A (sky130_fd_sc_hd__clkbuf_16)
     2    0.018571    0.040655    0.135394   50.187424 ^ clkbuf_0_clk/X (sky130_fd_sc_hd__clkbuf_16)
                                                         clknet_0_clk (net)
                      0.040656    0.000469   50.187893 ^ clkbuf_1_0__f_clk/A (sky130_fd_sc_hd__clkbuf_16)
    10    0.036815    0.056861    0.137696   50.325592 ^ clkbuf_1_0__f_clk/X (sky130_fd_sc_hd__clkbuf_16)
                                                         clknet_1_0__leaf_clk (net)
                      0.056886    0.000927   50.326519 ^ _169_/CLK (sky130_fd_sc_hd__dfxtp_1)
                                 -0.250000   50.076515   clock uncertainty
                                  0.000000   50.076515   clock reconvergence pessimism
                                 -0.102827   49.973690   library setup time
                                             49.973690   data required time
---------------------------------------------------------------------------------------------
                                             49.973690   data required time
                                            -26.249859   data arrival time
---------------------------------------------------------------------------------------------
                                             23.723833   slack (MET)


Startpoint: _152_ (rising edge-triggered flip-flop clocked by clk')
Endpoint: _170_ (rising edge-triggered flip-flop clocked by clk)
Path Group: clk
Path Type: max

Fanout         Cap        Slew       Delay        Time   Description
---------------------------------------------------------------------------------------------
                                 25.000000   25.000000   clock clk' (rise edge)
                                  0.000000   25.000000   clock source latency
     1    0.014618    0.034448    0.023787   25.023787 v clk (in)
                                                         clk (net)
                      0.034454    0.000000   25.023787 v clkbuf_0_clk/A (sky130_fd_sc_hd__clkbuf_16)
     2    0.016583    0.033210    0.139455   25.163240 v clkbuf_0_clk/X (sky130_fd_sc_hd__clkbuf_16)
                                                         clknet_0_clk (net)
                      0.033210    0.000350   25.163591 v clkbuf_1_1__f_clk/A (sky130_fd_sc_hd__clkbuf_16)
    12    0.032176    0.042236    0.150205   25.313797 v clkbuf_1_1__f_clk/X (sky130_fd_sc_hd__clkbuf_16)
                                                         clknet_1_1__leaf_clk (net)
                      0.042247    0.000743   25.314539 v _083__1/A (sky130_fd_sc_hd__inv_2)
     1    0.002284    0.020912    0.037188   25.351727 ^ _083__1/Y (sky130_fd_sc_hd__inv_2)
                                                         net35 (net)
                      0.020912    0.000048   25.351774 ^ _152_/CLK (sky130_fd_sc_hd__dfxtp_1)
     3    0.012625    0.126388    0.355016   25.706791 ^ _152_/Q (sky130_fd_sc_hd__dfxtp_1)
                                                         net11 (net)
                      0.126388    0.000393   25.707184 ^ fanout28/A (sky130_fd_sc_hd__clkbuf_2)
    10    0.027836    0.155666    0.212564   25.919746 ^ fanout28/X (sky130_fd_sc_hd__clkbuf_2)
                                                         net28 (net)
                      0.155672    0.001192   25.920938 ^ _107_/A (sky130_fd_sc_hd__nand3_1)
     3    0.007366    0.100920    0.124322   26.045261 v _107_/Y (sky130_fd_sc_hd__nand3_1)
                                                         _063_ (net)
                      0.100920    0.000119   26.045380 v _147_/B (sky130_fd_sc_hd__and3_1)
     1    0.002038    0.033233    0.178169   26.223549 v _147_/X (sky130_fd_sc_hd__and3_1)
                                                         _019_ (net)
                      0.033233    0.000043   26.223591 v _170_/D (sky130_fd_sc_hd__dfxtp_1)
                                             26.223591   data arrival time

                                 50.000000   50.000000   clock clk (rise edge)
                                  0.000000   50.000000   clock source latency
     1    0.015612    0.076138    0.052033   50.052032 ^ clk (in)
                                                         clk (net)
                      0.076141    0.000000   50.052032 ^ clkbuf_0_clk/A (sky130_fd_sc_hd__clkbuf_16)
     2    0.018571    0.040655    0.135394   50.187424 ^ clkbuf_0_clk/X (sky130_fd_sc_hd__clkbuf_16)
                                                         clknet_0_clk (net)
                      0.040656    0.000469   50.187893 ^ clkbuf_1_0__f_clk/A (sky130_fd_sc_hd__clkbuf_16)
    10    0.036815    0.056861    0.137696   50.325592 ^ clkbuf_1_0__f_clk/X (sky130_fd_sc_hd__clkbuf_16)
                                                         clknet_1_0__leaf_clk (net)
                      0.056898    0.001126   50.326717 ^ _170_/CLK (sky130_fd_sc_hd__dfxtp_1)
                                 -0.250000   50.076717   clock uncertainty
                                  0.000000   50.076717   clock reconvergence pessimism
                                 -0.102589   49.974129   library setup time
                                             49.974129   data required time
---------------------------------------------------------------------------------------------
                                             49.974129   data required time
                                            -26.223591   data arrival time
---------------------------------------------------------------------------------------------
                                             23.750536   slack (MET)


Startpoint: _161_ (rising edge-triggered flip-flop clocked by clk)
Endpoint: dac_in[0] (output port clocked by clk)
Path Group: clk
Path Type: max

Fanout         Cap        Slew       Delay        Time   Description
---------------------------------------------------------------------------------------------
                                  0.000000    0.000000   clock clk (rise edge)
                                  0.000000    0.000000   clock source latency
     1    0.015612    0.076138    0.052032    0.052032 ^ clk (in)
                                                         clk (net)
                      0.076141    0.000000    0.052032 ^ clkbuf_0_clk/A (sky130_fd_sc_hd__clkbuf_16)
     2    0.018571    0.040655    0.135394    0.187426 ^ clkbuf_0_clk/X (sky130_fd_sc_hd__clkbuf_16)
                                                         clknet_0_clk (net)
                      0.040656    0.000469    0.187896 ^ clkbuf_1_0__f_clk/A (sky130_fd_sc_hd__clkbuf_16)
    10    0.036815    0.056861    0.137697    0.325593 ^ clkbuf_1_0__f_clk/X (sky130_fd_sc_hd__clkbuf_16)
                                                         clknet_1_0__leaf_clk (net)
                      0.056919    0.001445    0.327037 ^ _161_/CLK (sky130_fd_sc_hd__dfxtp_1)
     4    0.024226    0.230808    0.442490    0.769527 ^ _161_/Q (sky130_fd_sc_hd__dfxtp_1)
                                                         net12 (net)
                      0.230808    0.000414    0.769941 ^ output12/A (sky130_fd_sc_hd__buf_2)
     1    0.035357    0.175863    0.259162    1.029103 ^ output12/X (sky130_fd_sc_hd__buf_2)
                                                         dac_in[0] (net)
                      0.175869    0.001208    1.030311 ^ dac_in[0] (out)
                                              1.030311   data arrival time

                                 50.000000   50.000000   clock clk (rise edge)
                                  0.000000   50.000000   clock network delay (propagated)
                                 -0.250000   49.749996   clock uncertainty
                                  0.000000   49.749996   clock reconvergence pessimism
                                -10.000000   39.749996   output external delay
                                             39.749996   data required time
---------------------------------------------------------------------------------------------
                                             39.749996   data required time
                                             -1.030311   data arrival time
---------------------------------------------------------------------------------------------
                                             38.719685   slack (MET)


Startpoint: _163_ (rising edge-triggered flip-flop clocked by clk)
Endpoint: dac_in[2] (output port clocked by clk)
Path Group: clk
Path Type: max

Fanout         Cap        Slew       Delay        Time   Description
---------------------------------------------------------------------------------------------
                                  0.000000    0.000000   clock clk (rise edge)
                                  0.000000    0.000000   clock source latency
     1    0.015612    0.076138    0.052032    0.052032 ^ clk (in)
                                                         clk (net)
                      0.076141    0.000000    0.052032 ^ clkbuf_0_clk/A (sky130_fd_sc_hd__clkbuf_16)
     2    0.018571    0.040655    0.135394    0.187426 ^ clkbuf_0_clk/X (sky130_fd_sc_hd__clkbuf_16)
                                                         clknet_0_clk (net)
                      0.040656    0.000469    0.187896 ^ clkbuf_1_0__f_clk/A (sky130_fd_sc_hd__clkbuf_16)
    10    0.036815    0.056861    0.137697    0.325593 ^ clkbuf_1_0__f_clk/X (sky130_fd_sc_hd__clkbuf_16)
                                                         clknet_1_0__leaf_clk (net)
                      0.056922    0.001484    0.327077 ^ _163_/CLK (sky130_fd_sc_hd__dfxtp_1)
     4    0.022232    0.213064    0.429453    0.756529 ^ _163_/Q (sky130_fd_sc_hd__dfxtp_1)
                                                         net14 (net)
                      0.213064    0.000283    0.756812 ^ output14/A (sky130_fd_sc_hd__buf_2)
     1    0.034359    0.171169    0.251319    1.008131 ^ output14/X (sky130_fd_sc_hd__buf_2)
                                                         dac_in[2] (net)
                      0.171170    0.000825    1.008956 ^ dac_in[2] (out)
                                              1.008956   data arrival time

                                 50.000000   50.000000   clock clk (rise edge)
                                  0.000000   50.000000   clock network delay (propagated)
                                 -0.250000   49.749996   clock uncertainty
                                  0.000000   49.749996   clock reconvergence pessimism
                                -10.000000   39.749996   output external delay
                                             39.749996   data required time
---------------------------------------------------------------------------------------------
                                             39.749996   data required time
                                             -1.008956   data arrival time
---------------------------------------------------------------------------------------------
                                             38.741039   slack (MET)


Startpoint: _161_ (rising edge-triggered flip-flop clocked by clk)
Endpoint: dac_in_n[0] (output port clocked by clk)
Path Group: clk
Path Type: max

Fanout         Cap        Slew       Delay        Time   Description
---------------------------------------------------------------------------------------------
                                  0.000000    0.000000   clock clk (rise edge)
                                  0.000000    0.000000   clock source latency
     1    0.015612    0.076138    0.052032    0.052032 ^ clk (in)
                                                         clk (net)
                      0.076141    0.000000    0.052032 ^ clkbuf_0_clk/A (sky130_fd_sc_hd__clkbuf_16)
     2    0.018571    0.040655    0.135394    0.187426 ^ clkbuf_0_clk/X (sky130_fd_sc_hd__clkbuf_16)
                                                         clknet_0_clk (net)
                      0.040656    0.000469    0.187896 ^ clkbuf_1_0__f_clk/A (sky130_fd_sc_hd__clkbuf_16)
    10    0.036815    0.056861    0.137697    0.325593 ^ clkbuf_1_0__f_clk/X (sky130_fd_sc_hd__clkbuf_16)
                                                         clknet_1_0__leaf_clk (net)
                      0.056919    0.001445    0.327037 ^ _161_/CLK (sky130_fd_sc_hd__dfxtp_1)
     4    0.024226    0.230808    0.442490    0.769527 ^ _161_/Q (sky130_fd_sc_hd__dfxtp_1)
                                                         net12 (net)
                      0.230809    0.001028    0.770555 ^ _081_/A (sky130_fd_sc_hd__inv_2)
     1    0.002861    0.040134    0.042600    0.813155 v _081_/Y (sky130_fd_sc_hd__inv_2)
                                                         net20 (net)
                      0.040134    0.000092    0.813247 v output20/A (sky130_fd_sc_hd__buf_2)
     1    0.034635    0.090459    0.178466    0.991713 v output20/X (sky130_fd_sc_hd__buf_2)
                                                         dac_in_n[0] (net)
                      0.090469    0.000935    0.992647 v dac_in_n[0] (out)
                                              0.992647   data arrival time

                                 50.000000   50.000000   clock clk (rise edge)
                                  0.000000   50.000000   clock network delay (propagated)
                                 -0.250000   49.749996   clock uncertainty
                                  0.000000   49.749996   clock reconvergence pessimism
                                -10.000000   39.749996   output external delay
                                             39.749996   data required time
---------------------------------------------------------------------------------------------
                                             39.749996   data required time
                                             -0.992647   data arrival time
---------------------------------------------------------------------------------------------
                                             38.757351   slack (MET)


Startpoint: _167_ (rising edge-triggered flip-flop clocked by clk)
Endpoint: dac_in[6] (output port clocked by clk)
Path Group: clk
Path Type: max

Fanout         Cap        Slew       Delay        Time   Description
---------------------------------------------------------------------------------------------
                                  0.000000    0.000000   clock clk (rise edge)
                                  0.000000    0.000000   clock source latency
     1    0.015612    0.076138    0.052032    0.052032 ^ clk (in)
                                                         clk (net)
                      0.076141    0.000000    0.052032 ^ clkbuf_0_clk/A (sky130_fd_sc_hd__clkbuf_16)
     2    0.018571    0.040655    0.135394    0.187426 ^ clkbuf_0_clk/X (sky130_fd_sc_hd__clkbuf_16)
                                                         clknet_0_clk (net)
                      0.040656    0.000469    0.187896 ^ clkbuf_1_0__f_clk/A (sky130_fd_sc_hd__clkbuf_16)
    10    0.036815    0.056861    0.137697    0.325593 ^ clkbuf_1_0__f_clk/X (sky130_fd_sc_hd__clkbuf_16)
                                                         clknet_1_0__leaf_clk (net)
                      0.056879    0.000817    0.326410 ^ _167_/CLK (sky130_fd_sc_hd__dfxtp_1)
     4    0.019910    0.192084    0.414695    0.741105 ^ _167_/Q (sky130_fd_sc_hd__dfxtp_1)
                                                         net18 (net)
                      0.192084    0.000504    0.741608 ^ output18/A (sky130_fd_sc_hd__buf_2)
     1    0.034412    0.171392    0.245807    0.987415 ^ output18/X (sky130_fd_sc_hd__buf_2)
                                                         dac_in[6] (net)
                      0.171393    0.000845    0.988260 ^ dac_in[6] (out)
                                              0.988260   data arrival time

                                 50.000000   50.000000   clock clk (rise edge)
                                  0.000000   50.000000   clock network delay (propagated)
                                 -0.250000   49.749996   clock uncertainty
                                  0.000000   49.749996   clock reconvergence pessimism
                                -10.000000   39.749996   output external delay
                                             39.749996   data required time
---------------------------------------------------------------------------------------------
                                             39.749996   data required time
                                             -0.988260   data arrival time
---------------------------------------------------------------------------------------------
                                             38.761734   slack (MET)


Startpoint: _163_ (rising edge-triggered flip-flop clocked by clk)
Endpoint: dac_in_n[2] (output port clocked by clk)
Path Group: clk
Path Type: max

Fanout         Cap        Slew       Delay        Time   Description
---------------------------------------------------------------------------------------------
                                  0.000000    0.000000   clock clk (rise edge)
                                  0.000000    0.000000   clock source latency
     1    0.015612    0.076138    0.052032    0.052032 ^ clk (in)
                                                         clk (net)
                      0.076141    0.000000    0.052032 ^ clkbuf_0_clk/A (sky130_fd_sc_hd__clkbuf_16)
     2    0.018571    0.040655    0.135394    0.187426 ^ clkbuf_0_clk/X (sky130_fd_sc_hd__clkbuf_16)
                                                         clknet_0_clk (net)
                      0.040656    0.000469    0.187896 ^ clkbuf_1_0__f_clk/A (sky130_fd_sc_hd__clkbuf_16)
    10    0.036815    0.056861    0.137697    0.325593 ^ clkbuf_1_0__f_clk/X (sky130_fd_sc_hd__clkbuf_16)
                                                         clknet_1_0__leaf_clk (net)
                      0.056922    0.001484    0.327077 ^ _163_/CLK (sky130_fd_sc_hd__dfxtp_1)
     4    0.022232    0.213064    0.429453    0.756529 ^ _163_/Q (sky130_fd_sc_hd__dfxtp_1)
                                                         net14 (net)
                      0.213071    0.001517    0.758046 ^ _079_/A (sky130_fd_sc_hd__inv_2)
     1    0.002808    0.037829    0.041376    0.799422 v _079_/Y (sky130_fd_sc_hd__inv_2)
                                                         net22 (net)
                      0.037829    0.000091    0.799513 v output22/A (sky130_fd_sc_hd__buf_2)
     1    0.035171    0.091708    0.178325    0.977837 v output22/X (sky130_fd_sc_hd__buf_2)
                                                         dac_in_n[2] (net)
                      0.091723    0.001130    0.978967 v dac_in_n[2] (out)
                                              0.978967   data arrival time

                                 50.000000   50.000000   clock clk (rise edge)
                                  0.000000   50.000000   clock network delay (propagated)
                                 -0.250000   49.749996   clock uncertainty
                                  0.000000   49.749996   clock reconvergence pessimism
                                -10.000000   39.749996   output external delay
                                             39.749996   data required time
---------------------------------------------------------------------------------------------
                                             39.749996   data required time
                                             -0.978967   data arrival time
---------------------------------------------------------------------------------------------
                                             38.771027   slack (MET)


Startpoint: _164_ (rising edge-triggered flip-flop clocked by clk)
Endpoint: dac_in[3] (output port clocked by clk)
Path Group: clk
Path Type: max

Fanout         Cap        Slew       Delay        Time   Description
---------------------------------------------------------------------------------------------
                                  0.000000    0.000000   clock clk (rise edge)
                                  0.000000    0.000000   clock source latency
     1    0.015612    0.076138    0.052032    0.052032 ^ clk (in)
                                                         clk (net)
                      0.076141    0.000000    0.052032 ^ clkbuf_0_clk/A (sky130_fd_sc_hd__clkbuf_16)
     2    0.018571    0.040655    0.135394    0.187426 ^ clkbuf_0_clk/X (sky130_fd_sc_hd__clkbuf_16)
                                                         clknet_0_clk (net)
                      0.040656    0.000469    0.187896 ^ clkbuf_1_0__f_clk/A (sky130_fd_sc_hd__clkbuf_16)
    10    0.036815    0.056861    0.137697    0.325593 ^ clkbuf_1_0__f_clk/X (sky130_fd_sc_hd__clkbuf_16)
                                                         clknet_1_0__leaf_clk (net)
                      0.056924    0.001507    0.327100 ^ _164_/CLK (sky130_fd_sc_hd__dfxtp_1)
     3    0.017853    0.173529    0.401559    0.728659 ^ _164_/Q (sky130_fd_sc_hd__dfxtp_1)
                                                         net15 (net)
                      0.173529    0.000382    0.729041 ^ output15/A (sky130_fd_sc_hd__buf_2)
     1    0.034636    0.172427    0.241473    0.970514 ^ output15/X (sky130_fd_sc_hd__buf_2)
                                                         dac_in[3] (net)
                      0.172429    0.000932    0.971446 ^ dac_in[3] (out)
                                              0.971446   data arrival time

                                 50.000000   50.000000   clock clk (rise edge)
                                  0.000000   50.000000   clock network delay (propagated)
                                 -0.250000   49.749996   clock uncertainty
                                  0.000000   49.749996   clock reconvergence pessimism
                                -10.000000   39.749996   output external delay
                                             39.749996   data required time
---------------------------------------------------------------------------------------------
                                             39.749996   data required time
                                             -0.971446   data arrival time
---------------------------------------------------------------------------------------------
                                             38.778549   slack (MET)


Startpoint: _164_ (rising edge-triggered flip-flop clocked by clk)
Endpoint: dac_in_n[3] (output port clocked by clk)
Path Group: clk
Path Type: max

Fanout         Cap        Slew       Delay        Time   Description
---------------------------------------------------------------------------------------------
                                  0.000000    0.000000   clock clk (rise edge)
                                  0.000000    0.000000   clock source latency
     1    0.015612    0.076138    0.052032    0.052032 ^ clk (in)
                                                         clk (net)
                      0.076141    0.000000    0.052032 ^ clkbuf_0_clk/A (sky130_fd_sc_hd__clkbuf_16)
     2    0.018571    0.040655    0.135394    0.187426 ^ clkbuf_0_clk/X (sky130_fd_sc_hd__clkbuf_16)
                                                         clknet_0_clk (net)
                      0.040656    0.000469    0.187896 ^ clkbuf_1_0__f_clk/A (sky130_fd_sc_hd__clkbuf_16)
    10    0.036815    0.056861    0.137697    0.325593 ^ clkbuf_1_0__f_clk/X (sky130_fd_sc_hd__clkbuf_16)
                                                         clknet_1_0__leaf_clk (net)
                      0.056924    0.001507    0.327100 ^ _164_/CLK (sky130_fd_sc_hd__dfxtp_1)
     3    0.017853    0.173529    0.401559    0.728659 ^ _164_/Q (sky130_fd_sc_hd__dfxtp_1)
                                                         net15 (net)
                      0.173531    0.000976    0.729635 ^ _078_/A (sky130_fd_sc_hd__inv_2)
     2    0.007219    0.044555    0.057715    0.787350 v _078_/Y (sky130_fd_sc_hd__inv_2)
                                                         net23 (net)
                      0.044555    0.000156    0.787506 v output23/A (sky130_fd_sc_hd__buf_2)
     1    0.035314    0.091992    0.181443    0.968949 v output23/X (sky130_fd_sc_hd__buf_2)
                                                         dac_in_n[3] (net)
                      0.092008    0.001189    0.970138 v dac_in_n[3] (out)
                                              0.970138   data arrival time

                                 50.000000   50.000000   clock clk (rise edge)
                                  0.000000   50.000000   clock network delay (propagated)
                                 -0.250000   49.749996   clock uncertainty
                                  0.000000   49.749996   clock reconvergence pessimism
                                -10.000000   39.749996   output external delay
                                             39.749996   data required time
---------------------------------------------------------------------------------------------
                                             39.749996   data required time
                                             -0.970138   data arrival time
---------------------------------------------------------------------------------------------
                                             38.779858   slack (MET)


Startpoint: _162_ (rising edge-triggered flip-flop clocked by clk)
Endpoint: dac_in[1] (output port clocked by clk)
Path Group: clk
Path Type: max

Fanout         Cap        Slew       Delay        Time   Description
---------------------------------------------------------------------------------------------
                                  0.000000    0.000000   clock clk (rise edge)
                                  0.000000    0.000000   clock source latency
     1    0.015612    0.076138    0.052032    0.052032 ^ clk (in)
                                                         clk (net)
                      0.076141    0.000000    0.052032 ^ clkbuf_0_clk/A (sky130_fd_sc_hd__clkbuf_16)
     2    0.018571    0.040655    0.135394    0.187426 ^ clkbuf_0_clk/X (sky130_fd_sc_hd__clkbuf_16)
                                                         clknet_0_clk (net)
                      0.040656    0.000394    0.187821 ^ clkbuf_1_1__f_clk/A (sky130_fd_sc_hd__clkbuf_16)
    12    0.034357    0.054720    0.135940    0.323761 ^ clkbuf_1_1__f_clk/X (sky130_fd_sc_hd__clkbuf_16)
                                                         clknet_1_1__leaf_clk (net)
                      0.054744    0.000860    0.324621 ^ _162_/CLK (sky130_fd_sc_hd__dfxtp_1)
     3    0.018006    0.174893    0.401767    0.726388 ^ _162_/Q (sky130_fd_sc_hd__dfxtp_1)
                                                         net13 (net)
                      0.174896    0.001026    0.727414 ^ output13/A (sky130_fd_sc_hd__buf_2)
     1    0.034530    0.171929    0.241516    0.968930 ^ output13/X (sky130_fd_sc_hd__buf_2)
                                                         dac_in[1] (net)
                      0.171931    0.000894    0.969824 ^ dac_in[1] (out)
                                              0.969824   data arrival time

                                 50.000000   50.000000   clock clk (rise edge)
                                  0.000000   50.000000   clock network delay (propagated)
                                 -0.250000   49.749996   clock uncertainty
                                  0.000000   49.749996   clock reconvergence pessimism
                                -10.000000   39.749996   output external delay
                                             39.749996   data required time
---------------------------------------------------------------------------------------------
                                             39.749996   data required time
                                             -0.969824   data arrival time
---------------------------------------------------------------------------------------------
                                             38.780174   slack (MET)


Startpoint: _165_ (rising edge-triggered flip-flop clocked by clk)
Endpoint: dac_in[4] (output port clocked by clk)
Path Group: clk
Path Type: max

Fanout         Cap        Slew       Delay        Time   Description
---------------------------------------------------------------------------------------------
                                  0.000000    0.000000   clock clk (rise edge)
                                  0.000000    0.000000   clock source latency
     1    0.015612    0.076138    0.052032    0.052032 ^ clk (in)
                                                         clk (net)
                      0.076141    0.000000    0.052032 ^ clkbuf_0_clk/A (sky130_fd_sc_hd__clkbuf_16)
     2    0.018571    0.040655    0.135394    0.187426 ^ clkbuf_0_clk/X (sky130_fd_sc_hd__clkbuf_16)
                                                         clknet_0_clk (net)
                      0.040656    0.000394    0.187821 ^ clkbuf_1_1__f_clk/A (sky130_fd_sc_hd__clkbuf_16)
    12    0.034357    0.054720    0.135940    0.323761 ^ clkbuf_1_1__f_clk/X (sky130_fd_sc_hd__clkbuf_16)
                                                         clknet_1_1__leaf_clk (net)
                      0.054722    0.000479    0.324240 ^ _165_/CLK (sky130_fd_sc_hd__dfxtp_1)
     3    0.017646    0.171613    0.399605    0.723846 ^ _165_/Q (sky130_fd_sc_hd__dfxtp_1)
                                                         net16 (net)
                      0.171613    0.000697    0.724543 ^ output16/A (sky130_fd_sc_hd__buf_2)
     1    0.034755    0.172983    0.241313    0.965857 ^ output16/X (sky130_fd_sc_hd__buf_2)
                                                         dac_in[4] (net)
                      0.172986    0.000981    0.966838 ^ dac_in[4] (out)
                                              0.966838   data arrival time

                                 50.000000   50.000000   clock clk (rise edge)
                                  0.000000   50.000000   clock network delay (propagated)
                                 -0.250000   49.749996   clock uncertainty
                                  0.000000   49.749996   clock reconvergence pessimism
                                -10.000000   39.749996   output external delay
                                             39.749996   data required time
---------------------------------------------------------------------------------------------
                                             39.749996   data required time
                                             -0.966838   data arrival time
---------------------------------------------------------------------------------------------
                                             38.783157   slack (MET)


Startpoint: _165_ (rising edge-triggered flip-flop clocked by clk)
Endpoint: dac_in_n[4] (output port clocked by clk)
Path Group: clk
Path Type: max

Fanout         Cap        Slew       Delay        Time   Description
---------------------------------------------------------------------------------------------
                                  0.000000    0.000000   clock clk (rise edge)
                                  0.000000    0.000000   clock source latency
     1    0.015612    0.076138    0.052032    0.052032 ^ clk (in)
                                                         clk (net)
                      0.076141    0.000000    0.052032 ^ clkbuf_0_clk/A (sky130_fd_sc_hd__clkbuf_16)
     2    0.018571    0.040655    0.135394    0.187426 ^ clkbuf_0_clk/X (sky130_fd_sc_hd__clkbuf_16)
                                                         clknet_0_clk (net)
                      0.040656    0.000394    0.187821 ^ clkbuf_1_1__f_clk/A (sky130_fd_sc_hd__clkbuf_16)
    12    0.034357    0.054720    0.135940    0.323761 ^ clkbuf_1_1__f_clk/X (sky130_fd_sc_hd__clkbuf_16)
                                                         clknet_1_1__leaf_clk (net)
                      0.054722    0.000479    0.324240 ^ _165_/CLK (sky130_fd_sc_hd__dfxtp_1)
     3    0.017646    0.171613    0.399605    0.723846 ^ _165_/Q (sky130_fd_sc_hd__dfxtp_1)
                                                         net16 (net)
                      0.171613    0.000507    0.724353 ^ _077_/A (sky130_fd_sc_hd__inv_2)
     2    0.007568    0.045123    0.058721    0.783074 v _077_/Y (sky130_fd_sc_hd__inv_2)
                                                         net24 (net)
                      0.045123    0.000167    0.783241 v output24/A (sky130_fd_sc_hd__buf_2)
     1    0.034560    0.090251    0.180498    0.963739 v output24/X (sky130_fd_sc_hd__buf_2)
                                                         dac_in_n[4] (net)
                      0.090260    0.000906    0.964644 v dac_in_n[4] (out)
                                              0.964644   data arrival time

                                 50.000000   50.000000   clock clk (rise edge)
                                  0.000000   50.000000   clock network delay (propagated)
                                 -0.250000   49.749996   clock uncertainty
                                  0.000000   49.749996   clock reconvergence pessimism
                                -10.000000   39.749996   output external delay
                                             39.749996   data required time
---------------------------------------------------------------------------------------------
                                             39.749996   data required time
                                             -0.964644   data arrival time
---------------------------------------------------------------------------------------------
                                             38.785355   slack (MET)


Startpoint: _162_ (rising edge-triggered flip-flop clocked by clk)
Endpoint: dac_in_n[1] (output port clocked by clk)
Path Group: clk
Path Type: max

Fanout         Cap        Slew       Delay        Time   Description
---------------------------------------------------------------------------------------------
                                  0.000000    0.000000   clock clk (rise edge)
                                  0.000000    0.000000   clock source latency
     1    0.015612    0.076138    0.052032    0.052032 ^ clk (in)
                                                         clk (net)
                      0.076141    0.000000    0.052032 ^ clkbuf_0_clk/A (sky130_fd_sc_hd__clkbuf_16)
     2    0.018571    0.040655    0.135394    0.187426 ^ clkbuf_0_clk/X (sky130_fd_sc_hd__clkbuf_16)
                                                         clknet_0_clk (net)
                      0.040656    0.000394    0.187821 ^ clkbuf_1_1__f_clk/A (sky130_fd_sc_hd__clkbuf_16)
    12    0.034357    0.054720    0.135940    0.323761 ^ clkbuf_1_1__f_clk/X (sky130_fd_sc_hd__clkbuf_16)
                                                         clknet_1_1__leaf_clk (net)
                      0.054744    0.000860    0.324621 ^ _162_/CLK (sky130_fd_sc_hd__dfxtp_1)
     3    0.018006    0.174893    0.401767    0.726388 ^ _162_/Q (sky130_fd_sc_hd__dfxtp_1)
                                                         net13 (net)
                      0.174894    0.000768    0.727156 ^ _080_/A (sky130_fd_sc_hd__inv_2)
     2    0.005789    0.041473    0.052850    0.780006 v _080_/Y (sky130_fd_sc_hd__inv_2)
                                                         net21 (net)
                      0.041473    0.000086    0.780091 v output21/A (sky130_fd_sc_hd__buf_2)
     1    0.034398    0.089903    0.178673    0.958765 v output21/X (sky130_fd_sc_hd__buf_2)
                                                         dac_in_n[1] (net)
                      0.089910    0.000842    0.959607 v dac_in_n[1] (out)
                                              0.959607   data arrival time

                                 50.000000   50.000000   clock clk (rise edge)
                                  0.000000   50.000000   clock network delay (propagated)
                                 -0.250000   49.749996   clock uncertainty
                                  0.000000   49.749996   clock reconvergence pessimism
                                -10.000000   39.749996   output external delay
                                             39.749996   data required time
---------------------------------------------------------------------------------------------
                                             39.749996   data required time
                                             -0.959607   data arrival time
---------------------------------------------------------------------------------------------
                                             38.790390   slack (MET)


Startpoint: _167_ (rising edge-triggered flip-flop clocked by clk)
Endpoint: dac_in_n[6] (output port clocked by clk)
Path Group: clk
Path Type: max

Fanout         Cap        Slew       Delay        Time   Description
---------------------------------------------------------------------------------------------
                                  0.000000    0.000000   clock clk (rise edge)
                                  0.000000    0.000000   clock source latency
     1    0.015612    0.076138    0.052032    0.052032 ^ clk (in)
                                                         clk (net)
                      0.076141    0.000000    0.052032 ^ clkbuf_0_clk/A (sky130_fd_sc_hd__clkbuf_16)
     2    0.018571    0.040655    0.135394    0.187426 ^ clkbuf_0_clk/X (sky130_fd_sc_hd__clkbuf_16)
                                                         clknet_0_clk (net)
                      0.040656    0.000469    0.187896 ^ clkbuf_1_0__f_clk/A (sky130_fd_sc_hd__clkbuf_16)
    10    0.036815    0.056861    0.137697    0.325593 ^ clkbuf_1_0__f_clk/X (sky130_fd_sc_hd__clkbuf_16)
                                                         clknet_1_0__leaf_clk (net)
                      0.056879    0.000817    0.326410 ^ _167_/CLK (sky130_fd_sc_hd__dfxtp_1)
     4    0.019910    0.192084    0.414695    0.741105 ^ _167_/Q (sky130_fd_sc_hd__dfxtp_1)
                                                         net18 (net)
                      0.192090    0.001282    0.742386 ^ _075_/A (sky130_fd_sc_hd__inv_2)
     1    0.002719    0.035043    0.039816    0.782202 v _075_/Y (sky130_fd_sc_hd__inv_2)
                                                         net26 (net)
                      0.035043    0.000086    0.782288 v output26/A (sky130_fd_sc_hd__buf_2)
     1    0.034607    0.090430    0.176234    0.958522 v output26/X (sky130_fd_sc_hd__buf_2)
                                                         dac_in_n[6] (net)
                      0.090439    0.000919    0.959441 v dac_in_n[6] (out)
                                              0.959441   data arrival time

                                 50.000000   50.000000   clock clk (rise edge)
                                  0.000000   50.000000   clock network delay (propagated)
                                 -0.250000   49.749996   clock uncertainty
                                  0.000000   49.749996   clock reconvergence pessimism
                                -10.000000   39.749996   output external delay
                                             39.749996   data required time
---------------------------------------------------------------------------------------------
                                             39.749996   data required time
                                             -0.959441   data arrival time
---------------------------------------------------------------------------------------------
                                             38.790554   slack (MET)


Startpoint: _166_ (rising edge-triggered flip-flop clocked by clk)
Endpoint: dac_in_n[5] (output port clocked by clk)
Path Group: clk
Path Type: max

Fanout         Cap        Slew       Delay        Time   Description
---------------------------------------------------------------------------------------------
                                  0.000000    0.000000   clock clk (rise edge)
                                  0.000000    0.000000   clock source latency
     1    0.015612    0.076138    0.052032    0.052032 ^ clk (in)
                                                         clk (net)
                      0.076141    0.000000    0.052032 ^ clkbuf_0_clk/A (sky130_fd_sc_hd__clkbuf_16)
     2    0.018571    0.040655    0.135394    0.187426 ^ clkbuf_0_clk/X (sky130_fd_sc_hd__clkbuf_16)
                                                         clknet_0_clk (net)
                      0.040656    0.000394    0.187821 ^ clkbuf_1_1__f_clk/A (sky130_fd_sc_hd__clkbuf_16)
    12    0.034357    0.054720    0.135940    0.323761 ^ clkbuf_1_1__f_clk/X (sky130_fd_sc_hd__clkbuf_16)
                                                         clknet_1_1__leaf_clk (net)
                      0.054737    0.000742    0.324503 ^ _166_/CLK (sky130_fd_sc_hd__dfxtp_1)
     3    0.015416    0.151511    0.385373    0.709876 ^ _166_/Q (sky130_fd_sc_hd__dfxtp_1)
                                                         net17 (net)
                      0.151511    0.000389    0.710265 ^ _076_/A (sky130_fd_sc_hd__inv_2)
     2    0.008571    0.044526    0.059736    0.770001 v _076_/Y (sky130_fd_sc_hd__inv_2)
                                                         net25 (net)
                      0.044526    0.000193    0.770194 v output25/A (sky130_fd_sc_hd__buf_2)
     1    0.035001    0.091269    0.180941    0.951135 v output25/X (sky130_fd_sc_hd__buf_2)
                                                         dac_in_n[5] (net)
                      0.091282    0.001066    0.952201 v dac_in_n[5] (out)
                                              0.952201   data arrival time

                                 50.000000   50.000000   clock clk (rise edge)
                                  0.000000   50.000000   clock network delay (propagated)
                                 -0.250000   49.749996   clock uncertainty
                                  0.000000   49.749996   clock reconvergence pessimism
                                -10.000000   39.749996   output external delay
                                             39.749996   data required time
---------------------------------------------------------------------------------------------
                                             39.749996   data required time
                                             -0.952201   data arrival time
---------------------------------------------------------------------------------------------
                                             38.797794   slack (MET)


Startpoint: _166_ (rising edge-triggered flip-flop clocked by clk)
Endpoint: dac_in[5] (output port clocked by clk)
Path Group: clk
Path Type: max

Fanout         Cap        Slew       Delay        Time   Description
---------------------------------------------------------------------------------------------
                                  0.000000    0.000000   clock clk (rise edge)
                                  0.000000    0.000000   clock source latency
     1    0.015612    0.076138    0.052032    0.052032 ^ clk (in)
                                                         clk (net)
                      0.076141    0.000000    0.052032 ^ clkbuf_0_clk/A (sky130_fd_sc_hd__clkbuf_16)
     2    0.018571    0.040655    0.135394    0.187426 ^ clkbuf_0_clk/X (sky130_fd_sc_hd__clkbuf_16)
                                                         clknet_0_clk (net)
                      0.040656    0.000394    0.187821 ^ clkbuf_1_1__f_clk/A (sky130_fd_sc_hd__clkbuf_16)
    12    0.034357    0.054720    0.135940    0.323761 ^ clkbuf_1_1__f_clk/X (sky130_fd_sc_hd__clkbuf_16)
                                                         clknet_1_1__leaf_clk (net)
                      0.054737    0.000742    0.324503 ^ _166_/CLK (sky130_fd_sc_hd__dfxtp_1)
     3    0.015416    0.151511    0.385373    0.709876 ^ _166_/Q (sky130_fd_sc_hd__dfxtp_1)
                                                         net17 (net)
                      0.151511    0.000414    0.710290 ^ output17/A (sky130_fd_sc_hd__buf_2)
     1    0.034455    0.171548    0.234964    0.945254 ^ output17/X (sky130_fd_sc_hd__buf_2)
                                                         dac_in[5] (net)
                      0.171550    0.000865    0.946119 ^ dac_in[5] (out)
                                              0.946119   data arrival time

                                 50.000000   50.000000   clock clk (rise edge)
                                  0.000000   50.000000   clock network delay (propagated)
                                 -0.250000   49.749996   clock uncertainty
                                  0.000000   49.749996   clock reconvergence pessimism
                                -10.000000   39.749996   output external delay
                                             39.749996   data required time
---------------------------------------------------------------------------------------------
                                             39.749996   data required time
                                             -0.946119   data arrival time
---------------------------------------------------------------------------------------------
                                             38.803875   slack (MET)


Startpoint: _168_ (rising edge-triggered flip-flop clocked by clk)
Endpoint: dac_in_n[7] (output port clocked by clk)
Path Group: clk
Path Type: max

Fanout         Cap        Slew       Delay        Time   Description
---------------------------------------------------------------------------------------------
                                  0.000000    0.000000   clock clk (rise edge)
                                  0.000000    0.000000   clock source latency
     1    0.015612    0.076138    0.052032    0.052032 ^ clk (in)
                                                         clk (net)
                      0.076141    0.000000    0.052032 ^ clkbuf_0_clk/A (sky130_fd_sc_hd__clkbuf_16)
     2    0.018571    0.040655    0.135394    0.187426 ^ clkbuf_0_clk/X (sky130_fd_sc_hd__clkbuf_16)
                                                         clknet_0_clk (net)
                      0.040656    0.000469    0.187896 ^ clkbuf_1_0__f_clk/A (sky130_fd_sc_hd__clkbuf_16)
    10    0.036815    0.056861    0.137697    0.325593 ^ clkbuf_1_0__f_clk/X (sky130_fd_sc_hd__clkbuf_16)
                                                         clknet_1_0__leaf_clk (net)
                      0.056878    0.000789    0.326382 ^ _168_/CLK (sky130_fd_sc_hd__dfxtp_1)
     3    0.012492    0.125209    0.367422    0.693804 ^ _168_/Q (sky130_fd_sc_hd__dfxtp_1)
                                                         net19 (net)
                      0.125209    0.000383    0.694186 ^ _074_/A (sky130_fd_sc_hd__inv_2)
     2    0.010294    0.044545    0.061581    0.755768 v _074_/Y (sky130_fd_sc_hd__inv_2)
                                                         net27 (net)
                      0.044546    0.000289    0.756057 v output27/A (sky130_fd_sc_hd__buf_2)
     1    0.034750    0.090694    0.180549    0.936606 v output27/X (sky130_fd_sc_hd__buf_2)
                                                         dac_in_n[7] (net)
                      0.090704    0.000978    0.937584 v dac_in_n[7] (out)
                                              0.937584   data arrival time

                                 50.000000   50.000000   clock clk (rise edge)
                                  0.000000   50.000000   clock network delay (propagated)
                                 -0.250000   49.749996   clock uncertainty
                                  0.000000   49.749996   clock reconvergence pessimism
                                -10.000000   39.749996   output external delay
                                             39.749996   data required time
---------------------------------------------------------------------------------------------
                                             39.749996   data required time
                                             -0.937584   data arrival time
---------------------------------------------------------------------------------------------
                                             38.812412   slack (MET)


Startpoint: _168_ (rising edge-triggered flip-flop clocked by clk)
Endpoint: dac_in[7] (output port clocked by clk)
Path Group: clk
Path Type: max

Fanout         Cap        Slew       Delay        Time   Description
---------------------------------------------------------------------------------------------
                                  0.000000    0.000000   clock clk (rise edge)
                                  0.000000    0.000000   clock source latency
     1    0.015612    0.076138    0.052032    0.052032 ^ clk (in)
                                                         clk (net)
                      0.076141    0.000000    0.052032 ^ clkbuf_0_clk/A (sky130_fd_sc_hd__clkbuf_16)
     2    0.018571    0.040655    0.135394    0.187426 ^ clkbuf_0_clk/X (sky130_fd_sc_hd__clkbuf_16)
                                                         clknet_0_clk (net)
                      0.040656    0.000469    0.187896 ^ clkbuf_1_0__f_clk/A (sky130_fd_sc_hd__clkbuf_16)
    10    0.036815    0.056861    0.137697    0.325593 ^ clkbuf_1_0__f_clk/X (sky130_fd_sc_hd__clkbuf_16)
                                                         clknet_1_0__leaf_clk (net)
                      0.056878    0.000789    0.326382 ^ _168_/CLK (sky130_fd_sc_hd__dfxtp_1)
     3    0.012492    0.125209    0.367422    0.693804 ^ _168_/Q (sky130_fd_sc_hd__dfxtp_1)
                                                         net19 (net)
                      0.125209    0.000231    0.694034 ^ output19/A (sky130_fd_sc_hd__buf_2)
     1    0.034711    0.172727    0.228634    0.922668 ^ output19/X (sky130_fd_sc_hd__buf_2)
                                                         dac_in[7] (net)
                      0.172730    0.000961    0.923629 ^ dac_in[7] (out)
                                              0.923629   data arrival time

                                 50.000000   50.000000   clock clk (rise edge)
                                  0.000000   50.000000   clock network delay (propagated)
                                 -0.250000   49.749996   clock uncertainty
                                  0.000000   49.749996   clock reconvergence pessimism
                                -10.000000   39.749996   output external delay
                                             39.749996   data required time
---------------------------------------------------------------------------------------------
                                             39.749996   data required time
                                             -0.923629   data arrival time
---------------------------------------------------------------------------------------------
                                             38.826366   slack (MET)


Startpoint: _154_ (rising edge-triggered flip-flop clocked by clk)
Endpoint: adc_out[1] (output port clocked by clk)
Path Group: clk
Path Type: max

Fanout         Cap        Slew       Delay        Time   Description
---------------------------------------------------------------------------------------------
                                  0.000000    0.000000   clock clk (rise edge)
                                  0.000000    0.000000   clock source latency
     1    0.015612    0.076138    0.052032    0.052032 ^ clk (in)
                                                         clk (net)
                      0.076141    0.000000    0.052032 ^ clkbuf_0_clk/A (sky130_fd_sc_hd__clkbuf_16)
     2    0.018571    0.040655    0.135394    0.187426 ^ clkbuf_0_clk/X (sky130_fd_sc_hd__clkbuf_16)
                                                         clknet_0_clk (net)
                      0.040656    0.000394    0.187821 ^ clkbuf_1_1__f_clk/A (sky130_fd_sc_hd__clkbuf_16)
    12    0.034357    0.054720    0.135940    0.323761 ^ clkbuf_1_1__f_clk/X (sky130_fd_sc_hd__clkbuf_16)
                                                         clknet_1_1__leaf_clk (net)
                      0.054743    0.000843    0.324604 ^ _154_/CLK (sky130_fd_sc_hd__dfxtp_1)
     2    0.008169    0.086814    0.338718    0.663322 ^ _154_/Q (sky130_fd_sc_hd__dfxtp_1)
                                                         net4 (net)
                      0.086814    0.000353    0.663674 ^ output4/A (sky130_fd_sc_hd__buf_2)
     1    0.034502    0.171496    0.214238    0.877913 ^ output4/X (sky130_fd_sc_hd__buf_2)
                                                         adc_out[1] (net)
                      0.171496    0.000703    0.878616 ^ adc_out[1] (out)
                                              0.878616   data arrival time

                                 50.000000   50.000000   clock clk (rise edge)
                                  0.000000   50.000000   clock network delay (propagated)
                                 -0.250000   49.749996   clock uncertainty
                                  0.000000   49.749996   clock reconvergence pessimism
                                -10.000000   39.749996   output external delay
                                             39.749996   data required time
---------------------------------------------------------------------------------------------
                                             39.749996   data required time
                                             -0.878616   data arrival time
---------------------------------------------------------------------------------------------
                                             38.871384   slack (MET)


Startpoint: _153_ (rising edge-triggered flip-flop clocked by clk)
Endpoint: adc_out[0] (output port clocked by clk)
Path Group: clk
Path Type: max

Fanout         Cap        Slew       Delay        Time   Description
---------------------------------------------------------------------------------------------
                                  0.000000    0.000000   clock clk (rise edge)
                                  0.000000    0.000000   clock source latency
     1    0.015612    0.076138    0.052032    0.052032 ^ clk (in)
                                                         clk (net)
                      0.076141    0.000000    0.052032 ^ clkbuf_0_clk/A (sky130_fd_sc_hd__clkbuf_16)
     2    0.018571    0.040655    0.135394    0.187426 ^ clkbuf_0_clk/X (sky130_fd_sc_hd__clkbuf_16)
                                                         clknet_0_clk (net)
                      0.040656    0.000394    0.187821 ^ clkbuf_1_1__f_clk/A (sky130_fd_sc_hd__clkbuf_16)
    12    0.034357    0.054720    0.135940    0.323761 ^ clkbuf_1_1__f_clk/X (sky130_fd_sc_hd__clkbuf_16)
                                                         clknet_1_1__leaf_clk (net)
                      0.054748    0.000932    0.324693 ^ _153_/CLK (sky130_fd_sc_hd__dfxtp_1)
     2    0.007190    0.078239    0.332335    0.657028 ^ _153_/Q (sky130_fd_sc_hd__dfxtp_1)
                                                         net3 (net)
                      0.078239    0.000236    0.657264 ^ output3/A (sky130_fd_sc_hd__buf_2)
     1    0.035049    0.174073    0.212599    0.869863 ^ output3/X (sky130_fd_sc_hd__buf_2)
                                                         adc_out[0] (net)
                      0.174078    0.001133    0.870996 ^ adc_out[0] (out)
                                              0.870996   data arrival time

                                 50.000000   50.000000   clock clk (rise edge)
                                  0.000000   50.000000   clock network delay (propagated)
                                 -0.250000   49.749996   clock uncertainty
                                  0.000000   49.749996   clock reconvergence pessimism
                                -10.000000   39.749996   output external delay
                                             39.749996   data required time
---------------------------------------------------------------------------------------------
                                             39.749996   data required time
                                             -0.870996   data arrival time
---------------------------------------------------------------------------------------------
                                             38.878998   slack (MET)


Startpoint: _156_ (rising edge-triggered flip-flop clocked by clk)
Endpoint: adc_out[3] (output port clocked by clk)
Path Group: clk
Path Type: max

Fanout         Cap        Slew       Delay        Time   Description
---------------------------------------------------------------------------------------------
                                  0.000000    0.000000   clock clk (rise edge)
                                  0.000000    0.000000   clock source latency
     1    0.015612    0.076138    0.052032    0.052032 ^ clk (in)
                                                         clk (net)
                      0.076141    0.000000    0.052032 ^ clkbuf_0_clk/A (sky130_fd_sc_hd__clkbuf_16)
     2    0.018571    0.040655    0.135394    0.187426 ^ clkbuf_0_clk/X (sky130_fd_sc_hd__clkbuf_16)
                                                         clknet_0_clk (net)
                      0.040656    0.000394    0.187821 ^ clkbuf_1_1__f_clk/A (sky130_fd_sc_hd__clkbuf_16)
    12    0.034357    0.054720    0.135940    0.323761 ^ clkbuf_1_1__f_clk/X (sky130_fd_sc_hd__clkbuf_16)
                                                         clknet_1_1__leaf_clk (net)
                      0.054748    0.000925    0.324686 ^ _156_/CLK (sky130_fd_sc_hd__dfxtp_1)
     2    0.006799    0.074815    0.329761    0.654448 ^ _156_/Q (sky130_fd_sc_hd__dfxtp_1)
                                                         net6 (net)
                      0.074815    0.000195    0.654642 ^ output6/A (sky130_fd_sc_hd__buf_2)
     1    0.034861    0.173125    0.210912    0.865554 ^ output6/X (sky130_fd_sc_hd__buf_2)
                                                         adc_out[3] (net)
                      0.173127    0.000843    0.866398 ^ adc_out[3] (out)
                                              0.866398   data arrival time

                                 50.000000   50.000000   clock clk (rise edge)
                                  0.000000   50.000000   clock network delay (propagated)
                                 -0.250000   49.749996   clock uncertainty
                                  0.000000   49.749996   clock reconvergence pessimism
                                -10.000000   39.749996   output external delay
                                             39.749996   data required time
---------------------------------------------------------------------------------------------
                                             39.749996   data required time
                                             -0.866398   data arrival time
---------------------------------------------------------------------------------------------
                                             38.883598   slack (MET)


Startpoint: _160_ (rising edge-triggered flip-flop clocked by clk)
Endpoint: adc_out[7] (output port clocked by clk)
Path Group: clk
Path Type: max

Fanout         Cap        Slew       Delay        Time   Description
---------------------------------------------------------------------------------------------
                                  0.000000    0.000000   clock clk (rise edge)
                                  0.000000    0.000000   clock source latency
     1    0.015612    0.076138    0.052032    0.052032 ^ clk (in)
                                                         clk (net)
                      0.076141    0.000000    0.052032 ^ clkbuf_0_clk/A (sky130_fd_sc_hd__clkbuf_16)
     2    0.018571    0.040655    0.135394    0.187426 ^ clkbuf_0_clk/X (sky130_fd_sc_hd__clkbuf_16)
                                                         clknet_0_clk (net)
                      0.040656    0.000394    0.187821 ^ clkbuf_1_1__f_clk/A (sky130_fd_sc_hd__clkbuf_16)
    12    0.034357    0.054720    0.135940    0.323761 ^ clkbuf_1_1__f_clk/X (sky130_fd_sc_hd__clkbuf_16)
                                                         clknet_1_1__leaf_clk (net)
                      0.054739    0.000774    0.324535 ^ _160_/CLK (sky130_fd_sc_hd__dfxtp_1)
     2    0.006380    0.071150    0.327007    0.651542 ^ _160_/Q (sky130_fd_sc_hd__dfxtp_1)
                                                         net10 (net)
                      0.071150    0.000183    0.651726 ^ output10/A (sky130_fd_sc_hd__buf_2)
     1    0.035334    0.175341    0.211010    0.862736 ^ output10/X (sky130_fd_sc_hd__buf_2)
                                                         adc_out[7] (net)
                      0.175344    0.001017    0.863752 ^ adc_out[7] (out)
                                              0.863752   data arrival time

                                 50.000000   50.000000   clock clk (rise edge)
                                  0.000000   50.000000   clock network delay (propagated)
                                 -0.250000   49.749996   clock uncertainty
                                  0.000000   49.749996   clock reconvergence pessimism
                                -10.000000   39.749996   output external delay
                                             39.749996   data required time
---------------------------------------------------------------------------------------------
                                             39.749996   data required time
                                             -0.863752   data arrival time
---------------------------------------------------------------------------------------------
                                             38.886242   slack (MET)


Startpoint: _159_ (rising edge-triggered flip-flop clocked by clk)
Endpoint: adc_out[6] (output port clocked by clk)
Path Group: clk
Path Type: max

Fanout         Cap        Slew       Delay        Time   Description
---------------------------------------------------------------------------------------------
                                  0.000000    0.000000   clock clk (rise edge)
                                  0.000000    0.000000   clock source latency
     1    0.015612    0.076138    0.052032    0.052032 ^ clk (in)
                                                         clk (net)
                      0.076141    0.000000    0.052032 ^ clkbuf_0_clk/A (sky130_fd_sc_hd__clkbuf_16)
     2    0.018571    0.040655    0.135394    0.187426 ^ clkbuf_0_clk/X (sky130_fd_sc_hd__clkbuf_16)
                                                         clknet_0_clk (net)
                      0.040656    0.000394    0.187821 ^ clkbuf_1_1__f_clk/A (sky130_fd_sc_hd__clkbuf_16)
    12    0.034357    0.054720    0.135940    0.323761 ^ clkbuf_1_1__f_clk/X (sky130_fd_sc_hd__clkbuf_16)
                                                         clknet_1_1__leaf_clk (net)
                      0.054762    0.001173    0.324934 ^ _159_/CLK (sky130_fd_sc_hd__dfxtp_1)
     2    0.006014    0.067956    0.324598    0.649532 ^ _159_/Q (sky130_fd_sc_hd__dfxtp_1)
                                                         net9 (net)
                      0.067956    0.000137    0.649669 ^ output9/A (sky130_fd_sc_hd__buf_2)
     1    0.035149    0.174448    0.209260    0.858929 ^ output9/X (sky130_fd_sc_hd__buf_2)
                                                         adc_out[6] (net)
                      0.174451    0.000955    0.859884 ^ adc_out[6] (out)
                                              0.859884   data arrival time

                                 50.000000   50.000000   clock clk (rise edge)
                                  0.000000   50.000000   clock network delay (propagated)
                                 -0.250000   49.749996   clock uncertainty
                                  0.000000   49.749996   clock reconvergence pessimism
                                -10.000000   39.749996   output external delay
                                             39.749996   data required time
---------------------------------------------------------------------------------------------
                                             39.749996   data required time
                                             -0.859884   data arrival time
---------------------------------------------------------------------------------------------
                                             38.890110   slack (MET)


Startpoint: _157_ (rising edge-triggered flip-flop clocked by clk)
Endpoint: adc_out[4] (output port clocked by clk)
Path Group: clk
Path Type: max

Fanout         Cap        Slew       Delay        Time   Description
---------------------------------------------------------------------------------------------
                                  0.000000    0.000000   clock clk (rise edge)
                                  0.000000    0.000000   clock source latency
     1    0.015612    0.076138    0.052032    0.052032 ^ clk (in)
                                                         clk (net)
                      0.076141    0.000000    0.052032 ^ clkbuf_0_clk/A (sky130_fd_sc_hd__clkbuf_16)
     2    0.018571    0.040655    0.135394    0.187426 ^ clkbuf_0_clk/X (sky130_fd_sc_hd__clkbuf_16)
                                                         clknet_0_clk (net)
                      0.040656    0.000394    0.187821 ^ clkbuf_1_1__f_clk/A (sky130_fd_sc_hd__clkbuf_16)
    12    0.034357    0.054720    0.135940    0.323761 ^ clkbuf_1_1__f_clk/X (sky130_fd_sc_hd__clkbuf_16)
                                                         clknet_1_1__leaf_clk (net)
                      0.054760    0.001134    0.324895 ^ _157_/CLK (sky130_fd_sc_hd__dfxtp_1)
     2    0.005537    0.063805    0.321460    0.646356 ^ _157_/Q (sky130_fd_sc_hd__dfxtp_1)
                                                         net7 (net)
                      0.063805    0.000132    0.646487 ^ output7/A (sky130_fd_sc_hd__buf_2)
     1    0.034612    0.171890    0.206067    0.852555 ^ output7/X (sky130_fd_sc_hd__buf_2)
                                                         adc_out[4] (net)
                      0.171891    0.000787    0.853342 ^ adc_out[4] (out)
                                              0.853342   data arrival time

                                 50.000000   50.000000   clock clk (rise edge)
                                  0.000000   50.000000   clock network delay (propagated)
                                 -0.250000   49.749996   clock uncertainty
                                  0.000000   49.749996   clock reconvergence pessimism
                                -10.000000   39.749996   output external delay
                                             39.749996   data required time
---------------------------------------------------------------------------------------------
                                             39.749996   data required time
                                             -0.853342   data arrival time
---------------------------------------------------------------------------------------------
                                             38.896656   slack (MET)


Startpoint: _155_ (rising edge-triggered flip-flop clocked by clk)
Endpoint: adc_out[2] (output port clocked by clk)
Path Group: clk
Path Type: max

Fanout         Cap        Slew       Delay        Time   Description
---------------------------------------------------------------------------------------------
                                  0.000000    0.000000   clock clk (rise edge)
                                  0.000000    0.000000   clock source latency
     1    0.015612    0.076138    0.052032    0.052032 ^ clk (in)
                                                         clk (net)
                      0.076141    0.000000    0.052032 ^ clkbuf_0_clk/A (sky130_fd_sc_hd__clkbuf_16)
     2    0.018571    0.040655    0.135394    0.187426 ^ clkbuf_0_clk/X (sky130_fd_sc_hd__clkbuf_16)
                                                         clknet_0_clk (net)
                      0.040656    0.000394    0.187821 ^ clkbuf_1_1__f_clk/A (sky130_fd_sc_hd__clkbuf_16)
    12    0.034357    0.054720    0.135940    0.323761 ^ clkbuf_1_1__f_clk/X (sky130_fd_sc_hd__clkbuf_16)
                                                         clknet_1_1__leaf_clk (net)
                      0.054755    0.001052    0.324813 ^ _155_/CLK (sky130_fd_sc_hd__dfxtp_1)
     2    0.005449    0.063045    0.320882    0.645695 ^ _155_/Q (sky130_fd_sc_hd__dfxtp_1)
                                                         net5 (net)
                      0.063045    0.000130    0.645825 ^ output5/A (sky130_fd_sc_hd__buf_2)
     1    0.034851    0.173000    0.206573    0.852398 ^ output5/X (sky130_fd_sc_hd__buf_2)
                                                         adc_out[2] (net)
                      0.173001    0.000796    0.853194 ^ adc_out[2] (out)
                                              0.853194   data arrival time

                                 50.000000   50.000000   clock clk (rise edge)
                                  0.000000   50.000000   clock network delay (propagated)
                                 -0.250000   49.749996   clock uncertainty
                                  0.000000   49.749996   clock reconvergence pessimism
                                -10.000000   39.749996   output external delay
                                             39.749996   data required time
---------------------------------------------------------------------------------------------
                                             39.749996   data required time
                                             -0.853194   data arrival time
---------------------------------------------------------------------------------------------
                                             38.896801   slack (MET)


Startpoint: _158_ (rising edge-triggered flip-flop clocked by clk)
Endpoint: adc_out[5] (output port clocked by clk)
Path Group: clk
Path Type: max

Fanout         Cap        Slew       Delay        Time   Description
---------------------------------------------------------------------------------------------
                                  0.000000    0.000000   clock clk (rise edge)
                                  0.000000    0.000000   clock source latency
     1    0.015612    0.076138    0.052032    0.052032 ^ clk (in)
                                                         clk (net)
                      0.076141    0.000000    0.052032 ^ clkbuf_0_clk/A (sky130_fd_sc_hd__clkbuf_16)
     2    0.018571    0.040655    0.135394    0.187426 ^ clkbuf_0_clk/X (sky130_fd_sc_hd__clkbuf_16)
                                                         clknet_0_clk (net)
                      0.040656    0.000394    0.187821 ^ clkbuf_1_1__f_clk/A (sky130_fd_sc_hd__clkbuf_16)
    12    0.034357    0.054720    0.135940    0.323761 ^ clkbuf_1_1__f_clk/X (sky130_fd_sc_hd__clkbuf_16)
                                                         clknet_1_1__leaf_clk (net)
                      0.054762    0.001171    0.324932 ^ _158_/CLK (sky130_fd_sc_hd__dfxtp_1)
     2    0.005236    0.061203    0.319485    0.644416 ^ _158_/Q (sky130_fd_sc_hd__dfxtp_1)
                                                         net8 (net)
                      0.061203    0.000123    0.644539 ^ output8/A (sky130_fd_sc_hd__buf_2)
     1    0.034550    0.171578    0.204930    0.849469 ^ output8/X (sky130_fd_sc_hd__buf_2)
                                                         adc_out[5] (net)
                      0.171579    0.000747    0.850216 ^ adc_out[5] (out)
                                              0.850216   data arrival time

                                 50.000000   50.000000   clock clk (rise edge)
                                  0.000000   50.000000   clock network delay (propagated)
                                 -0.250000   49.749996   clock uncertainty
                                  0.000000   49.749996   clock reconvergence pessimism
                                -10.000000   39.749996   output external delay
                                             39.749996   data required time
---------------------------------------------------------------------------------------------
                                             39.749996   data required time
                                             -0.850216   data arrival time
---------------------------------------------------------------------------------------------
                                             38.899784   slack (MET)


Startpoint: rst_n (input port clocked by clk)
Endpoint: _160_ (rising edge-triggered flip-flop clocked by clk)
Path Group: clk
Path Type: max

Fanout         Cap        Slew       Delay        Time   Description
---------------------------------------------------------------------------------------------
                                  0.000000    0.000000   clock clk (rise edge)
                                  0.000000    0.000000   clock network delay (propagated)
                                 10.000000   10.000000 ^ input external delay
     1    0.003550    0.022985    0.012955   10.012956 ^ rst_n (in)
                                                         rst_n (net)
                      0.022992    0.000000   10.012956 ^ input2/A (sky130_fd_sc_hd__buf_1)
     2    0.013599    0.165584    0.157951   10.170906 ^ input2/X (sky130_fd_sc_hd__buf_1)
                                                         net2 (net)
                      0.165593    0.000987   10.171893 ^ _102_/C1 (sky130_fd_sc_hd__o211a_1)
     1    0.002087    0.037781    0.157276   10.329169 ^ _102_/X (sky130_fd_sc_hd__o211a_1)
                                                         _009_ (net)
                      0.037781    0.000043   10.329211 ^ hold3/A (sky130_fd_sc_hd__dlygate4sd3_1)
     1    0.002909    0.053847    0.533511   10.862722 ^ hold3/X (sky130_fd_sc_hd__dlygate4sd3_1)
                                                         net38 (net)
                      0.053847    0.000073   10.862796 ^ _160_/D (sky130_fd_sc_hd__dfxtp_1)
                                             10.862796   data arrival time

                                 50.000000   50.000000   clock clk (rise edge)
                                  0.000000   50.000000   clock source latency
     1    0.015612    0.076138    0.052033   50.052032 ^ clk (in)
                                                         clk (net)
                      0.076141    0.000000   50.052032 ^ clkbuf_0_clk/A (sky130_fd_sc_hd__clkbuf_16)
     2    0.018571    0.040655    0.135394   50.187424 ^ clkbuf_0_clk/X (sky130_fd_sc_hd__clkbuf_16)
                                                         clknet_0_clk (net)
                      0.040656    0.000394   50.187820 ^ clkbuf_1_1__f_clk/A (sky130_fd_sc_hd__clkbuf_16)
    12    0.034357    0.054720    0.135941   50.323761 ^ clkbuf_1_1__f_clk/X (sky130_fd_sc_hd__clkbuf_16)
                                                         clknet_1_1__leaf_clk (net)
                      0.054739    0.000774   50.324535 ^ _160_/CLK (sky130_fd_sc_hd__dfxtp_1)
                                 -0.250000   50.074535   clock uncertainty
                                  0.000000   50.074535   clock reconvergence pessimism
                                 -0.054645   50.019890   library setup time
                                             50.019890   data required time
---------------------------------------------------------------------------------------------
                                             50.019890   data required time
                                            -10.862796   data arrival time
---------------------------------------------------------------------------------------------
                                             39.157093   slack (MET)


Startpoint: rst_n (input port clocked by clk)
Endpoint: _159_ (rising edge-triggered flip-flop clocked by clk)
Path Group: clk
Path Type: max

Fanout         Cap        Slew       Delay        Time   Description
---------------------------------------------------------------------------------------------
                                  0.000000    0.000000   clock clk (rise edge)
                                  0.000000    0.000000   clock network delay (propagated)
                                 10.000000   10.000000 ^ input external delay
     1    0.003550    0.022985    0.012955   10.012956 ^ rst_n (in)
                                                         rst_n (net)
                      0.022992    0.000000   10.012956 ^ input2/A (sky130_fd_sc_hd__buf_1)
     2    0.013599    0.165584    0.157951   10.170906 ^ input2/X (sky130_fd_sc_hd__buf_1)
                                                         net2 (net)
                      0.165591    0.000873   10.171780 ^ fanout34/A (sky130_fd_sc_hd__buf_2)
    10    0.034255    0.170756    0.237588   10.409367 ^ fanout34/X (sky130_fd_sc_hd__buf_2)
                                                         net34 (net)
                      0.170777    0.001959   10.411326 ^ _100_/C1 (sky130_fd_sc_hd__o211a_1)
     1    0.002863    0.043495    0.164610   10.575936 ^ _100_/X (sky130_fd_sc_hd__o211a_1)
                                                         _008_ (net)
                      0.043495    0.000092   10.576029 ^ _159_/D (sky130_fd_sc_hd__dfxtp_1)
                                             10.576029   data arrival time

                                 50.000000   50.000000   clock clk (rise edge)
                                  0.000000   50.000000   clock source latency
     1    0.015612    0.076138    0.052033   50.052032 ^ clk (in)
                                                         clk (net)
                      0.076141    0.000000   50.052032 ^ clkbuf_0_clk/A (sky130_fd_sc_hd__clkbuf_16)
     2    0.018571    0.040655    0.135394   50.187424 ^ clkbuf_0_clk/X (sky130_fd_sc_hd__clkbuf_16)
                                                         clknet_0_clk (net)
                      0.040656    0.000394   50.187820 ^ clkbuf_1_1__f_clk/A (sky130_fd_sc_hd__clkbuf_16)
    12    0.034357    0.054720    0.135941   50.323761 ^ clkbuf_1_1__f_clk/X (sky130_fd_sc_hd__clkbuf_16)
                                                         clknet_1_1__leaf_clk (net)
                      0.054762    0.001172   50.324932 ^ _159_/CLK (sky130_fd_sc_hd__dfxtp_1)
                                 -0.250000   50.074932   clock uncertainty
                                  0.000000   50.074932   clock reconvergence pessimism
                                 -0.052254   50.022678   library setup time
                                             50.022678   data required time
---------------------------------------------------------------------------------------------
                                             50.022678   data required time
                                            -10.576029   data arrival time
---------------------------------------------------------------------------------------------
                                             39.446651   slack (MET)


Startpoint: rst_n (input port clocked by clk)
Endpoint: _153_ (rising edge-triggered flip-flop clocked by clk)
Path Group: clk
Path Type: max

Fanout         Cap        Slew       Delay        Time   Description
---------------------------------------------------------------------------------------------
                                  0.000000    0.000000   clock clk (rise edge)
                                  0.000000    0.000000   clock network delay (propagated)
                                 10.000000   10.000000 ^ input external delay
     1    0.003550    0.022985    0.012955   10.012956 ^ rst_n (in)
                                                         rst_n (net)
                      0.022992    0.000000   10.012956 ^ input2/A (sky130_fd_sc_hd__buf_1)
     2    0.013599    0.165584    0.157951   10.170906 ^ input2/X (sky130_fd_sc_hd__buf_1)
                                                         net2 (net)
                      0.165591    0.000873   10.171780 ^ fanout34/A (sky130_fd_sc_hd__buf_2)
    10    0.034255    0.170756    0.237588   10.409367 ^ fanout34/X (sky130_fd_sc_hd__buf_2)
                                                         net34 (net)
                      0.170771    0.001728   10.411096 ^ _088_/C1 (sky130_fd_sc_hd__o211a_1)
     1    0.002636    0.042272    0.162856   10.573951 ^ _088_/X (sky130_fd_sc_hd__o211a_1)
                                                         _002_ (net)
                      0.042293    0.000061   10.574012 ^ _153_/D (sky130_fd_sc_hd__dfxtp_1)
                                             10.574012   data arrival time

                                 50.000000   50.000000   clock clk (rise edge)
                                  0.000000   50.000000   clock source latency
     1    0.015612    0.076138    0.052033   50.052032 ^ clk (in)
                                                         clk (net)
                      0.076141    0.000000   50.052032 ^ clkbuf_0_clk/A (sky130_fd_sc_hd__clkbuf_16)
     2    0.018571    0.040655    0.135394   50.187424 ^ clkbuf_0_clk/X (sky130_fd_sc_hd__clkbuf_16)
                                                         clknet_0_clk (net)
                      0.040656    0.000394   50.187820 ^ clkbuf_1_1__f_clk/A (sky130_fd_sc_hd__clkbuf_16)
    12    0.034357    0.054720    0.135941   50.323761 ^ clkbuf_1_1__f_clk/X (sky130_fd_sc_hd__clkbuf_16)
                                                         clknet_1_1__leaf_clk (net)
                      0.054748    0.000931   50.324692 ^ _153_/CLK (sky130_fd_sc_hd__dfxtp_1)
                                 -0.250000   50.074692   clock uncertainty
                                  0.000000   50.074692   clock reconvergence pessimism
                                 -0.051978   50.022713   library setup time
                                             50.022713   data required time
---------------------------------------------------------------------------------------------
                                             50.022713   data required time
                                            -10.574012   data arrival time
---------------------------------------------------------------------------------------------
                                             39.448696   slack (MET)


Startpoint: rst_n (input port clocked by clk)
Endpoint: _156_ (rising edge-triggered flip-flop clocked by clk)
Path Group: clk
Path Type: max

Fanout         Cap        Slew       Delay        Time   Description
---------------------------------------------------------------------------------------------
                                  0.000000    0.000000   clock clk (rise edge)
                                  0.000000    0.000000   clock network delay (propagated)
                                 10.000000   10.000000 ^ input external delay
     1    0.003550    0.022985    0.012955   10.012956 ^ rst_n (in)
                                                         rst_n (net)
                      0.022992    0.000000   10.012956 ^ input2/A (sky130_fd_sc_hd__buf_1)
     2    0.013599    0.165584    0.157951   10.170906 ^ input2/X (sky130_fd_sc_hd__buf_1)
                                                         net2 (net)
                      0.165591    0.000873   10.171780 ^ fanout34/A (sky130_fd_sc_hd__buf_2)
    10    0.034255    0.170756    0.237588   10.409367 ^ fanout34/X (sky130_fd_sc_hd__buf_2)
                                                         net34 (net)
                      0.170769    0.001632   10.410998 ^ _094_/C1 (sky130_fd_sc_hd__o211a_1)
     1    0.002352    0.039682    0.160648   10.571647 ^ _094_/X (sky130_fd_sc_hd__o211a_1)
                                                         _005_ (net)
                      0.039682    0.000051   10.571697 ^ _156_/D (sky130_fd_sc_hd__dfxtp_1)
                                             10.571697   data arrival time

                                 50.000000   50.000000   clock clk (rise edge)
                                  0.000000   50.000000   clock source latency
     1    0.015612    0.076138    0.052033   50.052032 ^ clk (in)
                                                         clk (net)
                      0.076141    0.000000   50.052032 ^ clkbuf_0_clk/A (sky130_fd_sc_hd__clkbuf_16)
     2    0.018571    0.040655    0.135394   50.187424 ^ clkbuf_0_clk/X (sky130_fd_sc_hd__clkbuf_16)
                                                         clknet_0_clk (net)
                      0.040656    0.000394   50.187820 ^ clkbuf_1_1__f_clk/A (sky130_fd_sc_hd__clkbuf_16)
    12    0.034357    0.054720    0.135941   50.323761 ^ clkbuf_1_1__f_clk/X (sky130_fd_sc_hd__clkbuf_16)
                                                         clknet_1_1__leaf_clk (net)
                      0.054748    0.000924   50.324684 ^ _156_/CLK (sky130_fd_sc_hd__dfxtp_1)
                                 -0.250000   50.074684   clock uncertainty
                                  0.000000   50.074684   clock reconvergence pessimism
                                 -0.051376   50.023308   library setup time
                                             50.023308   data required time
---------------------------------------------------------------------------------------------
                                             50.023308   data required time
                                            -10.571697   data arrival time
---------------------------------------------------------------------------------------------
                                             39.451611   slack (MET)


Startpoint: rst_n (input port clocked by clk)
Endpoint: _157_ (rising edge-triggered flip-flop clocked by clk)
Path Group: clk
Path Type: max

Fanout         Cap        Slew       Delay        Time   Description
---------------------------------------------------------------------------------------------
                                  0.000000    0.000000   clock clk (rise edge)
                                  0.000000    0.000000   clock network delay (propagated)
                                 10.000000   10.000000 ^ input external delay
     1    0.003550    0.022985    0.012955   10.012956 ^ rst_n (in)
                                                         rst_n (net)
                      0.022992    0.000000   10.012956 ^ input2/A (sky130_fd_sc_hd__buf_1)
     2    0.013599    0.165584    0.157951   10.170906 ^ input2/X (sky130_fd_sc_hd__buf_1)
                                                         net2 (net)
                      0.165591    0.000873   10.171780 ^ fanout34/A (sky130_fd_sc_hd__buf_2)
    10    0.034255    0.170756    0.237588   10.409367 ^ fanout34/X (sky130_fd_sc_hd__buf_2)
                                                         net34 (net)
                      0.170776    0.001913   10.411280 ^ _096_/C1 (sky130_fd_sc_hd__o211a_1)
     1    0.002235    0.038873    0.159740   10.571020 ^ _096_/X (sky130_fd_sc_hd__o211a_1)
                                                         _006_ (net)
                      0.038873    0.000048   10.571068 ^ _157_/D (sky130_fd_sc_hd__dfxtp_1)
                                             10.571068   data arrival time

                                 50.000000   50.000000   clock clk (rise edge)
                                  0.000000   50.000000   clock source latency
     1    0.015612    0.076138    0.052033   50.052032 ^ clk (in)
                                                         clk (net)
                      0.076141    0.000000   50.052032 ^ clkbuf_0_clk/A (sky130_fd_sc_hd__clkbuf_16)
     2    0.018571    0.040655    0.135394   50.187424 ^ clkbuf_0_clk/X (sky130_fd_sc_hd__clkbuf_16)
                                                         clknet_0_clk (net)
                      0.040656    0.000394   50.187820 ^ clkbuf_1_1__f_clk/A (sky130_fd_sc_hd__clkbuf_16)
    12    0.034357    0.054720    0.135941   50.323761 ^ clkbuf_1_1__f_clk/X (sky130_fd_sc_hd__clkbuf_16)
                                                         clknet_1_1__leaf_clk (net)
                      0.054760    0.001133   50.324894 ^ _157_/CLK (sky130_fd_sc_hd__dfxtp_1)
                                 -0.250000   50.074894   clock uncertainty
                                  0.000000   50.074894   clock reconvergence pessimism
                                 -0.051188   50.023705   library setup time
                                             50.023705   data required time
---------------------------------------------------------------------------------------------
                                             50.023705   data required time
                                            -10.571068   data arrival time
---------------------------------------------------------------------------------------------
                                             39.452637   slack (MET)


Startpoint: rst_n (input port clocked by clk)
Endpoint: _155_ (rising edge-triggered flip-flop clocked by clk)
Path Group: clk
Path Type: max

Fanout         Cap        Slew       Delay        Time   Description
---------------------------------------------------------------------------------------------
                                  0.000000    0.000000   clock clk (rise edge)
                                  0.000000    0.000000   clock network delay (propagated)
                                 10.000000   10.000000 ^ input external delay
     1    0.003550    0.022985    0.012955   10.012956 ^ rst_n (in)
                                                         rst_n (net)
                      0.022992    0.000000   10.012956 ^ input2/A (sky130_fd_sc_hd__buf_1)
     2    0.013599    0.165584    0.157951   10.170906 ^ input2/X (sky130_fd_sc_hd__buf_1)
                                                         net2 (net)
                      0.165591    0.000873   10.171780 ^ fanout34/A (sky130_fd_sc_hd__buf_2)
    10    0.034255    0.170756    0.237588   10.409367 ^ fanout34/X (sky130_fd_sc_hd__buf_2)
                                                         net34 (net)
                      0.170773    0.001798   10.411164 ^ _092_/C1 (sky130_fd_sc_hd__o211a_1)
     1    0.002187    0.038922    0.159362   10.570527 ^ _092_/X (sky130_fd_sc_hd__o211a_1)
                                                         _004_ (net)
                      0.038922    0.000047   10.570574 ^ _155_/D (sky130_fd_sc_hd__dfxtp_1)
                                             10.570574   data arrival time

                                 50.000000   50.000000   clock clk (rise edge)
                                  0.000000   50.000000   clock source latency
     1    0.015612    0.076138    0.052033   50.052032 ^ clk (in)
                                                         clk (net)
                      0.076141    0.000000   50.052032 ^ clkbuf_0_clk/A (sky130_fd_sc_hd__clkbuf_16)
     2    0.018571    0.040655    0.135394   50.187424 ^ clkbuf_0_clk/X (sky130_fd_sc_hd__clkbuf_16)
                                                         clknet_0_clk (net)
                      0.040656    0.000394   50.187820 ^ clkbuf_1_1__f_clk/A (sky130_fd_sc_hd__clkbuf_16)
    12    0.034357    0.054720    0.135941   50.323761 ^ clkbuf_1_1__f_clk/X (sky130_fd_sc_hd__clkbuf_16)
                                                         clknet_1_1__leaf_clk (net)
                      0.054755    0.001052   50.324814 ^ _155_/CLK (sky130_fd_sc_hd__dfxtp_1)
                                 -0.250000   50.074810   clock uncertainty
                                  0.000000   50.074810   clock reconvergence pessimism
                                 -0.051200   50.023613   library setup time
                                             50.023613   data required time
---------------------------------------------------------------------------------------------
                                             50.023613   data required time
                                            -10.570574   data arrival time
---------------------------------------------------------------------------------------------
                                             39.453041   slack (MET)


Startpoint: rst_n (input port clocked by clk)
Endpoint: _154_ (rising edge-triggered flip-flop clocked by clk)
Path Group: clk
Path Type: max

Fanout         Cap        Slew       Delay        Time   Description
---------------------------------------------------------------------------------------------
                                  0.000000    0.000000   clock clk (rise edge)
                                  0.000000    0.000000   clock network delay (propagated)
                                 10.000000   10.000000 ^ input external delay
     1    0.003550    0.022985    0.012955   10.012956 ^ rst_n (in)
                                                         rst_n (net)
                      0.022992    0.000000   10.012956 ^ input2/A (sky130_fd_sc_hd__buf_1)
     2    0.013599    0.165584    0.157951   10.170906 ^ input2/X (sky130_fd_sc_hd__buf_1)
                                                         net2 (net)
                      0.165591    0.000873   10.171780 ^ fanout34/A (sky130_fd_sc_hd__buf_2)
    10    0.034255    0.170756    0.237588   10.409367 ^ fanout34/X (sky130_fd_sc_hd__buf_2)
                                                         net34 (net)
                      0.170764    0.001351   10.410718 ^ _090_/C1 (sky130_fd_sc_hd__o211a_1)
     1    0.002144    0.038240    0.159024   10.569742 ^ _090_/X (sky130_fd_sc_hd__o211a_1)
                                                         _003_ (net)
                      0.038240    0.000045   10.569787 ^ _154_/D (sky130_fd_sc_hd__dfxtp_1)
                                             10.569787   data arrival time

                                 50.000000   50.000000   clock clk (rise edge)
                                  0.000000   50.000000   clock source latency
     1    0.015612    0.076138    0.052033   50.052032 ^ clk (in)
                                                         clk (net)
                      0.076141    0.000000   50.052032 ^ clkbuf_0_clk/A (sky130_fd_sc_hd__clkbuf_16)
     2    0.018571    0.040655    0.135394   50.187424 ^ clkbuf_0_clk/X (sky130_fd_sc_hd__clkbuf_16)
                                                         clknet_0_clk (net)
                      0.040656    0.000394   50.187820 ^ clkbuf_1_1__f_clk/A (sky130_fd_sc_hd__clkbuf_16)
    12    0.034357    0.054720    0.135941   50.323761 ^ clkbuf_1_1__f_clk/X (sky130_fd_sc_hd__clkbuf_16)
                                                         clknet_1_1__leaf_clk (net)
                      0.054743    0.000842   50.324604 ^ _154_/CLK (sky130_fd_sc_hd__dfxtp_1)
                                 -0.250000   50.074600   clock uncertainty
                                  0.000000   50.074600   clock reconvergence pessimism
                                 -0.051044   50.023556   library setup time
                                             50.023556   data required time
---------------------------------------------------------------------------------------------
                                             50.023556   data required time
                                            -10.569787   data arrival time
---------------------------------------------------------------------------------------------
                                             39.453766   slack (MET)


Startpoint: rst_n (input port clocked by clk)
Endpoint: _158_ (rising edge-triggered flip-flop clocked by clk)
Path Group: clk
Path Type: max

Fanout         Cap        Slew       Delay        Time   Description
---------------------------------------------------------------------------------------------
                                  0.000000    0.000000   clock clk (rise edge)
                                  0.000000    0.000000   clock network delay (propagated)
                                 10.000000   10.000000 ^ input external delay
     1    0.003550    0.022985    0.012955   10.012956 ^ rst_n (in)
                                                         rst_n (net)
                      0.022992    0.000000   10.012956 ^ input2/A (sky130_fd_sc_hd__buf_1)
     2    0.013599    0.165584    0.157951   10.170906 ^ input2/X (sky130_fd_sc_hd__buf_1)
                                                         net2 (net)
                      0.165591    0.000873   10.171780 ^ fanout34/A (sky130_fd_sc_hd__buf_2)
    10    0.034255    0.170756    0.237588   10.409367 ^ fanout34/X (sky130_fd_sc_hd__buf_2)
                                                         net34 (net)
                      0.170777    0.001945   10.411312 ^ _098_/C1 (sky130_fd_sc_hd__o211a_1)
     1    0.002093    0.037888    0.158632   10.569944 ^ _098_/X (sky130_fd_sc_hd__o211a_1)
                                                         _007_ (net)
                      0.037888    0.000044   10.569988 ^ _158_/D (sky130_fd_sc_hd__dfxtp_1)
                                             10.569988   data arrival time

                                 50.000000   50.000000   clock clk (rise edge)
                                  0.000000   50.000000   clock source latency
     1    0.015612    0.076138    0.052033   50.052032 ^ clk (in)
                                                         clk (net)
                      0.076141    0.000000   50.052032 ^ clkbuf_0_clk/A (sky130_fd_sc_hd__clkbuf_16)
     2    0.018571    0.040655    0.135394   50.187424 ^ clkbuf_0_clk/X (sky130_fd_sc_hd__clkbuf_16)
                                                         clknet_0_clk (net)
                      0.040656    0.000394   50.187820 ^ clkbuf_1_1__f_clk/A (sky130_fd_sc_hd__clkbuf_16)
    12    0.034357    0.054720    0.135941   50.323761 ^ clkbuf_1_1__f_clk/X (sky130_fd_sc_hd__clkbuf_16)
                                                         clknet_1_1__leaf_clk (net)
                      0.054762    0.001169   50.324928 ^ _158_/CLK (sky130_fd_sc_hd__dfxtp_1)
                                 -0.250000   50.074928   clock uncertainty
                                  0.000000   50.074928   clock reconvergence pessimism
                                 -0.050960   50.023968   library setup time
                                             50.023968   data required time
---------------------------------------------------------------------------------------------
                                             50.023968   data required time
                                            -10.569988   data arrival time
---------------------------------------------------------------------------------------------
                                             39.453979   slack (MET)



%OL_END_REPORT
%OL_CREATE_REPORT checks.rpt

===========================================================================
report_checks -unconstrained
===========================================================================
======================= nom_tt_025C_1v80 Corner ===================================

Startpoint: _152_ (rising edge-triggered flip-flop clocked by clk')
Endpoint: comparator_clk (output port clocked by clk)
Path Group: clk
Path Type: max

Fanout         Cap        Slew       Delay        Time   Description
---------------------------------------------------------------------------------------------
                                 25.000000   25.000000   clock clk' (rise edge)
                                  0.000000   25.000000   clock source latency
     1    0.014618    0.034448    0.023787   25.023787 v clk (in)
                                                         clk (net)
                      0.034454    0.000000   25.023787 v clkbuf_0_clk/A (sky130_fd_sc_hd__clkbuf_16)
     2    0.016583    0.033210    0.139455   25.163240 v clkbuf_0_clk/X (sky130_fd_sc_hd__clkbuf_16)
                                                         clknet_0_clk (net)
                      0.033210    0.000350   25.163591 v clkbuf_1_1__f_clk/A (sky130_fd_sc_hd__clkbuf_16)
    12    0.032176    0.042236    0.150205   25.313797 v clkbuf_1_1__f_clk/X (sky130_fd_sc_hd__clkbuf_16)
                                                         clknet_1_1__leaf_clk (net)
                      0.042247    0.000743   25.314539 v _083__1/A (sky130_fd_sc_hd__inv_2)
     1    0.002284    0.020912    0.037188   25.351727 ^ _083__1/Y (sky130_fd_sc_hd__inv_2)
                                                         net35 (net)
                      0.020912    0.000048   25.351774 ^ _152_/CLK (sky130_fd_sc_hd__dfxtp_1)
     3    0.012625    0.126388    0.355016   25.706791 ^ _152_/Q (sky130_fd_sc_hd__dfxtp_1)
                                                         net11 (net)
                      0.126388    0.000320   25.707109 ^ output11/A (sky130_fd_sc_hd__buf_2)
     1    0.034971    0.173934    0.229843   25.936953 ^ output11/X (sky130_fd_sc_hd__buf_2)
                                                         comparator_clk (net)
                      0.173936    0.000917   25.937870 ^ comparator_clk (out)
                                             25.937870   data arrival time

                                 50.000000   50.000000   clock clk (rise edge)
                                  0.000000   50.000000   clock network delay (propagated)
                                 -0.250000   49.749996   clock uncertainty
                                  0.000000   49.749996   clock reconvergence pessimism
                                -10.000000   39.749996   output external delay
                                             39.749996   data required time
---------------------------------------------------------------------------------------------
                                             39.749996   data required time
                                            -25.937870   data arrival time
---------------------------------------------------------------------------------------------
                                             13.812127   slack (MET)




===========================================================================
report_checks --slack_max -0.01
============================================================================
======================= nom_tt_025C_1v80 Corner ===================================

No paths found.


===========================================================================
 report_check_types -max_slew -max_cap -max_fanout -violators
============================================================================
======================= nom_tt_025C_1v80 Corner ===================================

max fanout

Pin                                   Limit Fanout  Slack
---------------------------------------------------------
clkbuf_1_1__f_clk/X                      10     12     -2 (VIOLATED)



===========================================================================
report_parasitic_annotation -report_unannotated
============================================================================
Found 1 unannotated drivers.
 clkload0/Y
Found 0 partially unannotated drivers.

===========================================================================
max slew violation count 0
Writing metric design__max_slew_violation__count__corner:nom_tt_025C_1v80: 0
max fanout violation count 1
Writing metric design__max_fanout_violation__count__corner:nom_tt_025C_1v80: 1
max cap violation count 0
Writing metric design__max_cap_violation__count__corner:nom_tt_025C_1v80: 0
============================================================================

===========================================================================
check_setup -verbose -unconstrained_endpoints -multiple_clock -no_clock -no_input_delay -loops -generated_clocks
===========================================================================
%OL_END_REPORT
%OL_CREATE_REPORT power.rpt

===========================================================================
 report_power
============================================================================
======================= nom_tt_025C_1v80 Corner ===================================

Group                    Internal    Switching      Leakage        Total
                            Power        Power        Power        Power (Watts)
------------------------------------------------------------------------
Sequential           1.716990e-05 4.389548e-07 1.708741e-10 1.760903e-05  45.3%
Combinational        1.510991e-06 2.859270e-06 5.039780e-10 4.370764e-06  11.3%
Clock                1.089655e-05 5.963293e-06 1.061648e-10 1.685995e-05  43.4%
Macro                0.000000e+00 0.000000e+00 0.000000e+00 0.000000e+00   0.0%
Pad                  0.000000e+00 0.000000e+00 0.000000e+00 0.000000e+00   0.0%
------------------------------------------------------------------------
Total                2.957743e-05 9.261518e-06 7.810159e-10 3.883973e-05 100.0%
                            76.2%        23.8%         0.0%
Writing metric power__internal__total: 2.9577433451777324e-5
Writing metric power__switching__total: 9.261518243874889e-6
Writing metric power__leakage__total: 7.810159186050214e-10
Writing metric power__total: 3.883973477059044e-5

%OL_END_REPORT
%OL_CREATE_REPORT skew.min.rpt

===========================================================================
Clock Skew (Hold)
============================================================================
Writing metric clock__skew__worst_hold__corner:nom_tt_025C_1v80: -0.2506548095584432
======================= nom_tt_025C_1v80 Corner ===================================

Clock clk
0.324240 source latency _165_/CLK ^
-0.324895 target latency _157_/CLK ^
-0.250000 clock uncertainty
0.000000 CRPR
--------------
-0.250655 hold skew

%OL_END_REPORT
%OL_CREATE_REPORT skew.max.rpt

===========================================================================
Clock Skew (Setup)
============================================================================
Writing metric clock__skew__worst_setup__corner:nom_tt_025C_1v80: 0.2775351416128366
======================= nom_tt_025C_1v80 Corner ===================================

Clock clk
0.351775 source latency _152_/CLK ^
-0.324240 target latency _165_/CLK ^
0.250000 clock uncertainty
0.000000 CRPR
--------------
0.277535 setup skew

%OL_END_REPORT
%OL_CREATE_REPORT ws.min.rpt

===========================================================================
Worst Slack (Hold)
============================================================================
Writing metric timing__hold__ws__corner:nom_tt_025C_1v80: 0.3284922982161269
nom_tt_025C_1v80: 0.3284922982161269
%OL_END_REPORT
%OL_CREATE_REPORT ws.max.rpt

===========================================================================
Worst Slack (Setup)
============================================================================
Writing metric timing__setup__ws__corner:nom_tt_025C_1v80: 13.812126944236493
nom_tt_025C_1v80: 13.812126944236493
%OL_END_REPORT
%OL_CREATE_REPORT tns.min.rpt

===========================================================================
Total Negative Slack (Hold)
============================================================================
Writing metric timing__hold__tns__corner:nom_tt_025C_1v80: 0.0
nom_tt_025C_1v80: 0.0
%OL_END_REPORT
%OL_CREATE_REPORT tns.max.rpt

===========================================================================
Total Negative Slack (Setup)
============================================================================
Writing metric timing__setup__tns__corner:nom_tt_025C_1v80: 0.0
nom_tt_025C_1v80: 0.0
%OL_END_REPORT
%OL_CREATE_REPORT wns.min.rpt

===========================================================================
Worst Negative Slack (Hold)
============================================================================
Writing metric timing__hold__wns__corner:nom_tt_025C_1v80: 0
nom_tt_025C_1v80: 0
%OL_END_REPORT
%OL_CREATE_REPORT wns.max.rpt

===========================================================================
Worst Negative Slack (Setup)
============================================================================
Writing metric timing__setup__wns__corner:nom_tt_025C_1v80: 0.0
nom_tt_025C_1v80: 0.0
%OL_END_REPORT
%OL_CREATE_REPORT violator_list.rpt

===========================================================================
Violator List
============================================================================
Writing metric timing__hold_vio__count__corner:nom_tt_025C_1v80: 0
Writing metric timing__hold_r2r__ws__corner:nom_tt_025C_1v80: 0.328492
Writing metric timing__hold_r2r_vio__count__corner:nom_tt_025C_1v80: 0
Writing metric timing__setup_vio__count__corner:nom_tt_025C_1v80: 0
Writing metric timing__setup_r2r__ws__corner:nom_tt_025C_1v80: 23.278616
Writing metric timing__setup_r2r_vio__count__corner:nom_tt_025C_1v80: 0
%OL_END_REPORT
%OL_CREATE_REPORT unpropagated.rpt
%OL_END_REPORT
%OL_CREATE_REPORT clock.rpt
Clock: clk
Sources: clk 
Generated: no
Virtual: yes
Propagated: no
Period: 50.000000

===========================================================================
report_clock_properties
============================================================================
Clock                   Period          Waveform
----------------------------------------------------
clk                  50.000000    0.000000 25.000000

===========================================================================
report_clock_latency
============================================================================
Clock clk
rise -> rise
    min     max
0.000000 0.000000 source latency
0.324240         network latency _165_/CLK
        0.327100 network latency _164_/CLK
---------------
0.324240 0.327100 latency
        0.002859 skew

rise -> fall
    min     max
0.000000 0.000000 source latency
0.350705         network latency _152_/CLK
        0.350705 network latency _152_/CLK
---------------
0.350705 0.350705 latency
        0.000000 skew

fall -> rise
    min     max
0.000000 0.000000 source latency
0.351775         network latency _152_/CLK
        0.351775 network latency _152_/CLK
---------------
0.351775 0.351775 latency
        0.000000 skew

fall -> fall
    min     max
0.000000 0.000000 source latency
0.314245         network latency _165_/CLK
        0.316158 network latency _164_/CLK
---------------
0.314245 0.316158 latency
        0.001913 skew



===========================================================================
report_clock_min_period
============================================================================
clk period_min = 2.27 fmax = 440.10
%OL_END_REPORT
