
===========================================================================
report_checks -path_delay max (Setup)
============================================================================
======================= nom_ff_n40C_1v95 Corner ===================================

Startpoint: _152_ (rising edge-triggered flip-flop clocked by clk')
Endpoint: comparator_clk (output port clocked by clk)
Path Group: clk
Path Type: max

Fanout         Cap        Slew       Delay        Time   Description
---------------------------------------------------------------------------------------------
                                125.000000  125.000000   clock clk' (rise edge)
                                  0.000000  125.000000   clock source latency
     1    0.016283    0.026247    0.017124  125.017128 v clk (in)
                                                         clk (net)
                      0.026263    0.000000  125.017128 v clkbuf_0_clk/A (sky130_fd_sc_hd__clkbuf_16)
     2    0.016978    0.025513    0.095014  125.112144 v clkbuf_0_clk/X (sky130_fd_sc_hd__clkbuf_16)
                                                         clknet_0_clk (net)
                      0.025513    0.000284  125.112427 v clkbuf_1_1__f_clk/A (sky130_fd_sc_hd__clkbuf_16)
    12    0.036114    0.033715    0.104862  125.217285 v clkbuf_1_1__f_clk/X (sky130_fd_sc_hd__clkbuf_16)
                                                         clknet_1_1__leaf_clk (net)
                      0.033723    0.000540  125.217827 v _083__1/A (sky130_fd_sc_hd__inv_2)
     1    0.002887    0.017799    0.028422  125.246246 ^ _083__1/Y (sky130_fd_sc_hd__inv_2)
                                                         net36 (net)
                      0.017800    0.000085  125.246338 ^ _152_/CLK (sky130_fd_sc_hd__dfxtp_1)
     3    0.014683    0.108664    0.237591  125.483925 ^ _152_/Q (sky130_fd_sc_hd__dfxtp_1)
                                                         net11 (net)
                      0.108664    0.000426  125.484352 ^ output11/A (sky130_fd_sc_hd__buf_2)
     1    0.035357    0.132009    0.159218  125.643570 ^ output11/X (sky130_fd_sc_hd__buf_2)
                                                         comparator_clk (net)
                      0.132057    0.000867  125.644440 ^ comparator_clk (out)
                                            125.644440   data arrival time

                                250.000000  250.000000   clock clk (rise edge)
                                  0.000000  250.000000   clock network delay (propagated)
                                 -0.250000  249.750015   clock uncertainty
                                  0.000000  249.750015   clock reconvergence pessimism
                                -50.000000  199.750015   output external delay
                                            199.750015   data required time
---------------------------------------------------------------------------------------------
                                            199.750015   data required time
                                           -125.644440   data arrival time
---------------------------------------------------------------------------------------------
                                             74.105576   slack (MET)


Startpoint: rst_n (input port clocked by clk)
Endpoint: _152_ (rising edge-triggered flip-flop clocked by clk')
Path Group: clk
Path Type: max

Fanout         Cap        Slew       Delay        Time   Description
---------------------------------------------------------------------------------------------
                                  0.000000    0.000000   clock clk (rise edge)
                                  0.000000    0.000000   clock network delay (propagated)
                                 50.000000   50.000000 ^ input external delay
     1    0.003608    0.016819    0.009369   50.009365 ^ rst_n (in)
                                                         rst_n (net)
                      0.016819    0.000000   50.009365 ^ input2/A (sky130_fd_sc_hd__buf_1)
     2    0.021281    0.188742    0.155698   50.165066 ^ input2/X (sky130_fd_sc_hd__buf_1)
                                                         net2 (net)
                      0.188759    0.001499   50.166565 ^ fanout35/A (sky130_fd_sc_hd__buf_2)
    10    0.039371    0.145985    0.178286   50.344849 ^ fanout35/X (sky130_fd_sc_hd__buf_2)
                                                         net35 (net)
                      0.146034    0.002210   50.347061 ^ _084_/B (sky130_fd_sc_hd__and2b_1)
     1    0.002130    0.027274    0.083499   50.430557 ^ _084_/X (sky130_fd_sc_hd__and2b_1)
                                                         _001_ (net)
                      0.027274    0.000043   50.430603 ^ _152_/D (sky130_fd_sc_hd__dfxtp_1)
                                             50.430603   data arrival time

                                125.000000  125.000000   clock clk' (rise edge)
                                  0.000000  125.000000   clock source latency
     1    0.016283    0.026247    0.017124  125.017128 v clk (in)
                                                         clk (net)
                      0.026263    0.000000  125.017128 v clkbuf_0_clk/A (sky130_fd_sc_hd__clkbuf_16)
     2    0.016978    0.025513    0.095014  125.112144 v clkbuf_0_clk/X (sky130_fd_sc_hd__clkbuf_16)
                                                         clknet_0_clk (net)
                      0.025513    0.000284  125.112427 v clkbuf_1_1__f_clk/A (sky130_fd_sc_hd__clkbuf_16)
    12    0.036114    0.033715    0.104862  125.217285 v clkbuf_1_1__f_clk/X (sky130_fd_sc_hd__clkbuf_16)
                                                         clknet_1_1__leaf_clk (net)
                      0.033723    0.000540  125.217827 v _083__1/A (sky130_fd_sc_hd__inv_2)
     1    0.002887    0.017799    0.028422  125.246246 ^ _083__1/Y (sky130_fd_sc_hd__inv_2)
                                                         net36 (net)
                      0.017800    0.000085  125.246338 ^ _152_/CLK (sky130_fd_sc_hd__dfxtp_1)
                                 -0.250000  124.996338   clock uncertainty
                                  0.000000  124.996338   clock reconvergence pessimism
                                 -0.028977  124.967361   library setup time
                                            124.967361   data required time
---------------------------------------------------------------------------------------------
                                            124.967361   data required time
                                            -50.430603   data arrival time
---------------------------------------------------------------------------------------------
                                             74.536758   slack (MET)


Startpoint: _152_ (rising edge-triggered flip-flop clocked by clk')
Endpoint: _163_ (rising edge-triggered flip-flop clocked by clk)
Path Group: clk
Path Type: max

Fanout         Cap        Slew       Delay        Time   Description
---------------------------------------------------------------------------------------------
                                125.000000  125.000000   clock clk' (rise edge)
                                  0.000000  125.000000   clock source latency
     1    0.016283    0.026247    0.017124  125.017128 v clk (in)
                                                         clk (net)
                      0.026263    0.000000  125.017128 v clkbuf_0_clk/A (sky130_fd_sc_hd__clkbuf_16)
     2    0.016978    0.025513    0.095014  125.112144 v clkbuf_0_clk/X (sky130_fd_sc_hd__clkbuf_16)
                                                         clknet_0_clk (net)
                      0.025513    0.000284  125.112427 v clkbuf_1_1__f_clk/A (sky130_fd_sc_hd__clkbuf_16)
    12    0.036114    0.033715    0.104862  125.217285 v clkbuf_1_1__f_clk/X (sky130_fd_sc_hd__clkbuf_16)
                                                         clknet_1_1__leaf_clk (net)
                      0.033723    0.000540  125.217827 v _083__1/A (sky130_fd_sc_hd__inv_2)
     1    0.002887    0.017799    0.028422  125.246246 ^ _083__1/Y (sky130_fd_sc_hd__inv_2)
                                                         net36 (net)
                      0.017800    0.000085  125.246338 ^ _152_/CLK (sky130_fd_sc_hd__dfxtp_1)
     3    0.014683    0.108664    0.237591  125.483925 ^ _152_/Q (sky130_fd_sc_hd__dfxtp_1)
                                                         net11 (net)
                      0.108664    0.000412  125.484337 ^ fanout28/A (sky130_fd_sc_hd__clkbuf_2)
    10    0.030953    0.131888    0.155268  125.639603 ^ fanout28/X (sky130_fd_sc_hd__clkbuf_2)
                                                         net28 (net)
                      0.131896    0.000838  125.640442 ^ _105_/A (sky130_fd_sc_hd__nand2_1)
     5    0.015655    0.083561    0.087908  125.728355 v _105_/Y (sky130_fd_sc_hd__nand2_1)
                                                         _061_ (net)
                      0.083565    0.000483  125.728836 v _121_/A4 (sky130_fd_sc_hd__o41a_1)
     1    0.003548    0.046776    0.200657  125.929489 v _121_/X (sky130_fd_sc_hd__o41a_1)
                                                         _025_ (net)
                      0.046776    0.000085  125.929581 v _125_/A1 (sky130_fd_sc_hd__o31a_1)
     1    0.003722    0.037904    0.185992  126.115570 v _125_/X (sky130_fd_sc_hd__o31a_1)
                                                         _012_ (net)
                      0.037904    0.000128  126.115700 v _163_/D (sky130_fd_sc_hd__dfxtp_1)
                                            126.115700   data arrival time

                                250.000000  250.000000   clock clk (rise edge)
                                  0.000000  250.000000   clock source latency
     1    0.017246    0.062584    0.042604  250.042618 ^ clk (in)
                                                         clk (net)
                      0.062592    0.000000  250.042618 ^ clkbuf_0_clk/A (sky130_fd_sc_hd__clkbuf_16)
     2    0.018904    0.030682    0.092626  250.135239 ^ clkbuf_0_clk/X (sky130_fd_sc_hd__clkbuf_16)
                                                         clknet_0_clk (net)
                      0.030683    0.000341  250.135574 ^ clkbuf_1_0__f_clk/A (sky130_fd_sc_hd__clkbuf_16)
    10    0.039144    0.044412    0.096207  250.231781 ^ clkbuf_1_0__f_clk/X (sky130_fd_sc_hd__clkbuf_16)
                                                         clknet_1_0__leaf_clk (net)
                      0.044477    0.001364  250.233154 ^ _163_/CLK (sky130_fd_sc_hd__dfxtp_1)
                                 -0.250000  249.983154   clock uncertainty
                                  0.000000  249.983154   clock reconvergence pessimism
                                 -0.070910  249.912247   library setup time
                                            249.912247   data required time
---------------------------------------------------------------------------------------------
                                            249.912247   data required time
                                           -126.115700   data arrival time
---------------------------------------------------------------------------------------------
                                            123.796539   slack (MET)


Startpoint: _152_ (rising edge-triggered flip-flop clocked by clk')
Endpoint: _167_ (rising edge-triggered flip-flop clocked by clk)
Path Group: clk
Path Type: max

Fanout         Cap        Slew       Delay        Time   Description
---------------------------------------------------------------------------------------------
                                125.000000  125.000000   clock clk' (rise edge)
                                  0.000000  125.000000   clock source latency
     1    0.016283    0.026247    0.017124  125.017128 v clk (in)
                                                         clk (net)
                      0.026263    0.000000  125.017128 v clkbuf_0_clk/A (sky130_fd_sc_hd__clkbuf_16)
     2    0.016978    0.025513    0.095014  125.112144 v clkbuf_0_clk/X (sky130_fd_sc_hd__clkbuf_16)
                                                         clknet_0_clk (net)
                      0.025513    0.000284  125.112427 v clkbuf_1_1__f_clk/A (sky130_fd_sc_hd__clkbuf_16)
    12    0.036114    0.033715    0.104862  125.217285 v clkbuf_1_1__f_clk/X (sky130_fd_sc_hd__clkbuf_16)
                                                         clknet_1_1__leaf_clk (net)
                      0.033723    0.000540  125.217827 v _083__1/A (sky130_fd_sc_hd__inv_2)
     1    0.002887    0.017799    0.028422  125.246246 ^ _083__1/Y (sky130_fd_sc_hd__inv_2)
                                                         net36 (net)
                      0.017800    0.000085  125.246338 ^ _152_/CLK (sky130_fd_sc_hd__dfxtp_1)
     3    0.014683    0.108664    0.237591  125.483925 ^ _152_/Q (sky130_fd_sc_hd__dfxtp_1)
                                                         net11 (net)
                      0.108664    0.000412  125.484337 ^ fanout28/A (sky130_fd_sc_hd__clkbuf_2)
    10    0.030953    0.131888    0.155268  125.639603 ^ fanout28/X (sky130_fd_sc_hd__clkbuf_2)
                                                         net28 (net)
                      0.131896    0.000838  125.640442 ^ _105_/A (sky130_fd_sc_hd__nand2_1)
     5    0.015655    0.083561    0.087908  125.728355 v _105_/Y (sky130_fd_sc_hd__nand2_1)
                                                         _061_ (net)
                      0.083565    0.000469  125.728821 v _138_/A4 (sky130_fd_sc_hd__o41a_1)
     1    0.002770    0.043226    0.195527  125.924347 v _138_/X (sky130_fd_sc_hd__o41a_1)
                                                         _038_ (net)
                      0.043226    0.000085  125.924431 v _141_/A1 (sky130_fd_sc_hd__o31a_1)
     1    0.002202    0.032093    0.176314  126.100746 v _141_/X (sky130_fd_sc_hd__o31a_1)
                                                         _016_ (net)
                      0.032093    0.000057  126.100807 v _167_/D (sky130_fd_sc_hd__dfxtp_1)
                                            126.100807   data arrival time

                                250.000000  250.000000   clock clk (rise edge)
                                  0.000000  250.000000   clock source latency
     1    0.017246    0.062584    0.042604  250.042618 ^ clk (in)
                                                         clk (net)
                      0.062592    0.000000  250.042618 ^ clkbuf_0_clk/A (sky130_fd_sc_hd__clkbuf_16)
     2    0.018904    0.030682    0.092626  250.135239 ^ clkbuf_0_clk/X (sky130_fd_sc_hd__clkbuf_16)
                                                         clknet_0_clk (net)
                      0.030683    0.000341  250.135574 ^ clkbuf_1_0__f_clk/A (sky130_fd_sc_hd__clkbuf_16)
    10    0.039144    0.044412    0.096207  250.231781 ^ clkbuf_1_0__f_clk/X (sky130_fd_sc_hd__clkbuf_16)
                                                         clknet_1_0__leaf_clk (net)
                      0.044449    0.001023  250.232803 ^ _167_/CLK (sky130_fd_sc_hd__dfxtp_1)
                                 -0.250000  249.982819   clock uncertainty
                                  0.000000  249.982819   clock reconvergence pessimism
                                 -0.068839  249.913971   library setup time
                                            249.913971   data required time
---------------------------------------------------------------------------------------------
                                            249.913971   data required time
                                           -126.100807   data arrival time
---------------------------------------------------------------------------------------------
                                            123.813171   slack (MET)


Startpoint: _152_ (rising edge-triggered flip-flop clocked by clk')
Endpoint: _164_ (rising edge-triggered flip-flop clocked by clk)
Path Group: clk
Path Type: max

Fanout         Cap        Slew       Delay        Time   Description
---------------------------------------------------------------------------------------------
                                125.000000  125.000000   clock clk' (rise edge)
                                  0.000000  125.000000   clock source latency
     1    0.016283    0.026247    0.017124  125.017128 v clk (in)
                                                         clk (net)
                      0.026263    0.000000  125.017128 v clkbuf_0_clk/A (sky130_fd_sc_hd__clkbuf_16)
     2    0.016978    0.025513    0.095014  125.112144 v clkbuf_0_clk/X (sky130_fd_sc_hd__clkbuf_16)
                                                         clknet_0_clk (net)
                      0.025513    0.000284  125.112427 v clkbuf_1_1__f_clk/A (sky130_fd_sc_hd__clkbuf_16)
    12    0.036114    0.033715    0.104862  125.217285 v clkbuf_1_1__f_clk/X (sky130_fd_sc_hd__clkbuf_16)
                                                         clknet_1_1__leaf_clk (net)
                      0.033723    0.000540  125.217827 v _083__1/A (sky130_fd_sc_hd__inv_2)
     1    0.002887    0.017799    0.028422  125.246246 ^ _083__1/Y (sky130_fd_sc_hd__inv_2)
                                                         net36 (net)
                      0.017800    0.000085  125.246338 ^ _152_/CLK (sky130_fd_sc_hd__dfxtp_1)
     3    0.014683    0.108664    0.237591  125.483925 ^ _152_/Q (sky130_fd_sc_hd__dfxtp_1)
                                                         net11 (net)
                      0.108664    0.000412  125.484337 ^ fanout28/A (sky130_fd_sc_hd__clkbuf_2)
    10    0.030953    0.131888    0.155268  125.639603 ^ fanout28/X (sky130_fd_sc_hd__clkbuf_2)
                                                         net28 (net)
                      0.131905    0.001208  125.640816 ^ _122_/C_N (sky130_fd_sc_hd__nor3b_2)
     5    0.016833    0.227244    0.223977  125.864792 ^ _122_/Y (sky130_fd_sc_hd__nor3b_2)
                                                         _026_ (net)
                      0.227247    0.000568  125.865356 ^ _126_/A2 (sky130_fd_sc_hd__a21oi_1)
     1    0.003473    0.055554    0.055437  125.920799 v _126_/Y (sky130_fd_sc_hd__a21oi_1)
                                                         _029_ (net)
                      0.055554    0.000071  125.920868 v _129_/A1 (sky130_fd_sc_hd__o21a_1)
     1    0.007868    0.040748    0.139352  126.060219 v _129_/X (sky130_fd_sc_hd__o21a_1)
                                                         _013_ (net)
                      0.040750    0.000327  126.060547 v _164_/D (sky130_fd_sc_hd__dfxtp_1)
                                            126.060547   data arrival time

                                250.000000  250.000000   clock clk (rise edge)
                                  0.000000  250.000000   clock source latency
     1    0.017246    0.062584    0.042604  250.042618 ^ clk (in)
                                                         clk (net)
                      0.062592    0.000000  250.042618 ^ clkbuf_0_clk/A (sky130_fd_sc_hd__clkbuf_16)
     2    0.018904    0.030682    0.092626  250.135239 ^ clkbuf_0_clk/X (sky130_fd_sc_hd__clkbuf_16)
                                                         clknet_0_clk (net)
                      0.030683    0.000341  250.135574 ^ clkbuf_1_0__f_clk/A (sky130_fd_sc_hd__clkbuf_16)
    10    0.039144    0.044412    0.096207  250.231781 ^ clkbuf_1_0__f_clk/X (sky130_fd_sc_hd__clkbuf_16)
                                                         clknet_1_0__leaf_clk (net)
                      0.044464    0.001222  250.233002 ^ _164_/CLK (sky130_fd_sc_hd__dfxtp_1)
                                 -0.250000  249.983017   clock uncertainty
                                  0.000000  249.983017   clock reconvergence pessimism
                                 -0.071927  249.911072   library setup time
                                            249.911072   data required time
---------------------------------------------------------------------------------------------
                                            249.911072   data required time
                                           -126.060547   data arrival time
---------------------------------------------------------------------------------------------
                                            123.850533   slack (MET)


Startpoint: _152_ (rising edge-triggered flip-flop clocked by clk')
Endpoint: _162_ (rising edge-triggered flip-flop clocked by clk)
Path Group: clk
Path Type: max

Fanout         Cap        Slew       Delay        Time   Description
---------------------------------------------------------------------------------------------
                                125.000000  125.000000   clock clk' (rise edge)
                                  0.000000  125.000000   clock source latency
     1    0.016283    0.026247    0.017124  125.017128 v clk (in)
                                                         clk (net)
                      0.026263    0.000000  125.017128 v clkbuf_0_clk/A (sky130_fd_sc_hd__clkbuf_16)
     2    0.016978    0.025513    0.095014  125.112144 v clkbuf_0_clk/X (sky130_fd_sc_hd__clkbuf_16)
                                                         clknet_0_clk (net)
                      0.025513    0.000284  125.112427 v clkbuf_1_1__f_clk/A (sky130_fd_sc_hd__clkbuf_16)
    12    0.036114    0.033715    0.104862  125.217285 v clkbuf_1_1__f_clk/X (sky130_fd_sc_hd__clkbuf_16)
                                                         clknet_1_1__leaf_clk (net)
                      0.033723    0.000540  125.217827 v _083__1/A (sky130_fd_sc_hd__inv_2)
     1    0.002887    0.017799    0.028422  125.246246 ^ _083__1/Y (sky130_fd_sc_hd__inv_2)
                                                         net36 (net)
                      0.017800    0.000085  125.246338 ^ _152_/CLK (sky130_fd_sc_hd__dfxtp_1)
     3    0.014683    0.108664    0.237591  125.483925 ^ _152_/Q (sky130_fd_sc_hd__dfxtp_1)
                                                         net11 (net)
                      0.108664    0.000412  125.484337 ^ fanout28/A (sky130_fd_sc_hd__clkbuf_2)
    10    0.030953    0.131888    0.155268  125.639603 ^ fanout28/X (sky130_fd_sc_hd__clkbuf_2)
                                                         net28 (net)
                      0.131896    0.000838  125.640442 ^ _105_/A (sky130_fd_sc_hd__nand2_1)
     5    0.015655    0.083561    0.087908  125.728355 v _105_/Y (sky130_fd_sc_hd__nand2_1)
                                                         _061_ (net)
                      0.083562    0.000199  125.728554 v _118_/D (sky130_fd_sc_hd__or4_1)
     1    0.003875    0.058572    0.238501  125.967049 v _118_/X (sky130_fd_sc_hd__or4_1)
                                                         _023_ (net)
                      0.058572    0.000099  125.967148 v _120_/A2 (sky130_fd_sc_hd__a31oi_1)
     1    0.003192    0.097560    0.120849  126.087997 ^ _120_/Y (sky130_fd_sc_hd__a31oi_1)
                                                         _011_ (net)
                      0.097560    0.000099  126.088097 ^ _162_/D (sky130_fd_sc_hd__dfxtp_1)
                                            126.088097   data arrival time

                                250.000000  250.000000   clock clk (rise edge)
                                  0.000000  250.000000   clock source latency
     1    0.017246    0.062584    0.042604  250.042618 ^ clk (in)
                                                         clk (net)
                      0.062592    0.000000  250.042618 ^ clkbuf_0_clk/A (sky130_fd_sc_hd__clkbuf_16)
     2    0.018904    0.030682    0.092626  250.135239 ^ clkbuf_0_clk/X (sky130_fd_sc_hd__clkbuf_16)
                                                         clknet_0_clk (net)
                      0.030683    0.000313  250.135544 ^ clkbuf_1_1__f_clk/A (sky130_fd_sc_hd__clkbuf_16)
    12    0.038219    0.043764    0.095753  250.231308 ^ clkbuf_1_1__f_clk/X (sky130_fd_sc_hd__clkbuf_16)
                                                         clknet_1_1__leaf_clk (net)
                      0.043800    0.000739  250.232040 ^ _162_/CLK (sky130_fd_sc_hd__dfxtp_1)
                                 -0.250000  249.982040   clock uncertainty
                                  0.000000  249.982040   clock reconvergence pessimism
                                 -0.034522  249.947510   library setup time
                                            249.947510   data required time
---------------------------------------------------------------------------------------------
                                            249.947510   data required time
                                           -126.088097   data arrival time
---------------------------------------------------------------------------------------------
                                            123.859413   slack (MET)


Startpoint: _152_ (rising edge-triggered flip-flop clocked by clk')
Endpoint: _166_ (rising edge-triggered flip-flop clocked by clk)
Path Group: clk
Path Type: max

Fanout         Cap        Slew       Delay        Time   Description
---------------------------------------------------------------------------------------------
                                125.000000  125.000000   clock clk' (rise edge)
                                  0.000000  125.000000   clock source latency
     1    0.016283    0.026247    0.017124  125.017128 v clk (in)
                                                         clk (net)
                      0.026263    0.000000  125.017128 v clkbuf_0_clk/A (sky130_fd_sc_hd__clkbuf_16)
     2    0.016978    0.025513    0.095014  125.112144 v clkbuf_0_clk/X (sky130_fd_sc_hd__clkbuf_16)
                                                         clknet_0_clk (net)
                      0.025513    0.000284  125.112427 v clkbuf_1_1__f_clk/A (sky130_fd_sc_hd__clkbuf_16)
    12    0.036114    0.033715    0.104862  125.217285 v clkbuf_1_1__f_clk/X (sky130_fd_sc_hd__clkbuf_16)
                                                         clknet_1_1__leaf_clk (net)
                      0.033723    0.000540  125.217827 v _083__1/A (sky130_fd_sc_hd__inv_2)
     1    0.002887    0.017799    0.028422  125.246246 ^ _083__1/Y (sky130_fd_sc_hd__inv_2)
                                                         net36 (net)
                      0.017800    0.000085  125.246338 ^ _152_/CLK (sky130_fd_sc_hd__dfxtp_1)
     3    0.014683    0.108664    0.237591  125.483925 ^ _152_/Q (sky130_fd_sc_hd__dfxtp_1)
                                                         net11 (net)
                      0.108664    0.000412  125.484337 ^ fanout28/A (sky130_fd_sc_hd__clkbuf_2)
    10    0.030953    0.131888    0.155268  125.639603 ^ fanout28/X (sky130_fd_sc_hd__clkbuf_2)
                                                         net28 (net)
                      0.131896    0.000838  125.640442 ^ _105_/A (sky130_fd_sc_hd__nand2_1)
     5    0.015655    0.083561    0.087908  125.728355 v _105_/Y (sky130_fd_sc_hd__nand2_1)
                                                         _061_ (net)
                      0.083563    0.000341  125.728691 v _135_/D (sky130_fd_sc_hd__or4_1)
     1    0.004070    0.059328    0.239567  125.968262 v _135_/X (sky130_fd_sc_hd__or4_1)
                                                         _036_ (net)
                      0.059328    0.000142  125.968399 v _137_/A2 (sky130_fd_sc_hd__a31oi_1)
     1    0.002963    0.094478    0.118462  126.086861 ^ _137_/Y (sky130_fd_sc_hd__a31oi_1)
                                                         _015_ (net)
                      0.094478    0.000085  126.086952 ^ _166_/D (sky130_fd_sc_hd__dfxtp_1)
                                            126.086952   data arrival time

                                250.000000  250.000000   clock clk (rise edge)
                                  0.000000  250.000000   clock source latency
     1    0.017246    0.062584    0.042604  250.042618 ^ clk (in)
                                                         clk (net)
                      0.062592    0.000000  250.042618 ^ clkbuf_0_clk/A (sky130_fd_sc_hd__clkbuf_16)
     2    0.018904    0.030682    0.092626  250.135239 ^ clkbuf_0_clk/X (sky130_fd_sc_hd__clkbuf_16)
                                                         clknet_0_clk (net)
                      0.030683    0.000313  250.135544 ^ clkbuf_1_1__f_clk/A (sky130_fd_sc_hd__clkbuf_16)
    12    0.038219    0.043764    0.095753  250.231308 ^ clkbuf_1_1__f_clk/X (sky130_fd_sc_hd__clkbuf_16)
                                                         clknet_1_1__leaf_clk (net)
                      0.043792    0.000597  250.231903 ^ _166_/CLK (sky130_fd_sc_hd__dfxtp_1)
                                 -0.250000  249.981903   clock uncertainty
                                  0.000000  249.981903   clock reconvergence pessimism
                                 -0.034246  249.947647   library setup time
                                            249.947647   data required time
---------------------------------------------------------------------------------------------
                                            249.947647   data required time
                                           -126.086952   data arrival time
---------------------------------------------------------------------------------------------
                                            123.860703   slack (MET)


Startpoint: _152_ (rising edge-triggered flip-flop clocked by clk')
Endpoint: _168_ (rising edge-triggered flip-flop clocked by clk)
Path Group: clk
Path Type: max

Fanout         Cap        Slew       Delay        Time   Description
---------------------------------------------------------------------------------------------
                                125.000000  125.000000   clock clk' (rise edge)
                                  0.000000  125.000000   clock source latency
     1    0.016283    0.026247    0.017124  125.017128 v clk (in)
                                                         clk (net)
                      0.026263    0.000000  125.017128 v clkbuf_0_clk/A (sky130_fd_sc_hd__clkbuf_16)
     2    0.016978    0.025513    0.095014  125.112144 v clkbuf_0_clk/X (sky130_fd_sc_hd__clkbuf_16)
                                                         clknet_0_clk (net)
                      0.025513    0.000284  125.112427 v clkbuf_1_1__f_clk/A (sky130_fd_sc_hd__clkbuf_16)
    12    0.036114    0.033715    0.104862  125.217285 v clkbuf_1_1__f_clk/X (sky130_fd_sc_hd__clkbuf_16)
                                                         clknet_1_1__leaf_clk (net)
                      0.033723    0.000540  125.217827 v _083__1/A (sky130_fd_sc_hd__inv_2)
     1    0.002887    0.017799    0.028422  125.246246 ^ _083__1/Y (sky130_fd_sc_hd__inv_2)
                                                         net36 (net)
                      0.017800    0.000085  125.246338 ^ _152_/CLK (sky130_fd_sc_hd__dfxtp_1)
     3    0.014683    0.108664    0.237591  125.483925 ^ _152_/Q (sky130_fd_sc_hd__dfxtp_1)
                                                         net11 (net)
                      0.108664    0.000412  125.484337 ^ fanout28/A (sky130_fd_sc_hd__clkbuf_2)
    10    0.030953    0.131888    0.155268  125.639603 ^ fanout28/X (sky130_fd_sc_hd__clkbuf_2)
                                                         net28 (net)
                      0.131905    0.001208  125.640816 ^ _122_/C_N (sky130_fd_sc_hd__nor3b_2)
     5    0.016833    0.227244    0.223977  125.864792 ^ _122_/Y (sky130_fd_sc_hd__nor3b_2)
                                                         _026_ (net)
                      0.227247    0.000583  125.865372 ^ _142_/A1 (sky130_fd_sc_hd__a21oi_1)
     1    0.003421    0.060571    0.047734  125.913109 v _142_/Y (sky130_fd_sc_hd__a21oi_1)
                                                         _041_ (net)
                      0.060571    0.000114  125.913223 v _143_/B1 (sky130_fd_sc_hd__a211o_1)
     1    0.002001    0.030513    0.126818  126.040039 v _143_/X (sky130_fd_sc_hd__a211o_1)
                                                         _017_ (net)
                      0.030513    0.000057  126.040092 v _168_/D (sky130_fd_sc_hd__dfxtp_1)
                                            126.040092   data arrival time

                                250.000000  250.000000   clock clk (rise edge)
                                  0.000000  250.000000   clock source latency
     1    0.017246    0.062584    0.042604  250.042618 ^ clk (in)
                                                         clk (net)
                      0.062592    0.000000  250.042618 ^ clkbuf_0_clk/A (sky130_fd_sc_hd__clkbuf_16)
     2    0.018904    0.030682    0.092626  250.135239 ^ clkbuf_0_clk/X (sky130_fd_sc_hd__clkbuf_16)
                                                         clknet_0_clk (net)
                      0.030683    0.000341  250.135574 ^ clkbuf_1_0__f_clk/A (sky130_fd_sc_hd__clkbuf_16)
    10    0.039144    0.044412    0.096207  250.231781 ^ clkbuf_1_0__f_clk/X (sky130_fd_sc_hd__clkbuf_16)
                                                         clknet_1_0__leaf_clk (net)
                      0.044435    0.000853  250.232635 ^ _168_/CLK (sky130_fd_sc_hd__dfxtp_1)
                                 -0.250000  249.982635   clock uncertainty
                                  0.000000  249.982635   clock reconvergence pessimism
                                 -0.068276  249.914368   library setup time
                                            249.914368   data required time
---------------------------------------------------------------------------------------------
                                            249.914368   data required time
                                           -126.040092   data arrival time
---------------------------------------------------------------------------------------------
                                            123.874275   slack (MET)


Startpoint: _152_ (rising edge-triggered flip-flop clocked by clk')
Endpoint: _165_ (rising edge-triggered flip-flop clocked by clk)
Path Group: clk
Path Type: max

Fanout         Cap        Slew       Delay        Time   Description
---------------------------------------------------------------------------------------------
                                125.000000  125.000000   clock clk' (rise edge)
                                  0.000000  125.000000   clock source latency
     1    0.016283    0.026247    0.017124  125.017128 v clk (in)
                                                         clk (net)
                      0.026263    0.000000  125.017128 v clkbuf_0_clk/A (sky130_fd_sc_hd__clkbuf_16)
     2    0.016978    0.025513    0.095014  125.112144 v clkbuf_0_clk/X (sky130_fd_sc_hd__clkbuf_16)
                                                         clknet_0_clk (net)
                      0.025513    0.000284  125.112427 v clkbuf_1_1__f_clk/A (sky130_fd_sc_hd__clkbuf_16)
    12    0.036114    0.033715    0.104862  125.217285 v clkbuf_1_1__f_clk/X (sky130_fd_sc_hd__clkbuf_16)
                                                         clknet_1_1__leaf_clk (net)
                      0.033723    0.000540  125.217827 v _083__1/A (sky130_fd_sc_hd__inv_2)
     1    0.002887    0.017799    0.028422  125.246246 ^ _083__1/Y (sky130_fd_sc_hd__inv_2)
                                                         net36 (net)
                      0.017800    0.000085  125.246338 ^ _152_/CLK (sky130_fd_sc_hd__dfxtp_1)
     3    0.014683    0.108664    0.237591  125.483925 ^ _152_/Q (sky130_fd_sc_hd__dfxtp_1)
                                                         net11 (net)
                      0.108664    0.000412  125.484337 ^ fanout28/A (sky130_fd_sc_hd__clkbuf_2)
    10    0.030953    0.131888    0.155268  125.639603 ^ fanout28/X (sky130_fd_sc_hd__clkbuf_2)
                                                         net28 (net)
                      0.131900    0.001023  125.640625 ^ _107_/A (sky130_fd_sc_hd__nand3_1)
     3    0.007967    0.069921    0.073669  125.714294 v _107_/Y (sky130_fd_sc_hd__nand3_1)
                                                         _063_ (net)
                      0.069921    0.000142  125.714439 v _130_/B (sky130_fd_sc_hd__or3b_1)
     1    0.007570    0.061423    0.231651  125.946091 v _130_/X (sky130_fd_sc_hd__or3b_1)
                                                         _032_ (net)
                      0.061423    0.000313  125.946404 v _133_/A1 (sky130_fd_sc_hd__a31oi_1)
     1    0.004041    0.109132    0.107335  126.053741 ^ _133_/Y (sky130_fd_sc_hd__a31oi_1)
                                                         _014_ (net)
                      0.109132    0.000099  126.053841 ^ _165_/D (sky130_fd_sc_hd__dfxtp_1)
                                            126.053841   data arrival time

                                250.000000  250.000000   clock clk (rise edge)
                                  0.000000  250.000000   clock source latency
     1    0.017246    0.062584    0.042604  250.042618 ^ clk (in)
                                                         clk (net)
                      0.062592    0.000000  250.042618 ^ clkbuf_0_clk/A (sky130_fd_sc_hd__clkbuf_16)
     2    0.018904    0.030682    0.092626  250.135239 ^ clkbuf_0_clk/X (sky130_fd_sc_hd__clkbuf_16)
                                                         clknet_0_clk (net)
                      0.030683    0.000313  250.135544 ^ clkbuf_1_1__f_clk/A (sky130_fd_sc_hd__clkbuf_16)
    12    0.038219    0.043764    0.095753  250.231308 ^ clkbuf_1_1__f_clk/X (sky130_fd_sc_hd__clkbuf_16)
                                                         clknet_1_1__leaf_clk (net)
                      0.043781    0.000426  250.231735 ^ _165_/CLK (sky130_fd_sc_hd__dfxtp_1)
                                 -0.250000  249.981735   clock uncertainty
                                  0.000000  249.981735   clock reconvergence pessimism
                                 -0.035561  249.946182   library setup time
                                            249.946182   data required time
---------------------------------------------------------------------------------------------
                                            249.946182   data required time
                                           -126.053841   data arrival time
---------------------------------------------------------------------------------------------
                                            123.892342   slack (MET)


Startpoint: _152_ (rising edge-triggered flip-flop clocked by clk')
Endpoint: _161_ (rising edge-triggered flip-flop clocked by clk)
Path Group: clk
Path Type: max

Fanout         Cap        Slew       Delay        Time   Description
---------------------------------------------------------------------------------------------
                                125.000000  125.000000   clock clk' (rise edge)
                                  0.000000  125.000000   clock source latency
     1    0.016283    0.026247    0.017124  125.017128 v clk (in)
                                                         clk (net)
                      0.026263    0.000000  125.017128 v clkbuf_0_clk/A (sky130_fd_sc_hd__clkbuf_16)
     2    0.016978    0.025513    0.095014  125.112144 v clkbuf_0_clk/X (sky130_fd_sc_hd__clkbuf_16)
                                                         clknet_0_clk (net)
                      0.025513    0.000284  125.112427 v clkbuf_1_1__f_clk/A (sky130_fd_sc_hd__clkbuf_16)
    12    0.036114    0.033715    0.104862  125.217285 v clkbuf_1_1__f_clk/X (sky130_fd_sc_hd__clkbuf_16)
                                                         clknet_1_1__leaf_clk (net)
                      0.033723    0.000540  125.217827 v _083__1/A (sky130_fd_sc_hd__inv_2)
     1    0.002887    0.017799    0.028422  125.246246 ^ _083__1/Y (sky130_fd_sc_hd__inv_2)
                                                         net36 (net)
                      0.017800    0.000085  125.246338 ^ _152_/CLK (sky130_fd_sc_hd__dfxtp_1)
     3    0.014683    0.108664    0.237591  125.483925 ^ _152_/Q (sky130_fd_sc_hd__dfxtp_1)
                                                         net11 (net)
                      0.108664    0.000412  125.484337 ^ fanout28/A (sky130_fd_sc_hd__clkbuf_2)
    10    0.030953    0.131888    0.155268  125.639603 ^ fanout28/X (sky130_fd_sc_hd__clkbuf_2)
                                                         net28 (net)
                      0.131901    0.001066  125.640671 ^ _109_/A (sky130_fd_sc_hd__nand4_1)
     4    0.009657    0.085923    0.090552  125.731224 v _109_/Y (sky130_fd_sc_hd__nand4_1)
                                                         _065_ (net)
                      0.085923    0.000199  125.731422 v _111_/A2 (sky130_fd_sc_hd__o21a_1)
     1    0.003094    0.025967    0.124217  125.855637 v _111_/X (sky130_fd_sc_hd__o21a_1)
                                                         _067_ (net)
                      0.025967    0.000085  125.855721 v _115_/A1 (sky130_fd_sc_hd__o21a_1)
     1    0.002368    0.023583    0.108912  125.964638 v _115_/X (sky130_fd_sc_hd__o21a_1)
                                                         _010_ (net)
                      0.023583    0.000057  125.964691 v _161_/D (sky130_fd_sc_hd__dfxtp_1)
                                            125.964691   data arrival time

                                250.000000  250.000000   clock clk (rise edge)
                                  0.000000  250.000000   clock source latency
     1    0.017246    0.062584    0.042604  250.042618 ^ clk (in)
                                                         clk (net)
                      0.062592    0.000000  250.042618 ^ clkbuf_0_clk/A (sky130_fd_sc_hd__clkbuf_16)
     2    0.018904    0.030682    0.092626  250.135239 ^ clkbuf_0_clk/X (sky130_fd_sc_hd__clkbuf_16)
                                                         clknet_0_clk (net)
                      0.030683    0.000341  250.135574 ^ clkbuf_1_0__f_clk/A (sky130_fd_sc_hd__clkbuf_16)
    10    0.039144    0.044412    0.096207  250.231781 ^ clkbuf_1_0__f_clk/X (sky130_fd_sc_hd__clkbuf_16)
                                                         clknet_1_0__leaf_clk (net)
                      0.044481    0.001421  250.233200 ^ _161_/CLK (sky130_fd_sc_hd__dfxtp_1)
                                 -0.250000  249.983215   clock uncertainty
                                  0.000000  249.983215   clock reconvergence pessimism
                                 -0.065798  249.917419   library setup time
                                            249.917419   data required time
---------------------------------------------------------------------------------------------
                                            249.917419   data required time
                                           -125.964691   data arrival time
---------------------------------------------------------------------------------------------
                                            123.952721   slack (MET)


Startpoint: _152_ (rising edge-triggered flip-flop clocked by clk')
Endpoint: _172_ (rising edge-triggered flip-flop clocked by clk)
Path Group: clk
Path Type: max

Fanout         Cap        Slew       Delay        Time   Description
---------------------------------------------------------------------------------------------
                                125.000000  125.000000   clock clk' (rise edge)
                                  0.000000  125.000000   clock source latency
     1    0.016283    0.026247    0.017124  125.017128 v clk (in)
                                                         clk (net)
                      0.026263    0.000000  125.017128 v clkbuf_0_clk/A (sky130_fd_sc_hd__clkbuf_16)
     2    0.016978    0.025513    0.095014  125.112144 v clkbuf_0_clk/X (sky130_fd_sc_hd__clkbuf_16)
                                                         clknet_0_clk (net)
                      0.025513    0.000284  125.112427 v clkbuf_1_1__f_clk/A (sky130_fd_sc_hd__clkbuf_16)
    12    0.036114    0.033715    0.104862  125.217285 v clkbuf_1_1__f_clk/X (sky130_fd_sc_hd__clkbuf_16)
                                                         clknet_1_1__leaf_clk (net)
                      0.033723    0.000540  125.217827 v _083__1/A (sky130_fd_sc_hd__inv_2)
     1    0.002887    0.017799    0.028422  125.246246 ^ _083__1/Y (sky130_fd_sc_hd__inv_2)
                                                         net36 (net)
                      0.017800    0.000085  125.246338 ^ _152_/CLK (sky130_fd_sc_hd__dfxtp_1)
     3    0.014683    0.108664    0.237591  125.483925 ^ _152_/Q (sky130_fd_sc_hd__dfxtp_1)
                                                         net11 (net)
                      0.108664    0.000412  125.484337 ^ fanout28/A (sky130_fd_sc_hd__clkbuf_2)
    10    0.030953    0.131888    0.155268  125.639603 ^ fanout28/X (sky130_fd_sc_hd__clkbuf_2)
                                                         net28 (net)
                      0.131901    0.001066  125.640671 ^ _109_/A (sky130_fd_sc_hd__nand4_1)
     4    0.009657    0.085923    0.090552  125.731224 v _109_/Y (sky130_fd_sc_hd__nand4_1)
                                                         _065_ (net)
                      0.085923    0.000156  125.731377 v _110_/B (sky130_fd_sc_hd__or2_1)
     1    0.002931    0.032722    0.138641  125.870018 v _110_/X (sky130_fd_sc_hd__or2_1)
                                                         _066_ (net)
                      0.032722    0.000085  125.870102 v _151_/A1 (sky130_fd_sc_hd__a21oi_1)
     1    0.002475    0.071922    0.076682  125.946785 ^ _151_/Y (sky130_fd_sc_hd__a21oi_1)
                                                         _021_ (net)
                      0.071922    0.000071  125.946861 ^ _172_/D (sky130_fd_sc_hd__dfxtp_1)
                                            125.946861   data arrival time

                                250.000000  250.000000   clock clk (rise edge)
                                  0.000000  250.000000   clock source latency
     1    0.017246    0.062584    0.042604  250.042618 ^ clk (in)
                                                         clk (net)
                      0.062592    0.000000  250.042618 ^ clkbuf_0_clk/A (sky130_fd_sc_hd__clkbuf_16)
     2    0.018904    0.030682    0.092626  250.135239 ^ clkbuf_0_clk/X (sky130_fd_sc_hd__clkbuf_16)
                                                         clknet_0_clk (net)
                      0.030683    0.000341  250.135574 ^ clkbuf_1_0__f_clk/A (sky130_fd_sc_hd__clkbuf_16)
    10    0.039144    0.044412    0.096207  250.231781 ^ clkbuf_1_0__f_clk/X (sky130_fd_sc_hd__clkbuf_16)
                                                         clknet_1_0__leaf_clk (net)
                      0.044484    0.001450  250.233231 ^ _172_/CLK (sky130_fd_sc_hd__dfxtp_1)
                                 -0.250000  249.983231   clock uncertainty
                                  0.000000  249.983231   clock reconvergence pessimism
                                 -0.032201  249.951035   library setup time
                                            249.951035   data required time
---------------------------------------------------------------------------------------------
                                            249.951035   data required time
                                           -125.946861   data arrival time
---------------------------------------------------------------------------------------------
                                            124.004181   slack (MET)


Startpoint: _152_ (rising edge-triggered flip-flop clocked by clk')
Endpoint: _171_ (rising edge-triggered flip-flop clocked by clk)
Path Group: clk
Path Type: max

Fanout         Cap        Slew       Delay        Time   Description
---------------------------------------------------------------------------------------------
                                125.000000  125.000000   clock clk' (rise edge)
                                  0.000000  125.000000   clock source latency
     1    0.016283    0.026247    0.017124  125.017128 v clk (in)
                                                         clk (net)
                      0.026263    0.000000  125.017128 v clkbuf_0_clk/A (sky130_fd_sc_hd__clkbuf_16)
     2    0.016978    0.025513    0.095014  125.112144 v clkbuf_0_clk/X (sky130_fd_sc_hd__clkbuf_16)
                                                         clknet_0_clk (net)
                      0.025513    0.000284  125.112427 v clkbuf_1_1__f_clk/A (sky130_fd_sc_hd__clkbuf_16)
    12    0.036114    0.033715    0.104862  125.217285 v clkbuf_1_1__f_clk/X (sky130_fd_sc_hd__clkbuf_16)
                                                         clknet_1_1__leaf_clk (net)
                      0.033723    0.000540  125.217827 v _083__1/A (sky130_fd_sc_hd__inv_2)
     1    0.002887    0.017799    0.028422  125.246246 ^ _083__1/Y (sky130_fd_sc_hd__inv_2)
                                                         net36 (net)
                      0.017800    0.000085  125.246338 ^ _152_/CLK (sky130_fd_sc_hd__dfxtp_1)
     3    0.014683    0.108664    0.237591  125.483925 ^ _152_/Q (sky130_fd_sc_hd__dfxtp_1)
                                                         net11 (net)
                      0.108664    0.000412  125.484337 ^ fanout28/A (sky130_fd_sc_hd__clkbuf_2)
    10    0.030953    0.131888    0.155268  125.639603 ^ fanout28/X (sky130_fd_sc_hd__clkbuf_2)
                                                         net28 (net)
                      0.131901    0.001066  125.640671 ^ _109_/A (sky130_fd_sc_hd__nand4_1)
     4    0.009657    0.085923    0.090552  125.731224 v _109_/Y (sky130_fd_sc_hd__nand4_1)
                                                         _065_ (net)
                      0.085923    0.000128  125.731354 v _149_/B (sky130_fd_sc_hd__and3_1)
     1    0.002071    0.025026    0.118632  125.849983 v _149_/X (sky130_fd_sc_hd__and3_1)
                                                         _020_ (net)
                      0.025026    0.000057  125.850037 v _171_/D (sky130_fd_sc_hd__dfxtp_2)
                                            125.850037   data arrival time

                                250.000000  250.000000   clock clk (rise edge)
                                  0.000000  250.000000   clock source latency
     1    0.017246    0.062584    0.042604  250.042618 ^ clk (in)
                                                         clk (net)
                      0.062592    0.000000  250.042618 ^ clkbuf_0_clk/A (sky130_fd_sc_hd__clkbuf_16)
     2    0.018904    0.030682    0.092626  250.135239 ^ clkbuf_0_clk/X (sky130_fd_sc_hd__clkbuf_16)
                                                         clknet_0_clk (net)
                      0.030683    0.000341  250.135574 ^ clkbuf_1_0__f_clk/A (sky130_fd_sc_hd__clkbuf_16)
    10    0.039144    0.044412    0.096207  250.231781 ^ clkbuf_1_0__f_clk/X (sky130_fd_sc_hd__clkbuf_16)
                                                         clknet_1_0__leaf_clk (net)
                      0.044489    0.001506  250.233292 ^ _171_/CLK (sky130_fd_sc_hd__dfxtp_2)
                                 -0.250000  249.983292   clock uncertainty
                                  0.000000  249.983292   clock reconvergence pessimism
                                 -0.067533  249.915771   library setup time
                                            249.915771   data required time
---------------------------------------------------------------------------------------------
                                            249.915771   data required time
                                           -125.850037   data arrival time
---------------------------------------------------------------------------------------------
                                            124.065727   slack (MET)


Startpoint: _152_ (rising edge-triggered flip-flop clocked by clk')
Endpoint: _169_ (rising edge-triggered flip-flop clocked by clk)
Path Group: clk
Path Type: max

Fanout         Cap        Slew       Delay        Time   Description
---------------------------------------------------------------------------------------------
                                125.000000  125.000000   clock clk' (rise edge)
                                  0.000000  125.000000   clock source latency
     1    0.016283    0.026247    0.017124  125.017128 v clk (in)
                                                         clk (net)
                      0.026263    0.000000  125.017128 v clkbuf_0_clk/A (sky130_fd_sc_hd__clkbuf_16)
     2    0.016978    0.025513    0.095014  125.112144 v clkbuf_0_clk/X (sky130_fd_sc_hd__clkbuf_16)
                                                         clknet_0_clk (net)
                      0.025513    0.000284  125.112427 v clkbuf_1_1__f_clk/A (sky130_fd_sc_hd__clkbuf_16)
    12    0.036114    0.033715    0.104862  125.217285 v clkbuf_1_1__f_clk/X (sky130_fd_sc_hd__clkbuf_16)
                                                         clknet_1_1__leaf_clk (net)
                      0.033723    0.000540  125.217827 v _083__1/A (sky130_fd_sc_hd__inv_2)
     1    0.002887    0.017799    0.028422  125.246246 ^ _083__1/Y (sky130_fd_sc_hd__inv_2)
                                                         net36 (net)
                      0.017800    0.000085  125.246338 ^ _152_/CLK (sky130_fd_sc_hd__dfxtp_1)
     3    0.014683    0.108664    0.237591  125.483925 ^ _152_/Q (sky130_fd_sc_hd__dfxtp_1)
                                                         net11 (net)
                      0.108664    0.000412  125.484337 ^ fanout28/A (sky130_fd_sc_hd__clkbuf_2)
    10    0.030953    0.131888    0.155268  125.639603 ^ fanout28/X (sky130_fd_sc_hd__clkbuf_2)
                                                         net28 (net)
                      0.131896    0.000838  125.640442 ^ _105_/A (sky130_fd_sc_hd__nand2_1)
     5    0.015655    0.083561    0.087908  125.728355 v _105_/Y (sky130_fd_sc_hd__nand2_1)
                                                         _061_ (net)
                      0.083563    0.000284  125.728638 v _145_/B (sky130_fd_sc_hd__and3_1)
     1    0.002154    0.025284    0.118021  125.846657 v _145_/X (sky130_fd_sc_hd__and3_1)
                                                         _018_ (net)
                      0.025284    0.000057  125.846718 v _169_/D (sky130_fd_sc_hd__dfxtp_1)
                                            125.846718   data arrival time

                                250.000000  250.000000   clock clk (rise edge)
                                  0.000000  250.000000   clock source latency
     1    0.017246    0.062584    0.042604  250.042618 ^ clk (in)
                                                         clk (net)
                      0.062592    0.000000  250.042618 ^ clkbuf_0_clk/A (sky130_fd_sc_hd__clkbuf_16)
     2    0.018904    0.030682    0.092626  250.135239 ^ clkbuf_0_clk/X (sky130_fd_sc_hd__clkbuf_16)
                                                         clknet_0_clk (net)
                      0.030683    0.000341  250.135574 ^ clkbuf_1_0__f_clk/A (sky130_fd_sc_hd__clkbuf_16)
    10    0.039144    0.044412    0.096207  250.231781 ^ clkbuf_1_0__f_clk/X (sky130_fd_sc_hd__clkbuf_16)
                                                         clknet_1_0__leaf_clk (net)
                      0.044425    0.000682  250.232468 ^ _169_/CLK (sky130_fd_sc_hd__dfxtp_1)
                                 -0.250000  249.982468   clock uncertainty
                                  0.000000  249.982468   clock reconvergence pessimism
                                 -0.066410  249.916046   library setup time
                                            249.916046   data required time
---------------------------------------------------------------------------------------------
                                            249.916046   data required time
                                           -125.846718   data arrival time
---------------------------------------------------------------------------------------------
                                            124.069336   slack (MET)


Startpoint: _152_ (rising edge-triggered flip-flop clocked by clk')
Endpoint: _170_ (rising edge-triggered flip-flop clocked by clk)
Path Group: clk
Path Type: max

Fanout         Cap        Slew       Delay        Time   Description
---------------------------------------------------------------------------------------------
                                125.000000  125.000000   clock clk' (rise edge)
                                  0.000000  125.000000   clock source latency
     1    0.016283    0.026247    0.017124  125.017128 v clk (in)
                                                         clk (net)
                      0.026263    0.000000  125.017128 v clkbuf_0_clk/A (sky130_fd_sc_hd__clkbuf_16)
     2    0.016978    0.025513    0.095014  125.112144 v clkbuf_0_clk/X (sky130_fd_sc_hd__clkbuf_16)
                                                         clknet_0_clk (net)
                      0.025513    0.000284  125.112427 v clkbuf_1_1__f_clk/A (sky130_fd_sc_hd__clkbuf_16)
    12    0.036114    0.033715    0.104862  125.217285 v clkbuf_1_1__f_clk/X (sky130_fd_sc_hd__clkbuf_16)
                                                         clknet_1_1__leaf_clk (net)
                      0.033723    0.000540  125.217827 v _083__1/A (sky130_fd_sc_hd__inv_2)
     1    0.002887    0.017799    0.028422  125.246246 ^ _083__1/Y (sky130_fd_sc_hd__inv_2)
                                                         net36 (net)
                      0.017800    0.000085  125.246338 ^ _152_/CLK (sky130_fd_sc_hd__dfxtp_1)
     3    0.014683    0.108664    0.237591  125.483925 ^ _152_/Q (sky130_fd_sc_hd__dfxtp_1)
                                                         net11 (net)
                      0.108664    0.000412  125.484337 ^ fanout28/A (sky130_fd_sc_hd__clkbuf_2)
    10    0.030953    0.131888    0.155268  125.639603 ^ fanout28/X (sky130_fd_sc_hd__clkbuf_2)
                                                         net28 (net)
                      0.131900    0.001023  125.640625 ^ _107_/A (sky130_fd_sc_hd__nand3_1)
     3    0.007967    0.069921    0.073669  125.714294 v _107_/Y (sky130_fd_sc_hd__nand3_1)
                                                         _063_ (net)
                      0.069921    0.000114  125.714409 v _147_/B (sky130_fd_sc_hd__and3_1)
     1    0.002192    0.025365    0.112493  125.826904 v _147_/X (sky130_fd_sc_hd__and3_1)
                                                         _019_ (net)
                      0.025365    0.000057  125.826958 v _170_/D (sky130_fd_sc_hd__dfxtp_1)
                                            125.826958   data arrival time

                                250.000000  250.000000   clock clk (rise edge)
                                  0.000000  250.000000   clock source latency
     1    0.017246    0.062584    0.042604  250.042618 ^ clk (in)
                                                         clk (net)
                      0.062592    0.000000  250.042618 ^ clkbuf_0_clk/A (sky130_fd_sc_hd__clkbuf_16)
     2    0.018904    0.030682    0.092626  250.135239 ^ clkbuf_0_clk/X (sky130_fd_sc_hd__clkbuf_16)
                                                         clknet_0_clk (net)
                      0.030683    0.000341  250.135574 ^ clkbuf_1_0__f_clk/A (sky130_fd_sc_hd__clkbuf_16)
    10    0.039144    0.044412    0.096207  250.231781 ^ clkbuf_1_0__f_clk/X (sky130_fd_sc_hd__clkbuf_16)
                                                         clknet_1_0__leaf_clk (net)
                      0.044425    0.000682  250.232468 ^ _170_/CLK (sky130_fd_sc_hd__dfxtp_1)
                                 -0.250000  249.982468   clock uncertainty
                                  0.000000  249.982468   clock reconvergence pessimism
                                 -0.066439  249.916016   library setup time
                                            249.916016   data required time
---------------------------------------------------------------------------------------------
                                            249.916016   data required time
                                           -125.826958   data arrival time
---------------------------------------------------------------------------------------------
                                            124.089058   slack (MET)


Startpoint: _161_ (rising edge-triggered flip-flop clocked by clk)
Endpoint: dac_in[0] (output port clocked by clk)
Path Group: clk
Path Type: max

Fanout         Cap        Slew       Delay        Time   Description
---------------------------------------------------------------------------------------------
                                  0.000000    0.000000   clock clk (rise edge)
                                  0.000000    0.000000   clock source latency
     1    0.017246    0.062584    0.042615    0.042615 ^ clk (in)
                                                         clk (net)
                      0.062592    0.000000    0.042615 ^ clkbuf_0_clk/A (sky130_fd_sc_hd__clkbuf_16)
     2    0.018904    0.030682    0.092603    0.135218 ^ clkbuf_0_clk/X (sky130_fd_sc_hd__clkbuf_16)
                                                         clknet_0_clk (net)
                      0.030683    0.000364    0.135582 ^ clkbuf_1_0__f_clk/A (sky130_fd_sc_hd__clkbuf_16)
    10    0.039144    0.044412    0.096201    0.231782 ^ clkbuf_1_0__f_clk/X (sky130_fd_sc_hd__clkbuf_16)
                                                         clknet_1_0__leaf_clk (net)
                      0.044481    0.001410    0.233192 ^ _161_/CLK (sky130_fd_sc_hd__dfxtp_1)
     4    0.031123    0.221249    0.323675    0.556867 ^ _161_/Q (sky130_fd_sc_hd__dfxtp_1)
                                                         net12 (net)
                      0.221249    0.000452    0.557320 ^ output12/A (sky130_fd_sc_hd__buf_2)
     1    0.034825    0.130596    0.171265    0.728584 ^ output12/X (sky130_fd_sc_hd__buf_2)
                                                         dac_in[0] (net)
                      0.130600    0.000877    0.729461 ^ dac_in[0] (out)
                                              0.729461   data arrival time

                                250.000000  250.000000   clock clk (rise edge)
                                  0.000000  250.000000   clock network delay (propagated)
                                 -0.250000  249.750015   clock uncertainty
                                  0.000000  249.750015   clock reconvergence pessimism
                                -50.000000  199.750015   output external delay
                                            199.750015   data required time
---------------------------------------------------------------------------------------------
                                            199.750015   data required time
                                             -0.729461   data arrival time
---------------------------------------------------------------------------------------------
                                            199.020554   slack (MET)


Startpoint: _163_ (rising edge-triggered flip-flop clocked by clk)
Endpoint: dac_in[2] (output port clocked by clk)
Path Group: clk
Path Type: max

Fanout         Cap        Slew       Delay        Time   Description
---------------------------------------------------------------------------------------------
                                  0.000000    0.000000   clock clk (rise edge)
                                  0.000000    0.000000   clock source latency
     1    0.017246    0.062584    0.042615    0.042615 ^ clk (in)
                                                         clk (net)
                      0.062592    0.000000    0.042615 ^ clkbuf_0_clk/A (sky130_fd_sc_hd__clkbuf_16)
     2    0.018904    0.030682    0.092603    0.135218 ^ clkbuf_0_clk/X (sky130_fd_sc_hd__clkbuf_16)
                                                         clknet_0_clk (net)
                      0.030683    0.000364    0.135582 ^ clkbuf_1_0__f_clk/A (sky130_fd_sc_hd__clkbuf_16)
    10    0.039144    0.044412    0.096201    0.231782 ^ clkbuf_1_0__f_clk/X (sky130_fd_sc_hd__clkbuf_16)
                                                         clknet_1_0__leaf_clk (net)
                      0.044477    0.001368    0.233150 ^ _163_/CLK (sky130_fd_sc_hd__dfxtp_1)
     4    0.030490    0.217004    0.320133    0.553283 ^ _163_/Q (sky130_fd_sc_hd__dfxtp_1)
                                                         net14 (net)
                      0.217004    0.000404    0.553686 ^ output14/A (sky130_fd_sc_hd__buf_2)
     1    0.034793    0.130464    0.170751    0.724437 ^ output14/X (sky130_fd_sc_hd__buf_2)
                                                         dac_in[2] (net)
                      0.130468    0.000874    0.725312 ^ dac_in[2] (out)
                                              0.725312   data arrival time

                                250.000000  250.000000   clock clk (rise edge)
                                  0.000000  250.000000   clock network delay (propagated)
                                 -0.250000  249.750015   clock uncertainty
                                  0.000000  249.750015   clock reconvergence pessimism
                                -50.000000  199.750015   output external delay
                                            199.750015   data required time
---------------------------------------------------------------------------------------------
                                            199.750015   data required time
                                             -0.725312   data arrival time
---------------------------------------------------------------------------------------------
                                            199.024704   slack (MET)


Startpoint: _162_ (rising edge-triggered flip-flop clocked by clk)
Endpoint: dac_in[1] (output port clocked by clk)
Path Group: clk
Path Type: max

Fanout         Cap        Slew       Delay        Time   Description
---------------------------------------------------------------------------------------------
                                  0.000000    0.000000   clock clk (rise edge)
                                  0.000000    0.000000   clock source latency
     1    0.017246    0.062584    0.042615    0.042615 ^ clk (in)
                                                         clk (net)
                      0.062592    0.000000    0.042615 ^ clkbuf_0_clk/A (sky130_fd_sc_hd__clkbuf_16)
     2    0.018904    0.030682    0.092603    0.135218 ^ clkbuf_0_clk/X (sky130_fd_sc_hd__clkbuf_16)
                                                         clknet_0_clk (net)
                      0.030683    0.000321    0.135539 ^ clkbuf_1_1__f_clk/A (sky130_fd_sc_hd__clkbuf_16)
    12    0.038219    0.043764    0.095756    0.231295 ^ clkbuf_1_1__f_clk/X (sky130_fd_sc_hd__clkbuf_16)
                                                         clknet_1_1__leaf_clk (net)
                      0.043800    0.000740    0.232035 ^ _162_/CLK (sky130_fd_sc_hd__dfxtp_1)
     3    0.026858    0.191942    0.302973    0.535008 ^ _162_/Q (sky130_fd_sc_hd__dfxtp_1)
                                                         net13 (net)
                      0.191951    0.001477    0.536485 ^ output13/A (sky130_fd_sc_hd__buf_2)
     1    0.034545    0.129472    0.167576    0.704060 ^ output13/X (sky130_fd_sc_hd__buf_2)
                                                         dac_in[1] (net)
                      0.129476    0.000838    0.704899 ^ dac_in[1] (out)
                                              0.704899   data arrival time

                                250.000000  250.000000   clock clk (rise edge)
                                  0.000000  250.000000   clock network delay (propagated)
                                 -0.250000  249.750015   clock uncertainty
                                  0.000000  249.750015   clock reconvergence pessimism
                                -50.000000  199.750015   output external delay
                                            199.750015   data required time
---------------------------------------------------------------------------------------------
                                            199.750015   data required time
                                             -0.704899   data arrival time
---------------------------------------------------------------------------------------------
                                            199.045105   slack (MET)


Startpoint: _164_ (rising edge-triggered flip-flop clocked by clk)
Endpoint: dac_in[3] (output port clocked by clk)
Path Group: clk
Path Type: max

Fanout         Cap        Slew       Delay        Time   Description
---------------------------------------------------------------------------------------------
                                  0.000000    0.000000   clock clk (rise edge)
                                  0.000000    0.000000   clock source latency
     1    0.017246    0.062584    0.042615    0.042615 ^ clk (in)
                                                         clk (net)
                      0.062592    0.000000    0.042615 ^ clkbuf_0_clk/A (sky130_fd_sc_hd__clkbuf_16)
     2    0.018904    0.030682    0.092603    0.135218 ^ clkbuf_0_clk/X (sky130_fd_sc_hd__clkbuf_16)
                                                         clknet_0_clk (net)
                      0.030683    0.000364    0.135582 ^ clkbuf_1_0__f_clk/A (sky130_fd_sc_hd__clkbuf_16)
    10    0.039144    0.044412    0.096201    0.231782 ^ clkbuf_1_0__f_clk/X (sky130_fd_sc_hd__clkbuf_16)
                                                         clknet_1_0__leaf_clk (net)
                      0.044464    0.001221    0.233003 ^ _164_/CLK (sky130_fd_sc_hd__dfxtp_1)
     3    0.024703    0.177243    0.292745    0.525748 ^ _164_/Q (sky130_fd_sc_hd__dfxtp_1)
                                                         net15 (net)
                      0.177243    0.000475    0.526224 ^ output15/A (sky130_fd_sc_hd__buf_2)
     1    0.034545    0.129401    0.166056    0.692280 ^ output15/X (sky130_fd_sc_hd__buf_2)
                                                         dac_in[3] (net)
                      0.129405    0.000838    0.693118 ^ dac_in[3] (out)
                                              0.693118   data arrival time

                                250.000000  250.000000   clock clk (rise edge)
                                  0.000000  250.000000   clock network delay (propagated)
                                 -0.250000  249.750015   clock uncertainty
                                  0.000000  249.750015   clock reconvergence pessimism
                                -50.000000  199.750015   output external delay
                                            199.750015   data required time
---------------------------------------------------------------------------------------------
                                            199.750015   data required time
                                             -0.693118   data arrival time
---------------------------------------------------------------------------------------------
                                            199.056885   slack (MET)


Startpoint: _165_ (rising edge-triggered flip-flop clocked by clk)
Endpoint: dac_in[4] (output port clocked by clk)
Path Group: clk
Path Type: max

Fanout         Cap        Slew       Delay        Time   Description
---------------------------------------------------------------------------------------------
                                  0.000000    0.000000   clock clk (rise edge)
                                  0.000000    0.000000   clock source latency
     1    0.017246    0.062584    0.042615    0.042615 ^ clk (in)
                                                         clk (net)
                      0.062592    0.000000    0.042615 ^ clkbuf_0_clk/A (sky130_fd_sc_hd__clkbuf_16)
     2    0.018904    0.030682    0.092603    0.135218 ^ clkbuf_0_clk/X (sky130_fd_sc_hd__clkbuf_16)
                                                         clknet_0_clk (net)
                      0.030683    0.000321    0.135539 ^ clkbuf_1_1__f_clk/A (sky130_fd_sc_hd__clkbuf_16)
    12    0.038219    0.043764    0.095756    0.231295 ^ clkbuf_1_1__f_clk/X (sky130_fd_sc_hd__clkbuf_16)
                                                         clknet_1_1__leaf_clk (net)
                      0.043781    0.000416    0.231711 ^ _165_/CLK (sky130_fd_sc_hd__dfxtp_1)
     3    0.024709    0.177215    0.292868    0.524579 ^ _165_/Q (sky130_fd_sc_hd__dfxtp_1)
                                                         net16 (net)
                      0.177220    0.001180    0.525759 ^ output16/A (sky130_fd_sc_hd__buf_2)
     1    0.034545    0.129401    0.166054    0.691813 ^ output16/X (sky130_fd_sc_hd__buf_2)
                                                         dac_in[4] (net)
                      0.129405    0.000838    0.692651 ^ dac_in[4] (out)
                                              0.692651   data arrival time

                                250.000000  250.000000   clock clk (rise edge)
                                  0.000000  250.000000   clock network delay (propagated)
                                 -0.250000  249.750015   clock uncertainty
                                  0.000000  249.750015   clock reconvergence pessimism
                                -50.000000  199.750015   output external delay
                                            199.750015   data required time
---------------------------------------------------------------------------------------------
                                            199.750015   data required time
                                             -0.692651   data arrival time
---------------------------------------------------------------------------------------------
                                            199.057358   slack (MET)


Startpoint: _167_ (rising edge-triggered flip-flop clocked by clk)
Endpoint: dac_in[6] (output port clocked by clk)
Path Group: clk
Path Type: max

Fanout         Cap        Slew       Delay        Time   Description
---------------------------------------------------------------------------------------------
                                  0.000000    0.000000   clock clk (rise edge)
                                  0.000000    0.000000   clock source latency
     1    0.017246    0.062584    0.042615    0.042615 ^ clk (in)
                                                         clk (net)
                      0.062592    0.000000    0.042615 ^ clkbuf_0_clk/A (sky130_fd_sc_hd__clkbuf_16)
     2    0.018904    0.030682    0.092603    0.135218 ^ clkbuf_0_clk/X (sky130_fd_sc_hd__clkbuf_16)
                                                         clknet_0_clk (net)
                      0.030683    0.000364    0.135582 ^ clkbuf_1_0__f_clk/A (sky130_fd_sc_hd__clkbuf_16)
    10    0.039144    0.044412    0.096201    0.231782 ^ clkbuf_1_0__f_clk/X (sky130_fd_sc_hd__clkbuf_16)
                                                         clknet_1_0__leaf_clk (net)
                      0.044449    0.001031    0.232813 ^ _167_/CLK (sky130_fd_sc_hd__dfxtp_1)
     4    0.024524    0.176011    0.291909    0.524722 ^ _167_/Q (sky130_fd_sc_hd__dfxtp_1)
                                                         net18 (net)
                      0.176011    0.000615    0.525337 ^ output18/A (sky130_fd_sc_hd__buf_2)
     1    0.034545    0.129395    0.165929    0.691266 ^ output18/X (sky130_fd_sc_hd__buf_2)
                                                         dac_in[6] (net)
                      0.129399    0.000838    0.692105 ^ dac_in[6] (out)
                                              0.692105   data arrival time

                                250.000000  250.000000   clock clk (rise edge)
                                  0.000000  250.000000   clock network delay (propagated)
                                 -0.250000  249.750015   clock uncertainty
                                  0.000000  249.750015   clock reconvergence pessimism
                                -50.000000  199.750015   output external delay
                                            199.750015   data required time
---------------------------------------------------------------------------------------------
                                            199.750015   data required time
                                             -0.692105   data arrival time
---------------------------------------------------------------------------------------------
                                            199.057892   slack (MET)


Startpoint: _164_ (rising edge-triggered flip-flop clocked by clk)
Endpoint: dac_in_n[3] (output port clocked by clk)
Path Group: clk
Path Type: max

Fanout         Cap        Slew       Delay        Time   Description
---------------------------------------------------------------------------------------------
                                  0.000000    0.000000   clock clk (rise edge)
                                  0.000000    0.000000   clock source latency
     1    0.017246    0.062584    0.042615    0.042615 ^ clk (in)
                                                         clk (net)
                      0.062592    0.000000    0.042615 ^ clkbuf_0_clk/A (sky130_fd_sc_hd__clkbuf_16)
     2    0.018904    0.030682    0.092603    0.135218 ^ clkbuf_0_clk/X (sky130_fd_sc_hd__clkbuf_16)
                                                         clknet_0_clk (net)
                      0.030683    0.000364    0.135582 ^ clkbuf_1_0__f_clk/A (sky130_fd_sc_hd__clkbuf_16)
    10    0.039144    0.044412    0.096201    0.231782 ^ clkbuf_1_0__f_clk/X (sky130_fd_sc_hd__clkbuf_16)
                                                         clknet_1_0__leaf_clk (net)
                      0.044464    0.001221    0.233003 ^ _164_/CLK (sky130_fd_sc_hd__dfxtp_1)
     3    0.023937    0.081478    0.241794    0.474797 v _164_/Q (sky130_fd_sc_hd__dfxtp_1)
                                                         net15 (net)
                      0.081510    0.001515    0.476312 v _078_/A (sky130_fd_sc_hd__inv_2)
     2    0.011123    0.049032    0.067206    0.543517 ^ _078_/Y (sky130_fd_sc_hd__inv_2)
                                                         net23 (net)
                      0.049032    0.000191    0.543708 ^ output23/A (sky130_fd_sc_hd__buf_2)
     1    0.034681    0.129650    0.143571    0.687280 ^ output23/X (sky130_fd_sc_hd__buf_2)
                                                         dac_in_n[3] (net)
                      0.129658    0.000859    0.688138 ^ dac_in_n[3] (out)
                                              0.688138   data arrival time

                                250.000000  250.000000   clock clk (rise edge)
                                  0.000000  250.000000   clock network delay (propagated)
                                 -0.250000  249.750015   clock uncertainty
                                  0.000000  249.750015   clock reconvergence pessimism
                                -50.000000  199.750015   output external delay
                                            199.750015   data required time
---------------------------------------------------------------------------------------------
                                            199.750015   data required time
                                             -0.688138   data arrival time
---------------------------------------------------------------------------------------------
                                            199.061874   slack (MET)


Startpoint: _162_ (rising edge-triggered flip-flop clocked by clk)
Endpoint: dac_in_n[1] (output port clocked by clk)
Path Group: clk
Path Type: max

Fanout         Cap        Slew       Delay        Time   Description
---------------------------------------------------------------------------------------------
                                  0.000000    0.000000   clock clk (rise edge)
                                  0.000000    0.000000   clock source latency
     1    0.017246    0.062584    0.042615    0.042615 ^ clk (in)
                                                         clk (net)
                      0.062592    0.000000    0.042615 ^ clkbuf_0_clk/A (sky130_fd_sc_hd__clkbuf_16)
     2    0.018904    0.030682    0.092603    0.135218 ^ clkbuf_0_clk/X (sky130_fd_sc_hd__clkbuf_16)
                                                         clknet_0_clk (net)
                      0.030683    0.000321    0.135539 ^ clkbuf_1_1__f_clk/A (sky130_fd_sc_hd__clkbuf_16)
    12    0.038219    0.043764    0.095756    0.231295 ^ clkbuf_1_1__f_clk/X (sky130_fd_sc_hd__clkbuf_16)
                                                         clknet_1_1__leaf_clk (net)
                      0.043800    0.000740    0.232035 ^ _162_/CLK (sky130_fd_sc_hd__dfxtp_1)
     3    0.026858    0.191942    0.302973    0.535008 ^ _162_/Q (sky130_fd_sc_hd__dfxtp_1)
                                                         net13 (net)
                      0.191944    0.000954    0.535962 ^ _080_/A (sky130_fd_sc_hd__inv_2)
     2    0.006966    0.041251    0.022461    0.558423 v _080_/Y (sky130_fd_sc_hd__inv_2)
                                                         net21 (net)
                      0.041251    0.000105    0.558528 v output21/A (sky130_fd_sc_hd__buf_2)
     1    0.034576    0.063308    0.121970    0.680498 v output21/X (sky130_fd_sc_hd__buf_2)
                                                         dac_in_n[1] (net)
                      0.063320    0.000852    0.681350 v dac_in_n[1] (out)
                                              0.681350   data arrival time

                                250.000000  250.000000   clock clk (rise edge)
                                  0.000000  250.000000   clock network delay (propagated)
                                 -0.250000  249.750015   clock uncertainty
                                  0.000000  249.750015   clock reconvergence pessimism
                                -50.000000  199.750015   output external delay
                                            199.750015   data required time
---------------------------------------------------------------------------------------------
                                            199.750015   data required time
                                             -0.681350   data arrival time
---------------------------------------------------------------------------------------------
                                            199.068665   slack (MET)


Startpoint: _165_ (rising edge-triggered flip-flop clocked by clk)
Endpoint: dac_in_n[4] (output port clocked by clk)
Path Group: clk
Path Type: max

Fanout         Cap        Slew       Delay        Time   Description
---------------------------------------------------------------------------------------------
                                  0.000000    0.000000   clock clk (rise edge)
                                  0.000000    0.000000   clock source latency
     1    0.017246    0.062584    0.042615    0.042615 ^ clk (in)
                                                         clk (net)
                      0.062592    0.000000    0.042615 ^ clkbuf_0_clk/A (sky130_fd_sc_hd__clkbuf_16)
     2    0.018904    0.030682    0.092603    0.135218 ^ clkbuf_0_clk/X (sky130_fd_sc_hd__clkbuf_16)
                                                         clknet_0_clk (net)
                      0.030683    0.000321    0.135539 ^ clkbuf_1_1__f_clk/A (sky130_fd_sc_hd__clkbuf_16)
    12    0.038219    0.043764    0.095756    0.231295 ^ clkbuf_1_1__f_clk/X (sky130_fd_sc_hd__clkbuf_16)
                                                         clknet_1_1__leaf_clk (net)
                      0.043781    0.000416    0.231711 ^ _165_/CLK (sky130_fd_sc_hd__dfxtp_1)
     3    0.023943    0.081380    0.241903    0.473613 v _165_/Q (sky130_fd_sc_hd__dfxtp_1)
                                                         net16 (net)
                      0.081383    0.000539    0.474153 v _077_/A (sky130_fd_sc_hd__inv_2)
     2    0.009906    0.045519    0.063869    0.538022 ^ _077_/Y (sky130_fd_sc_hd__inv_2)
                                                         net24 (net)
                      0.045519    0.000166    0.538188 ^ output24/A (sky130_fd_sc_hd__buf_2)
     1    0.034572    0.129271    0.142242    0.680431 ^ output24/X (sky130_fd_sc_hd__buf_2)
                                                         dac_in_n[4] (net)
                      0.129279    0.000853    0.681283 ^ dac_in_n[4] (out)
                                              0.681283   data arrival time

                                250.000000  250.000000   clock clk (rise edge)
                                  0.000000  250.000000   clock network delay (propagated)
                                 -0.250000  249.750015   clock uncertainty
                                  0.000000  249.750015   clock reconvergence pessimism
                                -50.000000  199.750015   output external delay
                                            199.750015   data required time
---------------------------------------------------------------------------------------------
                                            199.750015   data required time
                                             -0.681283   data arrival time
---------------------------------------------------------------------------------------------
                                            199.068726   slack (MET)


Startpoint: _166_ (rising edge-triggered flip-flop clocked by clk)
Endpoint: dac_in_n[5] (output port clocked by clk)
Path Group: clk
Path Type: max

Fanout         Cap        Slew       Delay        Time   Description
---------------------------------------------------------------------------------------------
                                  0.000000    0.000000   clock clk (rise edge)
                                  0.000000    0.000000   clock source latency
     1    0.017246    0.062584    0.042615    0.042615 ^ clk (in)
                                                         clk (net)
                      0.062592    0.000000    0.042615 ^ clkbuf_0_clk/A (sky130_fd_sc_hd__clkbuf_16)
     2    0.018904    0.030682    0.092603    0.135218 ^ clkbuf_0_clk/X (sky130_fd_sc_hd__clkbuf_16)
                                                         clknet_0_clk (net)
                      0.030683    0.000321    0.135539 ^ clkbuf_1_1__f_clk/A (sky130_fd_sc_hd__clkbuf_16)
    12    0.038219    0.043764    0.095756    0.231295 ^ clkbuf_1_1__f_clk/X (sky130_fd_sc_hd__clkbuf_16)
                                                         clknet_1_1__leaf_clk (net)
                      0.043792    0.000605    0.231900 ^ _166_/CLK (sky130_fd_sc_hd__dfxtp_1)
     3    0.019076    0.066534    0.230441    0.462341 v _166_/Q (sky130_fd_sc_hd__dfxtp_1)
                                                         net17 (net)
                      0.066538    0.000556    0.462897 v _076_/A (sky130_fd_sc_hd__inv_2)
     2    0.014163    0.055017    0.069162    0.532059 ^ _076_/Y (sky130_fd_sc_hd__inv_2)
                                                         net25 (net)
                      0.055019    0.000298    0.532357 ^ output25/A (sky130_fd_sc_hd__buf_2)
     1    0.035420    0.132280    0.146959    0.679316 ^ output25/X (sky130_fd_sc_hd__buf_2)
                                                         dac_in_n[5] (net)
                      0.132291    0.001026    0.680341 ^ dac_in_n[5] (out)
                                              0.680341   data arrival time

                                250.000000  250.000000   clock clk (rise edge)
                                  0.000000  250.000000   clock network delay (propagated)
                                 -0.250000  249.750015   clock uncertainty
                                  0.000000  249.750015   clock reconvergence pessimism
                                -50.000000  199.750015   output external delay
                                            199.750015   data required time
---------------------------------------------------------------------------------------------
                                            199.750015   data required time
                                             -0.680341   data arrival time
---------------------------------------------------------------------------------------------
                                            199.069672   slack (MET)


Startpoint: _161_ (rising edge-triggered flip-flop clocked by clk)
Endpoint: dac_in_n[0] (output port clocked by clk)
Path Group: clk
Path Type: max

Fanout         Cap        Slew       Delay        Time   Description
---------------------------------------------------------------------------------------------
                                  0.000000    0.000000   clock clk (rise edge)
                                  0.000000    0.000000   clock source latency
     1    0.017246    0.062584    0.042615    0.042615 ^ clk (in)
                                                         clk (net)
                      0.062592    0.000000    0.042615 ^ clkbuf_0_clk/A (sky130_fd_sc_hd__clkbuf_16)
     2    0.018904    0.030682    0.092603    0.135218 ^ clkbuf_0_clk/X (sky130_fd_sc_hd__clkbuf_16)
                                                         clknet_0_clk (net)
                      0.030683    0.000364    0.135582 ^ clkbuf_1_0__f_clk/A (sky130_fd_sc_hd__clkbuf_16)
    10    0.039144    0.044412    0.096201    0.231782 ^ clkbuf_1_0__f_clk/X (sky130_fd_sc_hd__clkbuf_16)
                                                         clknet_1_0__leaf_clk (net)
                      0.044481    0.001410    0.233192 ^ _161_/CLK (sky130_fd_sc_hd__dfxtp_1)
     4    0.031123    0.221249    0.323675    0.556867 ^ _161_/Q (sky130_fd_sc_hd__dfxtp_1)
                                                         net12 (net)
                      0.221252    0.001221    0.558089 ^ _081_/A (sky130_fd_sc_hd__inv_2)
     1    0.001974    0.032250    0.001739    0.559828 v _081_/Y (sky130_fd_sc_hd__inv_2)
                                                         net20 (net)
                      0.032250    0.000055    0.559883 v output20/A (sky130_fd_sc_hd__buf_2)
     1    0.034572    0.063301    0.118359    0.678242 v output20/X (sky130_fd_sc_hd__buf_2)
                                                         dac_in_n[0] (net)
                      0.063313    0.000852    0.679094 v dac_in_n[0] (out)
                                              0.679094   data arrival time

                                250.000000  250.000000   clock clk (rise edge)
                                  0.000000  250.000000   clock network delay (propagated)
                                 -0.250000  249.750015   clock uncertainty
                                  0.000000  249.750015   clock reconvergence pessimism
                                -50.000000  199.750015   output external delay
                                            199.750015   data required time
---------------------------------------------------------------------------------------------
                                            199.750015   data required time
                                             -0.679094   data arrival time
---------------------------------------------------------------------------------------------
                                            199.070923   slack (MET)


Startpoint: _163_ (rising edge-triggered flip-flop clocked by clk)
Endpoint: dac_in_n[2] (output port clocked by clk)
Path Group: clk
Path Type: max

Fanout         Cap        Slew       Delay        Time   Description
---------------------------------------------------------------------------------------------
                                  0.000000    0.000000   clock clk (rise edge)
                                  0.000000    0.000000   clock source latency
     1    0.017246    0.062584    0.042615    0.042615 ^ clk (in)
                                                         clk (net)
                      0.062592    0.000000    0.042615 ^ clkbuf_0_clk/A (sky130_fd_sc_hd__clkbuf_16)
     2    0.018904    0.030682    0.092603    0.135218 ^ clkbuf_0_clk/X (sky130_fd_sc_hd__clkbuf_16)
                                                         clknet_0_clk (net)
                      0.030683    0.000364    0.135582 ^ clkbuf_1_0__f_clk/A (sky130_fd_sc_hd__clkbuf_16)
    10    0.039144    0.044412    0.096201    0.231782 ^ clkbuf_1_0__f_clk/X (sky130_fd_sc_hd__clkbuf_16)
                                                         clknet_1_0__leaf_clk (net)
                      0.044477    0.001368    0.233150 ^ _163_/CLK (sky130_fd_sc_hd__dfxtp_1)
     4    0.030490    0.217004    0.320133    0.553283 ^ _163_/Q (sky130_fd_sc_hd__dfxtp_1)
                                                         net14 (net)
                      0.217024    0.002184    0.555466 ^ _079_/A (sky130_fd_sc_hd__inv_2)
     1    0.002338    0.032813    0.003724    0.559191 v _079_/Y (sky130_fd_sc_hd__inv_2)
                                                         net22 (net)
                      0.032813    0.000065    0.559256 v output22/A (sky130_fd_sc_hd__buf_2)
     1    0.034913    0.063830    0.118972    0.678227 v output22/X (sky130_fd_sc_hd__buf_2)
                                                         dac_in_n[2] (net)
                      0.063844    0.000917    0.679145 v dac_in_n[2] (out)
                                              0.679145   data arrival time

                                250.000000  250.000000   clock clk (rise edge)
                                  0.000000  250.000000   clock network delay (propagated)
                                 -0.250000  249.750015   clock uncertainty
                                  0.000000  249.750015   clock reconvergence pessimism
                                -50.000000  199.750015   output external delay
                                            199.750015   data required time
---------------------------------------------------------------------------------------------
                                            199.750015   data required time
                                             -0.679145   data arrival time
---------------------------------------------------------------------------------------------
                                            199.070862   slack (MET)


Startpoint: _166_ (rising edge-triggered flip-flop clocked by clk)
Endpoint: dac_in[5] (output port clocked by clk)
Path Group: clk
Path Type: max

Fanout         Cap        Slew       Delay        Time   Description
---------------------------------------------------------------------------------------------
                                  0.000000    0.000000   clock clk (rise edge)
                                  0.000000    0.000000   clock source latency
     1    0.017246    0.062584    0.042615    0.042615 ^ clk (in)
                                                         clk (net)
                      0.062592    0.000000    0.042615 ^ clkbuf_0_clk/A (sky130_fd_sc_hd__clkbuf_16)
     2    0.018904    0.030682    0.092603    0.135218 ^ clkbuf_0_clk/X (sky130_fd_sc_hd__clkbuf_16)
                                                         clknet_0_clk (net)
                      0.030683    0.000321    0.135539 ^ clkbuf_1_1__f_clk/A (sky130_fd_sc_hd__clkbuf_16)
    12    0.038219    0.043764    0.095756    0.231295 ^ clkbuf_1_1__f_clk/X (sky130_fd_sc_hd__clkbuf_16)
                                                         clknet_1_1__leaf_clk (net)
                      0.043792    0.000605    0.231900 ^ _166_/CLK (sky130_fd_sc_hd__dfxtp_1)
     3    0.019842    0.143930    0.269778    0.501679 ^ _166_/Q (sky130_fd_sc_hd__dfxtp_1)
                                                         net17 (net)
                      0.143931    0.000578    0.502257 ^ output17/A (sky130_fd_sc_hd__buf_2)
     1    0.034545    0.129241    0.162614    0.664872 ^ output17/X (sky130_fd_sc_hd__buf_2)
                                                         dac_in[5] (net)
                      0.129244    0.000838    0.665710 ^ dac_in[5] (out)
                                              0.665710   data arrival time

                                250.000000  250.000000   clock clk (rise edge)
                                  0.000000  250.000000   clock network delay (propagated)
                                 -0.250000  249.750015   clock uncertainty
                                  0.000000  249.750015   clock reconvergence pessimism
                                -50.000000  199.750015   output external delay
                                            199.750015   data required time
---------------------------------------------------------------------------------------------
                                            199.750015   data required time
                                             -0.665710   data arrival time
---------------------------------------------------------------------------------------------
                                            199.084305   slack (MET)


Startpoint: _168_ (rising edge-triggered flip-flop clocked by clk)
Endpoint: dac_in_n[7] (output port clocked by clk)
Path Group: clk
Path Type: max

Fanout         Cap        Slew       Delay        Time   Description
---------------------------------------------------------------------------------------------
                                  0.000000    0.000000   clock clk (rise edge)
                                  0.000000    0.000000   clock source latency
     1    0.017246    0.062584    0.042615    0.042615 ^ clk (in)
                                                         clk (net)
                      0.062592    0.000000    0.042615 ^ clkbuf_0_clk/A (sky130_fd_sc_hd__clkbuf_16)
     2    0.018904    0.030682    0.092603    0.135218 ^ clkbuf_0_clk/X (sky130_fd_sc_hd__clkbuf_16)
                                                         clknet_0_clk (net)
                      0.030683    0.000364    0.135582 ^ clkbuf_1_0__f_clk/A (sky130_fd_sc_hd__clkbuf_16)
    10    0.039144    0.044412    0.096201    0.231782 ^ clkbuf_1_0__f_clk/X (sky130_fd_sc_hd__clkbuf_16)
                                                         clknet_1_0__leaf_clk (net)
                      0.044435    0.000836    0.232618 ^ _168_/CLK (sky130_fd_sc_hd__dfxtp_1)
     3    0.012795    0.047547    0.215700    0.448318 v _168_/Q (sky130_fd_sc_hd__dfxtp_1)
                                                         net19 (net)
                      0.047551    0.000460    0.448778 v _074_/A (sky130_fd_sc_hd__inv_2)
     2    0.017241    0.062774    0.068562    0.517340 ^ _074_/Y (sky130_fd_sc_hd__inv_2)
                                                         net27 (net)
                      0.062781    0.000538    0.517878 ^ output27/A (sky130_fd_sc_hd__buf_2)
     1    0.034542    0.129142    0.146708    0.664586 ^ output27/X (sky130_fd_sc_hd__buf_2)
                                                         dac_in_n[7] (net)
                      0.129150    0.000825    0.665411 ^ dac_in_n[7] (out)
                                              0.665411   data arrival time

                                250.000000  250.000000   clock clk (rise edge)
                                  0.000000  250.000000   clock network delay (propagated)
                                 -0.250000  249.750015   clock uncertainty
                                  0.000000  249.750015   clock reconvergence pessimism
                                -50.000000  199.750015   output external delay
                                            199.750015   data required time
---------------------------------------------------------------------------------------------
                                            199.750015   data required time
                                             -0.665411   data arrival time
---------------------------------------------------------------------------------------------
                                            199.084595   slack (MET)


Startpoint: _167_ (rising edge-triggered flip-flop clocked by clk)
Endpoint: dac_in_n[6] (output port clocked by clk)
Path Group: clk
Path Type: max

Fanout         Cap        Slew       Delay        Time   Description
---------------------------------------------------------------------------------------------
                                  0.000000    0.000000   clock clk (rise edge)
                                  0.000000    0.000000   clock source latency
     1    0.017246    0.062584    0.042615    0.042615 ^ clk (in)
                                                         clk (net)
                      0.062592    0.000000    0.042615 ^ clkbuf_0_clk/A (sky130_fd_sc_hd__clkbuf_16)
     2    0.018904    0.030682    0.092603    0.135218 ^ clkbuf_0_clk/X (sky130_fd_sc_hd__clkbuf_16)
                                                         clknet_0_clk (net)
                      0.030683    0.000364    0.135582 ^ clkbuf_1_0__f_clk/A (sky130_fd_sc_hd__clkbuf_16)
    10    0.039144    0.044412    0.096201    0.231782 ^ clkbuf_1_0__f_clk/X (sky130_fd_sc_hd__clkbuf_16)
                                                         clknet_1_0__leaf_clk (net)
                      0.044449    0.001031    0.232813 ^ _167_/CLK (sky130_fd_sc_hd__dfxtp_1)
     4    0.023520    0.080198    0.240816    0.473629 v _167_/Q (sky130_fd_sc_hd__dfxtp_1)
                                                         net18 (net)
                      0.080232    0.001531    0.475160 v _075_/A (sky130_fd_sc_hd__inv_2)
     1    0.002668    0.025465    0.041438    0.516599 ^ _075_/Y (sky130_fd_sc_hd__inv_2)
                                                         net26 (net)
                      0.025465    0.000076    0.516675 ^ output26/A (sky130_fd_sc_hd__buf_2)
     1    0.034572    0.129379    0.136164    0.652839 ^ output26/X (sky130_fd_sc_hd__buf_2)
                                                         dac_in_n[6] (net)
                      0.129387    0.000853    0.653691 ^ dac_in_n[6] (out)
                                              0.653691   data arrival time

                                250.000000  250.000000   clock clk (rise edge)
                                  0.000000  250.000000   clock network delay (propagated)
                                 -0.250000  249.750015   clock uncertainty
                                  0.000000  249.750015   clock reconvergence pessimism
                                -50.000000  199.750015   output external delay
                                            199.750015   data required time
---------------------------------------------------------------------------------------------
                                            199.750015   data required time
                                             -0.653691   data arrival time
---------------------------------------------------------------------------------------------
                                            199.096329   slack (MET)


Startpoint: _168_ (rising edge-triggered flip-flop clocked by clk)
Endpoint: dac_in[7] (output port clocked by clk)
Path Group: clk
Path Type: max

Fanout         Cap        Slew       Delay        Time   Description
---------------------------------------------------------------------------------------------
                                  0.000000    0.000000   clock clk (rise edge)
                                  0.000000    0.000000   clock source latency
     1    0.017246    0.062584    0.042615    0.042615 ^ clk (in)
                                                         clk (net)
                      0.062592    0.000000    0.042615 ^ clkbuf_0_clk/A (sky130_fd_sc_hd__clkbuf_16)
     2    0.018904    0.030682    0.092603    0.135218 ^ clkbuf_0_clk/X (sky130_fd_sc_hd__clkbuf_16)
                                                         clknet_0_clk (net)
                      0.030683    0.000364    0.135582 ^ clkbuf_1_0__f_clk/A (sky130_fd_sc_hd__clkbuf_16)
    10    0.039144    0.044412    0.096201    0.231782 ^ clkbuf_1_0__f_clk/X (sky130_fd_sc_hd__clkbuf_16)
                                                         clknet_1_0__leaf_clk (net)
                      0.044435    0.000836    0.232618 ^ _168_/CLK (sky130_fd_sc_hd__dfxtp_1)
     3    0.013491    0.100561    0.239724    0.472342 ^ _168_/Q (sky130_fd_sc_hd__dfxtp_1)
                                                         net19 (net)
                      0.100561    0.000167    0.472509 ^ output19/A (sky130_fd_sc_hd__buf_2)
     1    0.034545    0.129148    0.155370    0.627880 ^ output19/X (sky130_fd_sc_hd__buf_2)
                                                         dac_in[7] (net)
                      0.129195    0.000838    0.628718 ^ dac_in[7] (out)
                                              0.628718   data arrival time

                                250.000000  250.000000   clock clk (rise edge)
                                  0.000000  250.000000   clock network delay (propagated)
                                 -0.250000  249.750015   clock uncertainty
                                  0.000000  249.750015   clock reconvergence pessimism
                                -50.000000  199.750015   output external delay
                                            199.750015   data required time
---------------------------------------------------------------------------------------------
                                            199.750015   data required time
                                             -0.628718   data arrival time
---------------------------------------------------------------------------------------------
                                            199.121292   slack (MET)


Startpoint: _154_ (rising edge-triggered flip-flop clocked by clk)
Endpoint: adc_out[1] (output port clocked by clk)
Path Group: clk
Path Type: max

Fanout         Cap        Slew       Delay        Time   Description
---------------------------------------------------------------------------------------------
                                  0.000000    0.000000   clock clk (rise edge)
                                  0.000000    0.000000   clock source latency
     1    0.017246    0.062584    0.042615    0.042615 ^ clk (in)
                                                         clk (net)
                      0.062592    0.000000    0.042615 ^ clkbuf_0_clk/A (sky130_fd_sc_hd__clkbuf_16)
     2    0.018904    0.030682    0.092603    0.135218 ^ clkbuf_0_clk/X (sky130_fd_sc_hd__clkbuf_16)
                                                         clknet_0_clk (net)
                      0.030683    0.000321    0.135539 ^ clkbuf_1_1__f_clk/A (sky130_fd_sc_hd__clkbuf_16)
    12    0.038219    0.043764    0.095756    0.231295 ^ clkbuf_1_1__f_clk/X (sky130_fd_sc_hd__clkbuf_16)
                                                         clknet_1_1__leaf_clk (net)
                      0.043808    0.000860    0.232155 ^ _154_/CLK (sky130_fd_sc_hd__dfxtp_1)
     2    0.010294    0.078813    0.224224    0.456379 ^ _154_/Q (sky130_fd_sc_hd__dfxtp_1)
                                                         net4 (net)
                      0.078814    0.000487    0.456866 ^ output4/A (sky130_fd_sc_hd__buf_2)
     1    0.034922    0.130424    0.151407    0.608272 ^ output4/X (sky130_fd_sc_hd__buf_2)
                                                         adc_out[1] (net)
                      0.130468    0.000704    0.608976 ^ adc_out[1] (out)
                                              0.608976   data arrival time

                                250.000000  250.000000   clock clk (rise edge)
                                  0.000000  250.000000   clock network delay (propagated)
                                 -0.250000  249.750015   clock uncertainty
                                  0.000000  249.750015   clock reconvergence pessimism
                                -50.000000  199.750015   output external delay
                                            199.750015   data required time
---------------------------------------------------------------------------------------------
                                            199.750015   data required time
                                             -0.608976   data arrival time
---------------------------------------------------------------------------------------------
                                            199.141037   slack (MET)


Startpoint: _160_ (rising edge-triggered flip-flop clocked by clk)
Endpoint: adc_out[7] (output port clocked by clk)
Path Group: clk
Path Type: max

Fanout         Cap        Slew       Delay        Time   Description
---------------------------------------------------------------------------------------------
                                  0.000000    0.000000   clock clk (rise edge)
                                  0.000000    0.000000   clock source latency
     1    0.017246    0.062584    0.042615    0.042615 ^ clk (in)
                                                         clk (net)
                      0.062592    0.000000    0.042615 ^ clkbuf_0_clk/A (sky130_fd_sc_hd__clkbuf_16)
     2    0.018904    0.030682    0.092603    0.135218 ^ clkbuf_0_clk/X (sky130_fd_sc_hd__clkbuf_16)
                                                         clknet_0_clk (net)
                      0.030683    0.000321    0.135539 ^ clkbuf_1_1__f_clk/A (sky130_fd_sc_hd__clkbuf_16)
    12    0.038219    0.043764    0.095756    0.231295 ^ clkbuf_1_1__f_clk/X (sky130_fd_sc_hd__clkbuf_16)
                                                         clknet_1_1__leaf_clk (net)
                      0.043791    0.000584    0.231879 ^ _160_/CLK (sky130_fd_sc_hd__dfxtp_1)
     2    0.009193    0.071476    0.219009    0.450888 ^ _160_/Q (sky130_fd_sc_hd__dfxtp_1)
                                                         net10 (net)
                      0.071476    0.000308    0.451197 ^ output10/A (sky130_fd_sc_hd__buf_2)
     1    0.035019    0.130824    0.149877    0.601074 ^ output10/X (sky130_fd_sc_hd__buf_2)
                                                         adc_out[7] (net)
                      0.130832    0.000826    0.601900 ^ adc_out[7] (out)
                                              0.601900   data arrival time

                                250.000000  250.000000   clock clk (rise edge)
                                  0.000000  250.000000   clock network delay (propagated)
                                 -0.250000  249.750015   clock uncertainty
                                  0.000000  249.750015   clock reconvergence pessimism
                                -50.000000  199.750015   output external delay
                                            199.750015   data required time
---------------------------------------------------------------------------------------------
                                            199.750015   data required time
                                             -0.601900   data arrival time
---------------------------------------------------------------------------------------------
                                            199.148117   slack (MET)


Startpoint: _153_ (rising edge-triggered flip-flop clocked by clk)
Endpoint: adc_out[0] (output port clocked by clk)
Path Group: clk
Path Type: max

Fanout         Cap        Slew       Delay        Time   Description
---------------------------------------------------------------------------------------------
                                  0.000000    0.000000   clock clk (rise edge)
                                  0.000000    0.000000   clock source latency
     1    0.017246    0.062584    0.042615    0.042615 ^ clk (in)
                                                         clk (net)
                      0.062592    0.000000    0.042615 ^ clkbuf_0_clk/A (sky130_fd_sc_hd__clkbuf_16)
     2    0.018904    0.030682    0.092603    0.135218 ^ clkbuf_0_clk/X (sky130_fd_sc_hd__clkbuf_16)
                                                         clknet_0_clk (net)
                      0.030683    0.000321    0.135539 ^ clkbuf_1_1__f_clk/A (sky130_fd_sc_hd__clkbuf_16)
    12    0.038219    0.043764    0.095756    0.231295 ^ clkbuf_1_1__f_clk/X (sky130_fd_sc_hd__clkbuf_16)
                                                         clknet_1_1__leaf_clk (net)
                      0.043820    0.001028    0.232323 ^ _153_/CLK (sky130_fd_sc_hd__dfxtp_1)
     2    0.008721    0.068322    0.216717    0.449040 ^ _153_/Q (sky130_fd_sc_hd__dfxtp_1)
                                                         net3 (net)
                      0.068323    0.000355    0.449396 ^ output3/A (sky130_fd_sc_hd__buf_2)
     1    0.035068    0.131010    0.149225    0.598620 ^ output3/X (sky130_fd_sc_hd__buf_2)
                                                         adc_out[0] (net)
                      0.131018    0.000903    0.599523 ^ adc_out[0] (out)
                                              0.599523   data arrival time

                                250.000000  250.000000   clock clk (rise edge)
                                  0.000000  250.000000   clock network delay (propagated)
                                 -0.250000  249.750015   clock uncertainty
                                  0.000000  249.750015   clock reconvergence pessimism
                                -50.000000  199.750015   output external delay
                                            199.750015   data required time
---------------------------------------------------------------------------------------------
                                            199.750015   data required time
                                             -0.599523   data arrival time
---------------------------------------------------------------------------------------------
                                            199.150482   slack (MET)


Startpoint: _156_ (rising edge-triggered flip-flop clocked by clk)
Endpoint: adc_out[3] (output port clocked by clk)
Path Group: clk
Path Type: max

Fanout         Cap        Slew       Delay        Time   Description
---------------------------------------------------------------------------------------------
                                  0.000000    0.000000   clock clk (rise edge)
                                  0.000000    0.000000   clock source latency
     1    0.017246    0.062584    0.042615    0.042615 ^ clk (in)
                                                         clk (net)
                      0.062592    0.000000    0.042615 ^ clkbuf_0_clk/A (sky130_fd_sc_hd__clkbuf_16)
     2    0.018904    0.030682    0.092603    0.135218 ^ clkbuf_0_clk/X (sky130_fd_sc_hd__clkbuf_16)
                                                         clknet_0_clk (net)
                      0.030683    0.000321    0.135539 ^ clkbuf_1_1__f_clk/A (sky130_fd_sc_hd__clkbuf_16)
    12    0.038219    0.043764    0.095756    0.231295 ^ clkbuf_1_1__f_clk/X (sky130_fd_sc_hd__clkbuf_16)
                                                         clknet_1_1__leaf_clk (net)
                      0.043823    0.001071    0.232366 ^ _156_/CLK (sky130_fd_sc_hd__dfxtp_1)
     2    0.007244    0.058435    0.209650    0.442016 ^ _156_/Q (sky130_fd_sc_hd__dfxtp_1)
                                                         net6 (net)
                      0.058435    0.000265    0.442281 ^ output6/A (sky130_fd_sc_hd__buf_2)
     1    0.034058    0.127369    0.144655    0.586936 ^ output6/X (sky130_fd_sc_hd__buf_2)
                                                         adc_out[3] (net)
                      0.127410    0.000622    0.587558 ^ adc_out[3] (out)
                                              0.587558   data arrival time

                                250.000000  250.000000   clock clk (rise edge)
                                  0.000000  250.000000   clock network delay (propagated)
                                 -0.250000  249.750015   clock uncertainty
                                  0.000000  249.750015   clock reconvergence pessimism
                                -50.000000  199.750015   output external delay
                                            199.750015   data required time
---------------------------------------------------------------------------------------------
                                            199.750015   data required time
                                             -0.587558   data arrival time
---------------------------------------------------------------------------------------------
                                            199.162445   slack (MET)


Startpoint: _159_ (rising edge-triggered flip-flop clocked by clk)
Endpoint: adc_out[6] (output port clocked by clk)
Path Group: clk
Path Type: max

Fanout         Cap        Slew       Delay        Time   Description
---------------------------------------------------------------------------------------------
                                  0.000000    0.000000   clock clk (rise edge)
                                  0.000000    0.000000   clock source latency
     1    0.017246    0.062584    0.042615    0.042615 ^ clk (in)
                                                         clk (net)
                      0.062592    0.000000    0.042615 ^ clkbuf_0_clk/A (sky130_fd_sc_hd__clkbuf_16)
     2    0.018904    0.030682    0.092603    0.135218 ^ clkbuf_0_clk/X (sky130_fd_sc_hd__clkbuf_16)
                                                         clknet_0_clk (net)
                      0.030683    0.000321    0.135539 ^ clkbuf_1_1__f_clk/A (sky130_fd_sc_hd__clkbuf_16)
    12    0.038219    0.043764    0.095756    0.231295 ^ clkbuf_1_1__f_clk/X (sky130_fd_sc_hd__clkbuf_16)
                                                         clknet_1_1__leaf_clk (net)
                      0.043843    0.001317    0.232612 ^ _159_/CLK (sky130_fd_sc_hd__dfxtp_1)
     2    0.006875    0.055969    0.207906    0.440518 ^ _159_/Q (sky130_fd_sc_hd__dfxtp_1)
                                                         net9 (net)
                      0.055969    0.000188    0.440706 ^ output9/A (sky130_fd_sc_hd__buf_2)
     1    0.034401    0.128626    0.144909    0.585616 ^ output9/X (sky130_fd_sc_hd__buf_2)
                                                         adc_out[6] (net)
                      0.128631    0.000657    0.586273 ^ adc_out[6] (out)
                                              0.586273   data arrival time

                                250.000000  250.000000   clock clk (rise edge)
                                  0.000000  250.000000   clock network delay (propagated)
                                 -0.250000  249.750015   clock uncertainty
                                  0.000000  249.750015   clock reconvergence pessimism
                                -50.000000  199.750015   output external delay
                                            199.750015   data required time
---------------------------------------------------------------------------------------------
                                            199.750015   data required time
                                             -0.586273   data arrival time
---------------------------------------------------------------------------------------------
                                            199.163742   slack (MET)


Startpoint: _155_ (rising edge-triggered flip-flop clocked by clk)
Endpoint: adc_out[2] (output port clocked by clk)
Path Group: clk
Path Type: max

Fanout         Cap        Slew       Delay        Time   Description
---------------------------------------------------------------------------------------------
                                  0.000000    0.000000   clock clk (rise edge)
                                  0.000000    0.000000   clock source latency
     1    0.017246    0.062584    0.042615    0.042615 ^ clk (in)
                                                         clk (net)
                      0.062592    0.000000    0.042615 ^ clkbuf_0_clk/A (sky130_fd_sc_hd__clkbuf_16)
     2    0.018904    0.030682    0.092603    0.135218 ^ clkbuf_0_clk/X (sky130_fd_sc_hd__clkbuf_16)
                                                         clknet_0_clk (net)
                      0.030683    0.000321    0.135539 ^ clkbuf_1_1__f_clk/A (sky130_fd_sc_hd__clkbuf_16)
    12    0.038219    0.043764    0.095756    0.231295 ^ clkbuf_1_1__f_clk/X (sky130_fd_sc_hd__clkbuf_16)
                                                         clknet_1_1__leaf_clk (net)
                      0.043830    0.001160    0.232455 ^ _155_/CLK (sky130_fd_sc_hd__dfxtp_1)
     2    0.005908    0.049537    0.203260    0.435715 ^ _155_/Q (sky130_fd_sc_hd__dfxtp_1)
                                                         net5 (net)
                      0.049537    0.000162    0.435876 ^ output5/A (sky130_fd_sc_hd__buf_2)
     1    0.034059    0.127414    0.142350    0.578226 ^ output5/X (sky130_fd_sc_hd__buf_2)
                                                         adc_out[2] (net)
                      0.127419    0.000622    0.578848 ^ adc_out[2] (out)
                                              0.578848   data arrival time

                                250.000000  250.000000   clock clk (rise edge)
                                  0.000000  250.000000   clock network delay (propagated)
                                 -0.250000  249.750015   clock uncertainty
                                  0.000000  249.750015   clock reconvergence pessimism
                                -50.000000  199.750015   output external delay
                                            199.750015   data required time
---------------------------------------------------------------------------------------------
                                            199.750015   data required time
                                             -0.578848   data arrival time
---------------------------------------------------------------------------------------------
                                            199.171158   slack (MET)


Startpoint: _157_ (rising edge-triggered flip-flop clocked by clk)
Endpoint: adc_out[4] (output port clocked by clk)
Path Group: clk
Path Type: max

Fanout         Cap        Slew       Delay        Time   Description
---------------------------------------------------------------------------------------------
                                  0.000000    0.000000   clock clk (rise edge)
                                  0.000000    0.000000   clock source latency
     1    0.017246    0.062584    0.042615    0.042615 ^ clk (in)
                                                         clk (net)
                      0.062592    0.000000    0.042615 ^ clkbuf_0_clk/A (sky130_fd_sc_hd__clkbuf_16)
     2    0.018904    0.030682    0.092603    0.135218 ^ clkbuf_0_clk/X (sky130_fd_sc_hd__clkbuf_16)
                                                         clknet_0_clk (net)
                      0.030683    0.000321    0.135539 ^ clkbuf_1_1__f_clk/A (sky130_fd_sc_hd__clkbuf_16)
    12    0.038219    0.043764    0.095756    0.231295 ^ clkbuf_1_1__f_clk/X (sky130_fd_sc_hd__clkbuf_16)
                                                         clknet_1_1__leaf_clk (net)
                      0.043838    0.001266    0.232561 ^ _157_/CLK (sky130_fd_sc_hd__dfxtp_1)
     2    0.005596    0.047469    0.201750    0.434311 ^ _157_/Q (sky130_fd_sc_hd__dfxtp_1)
                                                         net7 (net)
                      0.047469    0.000173    0.434484 ^ output7/A (sky130_fd_sc_hd__buf_2)
     1    0.034064    0.127438    0.141737    0.576221 ^ output7/X (sky130_fd_sc_hd__buf_2)
                                                         adc_out[4] (net)
                      0.127442    0.000622    0.576843 ^ adc_out[4] (out)
                                              0.576843   data arrival time

                                250.000000  250.000000   clock clk (rise edge)
                                  0.000000  250.000000   clock network delay (propagated)
                                 -0.250000  249.750015   clock uncertainty
                                  0.000000  249.750015   clock reconvergence pessimism
                                -50.000000  199.750015   output external delay
                                            199.750015   data required time
---------------------------------------------------------------------------------------------
                                            199.750015   data required time
                                             -0.576843   data arrival time
---------------------------------------------------------------------------------------------
                                            199.173157   slack (MET)


Startpoint: _158_ (rising edge-triggered flip-flop clocked by clk)
Endpoint: adc_out[5] (output port clocked by clk)
Path Group: clk
Path Type: max

Fanout         Cap        Slew       Delay        Time   Description
---------------------------------------------------------------------------------------------
                                  0.000000    0.000000   clock clk (rise edge)
                                  0.000000    0.000000   clock source latency
     1    0.017246    0.062584    0.042615    0.042615 ^ clk (in)
                                                         clk (net)
                      0.062592    0.000000    0.042615 ^ clkbuf_0_clk/A (sky130_fd_sc_hd__clkbuf_16)
     2    0.018904    0.030682    0.092603    0.135218 ^ clkbuf_0_clk/X (sky130_fd_sc_hd__clkbuf_16)
                                                         clknet_0_clk (net)
                      0.030683    0.000321    0.135539 ^ clkbuf_1_1__f_clk/A (sky130_fd_sc_hd__clkbuf_16)
    12    0.038219    0.043764    0.095756    0.231295 ^ clkbuf_1_1__f_clk/X (sky130_fd_sc_hd__clkbuf_16)
                                                         clknet_1_1__leaf_clk (net)
                      0.043842    0.001311    0.232606 ^ _158_/CLK (sky130_fd_sc_hd__dfxtp_1)
     2    0.005468    0.046620    0.201159    0.433765 ^ _158_/Q (sky130_fd_sc_hd__dfxtp_1)
                                                         net8 (net)
                      0.046620    0.000122    0.433887 ^ output8/A (sky130_fd_sc_hd__buf_2)
     1    0.034067    0.127449    0.141486    0.575373 ^ output8/X (sky130_fd_sc_hd__buf_2)
                                                         adc_out[5] (net)
                      0.127453    0.000622    0.575995 ^ adc_out[5] (out)
                                              0.575995   data arrival time

                                250.000000  250.000000   clock clk (rise edge)
                                  0.000000  250.000000   clock network delay (propagated)
                                 -0.250000  249.750015   clock uncertainty
                                  0.000000  249.750015   clock reconvergence pessimism
                                -50.000000  199.750015   output external delay
                                            199.750015   data required time
---------------------------------------------------------------------------------------------
                                            199.750015   data required time
                                             -0.575995   data arrival time
---------------------------------------------------------------------------------------------
                                            199.174011   slack (MET)


Startpoint: rst_n (input port clocked by clk)
Endpoint: _160_ (rising edge-triggered flip-flop clocked by clk)
Path Group: clk
Path Type: max

Fanout         Cap        Slew       Delay        Time   Description
---------------------------------------------------------------------------------------------
                                  0.000000    0.000000   clock clk (rise edge)
                                  0.000000    0.000000   clock network delay (propagated)
                                 50.000000   50.000000 ^ input external delay
     1    0.003608    0.016819    0.009369   50.009365 ^ rst_n (in)
                                                         rst_n (net)
                      0.016819    0.000000   50.009365 ^ input2/A (sky130_fd_sc_hd__buf_1)
     2    0.021281    0.188742    0.155698   50.165066 ^ input2/X (sky130_fd_sc_hd__buf_1)
                                                         net2 (net)
                      0.188762    0.001599   50.166664 ^ _102_/C1 (sky130_fd_sc_hd__o211a_1)
     1    0.002246    0.027157    0.075595   50.242256 ^ _102_/X (sky130_fd_sc_hd__o211a_1)
                                                         _009_ (net)
                      0.027157    0.000064   50.242321 ^ hold3/A (sky130_fd_sc_hd__dlygate4sd3_1)
     1    0.002467    0.035325    0.367809   50.610130 ^ hold3/X (sky130_fd_sc_hd__dlygate4sd3_1)
                                                         net39 (net)
                      0.035325    0.000075   50.610207 ^ _160_/D (sky130_fd_sc_hd__dfxtp_1)
                                             50.610207   data arrival time

                                250.000000  250.000000   clock clk (rise edge)
                                  0.000000  250.000000   clock source latency
     1    0.017246    0.062584    0.042604  250.042618 ^ clk (in)
                                                         clk (net)
                      0.062592    0.000000  250.042618 ^ clkbuf_0_clk/A (sky130_fd_sc_hd__clkbuf_16)
     2    0.018904    0.030682    0.092626  250.135239 ^ clkbuf_0_clk/X (sky130_fd_sc_hd__clkbuf_16)
                                                         clknet_0_clk (net)
                      0.030683    0.000313  250.135544 ^ clkbuf_1_1__f_clk/A (sky130_fd_sc_hd__clkbuf_16)
    12    0.038219    0.043764    0.095753  250.231308 ^ clkbuf_1_1__f_clk/X (sky130_fd_sc_hd__clkbuf_16)
                                                         clknet_1_1__leaf_clk (net)
                      0.043791    0.000597  250.231903 ^ _160_/CLK (sky130_fd_sc_hd__dfxtp_1)
                                 -0.250000  249.981903   clock uncertainty
                                  0.000000  249.981903   clock reconvergence pessimism
                                 -0.028939  249.952972   library setup time
                                            249.952972   data required time
---------------------------------------------------------------------------------------------
                                            249.952972   data required time
                                            -50.610207   data arrival time
---------------------------------------------------------------------------------------------
                                            199.342773   slack (MET)


Startpoint: rst_n (input port clocked by clk)
Endpoint: _153_ (rising edge-triggered flip-flop clocked by clk)
Path Group: clk
Path Type: max

Fanout         Cap        Slew       Delay        Time   Description
---------------------------------------------------------------------------------------------
                                  0.000000    0.000000   clock clk (rise edge)
                                  0.000000    0.000000   clock network delay (propagated)
                                 50.000000   50.000000 ^ input external delay
     1    0.003608    0.016819    0.009369   50.009365 ^ rst_n (in)
                                                         rst_n (net)
                      0.016819    0.000000   50.009365 ^ input2/A (sky130_fd_sc_hd__buf_1)
     2    0.021281    0.188742    0.155698   50.165066 ^ input2/X (sky130_fd_sc_hd__buf_1)
                                                         net2 (net)
                      0.188759    0.001499   50.166565 ^ fanout35/A (sky130_fd_sc_hd__buf_2)
    10    0.039371    0.145985    0.178286   50.344849 ^ fanout35/X (sky130_fd_sc_hd__buf_2)
                                                         net35 (net)
                      0.146033    0.002181   50.347031 ^ _088_/C1 (sky130_fd_sc_hd__o211a_1)
     1    0.002293    0.028973    0.074646   50.421677 ^ _088_/X (sky130_fd_sc_hd__o211a_1)
                                                         _002_ (net)
                      0.028973    0.000064   50.421741 ^ _153_/D (sky130_fd_sc_hd__dfxtp_1)
                                             50.421741   data arrival time

                                250.000000  250.000000   clock clk (rise edge)
                                  0.000000  250.000000   clock source latency
     1    0.017246    0.062584    0.042604  250.042618 ^ clk (in)
                                                         clk (net)
                      0.062592    0.000000  250.042618 ^ clkbuf_0_clk/A (sky130_fd_sc_hd__clkbuf_16)
     2    0.018904    0.030682    0.092626  250.135239 ^ clkbuf_0_clk/X (sky130_fd_sc_hd__clkbuf_16)
                                                         clknet_0_clk (net)
                      0.030683    0.000313  250.135544 ^ clkbuf_1_1__f_clk/A (sky130_fd_sc_hd__clkbuf_16)
    12    0.038219    0.043764    0.095753  250.231308 ^ clkbuf_1_1__f_clk/X (sky130_fd_sc_hd__clkbuf_16)
                                                         clknet_1_1__leaf_clk (net)
                      0.043820    0.001023  250.232330 ^ _153_/CLK (sky130_fd_sc_hd__dfxtp_1)
                                 -0.250000  249.982330   clock uncertainty
                                  0.000000  249.982330   clock reconvergence pessimism
                                 -0.028369  249.953964   library setup time
                                            249.953964   data required time
---------------------------------------------------------------------------------------------
                                            249.953964   data required time
                                            -50.421741   data arrival time
---------------------------------------------------------------------------------------------
                                            199.532227   slack (MET)


Startpoint: rst_n (input port clocked by clk)
Endpoint: _159_ (rising edge-triggered flip-flop clocked by clk)
Path Group: clk
Path Type: max

Fanout         Cap        Slew       Delay        Time   Description
---------------------------------------------------------------------------------------------
                                  0.000000    0.000000   clock clk (rise edge)
                                  0.000000    0.000000   clock network delay (propagated)
                                 50.000000   50.000000 ^ input external delay
     1    0.003608    0.016819    0.009369   50.009365 ^ rst_n (in)
                                                         rst_n (net)
                      0.016819    0.000000   50.009365 ^ input2/A (sky130_fd_sc_hd__buf_1)
     2    0.021281    0.188742    0.155698   50.165066 ^ input2/X (sky130_fd_sc_hd__buf_1)
                                                         net2 (net)
                      0.188759    0.001499   50.166565 ^ fanout35/A (sky130_fd_sc_hd__buf_2)
    10    0.039371    0.145985    0.178286   50.344849 ^ fanout35/X (sky130_fd_sc_hd__buf_2)
                                                         net35 (net)
                      0.146049    0.002512   50.347363 ^ _100_/C1 (sky130_fd_sc_hd__o211a_1)
     1    0.002299    0.028133    0.074674   50.422035 ^ _100_/X (sky130_fd_sc_hd__o211a_1)
                                                         _008_ (net)
                      0.028133    0.000068   50.422104 ^ _159_/D (sky130_fd_sc_hd__dfxtp_1)
                                             50.422104   data arrival time

                                250.000000  250.000000   clock clk (rise edge)
                                  0.000000  250.000000   clock source latency
     1    0.017246    0.062584    0.042604  250.042618 ^ clk (in)
                                                         clk (net)
                      0.062592    0.000000  250.042618 ^ clkbuf_0_clk/A (sky130_fd_sc_hd__clkbuf_16)
     2    0.018904    0.030682    0.092626  250.135239 ^ clkbuf_0_clk/X (sky130_fd_sc_hd__clkbuf_16)
                                                         clknet_0_clk (net)
                      0.030683    0.000313  250.135544 ^ clkbuf_1_1__f_clk/A (sky130_fd_sc_hd__clkbuf_16)
    12    0.038219    0.043764    0.095753  250.231308 ^ clkbuf_1_1__f_clk/X (sky130_fd_sc_hd__clkbuf_16)
                                                         clknet_1_1__leaf_clk (net)
                      0.043843    0.001307  250.232605 ^ _159_/CLK (sky130_fd_sc_hd__dfxtp_1)
                                 -0.250000  249.982605   clock uncertainty
                                  0.000000  249.982605   clock reconvergence pessimism
                                 -0.028292  249.954330   library setup time
                                            249.954330   data required time
---------------------------------------------------------------------------------------------
                                            249.954330   data required time
                                            -50.422104   data arrival time
---------------------------------------------------------------------------------------------
                                            199.532227   slack (MET)


Startpoint: rst_n (input port clocked by clk)
Endpoint: _154_ (rising edge-triggered flip-flop clocked by clk)
Path Group: clk
Path Type: max

Fanout         Cap        Slew       Delay        Time   Description
---------------------------------------------------------------------------------------------
                                  0.000000    0.000000   clock clk (rise edge)
                                  0.000000    0.000000   clock network delay (propagated)
                                 50.000000   50.000000 ^ input external delay
     1    0.003608    0.016819    0.009369   50.009365 ^ rst_n (in)
                                                         rst_n (net)
                      0.016819    0.000000   50.009365 ^ input2/A (sky130_fd_sc_hd__buf_1)
     2    0.021281    0.188742    0.155698   50.165066 ^ input2/X (sky130_fd_sc_hd__buf_1)
                                                         net2 (net)
                      0.188759    0.001499   50.166565 ^ fanout35/A (sky130_fd_sc_hd__buf_2)
    10    0.039371    0.145985    0.178286   50.344849 ^ fanout35/X (sky130_fd_sc_hd__buf_2)
                                                         net35 (net)
                      0.146022    0.001922   50.346771 ^ _090_/C1 (sky130_fd_sc_hd__o211a_1)
     1    0.002159    0.027730    0.073964   50.420734 ^ _090_/X (sky130_fd_sc_hd__o211a_1)
                                                         _003_ (net)
                      0.027730    0.000060   50.420795 ^ _154_/D (sky130_fd_sc_hd__dfxtp_1)
                                             50.420795   data arrival time

                                250.000000  250.000000   clock clk (rise edge)
                                  0.000000  250.000000   clock source latency
     1    0.017246    0.062584    0.042604  250.042618 ^ clk (in)
                                                         clk (net)
                      0.062592    0.000000  250.042618 ^ clkbuf_0_clk/A (sky130_fd_sc_hd__clkbuf_16)
     2    0.018904    0.030682    0.092626  250.135239 ^ clkbuf_0_clk/X (sky130_fd_sc_hd__clkbuf_16)
                                                         clknet_0_clk (net)
                      0.030683    0.000313  250.135544 ^ clkbuf_1_1__f_clk/A (sky130_fd_sc_hd__clkbuf_16)
    12    0.038219    0.043764    0.095753  250.231308 ^ clkbuf_1_1__f_clk/X (sky130_fd_sc_hd__clkbuf_16)
                                                         clknet_1_1__leaf_clk (net)
                      0.043808    0.000853  250.232162 ^ _154_/CLK (sky130_fd_sc_hd__dfxtp_1)
                                 -0.250000  249.982162   clock uncertainty
                                  0.000000  249.982162   clock reconvergence pessimism
                                 -0.028257  249.953903   library setup time
                                            249.953903   data required time
---------------------------------------------------------------------------------------------
                                            249.953903   data required time
                                            -50.420795   data arrival time
---------------------------------------------------------------------------------------------
                                            199.533112   slack (MET)


Startpoint: rst_n (input port clocked by clk)
Endpoint: _155_ (rising edge-triggered flip-flop clocked by clk)
Path Group: clk
Path Type: max

Fanout         Cap        Slew       Delay        Time   Description
---------------------------------------------------------------------------------------------
                                  0.000000    0.000000   clock clk (rise edge)
                                  0.000000    0.000000   clock network delay (propagated)
                                 50.000000   50.000000 ^ input external delay
     1    0.003608    0.016819    0.009369   50.009365 ^ rst_n (in)
                                                         rst_n (net)
                      0.016819    0.000000   50.009365 ^ input2/A (sky130_fd_sc_hd__buf_1)
     2    0.021281    0.188742    0.155698   50.165066 ^ input2/X (sky130_fd_sc_hd__buf_1)
                                                         net2 (net)
                      0.188759    0.001499   50.166565 ^ fanout35/A (sky130_fd_sc_hd__buf_2)
    10    0.039371    0.145985    0.178286   50.344849 ^ fanout35/X (sky130_fd_sc_hd__buf_2)
                                                         net35 (net)
                      0.146041    0.002355   50.347206 ^ _092_/C1 (sky130_fd_sc_hd__o211a_1)
     1    0.002107    0.027963    0.073697   50.420902 ^ _092_/X (sky130_fd_sc_hd__o211a_1)
                                                         _004_ (net)
                      0.027963    0.000060   50.420963 ^ _155_/D (sky130_fd_sc_hd__dfxtp_1)
                                             50.420963   data arrival time

                                250.000000  250.000000   clock clk (rise edge)
                                  0.000000  250.000000   clock source latency
     1    0.017246    0.062584    0.042604  250.042618 ^ clk (in)
                                                         clk (net)
                      0.062592    0.000000  250.042618 ^ clkbuf_0_clk/A (sky130_fd_sc_hd__clkbuf_16)
     2    0.018904    0.030682    0.092626  250.135239 ^ clkbuf_0_clk/X (sky130_fd_sc_hd__clkbuf_16)
                                                         clknet_0_clk (net)
                      0.030683    0.000313  250.135544 ^ clkbuf_1_1__f_clk/A (sky130_fd_sc_hd__clkbuf_16)
    12    0.038219    0.043764    0.095753  250.231308 ^ clkbuf_1_1__f_clk/X (sky130_fd_sc_hd__clkbuf_16)
                                                         clknet_1_1__leaf_clk (net)
                      0.043830    0.001165  250.232468 ^ _155_/CLK (sky130_fd_sc_hd__dfxtp_1)
                                 -0.250000  249.982468   clock uncertainty
                                  0.000000  249.982468   clock reconvergence pessimism
                                 -0.028278  249.954193   library setup time
                                            249.954193   data required time
---------------------------------------------------------------------------------------------
                                            249.954193   data required time
                                            -50.420963   data arrival time
---------------------------------------------------------------------------------------------
                                            199.533218   slack (MET)


Startpoint: rst_n (input port clocked by clk)
Endpoint: _156_ (rising edge-triggered flip-flop clocked by clk)
Path Group: clk
Path Type: max

Fanout         Cap        Slew       Delay        Time   Description
---------------------------------------------------------------------------------------------
                                  0.000000    0.000000   clock clk (rise edge)
                                  0.000000    0.000000   clock network delay (propagated)
                                 50.000000   50.000000 ^ input external delay
     1    0.003608    0.016819    0.009369   50.009365 ^ rst_n (in)
                                                         rst_n (net)
                      0.016819    0.000000   50.009365 ^ input2/A (sky130_fd_sc_hd__buf_1)
     2    0.021281    0.188742    0.155698   50.165066 ^ input2/X (sky130_fd_sc_hd__buf_1)
                                                         net2 (net)
                      0.188759    0.001499   50.166565 ^ fanout35/A (sky130_fd_sc_hd__buf_2)
    10    0.039371    0.145985    0.178286   50.344849 ^ fanout35/X (sky130_fd_sc_hd__buf_2)
                                                         net35 (net)
                      0.146032    0.002167   50.347015 ^ _094_/C1 (sky130_fd_sc_hd__o211a_1)
     1    0.002012    0.026706    0.073218   50.420235 ^ _094_/X (sky130_fd_sc_hd__o211a_1)
                                                         _005_ (net)
                      0.026706    0.000057   50.420292 ^ _156_/D (sky130_fd_sc_hd__dfxtp_1)
                                             50.420292   data arrival time

                                250.000000  250.000000   clock clk (rise edge)
                                  0.000000  250.000000   clock source latency
     1    0.017246    0.062584    0.042604  250.042618 ^ clk (in)
                                                         clk (net)
                      0.062592    0.000000  250.042618 ^ clkbuf_0_clk/A (sky130_fd_sc_hd__clkbuf_16)
     2    0.018904    0.030682    0.092626  250.135239 ^ clkbuf_0_clk/X (sky130_fd_sc_hd__clkbuf_16)
                                                         clknet_0_clk (net)
                      0.030683    0.000313  250.135544 ^ clkbuf_1_1__f_clk/A (sky130_fd_sc_hd__clkbuf_16)
    12    0.038219    0.043764    0.095753  250.231308 ^ clkbuf_1_1__f_clk/X (sky130_fd_sc_hd__clkbuf_16)
                                                         clknet_1_1__leaf_clk (net)
                      0.043823    0.001080  250.232376 ^ _156_/CLK (sky130_fd_sc_hd__dfxtp_1)
                                 -0.250000  249.982391   clock uncertainty
                                  0.000000  249.982391   clock reconvergence pessimism
                                 -0.028165  249.954224   library setup time
                                            249.954224   data required time
---------------------------------------------------------------------------------------------
                                            249.954224   data required time
                                            -50.420292   data arrival time
---------------------------------------------------------------------------------------------
                                            199.533936   slack (MET)


Startpoint: rst_n (input port clocked by clk)
Endpoint: _157_ (rising edge-triggered flip-flop clocked by clk)
Path Group: clk
Path Type: max

Fanout         Cap        Slew       Delay        Time   Description
---------------------------------------------------------------------------------------------
                                  0.000000    0.000000   clock clk (rise edge)
                                  0.000000    0.000000   clock network delay (propagated)
                                 50.000000   50.000000 ^ input external delay
     1    0.003608    0.016819    0.009369   50.009365 ^ rst_n (in)
                                                         rst_n (net)
                      0.016819    0.000000   50.009365 ^ input2/A (sky130_fd_sc_hd__buf_1)
     2    0.021281    0.188742    0.155698   50.165066 ^ input2/X (sky130_fd_sc_hd__buf_1)
                                                         net2 (net)
                      0.188759    0.001499   50.166565 ^ fanout35/A (sky130_fd_sc_hd__buf_2)
    10    0.039371    0.145985    0.178286   50.344849 ^ fanout35/X (sky130_fd_sc_hd__buf_2)
                                                         net35 (net)
                      0.146045    0.002448   50.347298 ^ _096_/C1 (sky130_fd_sc_hd__o211a_1)
     1    0.002005    0.026667    0.073179   50.420475 ^ _096_/X (sky130_fd_sc_hd__o211a_1)
                                                         _006_ (net)
                      0.026667    0.000057   50.420532 ^ _157_/D (sky130_fd_sc_hd__dfxtp_1)
                                             50.420532   data arrival time

                                250.000000  250.000000   clock clk (rise edge)
                                  0.000000  250.000000   clock source latency
     1    0.017246    0.062584    0.042604  250.042618 ^ clk (in)
                                                         clk (net)
                      0.062592    0.000000  250.042618 ^ clkbuf_0_clk/A (sky130_fd_sc_hd__clkbuf_16)
     2    0.018904    0.030682    0.092626  250.135239 ^ clkbuf_0_clk/X (sky130_fd_sc_hd__clkbuf_16)
                                                         clknet_0_clk (net)
                      0.030683    0.000313  250.135544 ^ clkbuf_1_1__f_clk/A (sky130_fd_sc_hd__clkbuf_16)
    12    0.038219    0.043764    0.095753  250.231308 ^ clkbuf_1_1__f_clk/X (sky130_fd_sc_hd__clkbuf_16)
                                                         clknet_1_1__leaf_clk (net)
                      0.043838    0.001279  250.232574 ^ _157_/CLK (sky130_fd_sc_hd__dfxtp_1)
                                 -0.250000  249.982590   clock uncertainty
                                  0.000000  249.982590   clock reconvergence pessimism
                                 -0.028161  249.954422   library setup time
                                            249.954422   data required time
---------------------------------------------------------------------------------------------
                                            249.954422   data required time
                                            -50.420532   data arrival time
---------------------------------------------------------------------------------------------
                                            199.533875   slack (MET)


Startpoint: rst_n (input port clocked by clk)
Endpoint: _158_ (rising edge-triggered flip-flop clocked by clk)
Path Group: clk
Path Type: max

Fanout         Cap        Slew       Delay        Time   Description
---------------------------------------------------------------------------------------------
                                  0.000000    0.000000   clock clk (rise edge)
                                  0.000000    0.000000   clock network delay (propagated)
                                 50.000000   50.000000 ^ input external delay
     1    0.003608    0.016819    0.009369   50.009365 ^ rst_n (in)
                                                         rst_n (net)
                      0.016819    0.000000   50.009365 ^ input2/A (sky130_fd_sc_hd__buf_1)
     2    0.021281    0.188742    0.155698   50.165066 ^ input2/X (sky130_fd_sc_hd__buf_1)
                                                         net2 (net)
                      0.188759    0.001499   50.166565 ^ fanout35/A (sky130_fd_sc_hd__buf_2)
    10    0.039371    0.145985    0.178286   50.344849 ^ fanout35/X (sky130_fd_sc_hd__buf_2)
                                                         net35 (net)
                      0.146047    0.002483   50.347332 ^ _098_/C1 (sky130_fd_sc_hd__o211a_1)
     1    0.002050    0.026236    0.073413   50.420746 ^ _098_/X (sky130_fd_sc_hd__o211a_1)
                                                         _007_ (net)
                      0.026236    0.000039   50.420784 ^ _158_/D (sky130_fd_sc_hd__dfxtp_1)
                                             50.420784   data arrival time

                                250.000000  250.000000   clock clk (rise edge)
                                  0.000000  250.000000   clock source latency
     1    0.017246    0.062584    0.042604  250.042618 ^ clk (in)
                                                         clk (net)
                      0.062592    0.000000  250.042618 ^ clkbuf_0_clk/A (sky130_fd_sc_hd__clkbuf_16)
     2    0.018904    0.030682    0.092626  250.135239 ^ clkbuf_0_clk/X (sky130_fd_sc_hd__clkbuf_16)
                                                         clknet_0_clk (net)
                      0.030683    0.000313  250.135544 ^ clkbuf_1_1__f_clk/A (sky130_fd_sc_hd__clkbuf_16)
    12    0.038219    0.043764    0.095753  250.231308 ^ clkbuf_1_1__f_clk/X (sky130_fd_sc_hd__clkbuf_16)
                                                         clknet_1_1__leaf_clk (net)
                      0.043842    0.001307  250.232605 ^ _158_/CLK (sky130_fd_sc_hd__dfxtp_1)
                                 -0.250000  249.982605   clock uncertainty
                                  0.000000  249.982605   clock reconvergence pessimism
                                 -0.028122  249.954498   library setup time
                                            249.954498   data required time
---------------------------------------------------------------------------------------------
                                            249.954498   data required time
                                            -50.420784   data arrival time
---------------------------------------------------------------------------------------------
                                            199.533722   slack (MET)



