
===========================================================================
report_checks -path_delay max (Setup)
============================================================================
======================= nom_ss_100C_1v60 Corner ===================================

Startpoint: _152_ (rising edge-triggered flip-flop clocked by clk')
Endpoint: comparator_clk (output port clocked by clk)
Path Group: clk
Path Type: max

Fanout         Cap        Slew       Delay        Time   Description
---------------------------------------------------------------------------------------------
                                125.000000  125.000000   clock clk' (rise edge)
                                  0.000000  125.000000   clock source latency
     1    0.016291    0.073172    0.050520  125.050522 v clk (in)
                                                         clk (net)
                      0.073178    0.000000  125.050522 v clkbuf_0_clk/A (sky130_fd_sc_hd__clkbuf_16)
     2    0.016994    0.054564    0.255042  125.305565 v clkbuf_0_clk/X (sky130_fd_sc_hd__clkbuf_16)
                                                         clknet_0_clk (net)
                      0.054564    0.000284  125.305847 v clkbuf_1_1__f_clk/A (sky130_fd_sc_hd__clkbuf_16)
    12    0.034116    0.070585    0.266539  125.572388 v clkbuf_1_1__f_clk/X (sky130_fd_sc_hd__clkbuf_16)
                                                         clknet_1_1__leaf_clk (net)
                      0.070587    0.000512  125.572899 v _083__1/A (sky130_fd_sc_hd__inv_2)
     1    0.002668    0.035074    0.066052  125.638954 ^ _083__1/Y (sky130_fd_sc_hd__inv_2)
                                                         net36 (net)
                      0.035074    0.000085  125.639038 ^ _152_/CLK (sky130_fd_sc_hd__dfxtp_1)
     3    0.014287    0.225524    0.730225  126.369263 ^ _152_/Q (sky130_fd_sc_hd__dfxtp_1)
                                                         net11 (net)
                      0.225524    0.000412  126.369675 ^ output11/A (sky130_fd_sc_hd__buf_2)
     1    0.035357    0.280569    0.421849  126.791527 ^ output11/X (sky130_fd_sc_hd__buf_2)
                                                         comparator_clk (net)
                      0.280569    0.000867  126.792389 ^ comparator_clk (out)
                                            126.792389   data arrival time

                                250.000000  250.000000   clock clk (rise edge)
                                  0.000000  250.000000   clock network delay (propagated)
                                 -0.250000  249.750015   clock uncertainty
                                  0.000000  249.750015   clock reconvergence pessimism
                                -50.000000  199.750015   output external delay
                                            199.750015   data required time
---------------------------------------------------------------------------------------------
                                            199.750015   data required time
                                           -126.792389   data arrival time
---------------------------------------------------------------------------------------------
                                             72.957619   slack (MET)


Startpoint: rst_n (input port clocked by clk)
Endpoint: _152_ (rising edge-triggered flip-flop clocked by clk')
Path Group: clk
Path Type: max

Fanout         Cap        Slew       Delay        Time   Description
---------------------------------------------------------------------------------------------
                                  0.000000    0.000000   clock clk (rise edge)
                                  0.000000    0.000000   clock network delay (propagated)
                                 50.000000   50.000000 v input external delay
     1    0.003346    0.020565    0.010960   50.010960 v rst_n (in)
                                                         rst_n (net)
                      0.020565    0.000000   50.010960 v input2/A (sky130_fd_sc_hd__buf_1)
     2    0.020865    0.241409    0.285191   50.296150 v input2/X (sky130_fd_sc_hd__buf_1)
                                                         net2 (net)
                      0.241414    0.001460   50.297607 v fanout35/A (sky130_fd_sc_hd__buf_2)
    10    0.037478    0.179251    0.436181   50.733791 v fanout35/X (sky130_fd_sc_hd__buf_2)
                                                         net35 (net)
                      0.179275    0.002100   50.735889 v _084_/B (sky130_fd_sc_hd__and2b_1)
     1    0.002002    0.059711    0.359762   51.095654 v _084_/X (sky130_fd_sc_hd__and2b_1)
                                                         _001_ (net)
                      0.059711    0.000039   51.095692 v _152_/D (sky130_fd_sc_hd__dfxtp_1)
                                             51.095692   data arrival time

                                125.000000  125.000000   clock clk' (rise edge)
                                  0.000000  125.000000   clock source latency
     1    0.016291    0.073172    0.050520  125.050522 v clk (in)
                                                         clk (net)
                      0.073178    0.000000  125.050522 v clkbuf_0_clk/A (sky130_fd_sc_hd__clkbuf_16)
     2    0.016994    0.054564    0.255042  125.305565 v clkbuf_0_clk/X (sky130_fd_sc_hd__clkbuf_16)
                                                         clknet_0_clk (net)
                      0.054564    0.000284  125.305847 v clkbuf_1_1__f_clk/A (sky130_fd_sc_hd__clkbuf_16)
    12    0.034116    0.070585    0.266539  125.572388 v clkbuf_1_1__f_clk/X (sky130_fd_sc_hd__clkbuf_16)
                                                         clknet_1_1__leaf_clk (net)
                      0.070587    0.000512  125.572899 v _083__1/A (sky130_fd_sc_hd__inv_2)
     1    0.002668    0.035074    0.066052  125.638954 ^ _083__1/Y (sky130_fd_sc_hd__inv_2)
                                                         net36 (net)
                      0.035074    0.000085  125.639038 ^ _152_/CLK (sky130_fd_sc_hd__dfxtp_1)
                                 -0.250000  125.389038   clock uncertainty
                                  0.000000  125.389038   clock reconvergence pessimism
                                 -0.274108  125.114929   library setup time
                                            125.114929   data required time
---------------------------------------------------------------------------------------------
                                            125.114929   data required time
                                            -51.095692   data arrival time
---------------------------------------------------------------------------------------------
                                             74.019234   slack (MET)


Startpoint: _152_ (rising edge-triggered flip-flop clocked by clk')
Endpoint: _163_ (rising edge-triggered flip-flop clocked by clk)
Path Group: clk
Path Type: max

Fanout         Cap        Slew       Delay        Time   Description
---------------------------------------------------------------------------------------------
                                125.000000  125.000000   clock clk' (rise edge)
                                  0.000000  125.000000   clock source latency
     1    0.016291    0.073172    0.050520  125.050522 v clk (in)
                                                         clk (net)
                      0.073178    0.000000  125.050522 v clkbuf_0_clk/A (sky130_fd_sc_hd__clkbuf_16)
     2    0.016994    0.054564    0.255042  125.305565 v clkbuf_0_clk/X (sky130_fd_sc_hd__clkbuf_16)
                                                         clknet_0_clk (net)
                      0.054564    0.000284  125.305847 v clkbuf_1_1__f_clk/A (sky130_fd_sc_hd__clkbuf_16)
    12    0.034116    0.070585    0.266539  125.572388 v clkbuf_1_1__f_clk/X (sky130_fd_sc_hd__clkbuf_16)
                                                         clknet_1_1__leaf_clk (net)
                      0.070587    0.000512  125.572899 v _083__1/A (sky130_fd_sc_hd__inv_2)
     1    0.002668    0.035074    0.066052  125.638954 ^ _083__1/Y (sky130_fd_sc_hd__inv_2)
                                                         net36 (net)
                      0.035074    0.000085  125.639038 ^ _152_/CLK (sky130_fd_sc_hd__dfxtp_1)
     3    0.014287    0.225524    0.730225  126.369263 ^ _152_/Q (sky130_fd_sc_hd__dfxtp_1)
                                                         net11 (net)
                      0.225524    0.000412  126.369675 ^ fanout28/A (sky130_fd_sc_hd__clkbuf_2)
    10    0.029858    0.259077    0.399368  126.769043 ^ fanout28/X (sky130_fd_sc_hd__clkbuf_2)
                                                         net28 (net)
                      0.259077    0.000810  126.769852 ^ _105_/A (sky130_fd_sc_hd__nand2_1)
     5    0.015433    0.267736    0.324491  127.094345 v _105_/Y (sky130_fd_sc_hd__nand2_1)
                                                         _061_ (net)
                      0.267736    0.000483  127.094826 v _121_/A4 (sky130_fd_sc_hd__o41a_1)
     1    0.003570    0.120440    0.677204  127.772026 v _121_/X (sky130_fd_sc_hd__o41a_1)
                                                         _025_ (net)
                      0.120440    0.000085  127.772118 v _125_/A1 (sky130_fd_sc_hd__o31a_1)
     1    0.003559    0.092186    0.579746  128.351868 v _125_/X (sky130_fd_sc_hd__o31a_1)
                                                         _012_ (net)
                      0.092186    0.000114  128.351974 v _163_/D (sky130_fd_sc_hd__dfxtp_1)
                                            128.351974   data arrival time

                                250.000000  250.000000   clock clk (rise edge)
                                  0.000000  250.000000   clock source latency
     1    0.017177    0.130441    0.088193  250.088196 ^ clk (in)
                                                         clk (net)
                      0.130445    0.000000  250.088196 ^ clkbuf_0_clk/A (sky130_fd_sc_hd__clkbuf_16)
     2    0.018766    0.065887    0.247525  250.335724 ^ clkbuf_0_clk/X (sky130_fd_sc_hd__clkbuf_16)
                                                         clknet_0_clk (net)
                      0.065887    0.000369  250.336090 ^ clkbuf_1_0__f_clk/A (sky130_fd_sc_hd__clkbuf_16)
    10    0.036601    0.089635    0.243006  250.579102 ^ clkbuf_1_0__f_clk/X (sky130_fd_sc_hd__clkbuf_16)
                                                         clknet_1_0__leaf_clk (net)
                      0.089654    0.001279  250.580383 ^ _163_/CLK (sky130_fd_sc_hd__dfxtp_1)
                                 -0.250000  250.330383   clock uncertainty
                                  0.000000  250.330383   clock reconvergence pessimism
                                 -0.272905  250.057480   library setup time
                                            250.057480   data required time
---------------------------------------------------------------------------------------------
                                            250.057480   data required time
                                           -128.351974   data arrival time
---------------------------------------------------------------------------------------------
                                            121.705498   slack (MET)


Startpoint: _152_ (rising edge-triggered flip-flop clocked by clk')
Endpoint: _162_ (rising edge-triggered flip-flop clocked by clk)
Path Group: clk
Path Type: max

Fanout         Cap        Slew       Delay        Time   Description
---------------------------------------------------------------------------------------------
                                125.000000  125.000000   clock clk' (rise edge)
                                  0.000000  125.000000   clock source latency
     1    0.016291    0.073172    0.050520  125.050522 v clk (in)
                                                         clk (net)
                      0.073178    0.000000  125.050522 v clkbuf_0_clk/A (sky130_fd_sc_hd__clkbuf_16)
     2    0.016994    0.054564    0.255042  125.305565 v clkbuf_0_clk/X (sky130_fd_sc_hd__clkbuf_16)
                                                         clknet_0_clk (net)
                      0.054564    0.000284  125.305847 v clkbuf_1_1__f_clk/A (sky130_fd_sc_hd__clkbuf_16)
    12    0.034116    0.070585    0.266539  125.572388 v clkbuf_1_1__f_clk/X (sky130_fd_sc_hd__clkbuf_16)
                                                         clknet_1_1__leaf_clk (net)
                      0.070587    0.000512  125.572899 v _083__1/A (sky130_fd_sc_hd__inv_2)
     1    0.002668    0.035074    0.066052  125.638954 ^ _083__1/Y (sky130_fd_sc_hd__inv_2)
                                                         net36 (net)
                      0.035074    0.000085  125.639038 ^ _152_/CLK (sky130_fd_sc_hd__dfxtp_1)
     3    0.014287    0.225524    0.730225  126.369263 ^ _152_/Q (sky130_fd_sc_hd__dfxtp_1)
                                                         net11 (net)
                      0.225524    0.000412  126.369675 ^ fanout28/A (sky130_fd_sc_hd__clkbuf_2)
    10    0.029858    0.259077    0.399368  126.769043 ^ fanout28/X (sky130_fd_sc_hd__clkbuf_2)
                                                         net28 (net)
                      0.259077    0.000810  126.769852 ^ _105_/A (sky130_fd_sc_hd__nand2_1)
     5    0.015433    0.267736    0.324491  127.094345 v _105_/Y (sky130_fd_sc_hd__nand2_1)
                                                         _061_ (net)
                      0.267736    0.000199  127.094543 v _118_/D (sky130_fd_sc_hd__or4_1)
     1    0.003902    0.193830    1.045066  128.139603 v _118_/X (sky130_fd_sc_hd__or4_1)
                                                         _023_ (net)
                      0.193830    0.000099  128.139709 v _120_/A2 (sky130_fd_sc_hd__a31oi_1)
     1    0.002980    0.201405    0.314699  128.454407 ^ _120_/Y (sky130_fd_sc_hd__a31oi_1)
                                                         _011_ (net)
                      0.201405    0.000099  128.454498 ^ _162_/D (sky130_fd_sc_hd__dfxtp_1)
                                            128.454498   data arrival time

                                250.000000  250.000000   clock clk (rise edge)
                                  0.000000  250.000000   clock source latency
     1    0.017177    0.130441    0.088193  250.088196 ^ clk (in)
                                                         clk (net)
                      0.130445    0.000000  250.088196 ^ clkbuf_0_clk/A (sky130_fd_sc_hd__clkbuf_16)
     2    0.018766    0.065887    0.247525  250.335724 ^ clkbuf_0_clk/X (sky130_fd_sc_hd__clkbuf_16)
                                                         clknet_0_clk (net)
                      0.065887    0.000313  250.336029 ^ clkbuf_1_1__f_clk/A (sky130_fd_sc_hd__clkbuf_16)
    12    0.035767    0.088548    0.241897  250.577927 ^ clkbuf_1_1__f_clk/X (sky130_fd_sc_hd__clkbuf_16)
                                                         clknet_1_1__leaf_clk (net)
                      0.088551    0.000682  250.578613 ^ _162_/CLK (sky130_fd_sc_hd__dfxtp_1)
                                 -0.250000  250.328613   clock uncertainty
                                  0.000000  250.328613   clock reconvergence pessimism
                                 -0.159392  250.169235   library setup time
                                            250.169235   data required time
---------------------------------------------------------------------------------------------
                                            250.169235   data required time
                                           -128.454498   data arrival time
---------------------------------------------------------------------------------------------
                                            121.714722   slack (MET)


Startpoint: _152_ (rising edge-triggered flip-flop clocked by clk')
Endpoint: _166_ (rising edge-triggered flip-flop clocked by clk)
Path Group: clk
Path Type: max

Fanout         Cap        Slew       Delay        Time   Description
---------------------------------------------------------------------------------------------
                                125.000000  125.000000   clock clk' (rise edge)
                                  0.000000  125.000000   clock source latency
     1    0.016291    0.073172    0.050520  125.050522 v clk (in)
                                                         clk (net)
                      0.073178    0.000000  125.050522 v clkbuf_0_clk/A (sky130_fd_sc_hd__clkbuf_16)
     2    0.016994    0.054564    0.255042  125.305565 v clkbuf_0_clk/X (sky130_fd_sc_hd__clkbuf_16)
                                                         clknet_0_clk (net)
                      0.054564    0.000284  125.305847 v clkbuf_1_1__f_clk/A (sky130_fd_sc_hd__clkbuf_16)
    12    0.034116    0.070585    0.266539  125.572388 v clkbuf_1_1__f_clk/X (sky130_fd_sc_hd__clkbuf_16)
                                                         clknet_1_1__leaf_clk (net)
                      0.070587    0.000512  125.572899 v _083__1/A (sky130_fd_sc_hd__inv_2)
     1    0.002668    0.035074    0.066052  125.638954 ^ _083__1/Y (sky130_fd_sc_hd__inv_2)
                                                         net36 (net)
                      0.035074    0.000085  125.639038 ^ _152_/CLK (sky130_fd_sc_hd__dfxtp_1)
     3    0.014287    0.225524    0.730225  126.369263 ^ _152_/Q (sky130_fd_sc_hd__dfxtp_1)
                                                         net11 (net)
                      0.225524    0.000412  126.369675 ^ fanout28/A (sky130_fd_sc_hd__clkbuf_2)
    10    0.029858    0.259077    0.399368  126.769043 ^ fanout28/X (sky130_fd_sc_hd__clkbuf_2)
                                                         net28 (net)
                      0.259077    0.000810  126.769852 ^ _105_/A (sky130_fd_sc_hd__nand2_1)
     5    0.015433    0.267736    0.324491  127.094345 v _105_/Y (sky130_fd_sc_hd__nand2_1)
                                                         _061_ (net)
                      0.267736    0.000341  127.094681 v _135_/D (sky130_fd_sc_hd__or4_1)
     1    0.004097    0.196910    1.050211  128.144897 v _135_/X (sky130_fd_sc_hd__or4_1)
                                                         _036_ (net)
                      0.196910    0.000142  128.145035 v _137_/A2 (sky130_fd_sc_hd__a31oi_1)
     1    0.002751    0.194704    0.309953  128.454987 ^ _137_/Y (sky130_fd_sc_hd__a31oi_1)
                                                         _015_ (net)
                      0.194704    0.000085  128.455078 ^ _166_/D (sky130_fd_sc_hd__dfxtp_1)
                                            128.455078   data arrival time

                                250.000000  250.000000   clock clk (rise edge)
                                  0.000000  250.000000   clock source latency
     1    0.017177    0.130441    0.088193  250.088196 ^ clk (in)
                                                         clk (net)
                      0.130445    0.000000  250.088196 ^ clkbuf_0_clk/A (sky130_fd_sc_hd__clkbuf_16)
     2    0.018766    0.065887    0.247525  250.335724 ^ clkbuf_0_clk/X (sky130_fd_sc_hd__clkbuf_16)
                                                         clknet_0_clk (net)
                      0.065887    0.000313  250.336029 ^ clkbuf_1_1__f_clk/A (sky130_fd_sc_hd__clkbuf_16)
    12    0.035767    0.088548    0.241897  250.577927 ^ clkbuf_1_1__f_clk/X (sky130_fd_sc_hd__clkbuf_16)
                                                         clknet_1_1__leaf_clk (net)
                      0.088549    0.000568  250.578506 ^ _166_/CLK (sky130_fd_sc_hd__dfxtp_1)
                                 -0.250000  250.328506   clock uncertainty
                                  0.000000  250.328506   clock reconvergence pessimism
                                 -0.157651  250.170853   library setup time
                                            250.170853   data required time
---------------------------------------------------------------------------------------------
                                            250.170853   data required time
                                           -128.455078   data arrival time
---------------------------------------------------------------------------------------------
                                            121.715775   slack (MET)


Startpoint: _152_ (rising edge-triggered flip-flop clocked by clk')
Endpoint: _167_ (rising edge-triggered flip-flop clocked by clk)
Path Group: clk
Path Type: max

Fanout         Cap        Slew       Delay        Time   Description
---------------------------------------------------------------------------------------------
                                125.000000  125.000000   clock clk' (rise edge)
                                  0.000000  125.000000   clock source latency
     1    0.016291    0.073172    0.050520  125.050522 v clk (in)
                                                         clk (net)
                      0.073178    0.000000  125.050522 v clkbuf_0_clk/A (sky130_fd_sc_hd__clkbuf_16)
     2    0.016994    0.054564    0.255042  125.305565 v clkbuf_0_clk/X (sky130_fd_sc_hd__clkbuf_16)
                                                         clknet_0_clk (net)
                      0.054564    0.000284  125.305847 v clkbuf_1_1__f_clk/A (sky130_fd_sc_hd__clkbuf_16)
    12    0.034116    0.070585    0.266539  125.572388 v clkbuf_1_1__f_clk/X (sky130_fd_sc_hd__clkbuf_16)
                                                         clknet_1_1__leaf_clk (net)
                      0.070587    0.000512  125.572899 v _083__1/A (sky130_fd_sc_hd__inv_2)
     1    0.002668    0.035074    0.066052  125.638954 ^ _083__1/Y (sky130_fd_sc_hd__inv_2)
                                                         net36 (net)
                      0.035074    0.000085  125.639038 ^ _152_/CLK (sky130_fd_sc_hd__dfxtp_1)
     3    0.014287    0.225524    0.730225  126.369263 ^ _152_/Q (sky130_fd_sc_hd__dfxtp_1)
                                                         net11 (net)
                      0.225524    0.000412  126.369675 ^ fanout28/A (sky130_fd_sc_hd__clkbuf_2)
    10    0.029858    0.259077    0.399368  126.769043 ^ fanout28/X (sky130_fd_sc_hd__clkbuf_2)
                                                         net28 (net)
                      0.259077    0.000810  126.769852 ^ _105_/A (sky130_fd_sc_hd__nand2_1)
     5    0.015433    0.267736    0.324491  127.094345 v _105_/Y (sky130_fd_sc_hd__nand2_1)
                                                         _061_ (net)
                      0.267736    0.000469  127.094810 v _138_/A4 (sky130_fd_sc_hd__o41a_1)
     1    0.002792    0.110587    0.664002  127.758812 v _138_/X (sky130_fd_sc_hd__o41a_1)
                                                         _038_ (net)
                      0.110587    0.000085  127.758896 v _141_/A1 (sky130_fd_sc_hd__o31a_1)
     1    0.002039    0.078784    0.554962  128.313858 v _141_/X (sky130_fd_sc_hd__o31a_1)
                                                         _016_ (net)
                      0.078784    0.000057  128.313919 v _167_/D (sky130_fd_sc_hd__dfxtp_1)
                                            128.313919   data arrival time

                                250.000000  250.000000   clock clk (rise edge)
                                  0.000000  250.000000   clock source latency
     1    0.017177    0.130441    0.088193  250.088196 ^ clk (in)
                                                         clk (net)
                      0.130445    0.000000  250.088196 ^ clkbuf_0_clk/A (sky130_fd_sc_hd__clkbuf_16)
     2    0.018766    0.065887    0.247525  250.335724 ^ clkbuf_0_clk/X (sky130_fd_sc_hd__clkbuf_16)
                                                         clknet_0_clk (net)
                      0.065887    0.000369  250.336090 ^ clkbuf_1_0__f_clk/A (sky130_fd_sc_hd__clkbuf_16)
    10    0.036601    0.089635    0.243006  250.579102 ^ clkbuf_1_0__f_clk/X (sky130_fd_sc_hd__clkbuf_16)
                                                         clknet_1_0__leaf_clk (net)
                      0.089644    0.000966  250.580063 ^ _167_/CLK (sky130_fd_sc_hd__dfxtp_1)
                                 -0.250000  250.330063   clock uncertainty
                                  0.000000  250.330063   clock reconvergence pessimism
                                 -0.267338  250.062729   library setup time
                                            250.062729   data required time
---------------------------------------------------------------------------------------------
                                            250.062729   data required time
                                           -128.313919   data arrival time
---------------------------------------------------------------------------------------------
                                            121.748817   slack (MET)


Startpoint: _152_ (rising edge-triggered flip-flop clocked by clk')
Endpoint: _165_ (rising edge-triggered flip-flop clocked by clk)
Path Group: clk
Path Type: max

Fanout         Cap        Slew       Delay        Time   Description
---------------------------------------------------------------------------------------------
                                125.000000  125.000000   clock clk' (rise edge)
                                  0.000000  125.000000   clock source latency
     1    0.016291    0.073172    0.050520  125.050522 v clk (in)
                                                         clk (net)
                      0.073178    0.000000  125.050522 v clkbuf_0_clk/A (sky130_fd_sc_hd__clkbuf_16)
     2    0.016994    0.054564    0.255042  125.305565 v clkbuf_0_clk/X (sky130_fd_sc_hd__clkbuf_16)
                                                         clknet_0_clk (net)
                      0.054564    0.000284  125.305847 v clkbuf_1_1__f_clk/A (sky130_fd_sc_hd__clkbuf_16)
    12    0.034116    0.070585    0.266539  125.572388 v clkbuf_1_1__f_clk/X (sky130_fd_sc_hd__clkbuf_16)
                                                         clknet_1_1__leaf_clk (net)
                      0.070587    0.000512  125.572899 v _083__1/A (sky130_fd_sc_hd__inv_2)
     1    0.002668    0.035074    0.066052  125.638954 ^ _083__1/Y (sky130_fd_sc_hd__inv_2)
                                                         net36 (net)
                      0.035074    0.000085  125.639038 ^ _152_/CLK (sky130_fd_sc_hd__dfxtp_1)
     3    0.014287    0.225524    0.730225  126.369263 ^ _152_/Q (sky130_fd_sc_hd__dfxtp_1)
                                                         net11 (net)
                      0.225524    0.000412  126.369675 ^ fanout28/A (sky130_fd_sc_hd__clkbuf_2)
    10    0.029858    0.259077    0.399368  126.769043 ^ fanout28/X (sky130_fd_sc_hd__clkbuf_2)
                                                         net28 (net)
                      0.259078    0.000995  126.770035 ^ _107_/A (sky130_fd_sc_hd__nand3_1)
     3    0.007736    0.234030    0.294335  127.064369 v _107_/Y (sky130_fd_sc_hd__nand3_1)
                                                         _063_ (net)
                      0.234030    0.000142  127.064514 v _130_/B (sky130_fd_sc_hd__or3b_1)
     1    0.007594    0.186665    0.934307  127.998817 v _130_/X (sky130_fd_sc_hd__or3b_1)
                                                         _032_ (net)
                      0.186665    0.000313  127.999130 v _133_/A1 (sky130_fd_sc_hd__a31oi_1)
     1    0.003829    0.226877    0.287400  128.286530 ^ _133_/Y (sky130_fd_sc_hd__a31oi_1)
                                                         _014_ (net)
                      0.226877    0.000099  128.286636 ^ _165_/D (sky130_fd_sc_hd__dfxtp_1)
                                            128.286636   data arrival time

                                250.000000  250.000000   clock clk (rise edge)
                                  0.000000  250.000000   clock source latency
     1    0.017177    0.130441    0.088193  250.088196 ^ clk (in)
                                                         clk (net)
                      0.130445    0.000000  250.088196 ^ clkbuf_0_clk/A (sky130_fd_sc_hd__clkbuf_16)
     2    0.018766    0.065887    0.247525  250.335724 ^ clkbuf_0_clk/X (sky130_fd_sc_hd__clkbuf_16)
                                                         clknet_0_clk (net)
                      0.065887    0.000313  250.336029 ^ clkbuf_1_1__f_clk/A (sky130_fd_sc_hd__clkbuf_16)
    12    0.035767    0.088548    0.241897  250.577927 ^ clkbuf_1_1__f_clk/X (sky130_fd_sc_hd__clkbuf_16)
                                                         clknet_1_1__leaf_clk (net)
                      0.088548    0.000398  250.578339 ^ _165_/CLK (sky130_fd_sc_hd__dfxtp_1)
                                 -0.250000  250.328339   clock uncertainty
                                  0.000000  250.328339   clock reconvergence pessimism
                                 -0.166015  250.162323   library setup time
                                            250.162323   data required time
---------------------------------------------------------------------------------------------
                                            250.162323   data required time
                                           -128.286636   data arrival time
---------------------------------------------------------------------------------------------
                                            121.875687   slack (MET)


Startpoint: _152_ (rising edge-triggered flip-flop clocked by clk')
Endpoint: _168_ (rising edge-triggered flip-flop clocked by clk)
Path Group: clk
Path Type: max

Fanout         Cap        Slew       Delay        Time   Description
---------------------------------------------------------------------------------------------
                                125.000000  125.000000   clock clk' (rise edge)
                                  0.000000  125.000000   clock source latency
     1    0.016291    0.073172    0.050520  125.050522 v clk (in)
                                                         clk (net)
                      0.073178    0.000000  125.050522 v clkbuf_0_clk/A (sky130_fd_sc_hd__clkbuf_16)
     2    0.016994    0.054564    0.255042  125.305565 v clkbuf_0_clk/X (sky130_fd_sc_hd__clkbuf_16)
                                                         clknet_0_clk (net)
                      0.054564    0.000284  125.305847 v clkbuf_1_1__f_clk/A (sky130_fd_sc_hd__clkbuf_16)
    12    0.034116    0.070585    0.266539  125.572388 v clkbuf_1_1__f_clk/X (sky130_fd_sc_hd__clkbuf_16)
                                                         clknet_1_1__leaf_clk (net)
                      0.070587    0.000512  125.572899 v _083__1/A (sky130_fd_sc_hd__inv_2)
     1    0.002668    0.035074    0.066052  125.638954 ^ _083__1/Y (sky130_fd_sc_hd__inv_2)
                                                         net36 (net)
                      0.035074    0.000085  125.639038 ^ _152_/CLK (sky130_fd_sc_hd__dfxtp_1)
     3    0.014287    0.225524    0.730225  126.369263 ^ _152_/Q (sky130_fd_sc_hd__dfxtp_1)
                                                         net11 (net)
                      0.225524    0.000412  126.369675 ^ fanout28/A (sky130_fd_sc_hd__clkbuf_2)
    10    0.029858    0.259077    0.399368  126.769043 ^ fanout28/X (sky130_fd_sc_hd__clkbuf_2)
                                                         net28 (net)
                      0.259079    0.001165  126.770210 ^ _122_/C_N (sky130_fd_sc_hd__nor3b_2)
     5    0.016433    0.510965    0.597524  127.367729 ^ _122_/Y (sky130_fd_sc_hd__nor3b_2)
                                                         _026_ (net)
                      0.510966    0.000568  127.368301 ^ _142_/A1 (sky130_fd_sc_hd__a21oi_1)
     1    0.003410    0.152766    0.285240  127.653542 v _142_/Y (sky130_fd_sc_hd__a21oi_1)
                                                         _041_ (net)
                      0.152766    0.000114  127.653656 v _143_/B1 (sky130_fd_sc_hd__a211o_1)
     1    0.001838    0.076416    0.512401  128.166061 v _143_/X (sky130_fd_sc_hd__a211o_1)
                                                         _017_ (net)
                      0.076416    0.000057  128.166107 v _168_/D (sky130_fd_sc_hd__dfxtp_1)
                                            128.166107   data arrival time

                                250.000000  250.000000   clock clk (rise edge)
                                  0.000000  250.000000   clock source latency
     1    0.017177    0.130441    0.088193  250.088196 ^ clk (in)
                                                         clk (net)
                      0.130445    0.000000  250.088196 ^ clkbuf_0_clk/A (sky130_fd_sc_hd__clkbuf_16)
     2    0.018766    0.065887    0.247525  250.335724 ^ clkbuf_0_clk/X (sky130_fd_sc_hd__clkbuf_16)
                                                         clknet_0_clk (net)
                      0.065887    0.000369  250.336090 ^ clkbuf_1_0__f_clk/A (sky130_fd_sc_hd__clkbuf_16)
    10    0.036601    0.089635    0.243006  250.579102 ^ clkbuf_1_0__f_clk/X (sky130_fd_sc_hd__clkbuf_16)
                                                         clknet_1_0__leaf_clk (net)
                      0.089639    0.000796  250.579895 ^ _168_/CLK (sky130_fd_sc_hd__dfxtp_1)
                                 -0.250000  250.329895   clock uncertainty
                                  0.000000  250.329895   clock reconvergence pessimism
                                 -0.266355  250.063522   library setup time
                                            250.063522   data required time
---------------------------------------------------------------------------------------------
                                            250.063522   data required time
                                           -128.166107   data arrival time
---------------------------------------------------------------------------------------------
                                            121.897415   slack (MET)


Startpoint: _152_ (rising edge-triggered flip-flop clocked by clk')
Endpoint: _164_ (rising edge-triggered flip-flop clocked by clk)
Path Group: clk
Path Type: max

Fanout         Cap        Slew       Delay        Time   Description
---------------------------------------------------------------------------------------------
                                125.000000  125.000000   clock clk' (rise edge)
                                  0.000000  125.000000   clock source latency
     1    0.016291    0.073172    0.050520  125.050522 v clk (in)
                                                         clk (net)
                      0.073178    0.000000  125.050522 v clkbuf_0_clk/A (sky130_fd_sc_hd__clkbuf_16)
     2    0.016994    0.054564    0.255042  125.305565 v clkbuf_0_clk/X (sky130_fd_sc_hd__clkbuf_16)
                                                         clknet_0_clk (net)
                      0.054564    0.000284  125.305847 v clkbuf_1_1__f_clk/A (sky130_fd_sc_hd__clkbuf_16)
    12    0.034116    0.070585    0.266539  125.572388 v clkbuf_1_1__f_clk/X (sky130_fd_sc_hd__clkbuf_16)
                                                         clknet_1_1__leaf_clk (net)
                      0.070587    0.000512  125.572899 v _083__1/A (sky130_fd_sc_hd__inv_2)
     1    0.002668    0.035074    0.066052  125.638954 ^ _083__1/Y (sky130_fd_sc_hd__inv_2)
                                                         net36 (net)
                      0.035074    0.000085  125.639038 ^ _152_/CLK (sky130_fd_sc_hd__dfxtp_1)
     3    0.014287    0.225524    0.730225  126.369263 ^ _152_/Q (sky130_fd_sc_hd__dfxtp_1)
                                                         net11 (net)
                      0.225524    0.000412  126.369675 ^ fanout28/A (sky130_fd_sc_hd__clkbuf_2)
    10    0.029858    0.259077    0.399368  126.769043 ^ fanout28/X (sky130_fd_sc_hd__clkbuf_2)
                                                         net28 (net)
                      0.259079    0.001165  126.770210 ^ _122_/C_N (sky130_fd_sc_hd__nor3b_2)
     5    0.016433    0.510965    0.597524  127.367729 ^ _122_/Y (sky130_fd_sc_hd__nor3b_2)
                                                         _026_ (net)
                      0.510966    0.000568  127.368301 ^ _126_/A2 (sky130_fd_sc_hd__a21oi_1)
     1    0.003493    0.133702    0.291053  127.659355 v _126_/Y (sky130_fd_sc_hd__a21oi_1)
                                                         _029_ (net)
                      0.133702    0.000071  127.659424 v _129_/A1 (sky130_fd_sc_hd__o21a_1)
     1    0.007705    0.107808    0.405692  128.065109 v _129_/X (sky130_fd_sc_hd__o21a_1)
                                                         _013_ (net)
                      0.107808    0.000327  128.065445 v _164_/D (sky130_fd_sc_hd__dfxtp_1)
                                            128.065445   data arrival time

                                250.000000  250.000000   clock clk (rise edge)
                                  0.000000  250.000000   clock source latency
     1    0.017177    0.130441    0.088193  250.088196 ^ clk (in)
                                                         clk (net)
                      0.130445    0.000000  250.088196 ^ clkbuf_0_clk/A (sky130_fd_sc_hd__clkbuf_16)
     2    0.018766    0.065887    0.247525  250.335724 ^ clkbuf_0_clk/X (sky130_fd_sc_hd__clkbuf_16)
                                                         clknet_0_clk (net)
                      0.065887    0.000369  250.336090 ^ clkbuf_1_0__f_clk/A (sky130_fd_sc_hd__clkbuf_16)
    10    0.036601    0.089635    0.243006  250.579102 ^ clkbuf_1_0__f_clk/X (sky130_fd_sc_hd__clkbuf_16)
                                                         clknet_1_0__leaf_clk (net)
                      0.089649    0.001137  250.580231 ^ _164_/CLK (sky130_fd_sc_hd__dfxtp_1)
                                 -0.250000  250.330231   clock uncertainty
                                  0.000000  250.330231   clock reconvergence pessimism
                                 -0.279398  250.050858   library setup time
                                            250.050858   data required time
---------------------------------------------------------------------------------------------
                                            250.050858   data required time
                                           -128.065445   data arrival time
---------------------------------------------------------------------------------------------
                                            121.985413   slack (MET)


Startpoint: _152_ (rising edge-triggered flip-flop clocked by clk')
Endpoint: _161_ (rising edge-triggered flip-flop clocked by clk)
Path Group: clk
Path Type: max

Fanout         Cap        Slew       Delay        Time   Description
---------------------------------------------------------------------------------------------
                                125.000000  125.000000   clock clk' (rise edge)
                                  0.000000  125.000000   clock source latency
     1    0.016291    0.073172    0.050520  125.050522 v clk (in)
                                                         clk (net)
                      0.073178    0.000000  125.050522 v clkbuf_0_clk/A (sky130_fd_sc_hd__clkbuf_16)
     2    0.016994    0.054564    0.255042  125.305565 v clkbuf_0_clk/X (sky130_fd_sc_hd__clkbuf_16)
                                                         clknet_0_clk (net)
                      0.054564    0.000284  125.305847 v clkbuf_1_1__f_clk/A (sky130_fd_sc_hd__clkbuf_16)
    12    0.034116    0.070585    0.266539  125.572388 v clkbuf_1_1__f_clk/X (sky130_fd_sc_hd__clkbuf_16)
                                                         clknet_1_1__leaf_clk (net)
                      0.070587    0.000512  125.572899 v _083__1/A (sky130_fd_sc_hd__inv_2)
     1    0.002668    0.035074    0.066052  125.638954 ^ _083__1/Y (sky130_fd_sc_hd__inv_2)
                                                         net36 (net)
                      0.035074    0.000085  125.639038 ^ _152_/CLK (sky130_fd_sc_hd__dfxtp_1)
     3    0.014287    0.225524    0.730225  126.369263 ^ _152_/Q (sky130_fd_sc_hd__dfxtp_1)
                                                         net11 (net)
                      0.225524    0.000412  126.369675 ^ fanout28/A (sky130_fd_sc_hd__clkbuf_2)
    10    0.029858    0.259077    0.399368  126.769043 ^ fanout28/X (sky130_fd_sc_hd__clkbuf_2)
                                                         net28 (net)
                      0.259078    0.001023  126.770065 ^ _109_/A (sky130_fd_sc_hd__nand4_1)
     4    0.009435    0.349325    0.380169  127.150230 v _109_/Y (sky130_fd_sc_hd__nand4_1)
                                                         _065_ (net)
                      0.349325    0.000199  127.150429 v _111_/A2 (sky130_fd_sc_hd__o21a_1)
     1    0.003114    0.068281    0.428926  127.579361 v _111_/X (sky130_fd_sc_hd__o21a_1)
                                                         _067_ (net)
                      0.068281    0.000099  127.579460 v _115_/A1 (sky130_fd_sc_hd__o21a_1)
     1    0.002205    0.059941    0.325599  127.905060 v _115_/X (sky130_fd_sc_hd__o21a_1)
                                                         _010_ (net)
                      0.059941    0.000043  127.905098 v _161_/D (sky130_fd_sc_hd__dfxtp_1)
                                            127.905098   data arrival time

                                250.000000  250.000000   clock clk (rise edge)
                                  0.000000  250.000000   clock source latency
     1    0.017177    0.130441    0.088193  250.088196 ^ clk (in)
                                                         clk (net)
                      0.130445    0.000000  250.088196 ^ clkbuf_0_clk/A (sky130_fd_sc_hd__clkbuf_16)
     2    0.018766    0.065887    0.247525  250.335724 ^ clkbuf_0_clk/X (sky130_fd_sc_hd__clkbuf_16)
                                                         clknet_0_clk (net)
                      0.065887    0.000369  250.336090 ^ clkbuf_1_0__f_clk/A (sky130_fd_sc_hd__clkbuf_16)
    10    0.036601    0.089635    0.243006  250.579102 ^ clkbuf_1_0__f_clk/X (sky130_fd_sc_hd__clkbuf_16)
                                                         clknet_1_0__leaf_clk (net)
                      0.089655    0.001336  250.580429 ^ _161_/CLK (sky130_fd_sc_hd__dfxtp_1)
                                 -0.250000  250.330444   clock uncertainty
                                  0.000000  250.330444   clock reconvergence pessimism
                                 -0.259505  250.070923   library setup time
                                            250.070923   data required time
---------------------------------------------------------------------------------------------
                                            250.070923   data required time
                                           -127.905098   data arrival time
---------------------------------------------------------------------------------------------
                                            122.165817   slack (MET)


Startpoint: _152_ (rising edge-triggered flip-flop clocked by clk')
Endpoint: _172_ (rising edge-triggered flip-flop clocked by clk)
Path Group: clk
Path Type: max

Fanout         Cap        Slew       Delay        Time   Description
---------------------------------------------------------------------------------------------
                                125.000000  125.000000   clock clk' (rise edge)
                                  0.000000  125.000000   clock source latency
     1    0.016291    0.073172    0.050520  125.050522 v clk (in)
                                                         clk (net)
                      0.073178    0.000000  125.050522 v clkbuf_0_clk/A (sky130_fd_sc_hd__clkbuf_16)
     2    0.016994    0.054564    0.255042  125.305565 v clkbuf_0_clk/X (sky130_fd_sc_hd__clkbuf_16)
                                                         clknet_0_clk (net)
                      0.054564    0.000284  125.305847 v clkbuf_1_1__f_clk/A (sky130_fd_sc_hd__clkbuf_16)
    12    0.034116    0.070585    0.266539  125.572388 v clkbuf_1_1__f_clk/X (sky130_fd_sc_hd__clkbuf_16)
                                                         clknet_1_1__leaf_clk (net)
                      0.070587    0.000512  125.572899 v _083__1/A (sky130_fd_sc_hd__inv_2)
     1    0.002668    0.035074    0.066052  125.638954 ^ _083__1/Y (sky130_fd_sc_hd__inv_2)
                                                         net36 (net)
                      0.035074    0.000085  125.639038 ^ _152_/CLK (sky130_fd_sc_hd__dfxtp_1)
     3    0.014287    0.225524    0.730225  126.369263 ^ _152_/Q (sky130_fd_sc_hd__dfxtp_1)
                                                         net11 (net)
                      0.225524    0.000412  126.369675 ^ fanout28/A (sky130_fd_sc_hd__clkbuf_2)
    10    0.029858    0.259077    0.399368  126.769043 ^ fanout28/X (sky130_fd_sc_hd__clkbuf_2)
                                                         net28 (net)
                      0.259078    0.001023  126.770065 ^ _109_/A (sky130_fd_sc_hd__nand4_1)
     4    0.009435    0.349325    0.380169  127.150230 v _109_/Y (sky130_fd_sc_hd__nand4_1)
                                                         _065_ (net)
                      0.349325    0.000142  127.150375 v _110_/B (sky130_fd_sc_hd__or2_1)
     1    0.002956    0.098305    0.575042  127.725418 v _110_/X (sky130_fd_sc_hd__or2_1)
                                                         _066_ (net)
                      0.098305    0.000085  127.725502 v _151_/A1 (sky130_fd_sc_hd__a21oi_1)
     1    0.002263    0.155553    0.199123  127.924629 ^ _151_/Y (sky130_fd_sc_hd__a21oi_1)
                                                         _021_ (net)
                      0.155553    0.000057  127.924683 ^ _172_/D (sky130_fd_sc_hd__dfxtp_1)
                                            127.924683   data arrival time

                                250.000000  250.000000   clock clk (rise edge)
                                  0.000000  250.000000   clock source latency
     1    0.017177    0.130441    0.088193  250.088196 ^ clk (in)
                                                         clk (net)
                      0.130445    0.000000  250.088196 ^ clkbuf_0_clk/A (sky130_fd_sc_hd__clkbuf_16)
     2    0.018766    0.065887    0.247525  250.335724 ^ clkbuf_0_clk/X (sky130_fd_sc_hd__clkbuf_16)
                                                         clknet_0_clk (net)
                      0.065887    0.000369  250.336090 ^ clkbuf_1_0__f_clk/A (sky130_fd_sc_hd__clkbuf_16)
    10    0.036601    0.089635    0.243006  250.579102 ^ clkbuf_1_0__f_clk/X (sky130_fd_sc_hd__clkbuf_16)
                                                         clknet_1_0__leaf_clk (net)
                      0.089657    0.001364  250.580460 ^ _172_/CLK (sky130_fd_sc_hd__dfxtp_1)
                                 -0.250000  250.330460   clock uncertainty
                                  0.000000  250.330460   clock reconvergence pessimism
                                 -0.147285  250.183182   library setup time
                                            250.183182   data required time
---------------------------------------------------------------------------------------------
                                            250.183182   data required time
                                           -127.924683   data arrival time
---------------------------------------------------------------------------------------------
                                            122.258499   slack (MET)


Startpoint: _152_ (rising edge-triggered flip-flop clocked by clk')
Endpoint: _171_ (rising edge-triggered flip-flop clocked by clk)
Path Group: clk
Path Type: max

Fanout         Cap        Slew       Delay        Time   Description
---------------------------------------------------------------------------------------------
                                125.000000  125.000000   clock clk' (rise edge)
                                  0.000000  125.000000   clock source latency
     1    0.016291    0.073172    0.050520  125.050522 v clk (in)
                                                         clk (net)
                      0.073178    0.000000  125.050522 v clkbuf_0_clk/A (sky130_fd_sc_hd__clkbuf_16)
     2    0.016994    0.054564    0.255042  125.305565 v clkbuf_0_clk/X (sky130_fd_sc_hd__clkbuf_16)
                                                         clknet_0_clk (net)
                      0.054564    0.000284  125.305847 v clkbuf_1_1__f_clk/A (sky130_fd_sc_hd__clkbuf_16)
    12    0.034116    0.070585    0.266539  125.572388 v clkbuf_1_1__f_clk/X (sky130_fd_sc_hd__clkbuf_16)
                                                         clknet_1_1__leaf_clk (net)
                      0.070587    0.000512  125.572899 v _083__1/A (sky130_fd_sc_hd__inv_2)
     1    0.002668    0.035074    0.066052  125.638954 ^ _083__1/Y (sky130_fd_sc_hd__inv_2)
                                                         net36 (net)
                      0.035074    0.000085  125.639038 ^ _152_/CLK (sky130_fd_sc_hd__dfxtp_1)
     3    0.014287    0.225524    0.730225  126.369263 ^ _152_/Q (sky130_fd_sc_hd__dfxtp_1)
                                                         net11 (net)
                      0.225524    0.000412  126.369675 ^ fanout28/A (sky130_fd_sc_hd__clkbuf_2)
    10    0.029858    0.259077    0.399368  126.769043 ^ fanout28/X (sky130_fd_sc_hd__clkbuf_2)
                                                         net28 (net)
                      0.259078    0.001023  126.770065 ^ _109_/A (sky130_fd_sc_hd__nand4_1)
     4    0.009435    0.349325    0.380169  127.150230 v _109_/Y (sky130_fd_sc_hd__nand4_1)
                                                         _065_ (net)
                      0.349325    0.000128  127.150360 v _149_/B (sky130_fd_sc_hd__and3_1)
     1    0.001865    0.062769    0.458442  127.608803 v _149_/X (sky130_fd_sc_hd__and3_1)
                                                         _020_ (net)
                      0.062769    0.000057  127.608864 v _171_/D (sky130_fd_sc_hd__dfxtp_2)
                                            127.608864   data arrival time

                                250.000000  250.000000   clock clk (rise edge)
                                  0.000000  250.000000   clock source latency
     1    0.017177    0.130441    0.088193  250.088196 ^ clk (in)
                                                         clk (net)
                      0.130445    0.000000  250.088196 ^ clkbuf_0_clk/A (sky130_fd_sc_hd__clkbuf_16)
     2    0.018766    0.065887    0.247525  250.335724 ^ clkbuf_0_clk/X (sky130_fd_sc_hd__clkbuf_16)
                                                         clknet_0_clk (net)
                      0.065887    0.000369  250.336090 ^ clkbuf_1_0__f_clk/A (sky130_fd_sc_hd__clkbuf_16)
    10    0.036601    0.089635    0.243006  250.579102 ^ clkbuf_1_0__f_clk/X (sky130_fd_sc_hd__clkbuf_16)
                                                         clknet_1_0__leaf_clk (net)
                      0.089659    0.001393  250.580490 ^ _171_/CLK (sky130_fd_sc_hd__dfxtp_2)
                                 -0.250000  250.330490   clock uncertainty
                                  0.000000  250.330490   clock reconvergence pessimism
                                 -0.266057  250.064438   library setup time
                                            250.064438   data required time
---------------------------------------------------------------------------------------------
                                            250.064438   data required time
                                           -127.608864   data arrival time
---------------------------------------------------------------------------------------------
                                            122.455582   slack (MET)


Startpoint: _152_ (rising edge-triggered flip-flop clocked by clk')
Endpoint: _169_ (rising edge-triggered flip-flop clocked by clk)
Path Group: clk
Path Type: max

Fanout         Cap        Slew       Delay        Time   Description
---------------------------------------------------------------------------------------------
                                125.000000  125.000000   clock clk' (rise edge)
                                  0.000000  125.000000   clock source latency
     1    0.016291    0.073172    0.050520  125.050522 v clk (in)
                                                         clk (net)
                      0.073178    0.000000  125.050522 v clkbuf_0_clk/A (sky130_fd_sc_hd__clkbuf_16)
     2    0.016994    0.054564    0.255042  125.305565 v clkbuf_0_clk/X (sky130_fd_sc_hd__clkbuf_16)
                                                         clknet_0_clk (net)
                      0.054564    0.000284  125.305847 v clkbuf_1_1__f_clk/A (sky130_fd_sc_hd__clkbuf_16)
    12    0.034116    0.070585    0.266539  125.572388 v clkbuf_1_1__f_clk/X (sky130_fd_sc_hd__clkbuf_16)
                                                         clknet_1_1__leaf_clk (net)
                      0.070587    0.000512  125.572899 v _083__1/A (sky130_fd_sc_hd__inv_2)
     1    0.002668    0.035074    0.066052  125.638954 ^ _083__1/Y (sky130_fd_sc_hd__inv_2)
                                                         net36 (net)
                      0.035074    0.000085  125.639038 ^ _152_/CLK (sky130_fd_sc_hd__dfxtp_1)
     3    0.014287    0.225524    0.730225  126.369263 ^ _152_/Q (sky130_fd_sc_hd__dfxtp_1)
                                                         net11 (net)
                      0.225524    0.000412  126.369675 ^ fanout28/A (sky130_fd_sc_hd__clkbuf_2)
    10    0.029858    0.259077    0.399368  126.769043 ^ fanout28/X (sky130_fd_sc_hd__clkbuf_2)
                                                         net28 (net)
                      0.259077    0.000810  126.769852 ^ _105_/A (sky130_fd_sc_hd__nand2_1)
     5    0.015433    0.267736    0.324491  127.094345 v _105_/Y (sky130_fd_sc_hd__nand2_1)
                                                         _061_ (net)
                      0.267736    0.000284  127.094627 v _145_/B (sky130_fd_sc_hd__and3_1)
     1    0.001991    0.063854    0.418140  127.512764 v _145_/X (sky130_fd_sc_hd__and3_1)
                                                         _018_ (net)
                      0.063854    0.000057  127.512825 v _169_/D (sky130_fd_sc_hd__dfxtp_1)
                                            127.512825   data arrival time

                                250.000000  250.000000   clock clk (rise edge)
                                  0.000000  250.000000   clock source latency
     1    0.017177    0.130441    0.088193  250.088196 ^ clk (in)
                                                         clk (net)
                      0.130445    0.000000  250.088196 ^ clkbuf_0_clk/A (sky130_fd_sc_hd__clkbuf_16)
     2    0.018766    0.065887    0.247525  250.335724 ^ clkbuf_0_clk/X (sky130_fd_sc_hd__clkbuf_16)
                                                         clknet_0_clk (net)
                      0.065887    0.000369  250.336090 ^ clkbuf_1_0__f_clk/A (sky130_fd_sc_hd__clkbuf_16)
    10    0.036601    0.089635    0.243006  250.579102 ^ clkbuf_1_0__f_clk/X (sky130_fd_sc_hd__clkbuf_16)
                                                         clknet_1_0__leaf_clk (net)
                      0.089637    0.000654  250.579758 ^ _169_/CLK (sky130_fd_sc_hd__dfxtp_1)
                                 -0.250000  250.329758   clock uncertainty
                                  0.000000  250.329758   clock reconvergence pessimism
                                 -0.261136  250.068619   library setup time
                                            250.068619   data required time
---------------------------------------------------------------------------------------------
                                            250.068619   data required time
                                           -127.512825   data arrival time
---------------------------------------------------------------------------------------------
                                            122.555794   slack (MET)


Startpoint: _152_ (rising edge-triggered flip-flop clocked by clk')
Endpoint: _170_ (rising edge-triggered flip-flop clocked by clk)
Path Group: clk
Path Type: max

Fanout         Cap        Slew       Delay        Time   Description
---------------------------------------------------------------------------------------------
                                125.000000  125.000000   clock clk' (rise edge)
                                  0.000000  125.000000   clock source latency
     1    0.016291    0.073172    0.050520  125.050522 v clk (in)
                                                         clk (net)
                      0.073178    0.000000  125.050522 v clkbuf_0_clk/A (sky130_fd_sc_hd__clkbuf_16)
     2    0.016994    0.054564    0.255042  125.305565 v clkbuf_0_clk/X (sky130_fd_sc_hd__clkbuf_16)
                                                         clknet_0_clk (net)
                      0.054564    0.000284  125.305847 v clkbuf_1_1__f_clk/A (sky130_fd_sc_hd__clkbuf_16)
    12    0.034116    0.070585    0.266539  125.572388 v clkbuf_1_1__f_clk/X (sky130_fd_sc_hd__clkbuf_16)
                                                         clknet_1_1__leaf_clk (net)
                      0.070587    0.000512  125.572899 v _083__1/A (sky130_fd_sc_hd__inv_2)
     1    0.002668    0.035074    0.066052  125.638954 ^ _083__1/Y (sky130_fd_sc_hd__inv_2)
                                                         net36 (net)
                      0.035074    0.000085  125.639038 ^ _152_/CLK (sky130_fd_sc_hd__dfxtp_1)
     3    0.014287    0.225524    0.730225  126.369263 ^ _152_/Q (sky130_fd_sc_hd__dfxtp_1)
                                                         net11 (net)
                      0.225524    0.000412  126.369675 ^ fanout28/A (sky130_fd_sc_hd__clkbuf_2)
    10    0.029858    0.259077    0.399368  126.769043 ^ fanout28/X (sky130_fd_sc_hd__clkbuf_2)
                                                         net28 (net)
                      0.259078    0.000995  126.770035 ^ _107_/A (sky130_fd_sc_hd__nand3_1)
     3    0.007736    0.234030    0.294335  127.064369 v _107_/Y (sky130_fd_sc_hd__nand3_1)
                                                         _063_ (net)
                      0.234030    0.000099  127.064468 v _147_/B (sky130_fd_sc_hd__and3_1)
     1    0.002029    0.063965    0.401343  127.465813 v _147_/X (sky130_fd_sc_hd__and3_1)
                                                         _019_ (net)
                      0.063965    0.000057  127.465874 v _170_/D (sky130_fd_sc_hd__dfxtp_1)
                                            127.465874   data arrival time

                                250.000000  250.000000   clock clk (rise edge)
                                  0.000000  250.000000   clock source latency
     1    0.017177    0.130441    0.088193  250.088196 ^ clk (in)
                                                         clk (net)
                      0.130445    0.000000  250.088196 ^ clkbuf_0_clk/A (sky130_fd_sc_hd__clkbuf_16)
     2    0.018766    0.065887    0.247525  250.335724 ^ clkbuf_0_clk/X (sky130_fd_sc_hd__clkbuf_16)
                                                         clknet_0_clk (net)
                      0.065887    0.000369  250.336090 ^ clkbuf_1_0__f_clk/A (sky130_fd_sc_hd__clkbuf_16)
    10    0.036601    0.089635    0.243006  250.579102 ^ clkbuf_1_0__f_clk/X (sky130_fd_sc_hd__clkbuf_16)
                                                         clknet_1_0__leaf_clk (net)
                      0.089637    0.000654  250.579758 ^ _170_/CLK (sky130_fd_sc_hd__dfxtp_1)
                                 -0.250000  250.329758   clock uncertainty
                                  0.000000  250.329758   clock reconvergence pessimism
                                 -0.261182  250.068558   library setup time
                                            250.068558   data required time
---------------------------------------------------------------------------------------------
                                            250.068558   data required time
                                           -127.465874   data arrival time
---------------------------------------------------------------------------------------------
                                            122.602692   slack (MET)


Startpoint: _161_ (rising edge-triggered flip-flop clocked by clk)
Endpoint: dac_in[0] (output port clocked by clk)
Path Group: clk
Path Type: max

Fanout         Cap        Slew       Delay        Time   Description
---------------------------------------------------------------------------------------------
                                  0.000000    0.000000   clock clk (rise edge)
                                  0.000000    0.000000   clock source latency
     1    0.017177    0.130441    0.088204    0.088204 ^ clk (in)
                                                         clk (net)
                      0.130445    0.000000    0.088204 ^ clkbuf_0_clk/A (sky130_fd_sc_hd__clkbuf_16)
     2    0.018766    0.065887    0.247512    0.335717 ^ clkbuf_0_clk/X (sky130_fd_sc_hd__clkbuf_16)
                                                         clknet_0_clk (net)
                      0.065887    0.000361    0.336078 ^ clkbuf_1_0__f_clk/A (sky130_fd_sc_hd__clkbuf_16)
    10    0.036601    0.089635    0.243025    0.579102 ^ clkbuf_1_0__f_clk/X (sky130_fd_sc_hd__clkbuf_16)
                                                         clknet_1_0__leaf_clk (net)
                      0.089655    0.001312    0.580414 ^ _161_/CLK (sky130_fd_sc_hd__dfxtp_1)
     4    0.030814    0.461549    0.923695    1.504109 ^ _161_/Q (sky130_fd_sc_hd__dfxtp_1)
                                                         net12 (net)
                      0.461549    0.000444    1.504553 ^ output12/A (sky130_fd_sc_hd__buf_2)
     1    0.034825    0.277696    0.510634    2.015187 ^ output12/X (sky130_fd_sc_hd__buf_2)
                                                         dac_in[0] (net)
                      0.277696    0.000878    2.016065 ^ dac_in[0] (out)
                                              2.016065   data arrival time

                                250.000000  250.000000   clock clk (rise edge)
                                  0.000000  250.000000   clock network delay (propagated)
                                 -0.250000  249.750015   clock uncertainty
                                  0.000000  249.750015   clock reconvergence pessimism
                                -50.000000  199.750015   output external delay
                                            199.750015   data required time
---------------------------------------------------------------------------------------------
                                            199.750015   data required time
                                             -2.016065   data arrival time
---------------------------------------------------------------------------------------------
                                            197.733948   slack (MET)


Startpoint: _163_ (rising edge-triggered flip-flop clocked by clk)
Endpoint: dac_in[2] (output port clocked by clk)
Path Group: clk
Path Type: max

Fanout         Cap        Slew       Delay        Time   Description
---------------------------------------------------------------------------------------------
                                  0.000000    0.000000   clock clk (rise edge)
                                  0.000000    0.000000   clock source latency
     1    0.017177    0.130441    0.088204    0.088204 ^ clk (in)
                                                         clk (net)
                      0.130445    0.000000    0.088204 ^ clkbuf_0_clk/A (sky130_fd_sc_hd__clkbuf_16)
     2    0.018766    0.065887    0.247512    0.335717 ^ clkbuf_0_clk/X (sky130_fd_sc_hd__clkbuf_16)
                                                         clknet_0_clk (net)
                      0.065887    0.000361    0.336078 ^ clkbuf_1_0__f_clk/A (sky130_fd_sc_hd__clkbuf_16)
    10    0.036601    0.089635    0.243025    0.579102 ^ clkbuf_1_0__f_clk/X (sky130_fd_sc_hd__clkbuf_16)
                                                         clknet_1_0__leaf_clk (net)
                      0.089654    0.001273    0.580376 ^ _163_/CLK (sky130_fd_sc_hd__dfxtp_1)
     4    0.030148    0.452192    0.916355    1.496731 ^ _163_/Q (sky130_fd_sc_hd__dfxtp_1)
                                                         net14 (net)
                      0.452192    0.000397    1.497127 ^ output14/A (sky130_fd_sc_hd__buf_2)
     1    0.034793    0.277416    0.506835    2.003963 ^ output14/X (sky130_fd_sc_hd__buf_2)
                                                         dac_in[2] (net)
                      0.277416    0.000875    2.004837 ^ dac_in[2] (out)
                                              2.004837   data arrival time

                                250.000000  250.000000   clock clk (rise edge)
                                  0.000000  250.000000   clock network delay (propagated)
                                 -0.250000  249.750015   clock uncertainty
                                  0.000000  249.750015   clock reconvergence pessimism
                                -50.000000  199.750015   output external delay
                                            199.750015   data required time
---------------------------------------------------------------------------------------------
                                            199.750015   data required time
                                             -2.004837   data arrival time
---------------------------------------------------------------------------------------------
                                            197.745178   slack (MET)


Startpoint: _161_ (rising edge-triggered flip-flop clocked by clk)
Endpoint: dac_in_n[0] (output port clocked by clk)
Path Group: clk
Path Type: max

Fanout         Cap        Slew       Delay        Time   Description
---------------------------------------------------------------------------------------------
                                  0.000000    0.000000   clock clk (rise edge)
                                  0.000000    0.000000   clock source latency
     1    0.017177    0.130441    0.088204    0.088204 ^ clk (in)
                                                         clk (net)
                      0.130445    0.000000    0.088204 ^ clkbuf_0_clk/A (sky130_fd_sc_hd__clkbuf_16)
     2    0.018766    0.065887    0.247512    0.335717 ^ clkbuf_0_clk/X (sky130_fd_sc_hd__clkbuf_16)
                                                         clknet_0_clk (net)
                      0.065887    0.000361    0.336078 ^ clkbuf_1_0__f_clk/A (sky130_fd_sc_hd__clkbuf_16)
    10    0.036601    0.089635    0.243025    0.579102 ^ clkbuf_1_0__f_clk/X (sky130_fd_sc_hd__clkbuf_16)
                                                         clknet_1_0__leaf_clk (net)
                      0.089655    0.001312    0.580414 ^ _161_/CLK (sky130_fd_sc_hd__dfxtp_1)
     4    0.030814    0.461549    0.923695    1.504109 ^ _161_/Q (sky130_fd_sc_hd__dfxtp_1)
                                                         net12 (net)
                      0.461549    0.001213    1.505322 ^ _081_/A (sky130_fd_sc_hd__inv_2)
     1    0.001880    0.073592    0.130136    1.635458 v _081_/Y (sky130_fd_sc_hd__inv_2)
                                                         net20 (net)
                      0.073592    0.000052    1.635510 v output20/A (sky130_fd_sc_hd__buf_2)
     1    0.034572    0.167152    0.347062    1.982572 v output20/X (sky130_fd_sc_hd__buf_2)
                                                         dac_in_n[0] (net)
                      0.167153    0.000853    1.983425 v dac_in_n[0] (out)
                                              1.983425   data arrival time

                                250.000000  250.000000   clock clk (rise edge)
                                  0.000000  250.000000   clock network delay (propagated)
                                 -0.250000  249.750015   clock uncertainty
                                  0.000000  249.750015   clock reconvergence pessimism
                                -50.000000  199.750015   output external delay
                                            199.750015   data required time
---------------------------------------------------------------------------------------------
                                            199.750015   data required time
                                             -1.983425   data arrival time
---------------------------------------------------------------------------------------------
                                            197.766586   slack (MET)


Startpoint: _162_ (rising edge-triggered flip-flop clocked by clk)
Endpoint: dac_in_n[1] (output port clocked by clk)
Path Group: clk
Path Type: max

Fanout         Cap        Slew       Delay        Time   Description
---------------------------------------------------------------------------------------------
                                  0.000000    0.000000   clock clk (rise edge)
                                  0.000000    0.000000   clock source latency
     1    0.017177    0.130441    0.088204    0.088204 ^ clk (in)
                                                         clk (net)
                      0.130445    0.000000    0.088204 ^ clkbuf_0_clk/A (sky130_fd_sc_hd__clkbuf_16)
     2    0.018766    0.065887    0.247512    0.335717 ^ clkbuf_0_clk/X (sky130_fd_sc_hd__clkbuf_16)
                                                         clknet_0_clk (net)
                      0.065887    0.000319    0.336035 ^ clkbuf_1_1__f_clk/A (sky130_fd_sc_hd__clkbuf_16)
    12    0.035767    0.088548    0.241894    0.577929 ^ clkbuf_1_1__f_clk/X (sky130_fd_sc_hd__clkbuf_16)
                                                         clknet_1_1__leaf_clk (net)
                      0.088551    0.000688    0.578617 ^ _162_/CLK (sky130_fd_sc_hd__dfxtp_1)
     3    0.026663    0.402260    0.880618    1.459235 ^ _162_/Q (sky130_fd_sc_hd__dfxtp_1)
                                                         net13 (net)
                      0.402260    0.000947    1.460182 ^ _080_/A (sky130_fd_sc_hd__inv_2)
     2    0.006824    0.090424    0.167253    1.627435 v _080_/Y (sky130_fd_sc_hd__inv_2)
                                                         net21 (net)
                      0.090424    0.000102    1.627537 v output21/A (sky130_fd_sc_hd__buf_2)
     1    0.034576    0.167154    0.355052    1.982589 v output21/X (sky130_fd_sc_hd__buf_2)
                                                         dac_in_n[1] (net)
                      0.167155    0.000853    1.983442 v dac_in_n[1] (out)
                                              1.983442   data arrival time

                                250.000000  250.000000   clock clk (rise edge)
                                  0.000000  250.000000   clock network delay (propagated)
                                 -0.250000  249.750015   clock uncertainty
                                  0.000000  249.750015   clock reconvergence pessimism
                                -50.000000  199.750015   output external delay
                                            199.750015   data required time
---------------------------------------------------------------------------------------------
                                            199.750015   data required time
                                             -1.983442   data arrival time
---------------------------------------------------------------------------------------------
                                            197.766571   slack (MET)


Startpoint: _164_ (rising edge-triggered flip-flop clocked by clk)
Endpoint: dac_in_n[3] (output port clocked by clk)
Path Group: clk
Path Type: max

Fanout         Cap        Slew       Delay        Time   Description
---------------------------------------------------------------------------------------------
                                  0.000000    0.000000   clock clk (rise edge)
                                  0.000000    0.000000   clock source latency
     1    0.017177    0.130441    0.088204    0.088204 ^ clk (in)
                                                         clk (net)
                      0.130445    0.000000    0.088204 ^ clkbuf_0_clk/A (sky130_fd_sc_hd__clkbuf_16)
     2    0.018766    0.065887    0.247512    0.335717 ^ clkbuf_0_clk/X (sky130_fd_sc_hd__clkbuf_16)
                                                         clknet_0_clk (net)
                      0.065887    0.000361    0.336078 ^ clkbuf_1_0__f_clk/A (sky130_fd_sc_hd__clkbuf_16)
    10    0.036601    0.089635    0.243025    0.579102 ^ clkbuf_1_0__f_clk/X (sky130_fd_sc_hd__clkbuf_16)
                                                         clknet_1_0__leaf_clk (net)
                      0.089649    0.001138    0.580240 ^ _164_/CLK (sky130_fd_sc_hd__dfxtp_1)
     3    0.024508    0.371505    0.858956    1.439196 ^ _164_/Q (sky130_fd_sc_hd__dfxtp_1)
                                                         net15 (net)
                      0.371506    0.001567    1.440763 ^ _078_/A (sky130_fd_sc_hd__inv_2)
     2    0.010567    0.098997    0.181540    1.622303 v _078_/Y (sky130_fd_sc_hd__inv_2)
                                                         net23 (net)
                      0.098997    0.000179    1.622481 v output23/A (sky130_fd_sc_hd__buf_2)
     1    0.034681    0.167583    0.359519    1.982000 v output23/X (sky130_fd_sc_hd__buf_2)
                                                         dac_in_n[3] (net)
                      0.167585    0.000859    1.982859 v dac_in_n[3] (out)
                                              1.982859   data arrival time

                                250.000000  250.000000   clock clk (rise edge)
                                  0.000000  250.000000   clock network delay (propagated)
                                 -0.250000  249.750015   clock uncertainty
                                  0.000000  249.750015   clock reconvergence pessimism
                                -50.000000  199.750015   output external delay
                                            199.750015   data required time
---------------------------------------------------------------------------------------------
                                            199.750015   data required time
                                             -1.982859   data arrival time
---------------------------------------------------------------------------------------------
                                            197.767151   slack (MET)


Startpoint: _163_ (rising edge-triggered flip-flop clocked by clk)
Endpoint: dac_in_n[2] (output port clocked by clk)
Path Group: clk
Path Type: max

Fanout         Cap        Slew       Delay        Time   Description
---------------------------------------------------------------------------------------------
                                  0.000000    0.000000   clock clk (rise edge)
                                  0.000000    0.000000   clock source latency
     1    0.017177    0.130441    0.088204    0.088204 ^ clk (in)
                                                         clk (net)
                      0.130445    0.000000    0.088204 ^ clkbuf_0_clk/A (sky130_fd_sc_hd__clkbuf_16)
     2    0.018766    0.065887    0.247512    0.335717 ^ clkbuf_0_clk/X (sky130_fd_sc_hd__clkbuf_16)
                                                         clknet_0_clk (net)
                      0.065887    0.000361    0.336078 ^ clkbuf_1_0__f_clk/A (sky130_fd_sc_hd__clkbuf_16)
    10    0.036601    0.089635    0.243025    0.579102 ^ clkbuf_1_0__f_clk/X (sky130_fd_sc_hd__clkbuf_16)
                                                         clknet_1_0__leaf_clk (net)
                      0.089654    0.001273    0.580376 ^ _163_/CLK (sky130_fd_sc_hd__dfxtp_1)
     4    0.030148    0.452192    0.916355    1.496731 ^ _163_/Q (sky130_fd_sc_hd__dfxtp_1)
                                                         net14 (net)
                      0.452196    0.002170    1.498900 ^ _079_/A (sky130_fd_sc_hd__inv_2)
     1    0.002244    0.074280    0.132786    1.631686 v _079_/Y (sky130_fd_sc_hd__inv_2)
                                                         net22 (net)
                      0.074280    0.000062    1.631748 v output22/A (sky130_fd_sc_hd__buf_2)
     1    0.034913    0.168517    0.348424    1.980173 v output22/X (sky130_fd_sc_hd__buf_2)
                                                         dac_in_n[2] (net)
                      0.168520    0.000918    1.981091 v dac_in_n[2] (out)
                                              1.981091   data arrival time

                                250.000000  250.000000   clock clk (rise edge)
                                  0.000000  250.000000   clock network delay (propagated)
                                 -0.250000  249.750015   clock uncertainty
                                  0.000000  249.750015   clock reconvergence pessimism
                                -50.000000  199.750015   output external delay
                                            199.750015   data required time
---------------------------------------------------------------------------------------------
                                            199.750015   data required time
                                             -1.981091   data arrival time
---------------------------------------------------------------------------------------------
                                            197.768921   slack (MET)


Startpoint: _165_ (rising edge-triggered flip-flop clocked by clk)
Endpoint: dac_in_n[4] (output port clocked by clk)
Path Group: clk
Path Type: max

Fanout         Cap        Slew       Delay        Time   Description
---------------------------------------------------------------------------------------------
                                  0.000000    0.000000   clock clk (rise edge)
                                  0.000000    0.000000   clock source latency
     1    0.017177    0.130441    0.088204    0.088204 ^ clk (in)
                                                         clk (net)
                      0.130445    0.000000    0.088204 ^ clkbuf_0_clk/A (sky130_fd_sc_hd__clkbuf_16)
     2    0.018766    0.065887    0.247512    0.335717 ^ clkbuf_0_clk/X (sky130_fd_sc_hd__clkbuf_16)
                                                         clknet_0_clk (net)
                      0.065887    0.000319    0.336035 ^ clkbuf_1_1__f_clk/A (sky130_fd_sc_hd__clkbuf_16)
    12    0.035767    0.088548    0.241894    0.577929 ^ clkbuf_1_1__f_clk/X (sky130_fd_sc_hd__clkbuf_16)
                                                         clknet_1_1__leaf_clk (net)
                      0.088548    0.000389    0.578318 ^ _165_/CLK (sky130_fd_sc_hd__dfxtp_1)
     3    0.024514    0.371501    0.858810    1.437128 ^ _165_/Q (sky130_fd_sc_hd__dfxtp_1)
                                                         net16 (net)
                      0.371501    0.000555    1.437683 ^ _077_/A (sky130_fd_sc_hd__inv_2)
     2    0.009305    0.094070    0.174272    1.611955 v _077_/Y (sky130_fd_sc_hd__inv_2)
                                                         net24 (net)
                      0.094070    0.000154    1.612109 v output24/A (sky130_fd_sc_hd__buf_2)
     1    0.034572    0.167144    0.356799    1.968908 v output24/X (sky130_fd_sc_hd__buf_2)
                                                         dac_in_n[4] (net)
                      0.167146    0.000853    1.969761 v dac_in_n[4] (out)
                                              1.969761   data arrival time

                                250.000000  250.000000   clock clk (rise edge)
                                  0.000000  250.000000   clock network delay (propagated)
                                 -0.250000  249.750015   clock uncertainty
                                  0.000000  249.750015   clock reconvergence pessimism
                                -50.000000  199.750015   output external delay
                                            199.750015   data required time
---------------------------------------------------------------------------------------------
                                            199.750015   data required time
                                             -1.969761   data arrival time
---------------------------------------------------------------------------------------------
                                            197.780243   slack (MET)


Startpoint: _162_ (rising edge-triggered flip-flop clocked by clk)
Endpoint: dac_in[1] (output port clocked by clk)
Path Group: clk
Path Type: max

Fanout         Cap        Slew       Delay        Time   Description
---------------------------------------------------------------------------------------------
                                  0.000000    0.000000   clock clk (rise edge)
                                  0.000000    0.000000   clock source latency
     1    0.017177    0.130441    0.088204    0.088204 ^ clk (in)
                                                         clk (net)
                      0.130445    0.000000    0.088204 ^ clkbuf_0_clk/A (sky130_fd_sc_hd__clkbuf_16)
     2    0.018766    0.065887    0.247512    0.335717 ^ clkbuf_0_clk/X (sky130_fd_sc_hd__clkbuf_16)
                                                         clknet_0_clk (net)
                      0.065887    0.000319    0.336035 ^ clkbuf_1_1__f_clk/A (sky130_fd_sc_hd__clkbuf_16)
    12    0.035767    0.088548    0.241894    0.577929 ^ clkbuf_1_1__f_clk/X (sky130_fd_sc_hd__clkbuf_16)
                                                         clknet_1_1__leaf_clk (net)
                      0.088551    0.000688    0.578617 ^ _162_/CLK (sky130_fd_sc_hd__dfxtp_1)
     3    0.026663    0.402260    0.880618    1.459235 ^ _162_/Q (sky130_fd_sc_hd__dfxtp_1)
                                                         net13 (net)
                      0.402261    0.001462    1.460698 ^ output13/A (sky130_fd_sc_hd__buf_2)
     1    0.034545    0.275346    0.486156    1.946853 ^ output13/X (sky130_fd_sc_hd__buf_2)
                                                         dac_in[1] (net)
                      0.275346    0.000839    1.947692 ^ dac_in[1] (out)
                                              1.947692   data arrival time

                                250.000000  250.000000   clock clk (rise edge)
                                  0.000000  250.000000   clock network delay (propagated)
                                 -0.250000  249.750015   clock uncertainty
                                  0.000000  249.750015   clock reconvergence pessimism
                                -50.000000  199.750015   output external delay
                                            199.750015   data required time
---------------------------------------------------------------------------------------------
                                            199.750015   data required time
                                             -1.947692   data arrival time
---------------------------------------------------------------------------------------------
                                            197.802307   slack (MET)


Startpoint: _166_ (rising edge-triggered flip-flop clocked by clk)
Endpoint: dac_in_n[5] (output port clocked by clk)
Path Group: clk
Path Type: max

Fanout         Cap        Slew       Delay        Time   Description
---------------------------------------------------------------------------------------------
                                  0.000000    0.000000   clock clk (rise edge)
                                  0.000000    0.000000   clock source latency
     1    0.017177    0.130441    0.088204    0.088204 ^ clk (in)
                                                         clk (net)
                      0.130445    0.000000    0.088204 ^ clkbuf_0_clk/A (sky130_fd_sc_hd__clkbuf_16)
     2    0.018766    0.065887    0.247512    0.335717 ^ clkbuf_0_clk/X (sky130_fd_sc_hd__clkbuf_16)
                                                         clknet_0_clk (net)
                      0.065887    0.000319    0.336035 ^ clkbuf_1_1__f_clk/A (sky130_fd_sc_hd__clkbuf_16)
    12    0.035767    0.088548    0.241894    0.577929 ^ clkbuf_1_1__f_clk/X (sky130_fd_sc_hd__clkbuf_16)
                                                         clknet_1_1__leaf_clk (net)
                      0.088549    0.000569    0.578498 ^ _166_/CLK (sky130_fd_sc_hd__dfxtp_1)
     3    0.019647    0.301949    0.809194    1.387692 ^ _166_/Q (sky130_fd_sc_hd__dfxtp_1)
                                                         net17 (net)
                      0.301949    0.000581    1.388273 ^ _076_/A (sky130_fd_sc_hd__inv_2)
     2    0.013562    0.099121    0.177855    1.566129 v _076_/Y (sky130_fd_sc_hd__inv_2)
                                                         net25 (net)
                      0.099121    0.000281    1.566410 v output25/A (sky130_fd_sc_hd__buf_2)
     1    0.035420    0.170559    0.361832    1.928242 v output25/X (sky130_fd_sc_hd__buf_2)
                                                         dac_in_n[5] (net)
                      0.170562    0.001026    1.929268 v dac_in_n[5] (out)
                                              1.929268   data arrival time

                                250.000000  250.000000   clock clk (rise edge)
                                  0.000000  250.000000   clock network delay (propagated)
                                 -0.250000  249.750015   clock uncertainty
                                  0.000000  249.750015   clock reconvergence pessimism
                                -50.000000  199.750015   output external delay
                                            199.750015   data required time
---------------------------------------------------------------------------------------------
                                            199.750015   data required time
                                             -1.929268   data arrival time
---------------------------------------------------------------------------------------------
                                            197.820740   slack (MET)


Startpoint: _164_ (rising edge-triggered flip-flop clocked by clk)
Endpoint: dac_in[3] (output port clocked by clk)
Path Group: clk
Path Type: max

Fanout         Cap        Slew       Delay        Time   Description
---------------------------------------------------------------------------------------------
                                  0.000000    0.000000   clock clk (rise edge)
                                  0.000000    0.000000   clock source latency
     1    0.017177    0.130441    0.088204    0.088204 ^ clk (in)
                                                         clk (net)
                      0.130445    0.000000    0.088204 ^ clkbuf_0_clk/A (sky130_fd_sc_hd__clkbuf_16)
     2    0.018766    0.065887    0.247512    0.335717 ^ clkbuf_0_clk/X (sky130_fd_sc_hd__clkbuf_16)
                                                         clknet_0_clk (net)
                      0.065887    0.000361    0.336078 ^ clkbuf_1_0__f_clk/A (sky130_fd_sc_hd__clkbuf_16)
    10    0.036601    0.089635    0.243025    0.579102 ^ clkbuf_1_0__f_clk/X (sky130_fd_sc_hd__clkbuf_16)
                                                         clknet_1_0__leaf_clk (net)
                      0.089649    0.001138    0.580240 ^ _164_/CLK (sky130_fd_sc_hd__dfxtp_1)
     3    0.024508    0.371505    0.858956    1.439196 ^ _164_/Q (sky130_fd_sc_hd__dfxtp_1)
                                                         net15 (net)
                      0.371505    0.000470    1.439666 ^ output15/A (sky130_fd_sc_hd__buf_2)
     1    0.034545    0.275204    0.474217    1.913883 ^ output15/X (sky130_fd_sc_hd__buf_2)
                                                         dac_in[3] (net)
                      0.275204    0.000839    1.914721 ^ dac_in[3] (out)
                                              1.914721   data arrival time

                                250.000000  250.000000   clock clk (rise edge)
                                  0.000000  250.000000   clock network delay (propagated)
                                 -0.250000  249.750015   clock uncertainty
                                  0.000000  249.750015   clock reconvergence pessimism
                                -50.000000  199.750015   output external delay
                                            199.750015   data required time
---------------------------------------------------------------------------------------------
                                            199.750015   data required time
                                             -1.914721   data arrival time
---------------------------------------------------------------------------------------------
                                            197.835281   slack (MET)


Startpoint: _165_ (rising edge-triggered flip-flop clocked by clk)
Endpoint: dac_in[4] (output port clocked by clk)
Path Group: clk
Path Type: max

Fanout         Cap        Slew       Delay        Time   Description
---------------------------------------------------------------------------------------------
                                  0.000000    0.000000   clock clk (rise edge)
                                  0.000000    0.000000   clock source latency
     1    0.017177    0.130441    0.088204    0.088204 ^ clk (in)
                                                         clk (net)
                      0.130445    0.000000    0.088204 ^ clkbuf_0_clk/A (sky130_fd_sc_hd__clkbuf_16)
     2    0.018766    0.065887    0.247512    0.335717 ^ clkbuf_0_clk/X (sky130_fd_sc_hd__clkbuf_16)
                                                         clknet_0_clk (net)
                      0.065887    0.000319    0.336035 ^ clkbuf_1_1__f_clk/A (sky130_fd_sc_hd__clkbuf_16)
    12    0.035767    0.088548    0.241894    0.577929 ^ clkbuf_1_1__f_clk/X (sky130_fd_sc_hd__clkbuf_16)
                                                         clknet_1_1__leaf_clk (net)
                      0.088548    0.000389    0.578318 ^ _165_/CLK (sky130_fd_sc_hd__dfxtp_1)
     3    0.024514    0.371501    0.858810    1.437128 ^ _165_/Q (sky130_fd_sc_hd__dfxtp_1)
                                                         net16 (net)
                      0.371501    0.001168    1.438295 ^ output16/A (sky130_fd_sc_hd__buf_2)
     1    0.034545    0.275204    0.474216    1.912511 ^ output16/X (sky130_fd_sc_hd__buf_2)
                                                         dac_in[4] (net)
                      0.275204    0.000839    1.913350 ^ dac_in[4] (out)
                                              1.913350   data arrival time

                                250.000000  250.000000   clock clk (rise edge)
                                  0.000000  250.000000   clock network delay (propagated)
                                 -0.250000  249.750015   clock uncertainty
                                  0.000000  249.750015   clock reconvergence pessimism
                                -50.000000  199.750015   output external delay
                                            199.750015   data required time
---------------------------------------------------------------------------------------------
                                            199.750015   data required time
                                             -1.913350   data arrival time
---------------------------------------------------------------------------------------------
                                            197.836655   slack (MET)


Startpoint: _167_ (rising edge-triggered flip-flop clocked by clk)
Endpoint: dac_in[6] (output port clocked by clk)
Path Group: clk
Path Type: max

Fanout         Cap        Slew       Delay        Time   Description
---------------------------------------------------------------------------------------------
                                  0.000000    0.000000   clock clk (rise edge)
                                  0.000000    0.000000   clock source latency
     1    0.017177    0.130441    0.088204    0.088204 ^ clk (in)
                                                         clk (net)
                      0.130445    0.000000    0.088204 ^ clkbuf_0_clk/A (sky130_fd_sc_hd__clkbuf_16)
     2    0.018766    0.065887    0.247512    0.335717 ^ clkbuf_0_clk/X (sky130_fd_sc_hd__clkbuf_16)
                                                         clknet_0_clk (net)
                      0.065887    0.000361    0.336078 ^ clkbuf_1_0__f_clk/A (sky130_fd_sc_hd__clkbuf_16)
    10    0.036601    0.089635    0.243025    0.579102 ^ clkbuf_1_0__f_clk/X (sky130_fd_sc_hd__clkbuf_16)
                                                         clknet_1_0__leaf_clk (net)
                      0.089644    0.000961    0.580064 ^ _167_/CLK (sky130_fd_sc_hd__dfxtp_1)
     4    0.024182    0.366833    0.855639    1.435703 ^ _167_/Q (sky130_fd_sc_hd__dfxtp_1)
                                                         net18 (net)
                      0.366833    0.000607    1.436310 ^ output18/A (sky130_fd_sc_hd__buf_2)
     1    0.034545    0.275182    0.472403    1.908713 ^ output18/X (sky130_fd_sc_hd__buf_2)
                                                         dac_in[6] (net)
                      0.275182    0.000839    1.909552 ^ dac_in[6] (out)
                                              1.909552   data arrival time

                                250.000000  250.000000   clock clk (rise edge)
                                  0.000000  250.000000   clock network delay (propagated)
                                 -0.250000  249.750015   clock uncertainty
                                  0.000000  249.750015   clock reconvergence pessimism
                                -50.000000  199.750015   output external delay
                                            199.750015   data required time
---------------------------------------------------------------------------------------------
                                            199.750015   data required time
                                             -1.909552   data arrival time
---------------------------------------------------------------------------------------------
                                            197.840454   slack (MET)


Startpoint: _167_ (rising edge-triggered flip-flop clocked by clk)
Endpoint: dac_in_n[6] (output port clocked by clk)
Path Group: clk
Path Type: max

Fanout         Cap        Slew       Delay        Time   Description
---------------------------------------------------------------------------------------------
                                  0.000000    0.000000   clock clk (rise edge)
                                  0.000000    0.000000   clock source latency
     1    0.017177    0.130441    0.088204    0.088204 ^ clk (in)
                                                         clk (net)
                      0.130445    0.000000    0.088204 ^ clkbuf_0_clk/A (sky130_fd_sc_hd__clkbuf_16)
     2    0.018766    0.065887    0.247512    0.335717 ^ clkbuf_0_clk/X (sky130_fd_sc_hd__clkbuf_16)
                                                         clknet_0_clk (net)
                      0.065887    0.000361    0.336078 ^ clkbuf_1_0__f_clk/A (sky130_fd_sc_hd__clkbuf_16)
    10    0.036601    0.089635    0.243025    0.579102 ^ clkbuf_1_0__f_clk/X (sky130_fd_sc_hd__clkbuf_16)
                                                         clknet_1_0__leaf_clk (net)
                      0.089644    0.000961    0.580064 ^ _167_/CLK (sky130_fd_sc_hd__dfxtp_1)
     4    0.024182    0.366833    0.855639    1.435703 ^ _167_/Q (sky130_fd_sc_hd__dfxtp_1)
                                                         net18 (net)
                      0.366834    0.001587    1.437290 ^ _075_/A (sky130_fd_sc_hd__inv_2)
     1    0.002415    0.064505    0.120333    1.557622 v _075_/Y (sky130_fd_sc_hd__inv_2)
                                                         net26 (net)
                      0.064505    0.000068    1.557690 v output26/A (sky130_fd_sc_hd__buf_2)
     1    0.034572    0.167195    0.342897    1.900587 v output26/X (sky130_fd_sc_hd__buf_2)
                                                         dac_in_n[6] (net)
                      0.167197    0.000853    1.901440 v dac_in_n[6] (out)
                                              1.901440   data arrival time

                                250.000000  250.000000   clock clk (rise edge)
                                  0.000000  250.000000   clock network delay (propagated)
                                 -0.250000  249.750015   clock uncertainty
                                  0.000000  249.750015   clock reconvergence pessimism
                                -50.000000  199.750015   output external delay
                                            199.750015   data required time
---------------------------------------------------------------------------------------------
                                            199.750015   data required time
                                             -1.901440   data arrival time
---------------------------------------------------------------------------------------------
                                            197.848572   slack (MET)


Startpoint: _168_ (rising edge-triggered flip-flop clocked by clk)
Endpoint: dac_in_n[7] (output port clocked by clk)
Path Group: clk
Path Type: max

Fanout         Cap        Slew       Delay        Time   Description
---------------------------------------------------------------------------------------------
                                  0.000000    0.000000   clock clk (rise edge)
                                  0.000000    0.000000   clock source latency
     1    0.017177    0.130441    0.088204    0.088204 ^ clk (in)
                                                         clk (net)
                      0.130445    0.000000    0.088204 ^ clkbuf_0_clk/A (sky130_fd_sc_hd__clkbuf_16)
     2    0.018766    0.065887    0.247512    0.335717 ^ clkbuf_0_clk/X (sky130_fd_sc_hd__clkbuf_16)
                                                         clknet_0_clk (net)
                      0.065887    0.000361    0.336078 ^ clkbuf_1_0__f_clk/A (sky130_fd_sc_hd__clkbuf_16)
    10    0.036601    0.089635    0.243025    0.579102 ^ clkbuf_1_0__f_clk/X (sky130_fd_sc_hd__clkbuf_16)
                                                         clknet_1_0__leaf_clk (net)
                      0.089639    0.000780    0.579882 ^ _168_/CLK (sky130_fd_sc_hd__dfxtp_1)
     3    0.013111    0.208793    0.742931    1.322813 ^ _168_/Q (sky130_fd_sc_hd__dfxtp_1)
                                                         net19 (net)
                      0.208793    0.000478    1.323290 ^ _074_/A (sky130_fd_sc_hd__inv_2)
     2    0.016685    0.094198    0.161099    1.484390 v _074_/Y (sky130_fd_sc_hd__inv_2)
                                                         net27 (net)
                      0.094200    0.000518    1.484907 v output27/A (sky130_fd_sc_hd__buf_2)
     1    0.034542    0.167019    0.356785    1.841692 v output27/X (sky130_fd_sc_hd__buf_2)
                                                         dac_in_n[7] (net)
                      0.167020    0.000825    1.842517 v dac_in_n[7] (out)
                                              1.842517   data arrival time

                                250.000000  250.000000   clock clk (rise edge)
                                  0.000000  250.000000   clock network delay (propagated)
                                 -0.250000  249.750015   clock uncertainty
                                  0.000000  249.750015   clock reconvergence pessimism
                                -50.000000  199.750015   output external delay
                                            199.750015   data required time
---------------------------------------------------------------------------------------------
                                            199.750015   data required time
                                             -1.842517   data arrival time
---------------------------------------------------------------------------------------------
                                            197.907486   slack (MET)


Startpoint: _166_ (rising edge-triggered flip-flop clocked by clk)
Endpoint: dac_in[5] (output port clocked by clk)
Path Group: clk
Path Type: max

Fanout         Cap        Slew       Delay        Time   Description
---------------------------------------------------------------------------------------------
                                  0.000000    0.000000   clock clk (rise edge)
                                  0.000000    0.000000   clock source latency
     1    0.017177    0.130441    0.088204    0.088204 ^ clk (in)
                                                         clk (net)
                      0.130445    0.000000    0.088204 ^ clkbuf_0_clk/A (sky130_fd_sc_hd__clkbuf_16)
     2    0.018766    0.065887    0.247512    0.335717 ^ clkbuf_0_clk/X (sky130_fd_sc_hd__clkbuf_16)
                                                         clknet_0_clk (net)
                      0.065887    0.000319    0.336035 ^ clkbuf_1_1__f_clk/A (sky130_fd_sc_hd__clkbuf_16)
    12    0.035767    0.088548    0.241894    0.577929 ^ clkbuf_1_1__f_clk/X (sky130_fd_sc_hd__clkbuf_16)
                                                         clknet_1_1__leaf_clk (net)
                      0.088549    0.000569    0.578498 ^ _166_/CLK (sky130_fd_sc_hd__dfxtp_1)
     3    0.019647    0.301949    0.809194    1.387692 ^ _166_/Q (sky130_fd_sc_hd__dfxtp_1)
                                                         net17 (net)
                      0.301949    0.000569    1.388262 ^ output17/A (sky130_fd_sc_hd__buf_2)
     1    0.034545    0.274884    0.447217    1.835479 ^ output17/X (sky130_fd_sc_hd__buf_2)
                                                         dac_in[5] (net)
                      0.274884    0.000839    1.836317 ^ dac_in[5] (out)
                                              1.836317   data arrival time

                                250.000000  250.000000   clock clk (rise edge)
                                  0.000000  250.000000   clock network delay (propagated)
                                 -0.250000  249.750015   clock uncertainty
                                  0.000000  249.750015   clock reconvergence pessimism
                                -50.000000  199.750015   output external delay
                                            199.750015   data required time
---------------------------------------------------------------------------------------------
                                            199.750015   data required time
                                             -1.836317   data arrival time
---------------------------------------------------------------------------------------------
                                            197.913696   slack (MET)


Startpoint: _168_ (rising edge-triggered flip-flop clocked by clk)
Endpoint: dac_in[7] (output port clocked by clk)
Path Group: clk
Path Type: max

Fanout         Cap        Slew       Delay        Time   Description
---------------------------------------------------------------------------------------------
                                  0.000000    0.000000   clock clk (rise edge)
                                  0.000000    0.000000   clock source latency
     1    0.017177    0.130441    0.088204    0.088204 ^ clk (in)
                                                         clk (net)
                      0.130445    0.000000    0.088204 ^ clkbuf_0_clk/A (sky130_fd_sc_hd__clkbuf_16)
     2    0.018766    0.065887    0.247512    0.335717 ^ clkbuf_0_clk/X (sky130_fd_sc_hd__clkbuf_16)
                                                         clknet_0_clk (net)
                      0.065887    0.000361    0.336078 ^ clkbuf_1_0__f_clk/A (sky130_fd_sc_hd__clkbuf_16)
    10    0.036601    0.089635    0.243025    0.579102 ^ clkbuf_1_0__f_clk/X (sky130_fd_sc_hd__clkbuf_16)
                                                         clknet_1_0__leaf_clk (net)
                      0.089639    0.000780    0.579882 ^ _168_/CLK (sky130_fd_sc_hd__dfxtp_1)
     3    0.013111    0.208793    0.742931    1.322813 ^ _168_/Q (sky130_fd_sc_hd__dfxtp_1)
                                                         net19 (net)
                      0.208793    0.000161    1.322973 ^ output19/A (sky130_fd_sc_hd__buf_2)
     1    0.034545    0.274496    0.409857    1.732831 ^ output19/X (sky130_fd_sc_hd__buf_2)
                                                         dac_in[7] (net)
                      0.274496    0.000839    1.733669 ^ dac_in[7] (out)
                                              1.733669   data arrival time

                                250.000000  250.000000   clock clk (rise edge)
                                  0.000000  250.000000   clock network delay (propagated)
                                 -0.250000  249.750015   clock uncertainty
                                  0.000000  249.750015   clock reconvergence pessimism
                                -50.000000  199.750015   output external delay
                                            199.750015   data required time
---------------------------------------------------------------------------------------------
                                            199.750015   data required time
                                             -1.733669   data arrival time
---------------------------------------------------------------------------------------------
                                            198.016342   slack (MET)


Startpoint: _154_ (rising edge-triggered flip-flop clocked by clk)
Endpoint: adc_out[1] (output port clocked by clk)
Path Group: clk
Path Type: max

Fanout         Cap        Slew       Delay        Time   Description
---------------------------------------------------------------------------------------------
                                  0.000000    0.000000   clock clk (rise edge)
                                  0.000000    0.000000   clock source latency
     1    0.017177    0.130441    0.088204    0.088204 ^ clk (in)
                                                         clk (net)
                      0.130445    0.000000    0.088204 ^ clkbuf_0_clk/A (sky130_fd_sc_hd__clkbuf_16)
     2    0.018766    0.065887    0.247512    0.335717 ^ clkbuf_0_clk/X (sky130_fd_sc_hd__clkbuf_16)
                                                         clknet_0_clk (net)
                      0.065887    0.000319    0.336035 ^ clkbuf_1_1__f_clk/A (sky130_fd_sc_hd__clkbuf_16)
    12    0.035767    0.088548    0.241894    0.577929 ^ clkbuf_1_1__f_clk/X (sky130_fd_sc_hd__clkbuf_16)
                                                         clknet_1_1__leaf_clk (net)
                      0.088553    0.000799    0.578728 ^ _154_/CLK (sky130_fd_sc_hd__dfxtp_1)
     2    0.009985    0.166025    0.709493    1.288221 ^ _154_/Q (sky130_fd_sc_hd__dfxtp_1)
                                                         net4 (net)
                      0.166025    0.000476    1.288697 ^ output4/A (sky130_fd_sc_hd__buf_2)
     1    0.034922    0.277189    0.391897    1.680593 ^ output4/X (sky130_fd_sc_hd__buf_2)
                                                         adc_out[1] (net)
                      0.277189    0.000704    1.681298 ^ adc_out[1] (out)
                                              1.681298   data arrival time

                                250.000000  250.000000   clock clk (rise edge)
                                  0.000000  250.000000   clock network delay (propagated)
                                 -0.250000  249.750015   clock uncertainty
                                  0.000000  249.750015   clock reconvergence pessimism
                                -50.000000  199.750015   output external delay
                                            199.750015   data required time
---------------------------------------------------------------------------------------------
                                            199.750015   data required time
                                             -1.681298   data arrival time
---------------------------------------------------------------------------------------------
                                            198.068710   slack (MET)


Startpoint: _160_ (rising edge-triggered flip-flop clocked by clk)
Endpoint: adc_out[7] (output port clocked by clk)
Path Group: clk
Path Type: max

Fanout         Cap        Slew       Delay        Time   Description
---------------------------------------------------------------------------------------------
                                  0.000000    0.000000   clock clk (rise edge)
                                  0.000000    0.000000   clock source latency
     1    0.017177    0.130441    0.088204    0.088204 ^ clk (in)
                                                         clk (net)
                      0.130445    0.000000    0.088204 ^ clkbuf_0_clk/A (sky130_fd_sc_hd__clkbuf_16)
     2    0.018766    0.065887    0.247512    0.335717 ^ clkbuf_0_clk/X (sky130_fd_sc_hd__clkbuf_16)
                                                         clknet_0_clk (net)
                      0.065887    0.000319    0.336035 ^ clkbuf_1_1__f_clk/A (sky130_fd_sc_hd__clkbuf_16)
    12    0.035767    0.088548    0.241894    0.577929 ^ clkbuf_1_1__f_clk/X (sky130_fd_sc_hd__clkbuf_16)
                                                         clknet_1_1__leaf_clk (net)
                      0.088549    0.000549    0.578478 ^ _160_/CLK (sky130_fd_sc_hd__dfxtp_1)
     2    0.008884    0.150700    0.697998    1.276477 ^ _160_/Q (sky130_fd_sc_hd__dfxtp_1)
                                                         net10 (net)
                      0.150700    0.000301    1.276777 ^ output10/A (sky130_fd_sc_hd__buf_2)
     1    0.035019    0.277906    0.385135    1.661912 ^ output10/X (sky130_fd_sc_hd__buf_2)
                                                         adc_out[7] (net)
                      0.277906    0.000827    1.662739 ^ adc_out[7] (out)
                                              1.662739   data arrival time

                                250.000000  250.000000   clock clk (rise edge)
                                  0.000000  250.000000   clock network delay (propagated)
                                 -0.250000  249.750015   clock uncertainty
                                  0.000000  249.750015   clock reconvergence pessimism
                                -50.000000  199.750015   output external delay
                                            199.750015   data required time
---------------------------------------------------------------------------------------------
                                            199.750015   data required time
                                             -1.662739   data arrival time
---------------------------------------------------------------------------------------------
                                            198.087265   slack (MET)


Startpoint: _153_ (rising edge-triggered flip-flop clocked by clk)
Endpoint: adc_out[0] (output port clocked by clk)
Path Group: clk
Path Type: max

Fanout         Cap        Slew       Delay        Time   Description
---------------------------------------------------------------------------------------------
                                  0.000000    0.000000   clock clk (rise edge)
                                  0.000000    0.000000   clock source latency
     1    0.017177    0.130441    0.088204    0.088204 ^ clk (in)
                                                         clk (net)
                      0.130445    0.000000    0.088204 ^ clkbuf_0_clk/A (sky130_fd_sc_hd__clkbuf_16)
     2    0.018766    0.065887    0.247512    0.335717 ^ clkbuf_0_clk/X (sky130_fd_sc_hd__clkbuf_16)
                                                         clknet_0_clk (net)
                      0.065887    0.000319    0.336035 ^ clkbuf_1_1__f_clk/A (sky130_fd_sc_hd__clkbuf_16)
    12    0.035767    0.088548    0.241894    0.577929 ^ clkbuf_1_1__f_clk/X (sky130_fd_sc_hd__clkbuf_16)
                                                         clknet_1_1__leaf_clk (net)
                      0.088557    0.000954    0.578883 ^ _153_/CLK (sky130_fd_sc_hd__dfxtp_1)
     2    0.008412    0.144173    0.693013    1.271896 ^ _153_/Q (sky130_fd_sc_hd__dfxtp_1)
                                                         net3 (net)
                      0.144173    0.000345    1.272241 ^ output3/A (sky130_fd_sc_hd__buf_2)
     1    0.035068    0.278270    0.382281    1.654522 ^ output3/X (sky130_fd_sc_hd__buf_2)
                                                         adc_out[0] (net)
                      0.278270    0.000903    1.655425 ^ adc_out[0] (out)
                                              1.655425   data arrival time

                                250.000000  250.000000   clock clk (rise edge)
                                  0.000000  250.000000   clock network delay (propagated)
                                 -0.250000  249.750015   clock uncertainty
                                  0.000000  249.750015   clock reconvergence pessimism
                                -50.000000  199.750015   output external delay
                                            199.750015   data required time
---------------------------------------------------------------------------------------------
                                            199.750015   data required time
                                             -1.655425   data arrival time
---------------------------------------------------------------------------------------------
                                            198.094589   slack (MET)


Startpoint: _156_ (rising edge-triggered flip-flop clocked by clk)
Endpoint: adc_out[3] (output port clocked by clk)
Path Group: clk
Path Type: max

Fanout         Cap        Slew       Delay        Time   Description
---------------------------------------------------------------------------------------------
                                  0.000000    0.000000   clock clk (rise edge)
                                  0.000000    0.000000   clock source latency
     1    0.017177    0.130441    0.088204    0.088204 ^ clk (in)
                                                         clk (net)
                      0.130445    0.000000    0.088204 ^ clkbuf_0_clk/A (sky130_fd_sc_hd__clkbuf_16)
     2    0.018766    0.065887    0.247512    0.335717 ^ clkbuf_0_clk/X (sky130_fd_sc_hd__clkbuf_16)
                                                         clknet_0_clk (net)
                      0.065887    0.000319    0.336035 ^ clkbuf_1_1__f_clk/A (sky130_fd_sc_hd__clkbuf_16)
    12    0.035767    0.088548    0.241894    0.577929 ^ clkbuf_1_1__f_clk/X (sky130_fd_sc_hd__clkbuf_16)
                                                         clknet_1_1__leaf_clk (net)
                      0.088558    0.000994    0.578923 ^ _156_/CLK (sky130_fd_sc_hd__dfxtp_1)
     2    0.006907    0.123389    0.677220    1.256143 ^ _156_/Q (sky130_fd_sc_hd__dfxtp_1)
                                                         net6 (net)
                      0.123389    0.000254    1.256397 ^ output6/A (sky130_fd_sc_hd__buf_2)
     1    0.034058    0.270676    0.367362    1.623759 ^ output6/X (sky130_fd_sc_hd__buf_2)
                                                         adc_out[3] (net)
                      0.270676    0.000622    1.624381 ^ adc_out[3] (out)
                                              1.624381   data arrival time

                                250.000000  250.000000   clock clk (rise edge)
                                  0.000000  250.000000   clock network delay (propagated)
                                 -0.250000  249.750015   clock uncertainty
                                  0.000000  249.750015   clock reconvergence pessimism
                                -50.000000  199.750015   output external delay
                                            199.750015   data required time
---------------------------------------------------------------------------------------------
                                            199.750015   data required time
                                             -1.624381   data arrival time
---------------------------------------------------------------------------------------------
                                            198.125626   slack (MET)


Startpoint: _159_ (rising edge-triggered flip-flop clocked by clk)
Endpoint: adc_out[6] (output port clocked by clk)
Path Group: clk
Path Type: max

Fanout         Cap        Slew       Delay        Time   Description
---------------------------------------------------------------------------------------------
                                  0.000000    0.000000   clock clk (rise edge)
                                  0.000000    0.000000   clock source latency
     1    0.017177    0.130441    0.088204    0.088204 ^ clk (in)
                                                         clk (net)
                      0.130445    0.000000    0.088204 ^ clkbuf_0_clk/A (sky130_fd_sc_hd__clkbuf_16)
     2    0.018766    0.065887    0.247512    0.335717 ^ clkbuf_0_clk/X (sky130_fd_sc_hd__clkbuf_16)
                                                         clknet_0_clk (net)
                      0.065887    0.000319    0.336035 ^ clkbuf_1_1__f_clk/A (sky130_fd_sc_hd__clkbuf_16)
    12    0.035767    0.088548    0.241894    0.577929 ^ clkbuf_1_1__f_clk/X (sky130_fd_sc_hd__clkbuf_16)
                                                         clknet_1_1__leaf_clk (net)
                      0.088565    0.001221    0.579150 ^ _159_/CLK (sky130_fd_sc_hd__dfxtp_1)
     2    0.006538    0.118199    0.673366    1.252516 ^ _159_/Q (sky130_fd_sc_hd__dfxtp_1)
                                                         net9 (net)
                      0.118315    0.000179    1.252695 ^ output9/A (sky130_fd_sc_hd__buf_2)
     1    0.034401    0.273217    0.366776    1.619471 ^ output9/X (sky130_fd_sc_hd__buf_2)
                                                         adc_out[6] (net)
                      0.273217    0.000657    1.620128 ^ adc_out[6] (out)
                                              1.620128   data arrival time

                                250.000000  250.000000   clock clk (rise edge)
                                  0.000000  250.000000   clock network delay (propagated)
                                 -0.250000  249.750015   clock uncertainty
                                  0.000000  249.750015   clock reconvergence pessimism
                                -50.000000  199.750015   output external delay
                                            199.750015   data required time
---------------------------------------------------------------------------------------------
                                            199.750015   data required time
                                             -1.620128   data arrival time
---------------------------------------------------------------------------------------------
                                            198.129883   slack (MET)


Startpoint: _155_ (rising edge-triggered flip-flop clocked by clk)
Endpoint: adc_out[2] (output port clocked by clk)
Path Group: clk
Path Type: max

Fanout         Cap        Slew       Delay        Time   Description
---------------------------------------------------------------------------------------------
                                  0.000000    0.000000   clock clk (rise edge)
                                  0.000000    0.000000   clock source latency
     1    0.017177    0.130441    0.088204    0.088204 ^ clk (in)
                                                         clk (net)
                      0.130445    0.000000    0.088204 ^ clkbuf_0_clk/A (sky130_fd_sc_hd__clkbuf_16)
     2    0.018766    0.065887    0.247512    0.335717 ^ clkbuf_0_clk/X (sky130_fd_sc_hd__clkbuf_16)
                                                         clknet_0_clk (net)
                      0.065887    0.000319    0.336035 ^ clkbuf_1_1__f_clk/A (sky130_fd_sc_hd__clkbuf_16)
    12    0.035767    0.088548    0.241894    0.577929 ^ clkbuf_1_1__f_clk/X (sky130_fd_sc_hd__clkbuf_16)
                                                         clknet_1_1__leaf_clk (net)
                      0.088560    0.001076    0.579005 ^ _155_/CLK (sky130_fd_sc_hd__dfxtp_1)
     2    0.005571    0.105028    0.663201    1.242206 ^ _155_/Q (sky130_fd_sc_hd__dfxtp_1)
                                                         net5 (net)
                      0.105028    0.000153    1.242359 ^ output5/A (sky130_fd_sc_hd__buf_2)
     1    0.034059    0.270646    0.358753    1.601112 ^ output5/X (sky130_fd_sc_hd__buf_2)
                                                         adc_out[2] (net)
                      0.270646    0.000622    1.601734 ^ adc_out[2] (out)
                                              1.601734   data arrival time

                                250.000000  250.000000   clock clk (rise edge)
                                  0.000000  250.000000   clock network delay (propagated)
                                 -0.250000  249.750015   clock uncertainty
                                  0.000000  249.750015   clock reconvergence pessimism
                                -50.000000  199.750015   output external delay
                                            199.750015   data required time
---------------------------------------------------------------------------------------------
                                            199.750015   data required time
                                             -1.601734   data arrival time
---------------------------------------------------------------------------------------------
                                            198.148270   slack (MET)


Startpoint: _157_ (rising edge-triggered flip-flop clocked by clk)
Endpoint: adc_out[4] (output port clocked by clk)
Path Group: clk
Path Type: max

Fanout         Cap        Slew       Delay        Time   Description
---------------------------------------------------------------------------------------------
                                  0.000000    0.000000   clock clk (rise edge)
                                  0.000000    0.000000   clock source latency
     1    0.017177    0.130441    0.088204    0.088204 ^ clk (in)
                                                         clk (net)
                      0.130445    0.000000    0.088204 ^ clkbuf_0_clk/A (sky130_fd_sc_hd__clkbuf_16)
     2    0.018766    0.065887    0.247512    0.335717 ^ clkbuf_0_clk/X (sky130_fd_sc_hd__clkbuf_16)
                                                         clknet_0_clk (net)
                      0.065887    0.000319    0.336035 ^ clkbuf_1_1__f_clk/A (sky130_fd_sc_hd__clkbuf_16)
    12    0.035767    0.088548    0.241894    0.577929 ^ clkbuf_1_1__f_clk/X (sky130_fd_sc_hd__clkbuf_16)
                                                         clknet_1_1__leaf_clk (net)
                      0.088564    0.001174    0.579103 ^ _157_/CLK (sky130_fd_sc_hd__dfxtp_1)
     2    0.005259    0.100805    0.659909    1.239012 ^ _157_/Q (sky130_fd_sc_hd__dfxtp_1)
                                                         net7 (net)
                      0.100805    0.000163    1.239175 ^ output7/A (sky130_fd_sc_hd__buf_2)
     1    0.034064    0.270678    0.356801    1.595976 ^ output7/X (sky130_fd_sc_hd__buf_2)
                                                         adc_out[4] (net)
                      0.270678    0.000622    1.596598 ^ adc_out[4] (out)
                                              1.596598   data arrival time

                                250.000000  250.000000   clock clk (rise edge)
                                  0.000000  250.000000   clock network delay (propagated)
                                 -0.250000  249.750015   clock uncertainty
                                  0.000000  249.750015   clock reconvergence pessimism
                                -50.000000  199.750015   output external delay
                                            199.750015   data required time
---------------------------------------------------------------------------------------------
                                            199.750015   data required time
                                             -1.596598   data arrival time
---------------------------------------------------------------------------------------------
                                            198.153412   slack (MET)


Startpoint: _158_ (rising edge-triggered flip-flop clocked by clk)
Endpoint: adc_out[5] (output port clocked by clk)
Path Group: clk
Path Type: max

Fanout         Cap        Slew       Delay        Time   Description
---------------------------------------------------------------------------------------------
                                  0.000000    0.000000   clock clk (rise edge)
                                  0.000000    0.000000   clock source latency
     1    0.017177    0.130441    0.088204    0.088204 ^ clk (in)
                                                         clk (net)
                      0.130445    0.000000    0.088204 ^ clkbuf_0_clk/A (sky130_fd_sc_hd__clkbuf_16)
     2    0.018766    0.065887    0.247512    0.335717 ^ clkbuf_0_clk/X (sky130_fd_sc_hd__clkbuf_16)
                                                         clknet_0_clk (net)
                      0.065887    0.000319    0.336035 ^ clkbuf_1_1__f_clk/A (sky130_fd_sc_hd__clkbuf_16)
    12    0.035767    0.088548    0.241894    0.577929 ^ clkbuf_1_1__f_clk/X (sky130_fd_sc_hd__clkbuf_16)
                                                         clknet_1_1__leaf_clk (net)
                      0.088565    0.001215    0.579144 ^ _158_/CLK (sky130_fd_sc_hd__dfxtp_1)
     2    0.005131    0.099077    0.658584    1.237729 ^ _158_/Q (sky130_fd_sc_hd__dfxtp_1)
                                                         net8 (net)
                      0.099077    0.000116    1.237844 ^ output8/A (sky130_fd_sc_hd__buf_2)
     1    0.034067    0.270694    0.356003    1.593848 ^ output8/X (sky130_fd_sc_hd__buf_2)
                                                         adc_out[5] (net)
                      0.270694    0.000622    1.594470 ^ adc_out[5] (out)
                                              1.594470   data arrival time

                                250.000000  250.000000   clock clk (rise edge)
                                  0.000000  250.000000   clock network delay (propagated)
                                 -0.250000  249.750015   clock uncertainty
                                  0.000000  249.750015   clock reconvergence pessimism
                                -50.000000  199.750015   output external delay
                                            199.750015   data required time
---------------------------------------------------------------------------------------------
                                            199.750015   data required time
                                             -1.594470   data arrival time
---------------------------------------------------------------------------------------------
                                            198.155533   slack (MET)


Startpoint: rst_n (input port clocked by clk)
Endpoint: _160_ (rising edge-triggered flip-flop clocked by clk)
Path Group: clk
Path Type: max

Fanout         Cap        Slew       Delay        Time   Description
---------------------------------------------------------------------------------------------
                                  0.000000    0.000000   clock clk (rise edge)
                                  0.000000    0.000000   clock network delay (propagated)
                                 50.000000   50.000000 v input external delay
     1    0.003346    0.020565    0.010960   50.010960 v rst_n (in)
                                                         rst_n (net)
                      0.020565    0.000000   50.010960 v input2/A (sky130_fd_sc_hd__buf_1)
     2    0.020865    0.241409    0.285191   50.296150 v input2/X (sky130_fd_sc_hd__buf_1)
                                                         net2 (net)
                      0.241416    0.001560   50.297710 v _102_/C1 (sky130_fd_sc_hd__o211a_1)
     1    0.001916    0.063395    0.265736   50.563446 v _102_/X (sky130_fd_sc_hd__o211a_1)
                                                         _009_ (net)
                      0.063395    0.000053   50.563499 v hold3/A (sky130_fd_sc_hd__dlygate4sd3_1)
     1    0.002339    0.102206    1.112753   51.676250 v hold3/X (sky130_fd_sc_hd__dlygate4sd3_1)
                                                         net39 (net)
                      0.102206    0.000068   51.676319 v _160_/D (sky130_fd_sc_hd__dfxtp_1)
                                             51.676319   data arrival time

                                250.000000  250.000000   clock clk (rise edge)
                                  0.000000  250.000000   clock source latency
     1    0.017177    0.130441    0.088193  250.088196 ^ clk (in)
                                                         clk (net)
                      0.130445    0.000000  250.088196 ^ clkbuf_0_clk/A (sky130_fd_sc_hd__clkbuf_16)
     2    0.018766    0.065887    0.247525  250.335724 ^ clkbuf_0_clk/X (sky130_fd_sc_hd__clkbuf_16)
                                                         clknet_0_clk (net)
                      0.065887    0.000313  250.336029 ^ clkbuf_1_1__f_clk/A (sky130_fd_sc_hd__clkbuf_16)
    12    0.035767    0.088548    0.241897  250.577927 ^ clkbuf_1_1__f_clk/X (sky130_fd_sc_hd__clkbuf_16)
                                                         clknet_1_1__leaf_clk (net)
                      0.088549    0.000540  250.578476 ^ _160_/CLK (sky130_fd_sc_hd__dfxtp_1)
                                 -0.250000  250.328476   clock uncertainty
                                  0.000000  250.328476   clock reconvergence pessimism
                                 -0.277366  250.051102   library setup time
                                            250.051102   data required time
---------------------------------------------------------------------------------------------
                                            250.051102   data required time
                                            -51.676319   data arrival time
---------------------------------------------------------------------------------------------
                                            198.374786   slack (MET)


Startpoint: rst_n (input port clocked by clk)
Endpoint: _153_ (rising edge-triggered flip-flop clocked by clk)
Path Group: clk
Path Type: max

Fanout         Cap        Slew       Delay        Time   Description
---------------------------------------------------------------------------------------------
                                  0.000000    0.000000   clock clk (rise edge)
                                  0.000000    0.000000   clock network delay (propagated)
                                 50.000000   50.000000 ^ input external delay
     1    0.003475    0.036753    0.019362   50.019360 ^ rst_n (in)
                                                         rst_n (net)
                      0.036753    0.000000   50.019360 ^ input2/A (sky130_fd_sc_hd__buf_1)
     2    0.021081    0.402928    0.371735   50.391094 ^ input2/X (sky130_fd_sc_hd__buf_1)
                                                         net2 (net)
                      0.402936    0.001481   50.392578 ^ fanout35/A (sky130_fd_sc_hd__buf_2)
    10    0.038456    0.304490    0.506336   50.898914 ^ fanout35/X (sky130_fd_sc_hd__buf_2)
                                                         net35 (net)
                      0.304500    0.002132   50.901043 ^ _088_/C1 (sky130_fd_sc_hd__o211a_1)
     1    0.002081    0.070395    0.354266   51.255310 ^ _088_/X (sky130_fd_sc_hd__o211a_1)
                                                         _002_ (net)
                      0.070395    0.000057   51.255367 ^ _153_/D (sky130_fd_sc_hd__dfxtp_1)
                                             51.255367   data arrival time

                                250.000000  250.000000   clock clk (rise edge)
                                  0.000000  250.000000   clock source latency
     1    0.017177    0.130441    0.088193  250.088196 ^ clk (in)
                                                         clk (net)
                      0.130445    0.000000  250.088196 ^ clkbuf_0_clk/A (sky130_fd_sc_hd__clkbuf_16)
     2    0.018766    0.065887    0.247525  250.335724 ^ clkbuf_0_clk/X (sky130_fd_sc_hd__clkbuf_16)
                                                         clknet_0_clk (net)
                      0.065887    0.000313  250.336029 ^ clkbuf_1_1__f_clk/A (sky130_fd_sc_hd__clkbuf_16)
    12    0.035767    0.088548    0.241897  250.577927 ^ clkbuf_1_1__f_clk/X (sky130_fd_sc_hd__clkbuf_16)
                                                         clknet_1_1__leaf_clk (net)
                      0.088557    0.000966  250.578903 ^ _153_/CLK (sky130_fd_sc_hd__dfxtp_1)
                                 -0.250000  250.328903   clock uncertainty
                                  0.000000  250.328903   clock reconvergence pessimism
                                 -0.125334  250.203568   library setup time
                                            250.203568   data required time
---------------------------------------------------------------------------------------------
                                            250.203568   data required time
                                            -51.255367   data arrival time
---------------------------------------------------------------------------------------------
                                            198.948196   slack (MET)


Startpoint: rst_n (input port clocked by clk)
Endpoint: _159_ (rising edge-triggered flip-flop clocked by clk)
Path Group: clk
Path Type: max

Fanout         Cap        Slew       Delay        Time   Description
---------------------------------------------------------------------------------------------
                                  0.000000    0.000000   clock clk (rise edge)
                                  0.000000    0.000000   clock network delay (propagated)
                                 50.000000   50.000000 ^ input external delay
     1    0.003475    0.036753    0.019362   50.019360 ^ rst_n (in)
                                                         rst_n (net)
                      0.036753    0.000000   50.019360 ^ input2/A (sky130_fd_sc_hd__buf_1)
     2    0.021081    0.402928    0.371735   50.391094 ^ input2/X (sky130_fd_sc_hd__buf_1)
                                                         net2 (net)
                      0.402936    0.001481   50.392578 ^ fanout35/A (sky130_fd_sc_hd__buf_2)
    10    0.038456    0.304490    0.506336   50.898914 ^ fanout35/X (sky130_fd_sc_hd__buf_2)
                                                         net35 (net)
                      0.304506    0.002458   50.901371 ^ _100_/C1 (sky130_fd_sc_hd__o211a_1)
     1    0.002087    0.069703    0.354348   51.255718 ^ _100_/X (sky130_fd_sc_hd__o211a_1)
                                                         _008_ (net)
                      0.069703    0.000060   51.255779 ^ _159_/D (sky130_fd_sc_hd__dfxtp_1)
                                             51.255779   data arrival time

                                250.000000  250.000000   clock clk (rise edge)
                                  0.000000  250.000000   clock source latency
     1    0.017177    0.130441    0.088193  250.088196 ^ clk (in)
                                                         clk (net)
                      0.130445    0.000000  250.088196 ^ clkbuf_0_clk/A (sky130_fd_sc_hd__clkbuf_16)
     2    0.018766    0.065887    0.247525  250.335724 ^ clkbuf_0_clk/X (sky130_fd_sc_hd__clkbuf_16)
                                                         clknet_0_clk (net)
                      0.065887    0.000313  250.336029 ^ clkbuf_1_1__f_clk/A (sky130_fd_sc_hd__clkbuf_16)
    12    0.035767    0.088548    0.241897  250.577927 ^ clkbuf_1_1__f_clk/X (sky130_fd_sc_hd__clkbuf_16)
                                                         clknet_1_1__leaf_clk (net)
                      0.088565    0.001222  250.579163 ^ _159_/CLK (sky130_fd_sc_hd__dfxtp_1)
                                 -0.250000  250.329163   clock uncertainty
                                  0.000000  250.329163   clock reconvergence pessimism
                                 -0.125153  250.204010   library setup time
                                            250.204010   data required time
---------------------------------------------------------------------------------------------
                                            250.204010   data required time
                                            -51.255779   data arrival time
---------------------------------------------------------------------------------------------
                                            198.948227   slack (MET)


Startpoint: rst_n (input port clocked by clk)
Endpoint: _154_ (rising edge-triggered flip-flop clocked by clk)
Path Group: clk
Path Type: max

Fanout         Cap        Slew       Delay        Time   Description
---------------------------------------------------------------------------------------------
                                  0.000000    0.000000   clock clk (rise edge)
                                  0.000000    0.000000   clock network delay (propagated)
                                 50.000000   50.000000 ^ input external delay
     1    0.003475    0.036753    0.019362   50.019360 ^ rst_n (in)
                                                         rst_n (net)
                      0.036753    0.000000   50.019360 ^ input2/A (sky130_fd_sc_hd__buf_1)
     2    0.021081    0.402928    0.371735   50.391094 ^ input2/X (sky130_fd_sc_hd__buf_1)
                                                         net2 (net)
                      0.402936    0.001481   50.392578 ^ fanout35/A (sky130_fd_sc_hd__buf_2)
    10    0.038456    0.304490    0.506336   50.898914 ^ fanout35/X (sky130_fd_sc_hd__buf_2)
                                                         net35 (net)
                      0.304497    0.001879   50.900791 ^ _090_/C1 (sky130_fd_sc_hd__o211a_1)
     1    0.001947    0.068600    0.352500   51.253292 ^ _090_/X (sky130_fd_sc_hd__o211a_1)
                                                         _003_ (net)
                      0.068600    0.000053   51.253345 ^ _154_/D (sky130_fd_sc_hd__dfxtp_1)
                                             51.253345   data arrival time

                                250.000000  250.000000   clock clk (rise edge)
                                  0.000000  250.000000   clock source latency
     1    0.017177    0.130441    0.088193  250.088196 ^ clk (in)
                                                         clk (net)
                      0.130445    0.000000  250.088196 ^ clkbuf_0_clk/A (sky130_fd_sc_hd__clkbuf_16)
     2    0.018766    0.065887    0.247525  250.335724 ^ clkbuf_0_clk/X (sky130_fd_sc_hd__clkbuf_16)
                                                         clknet_0_clk (net)
                      0.065887    0.000313  250.336029 ^ clkbuf_1_1__f_clk/A (sky130_fd_sc_hd__clkbuf_16)
    12    0.035767    0.088548    0.241897  250.577927 ^ clkbuf_1_1__f_clk/X (sky130_fd_sc_hd__clkbuf_16)
                                                         clknet_1_1__leaf_clk (net)
                      0.088553    0.000796  250.578735 ^ _154_/CLK (sky130_fd_sc_hd__dfxtp_1)
                                 -0.250000  250.328735   clock uncertainty
                                  0.000000  250.328735   clock reconvergence pessimism
                                 -0.124868  250.203873   library setup time
                                            250.203873   data required time
---------------------------------------------------------------------------------------------
                                            250.203873   data required time
                                            -51.253345   data arrival time
---------------------------------------------------------------------------------------------
                                            198.950516   slack (MET)


Startpoint: rst_n (input port clocked by clk)
Endpoint: _155_ (rising edge-triggered flip-flop clocked by clk)
Path Group: clk
Path Type: max

Fanout         Cap        Slew       Delay        Time   Description
---------------------------------------------------------------------------------------------
                                  0.000000    0.000000   clock clk (rise edge)
                                  0.000000    0.000000   clock network delay (propagated)
                                 50.000000   50.000000 ^ input external delay
     1    0.003475    0.036753    0.019362   50.019360 ^ rst_n (in)
                                                         rst_n (net)
                      0.036753    0.000000   50.019360 ^ input2/A (sky130_fd_sc_hd__buf_1)
     2    0.021081    0.402928    0.371735   50.391094 ^ input2/X (sky130_fd_sc_hd__buf_1)
                                                         net2 (net)
                      0.402936    0.001481   50.392578 ^ fanout35/A (sky130_fd_sc_hd__buf_2)
    10    0.038456    0.304490    0.506336   50.898914 ^ fanout35/X (sky130_fd_sc_hd__buf_2)
                                                         net35 (net)
                      0.304503    0.002302   50.901215 ^ _092_/C1 (sky130_fd_sc_hd__o211a_1)
     1    0.001895    0.068424    0.351815   51.253029 ^ _092_/X (sky130_fd_sc_hd__o211a_1)
                                                         _004_ (net)
                      0.068424    0.000053   51.253082 ^ _155_/D (sky130_fd_sc_hd__dfxtp_1)
                                             51.253082   data arrival time

                                250.000000  250.000000   clock clk (rise edge)
                                  0.000000  250.000000   clock source latency
     1    0.017177    0.130441    0.088193  250.088196 ^ clk (in)
                                                         clk (net)
                      0.130445    0.000000  250.088196 ^ clkbuf_0_clk/A (sky130_fd_sc_hd__clkbuf_16)
     2    0.018766    0.065887    0.247525  250.335724 ^ clkbuf_0_clk/X (sky130_fd_sc_hd__clkbuf_16)
                                                         clknet_0_clk (net)
                      0.065887    0.000313  250.336029 ^ clkbuf_1_1__f_clk/A (sky130_fd_sc_hd__clkbuf_16)
    12    0.035767    0.088548    0.241897  250.577927 ^ clkbuf_1_1__f_clk/X (sky130_fd_sc_hd__clkbuf_16)
                                                         clknet_1_1__leaf_clk (net)
                      0.088560    0.001080  250.579010 ^ _155_/CLK (sky130_fd_sc_hd__dfxtp_1)
                                 -0.250000  250.329010   clock uncertainty
                                  0.000000  250.329010   clock reconvergence pessimism
                                 -0.124821  250.204193   library setup time
                                            250.204193   data required time
---------------------------------------------------------------------------------------------
                                            250.204193   data required time
                                            -51.253082   data arrival time
---------------------------------------------------------------------------------------------
                                            198.951111   slack (MET)


Startpoint: rst_n (input port clocked by clk)
Endpoint: _158_ (rising edge-triggered flip-flop clocked by clk)
Path Group: clk
Path Type: max

Fanout         Cap        Slew       Delay        Time   Description
---------------------------------------------------------------------------------------------
                                  0.000000    0.000000   clock clk (rise edge)
                                  0.000000    0.000000   clock network delay (propagated)
                                 50.000000   50.000000 ^ input external delay
     1    0.003475    0.036753    0.019362   50.019360 ^ rst_n (in)
                                                         rst_n (net)
                      0.036753    0.000000   50.019360 ^ input2/A (sky130_fd_sc_hd__buf_1)
     2    0.021081    0.402928    0.371735   50.391094 ^ input2/X (sky130_fd_sc_hd__buf_1)
                                                         net2 (net)
                      0.402936    0.001481   50.392578 ^ fanout35/A (sky130_fd_sc_hd__buf_2)
    10    0.038456    0.304490    0.506336   50.898914 ^ fanout35/X (sky130_fd_sc_hd__buf_2)
                                                         net35 (net)
                      0.304505    0.002430   50.901344 ^ _098_/C1 (sky130_fd_sc_hd__o211a_1)
     1    0.001838    0.066987    0.351072   51.252415 ^ _098_/X (sky130_fd_sc_hd__o211a_1)
                                                         _007_ (net)
                      0.066987    0.000036   51.252449 ^ _158_/D (sky130_fd_sc_hd__dfxtp_1)
                                             51.252449   data arrival time

                                250.000000  250.000000   clock clk (rise edge)
                                  0.000000  250.000000   clock source latency
     1    0.017177    0.130441    0.088193  250.088196 ^ clk (in)
                                                         clk (net)
                      0.130445    0.000000  250.088196 ^ clkbuf_0_clk/A (sky130_fd_sc_hd__clkbuf_16)
     2    0.018766    0.065887    0.247525  250.335724 ^ clkbuf_0_clk/X (sky130_fd_sc_hd__clkbuf_16)
                                                         clknet_0_clk (net)
                      0.065887    0.000313  250.336029 ^ clkbuf_1_1__f_clk/A (sky130_fd_sc_hd__clkbuf_16)
    12    0.035767    0.088548    0.241897  250.577927 ^ clkbuf_1_1__f_clk/X (sky130_fd_sc_hd__clkbuf_16)
                                                         clknet_1_1__leaf_clk (net)
                      0.088565    0.001222  250.579163 ^ _158_/CLK (sky130_fd_sc_hd__dfxtp_1)
                                 -0.250000  250.329163   clock uncertainty
                                  0.000000  250.329163   clock reconvergence pessimism
                                 -0.124447  250.204697   library setup time
                                            250.204697   data required time
---------------------------------------------------------------------------------------------
                                            250.204697   data required time
                                            -51.252449   data arrival time
---------------------------------------------------------------------------------------------
                                            198.952255   slack (MET)


Startpoint: rst_n (input port clocked by clk)
Endpoint: _156_ (rising edge-triggered flip-flop clocked by clk)
Path Group: clk
Path Type: max

Fanout         Cap        Slew       Delay        Time   Description
---------------------------------------------------------------------------------------------
                                  0.000000    0.000000   clock clk (rise edge)
                                  0.000000    0.000000   clock network delay (propagated)
                                 50.000000   50.000000 ^ input external delay
     1    0.003475    0.036753    0.019362   50.019360 ^ rst_n (in)
                                                         rst_n (net)
                      0.036753    0.000000   50.019360 ^ input2/A (sky130_fd_sc_hd__buf_1)
     2    0.021081    0.402928    0.371735   50.391094 ^ input2/X (sky130_fd_sc_hd__buf_1)
                                                         net2 (net)
                      0.402936    0.001481   50.392578 ^ fanout35/A (sky130_fd_sc_hd__buf_2)
    10    0.038456    0.304490    0.506336   50.898914 ^ fanout35/X (sky130_fd_sc_hd__buf_2)
                                                         net35 (net)
                      0.304500    0.002121   50.901035 ^ _094_/C1 (sky130_fd_sc_hd__o211a_1)
     1    0.001800    0.066787    0.350568   51.251602 ^ _094_/X (sky130_fd_sc_hd__o211a_1)
                                                         _005_ (net)
                      0.066787    0.000050   51.251652 ^ _156_/D (sky130_fd_sc_hd__dfxtp_1)
                                             51.251652   data arrival time

                                250.000000  250.000000   clock clk (rise edge)
                                  0.000000  250.000000   clock source latency
     1    0.017177    0.130441    0.088193  250.088196 ^ clk (in)
                                                         clk (net)
                      0.130445    0.000000  250.088196 ^ clkbuf_0_clk/A (sky130_fd_sc_hd__clkbuf_16)
     2    0.018766    0.065887    0.247525  250.335724 ^ clkbuf_0_clk/X (sky130_fd_sc_hd__clkbuf_16)
                                                         clknet_0_clk (net)
                      0.065887    0.000313  250.336029 ^ clkbuf_1_1__f_clk/A (sky130_fd_sc_hd__clkbuf_16)
    12    0.035767    0.088548    0.241897  250.577927 ^ clkbuf_1_1__f_clk/X (sky130_fd_sc_hd__clkbuf_16)
                                                         clknet_1_1__leaf_clk (net)
                      0.088558    0.000995  250.578934 ^ _156_/CLK (sky130_fd_sc_hd__dfxtp_1)
                                 -0.250000  250.328934   clock uncertainty
                                  0.000000  250.328934   clock reconvergence pessimism
                                 -0.124396  250.204529   library setup time
                                            250.204529   data required time
---------------------------------------------------------------------------------------------
                                            250.204529   data required time
                                            -51.251652   data arrival time
---------------------------------------------------------------------------------------------
                                            198.952881   slack (MET)


Startpoint: rst_n (input port clocked by clk)
Endpoint: _157_ (rising edge-triggered flip-flop clocked by clk)
Path Group: clk
Path Type: max

Fanout         Cap        Slew       Delay        Time   Description
---------------------------------------------------------------------------------------------
                                  0.000000    0.000000   clock clk (rise edge)
                                  0.000000    0.000000   clock network delay (propagated)
                                 50.000000   50.000000 ^ input external delay
     1    0.003475    0.036753    0.019362   50.019360 ^ rst_n (in)
                                                         rst_n (net)
                      0.036753    0.000000   50.019360 ^ input2/A (sky130_fd_sc_hd__buf_1)
     2    0.021081    0.402928    0.371735   50.391094 ^ input2/X (sky130_fd_sc_hd__buf_1)
                                                         net2 (net)
                      0.402936    0.001481   50.392578 ^ fanout35/A (sky130_fd_sc_hd__buf_2)
    10    0.038456    0.304490    0.506336   50.898914 ^ fanout35/X (sky130_fd_sc_hd__buf_2)
                                                         net35 (net)
                      0.304504    0.002395   50.901306 ^ _096_/C1 (sky130_fd_sc_hd__o211a_1)
     1    0.001793    0.066706    0.350468   51.251778 ^ _096_/X (sky130_fd_sc_hd__o211a_1)
                                                         _006_ (net)
                      0.066706    0.000050   51.251827 ^ _157_/D (sky130_fd_sc_hd__dfxtp_1)
                                             51.251827   data arrival time

                                250.000000  250.000000   clock clk (rise edge)
                                  0.000000  250.000000   clock source latency
     1    0.017177    0.130441    0.088193  250.088196 ^ clk (in)
                                                         clk (net)
                      0.130445    0.000000  250.088196 ^ clkbuf_0_clk/A (sky130_fd_sc_hd__clkbuf_16)
     2    0.018766    0.065887    0.247525  250.335724 ^ clkbuf_0_clk/X (sky130_fd_sc_hd__clkbuf_16)
                                                         clknet_0_clk (net)
                      0.065887    0.000313  250.336029 ^ clkbuf_1_1__f_clk/A (sky130_fd_sc_hd__clkbuf_16)
    12    0.035767    0.088548    0.241897  250.577927 ^ clkbuf_1_1__f_clk/X (sky130_fd_sc_hd__clkbuf_16)
                                                         clknet_1_1__leaf_clk (net)
                      0.088564    0.001165  250.579102 ^ _157_/CLK (sky130_fd_sc_hd__dfxtp_1)
                                 -0.250000  250.329102   clock uncertainty
                                  0.000000  250.329102   clock reconvergence pessimism
                                 -0.124374  250.204727   library setup time
                                            250.204727   data required time
---------------------------------------------------------------------------------------------
                                            250.204727   data required time
                                            -51.251827   data arrival time
---------------------------------------------------------------------------------------------
                                            198.952911   slack (MET)



