
===========================================================================
report_checks -path_delay min (Hold)
============================================================================
======================= min_ss_100C_1v60 Corner ===================================

Startpoint: _166_ (rising edge-triggered flip-flop clocked by clk)
Endpoint: _166_ (rising edge-triggered flip-flop clocked by clk)
Path Group: clk
Path Type: min

Fanout         Cap        Slew       Delay        Time   Description
---------------------------------------------------------------------------------------------
                                  0.000000    0.000000   clock clk (rise edge)
                                  0.000000    0.000000   clock source latency
     1    0.015067    0.115886    0.077611    0.077611 ^ clk (in)
                                                         clk (net)
                      0.115887    0.000000    0.077611 ^ clkbuf_0_clk/A (sky130_fd_sc_hd__clkbuf_16)
     2    0.018294    0.065294    0.240221    0.317833 ^ clkbuf_0_clk/X (sky130_fd_sc_hd__clkbuf_16)
                                                         clknet_0_clk (net)
                      0.065294    0.000162    0.317994 ^ clkbuf_1_0__f_clk/A (sky130_fd_sc_hd__clkbuf_16)
    12    0.036164    0.089034    0.242356    0.560350 ^ clkbuf_1_0__f_clk/X (sky130_fd_sc_hd__clkbuf_16)
                                                         clknet_1_0__leaf_clk (net)
                      0.089035    0.000454    0.560805 ^ _166_/CLK (sky130_fd_sc_hd__dfxtp_1)
     3    0.009180    0.098587    0.629350    1.190155 v _166_/Q (sky130_fd_sc_hd__dfxtp_1)
                                                         net17 (net)
                      0.098587    0.000072    1.190227 v _076_/A (sky130_fd_sc_hd__inv_2)
     2    0.005934    0.058118    0.095220    1.285447 ^ _076_/Y (sky130_fd_sc_hd__inv_2)
                                                         net25 (net)
                      0.058118    0.000045    1.285492 ^ _134_/B1 (sky130_fd_sc_hd__a21o_1)
     1    0.002734    0.057023    0.132224    1.417715 ^ _134_/X (sky130_fd_sc_hd__a21o_1)
                                                         _035_ (net)
                      0.057023    0.000024    1.417740 ^ _137_/A1 (sky130_fd_sc_hd__a31oi_1)
     1    0.002696    0.068243    0.149305    1.567044 v _137_/Y (sky130_fd_sc_hd__a31oi_1)
                                                         _015_ (net)
                      0.068243    0.000031    1.567075 v _166_/D (sky130_fd_sc_hd__dfxtp_1)
                                              1.567075   data arrival time

                                  0.000000    0.000000   clock clk (rise edge)
                                  0.000000    0.000000   clock source latency
     1    0.015067    0.115886    0.077611    0.077611 ^ clk (in)
                                                         clk (net)
                      0.115887    0.000000    0.077611 ^ clkbuf_0_clk/A (sky130_fd_sc_hd__clkbuf_16)
     2    0.018294    0.065294    0.240221    0.317833 ^ clkbuf_0_clk/X (sky130_fd_sc_hd__clkbuf_16)
                                                         clknet_0_clk (net)
                      0.065294    0.000162    0.317994 ^ clkbuf_1_0__f_clk/A (sky130_fd_sc_hd__clkbuf_16)
    12    0.036164    0.089034    0.242356    0.560350 ^ clkbuf_1_0__f_clk/X (sky130_fd_sc_hd__clkbuf_16)
                                                         clknet_1_0__leaf_clk (net)
                      0.089035    0.000454    0.560805 ^ _166_/CLK (sky130_fd_sc_hd__dfxtp_1)
                                  0.250000    0.810805   clock uncertainty
                                  0.000000    0.810805   clock reconvergence pessimism
                                 -0.099900    0.710905   library hold time
                                              0.710905   data required time
---------------------------------------------------------------------------------------------
                                              0.710905   data required time
                                             -1.567075   data arrival time
---------------------------------------------------------------------------------------------
                                              0.856170   slack (MET)


Startpoint: _165_ (rising edge-triggered flip-flop clocked by clk)
Endpoint: _165_ (rising edge-triggered flip-flop clocked by clk)
Path Group: clk
Path Type: min

Fanout         Cap        Slew       Delay        Time   Description
---------------------------------------------------------------------------------------------
                                  0.000000    0.000000   clock clk (rise edge)
                                  0.000000    0.000000   clock source latency
     1    0.015067    0.115886    0.077611    0.077611 ^ clk (in)
                                                         clk (net)
                      0.115887    0.000000    0.077611 ^ clkbuf_0_clk/A (sky130_fd_sc_hd__clkbuf_16)
     2    0.018294    0.065294    0.240221    0.317833 ^ clkbuf_0_clk/X (sky130_fd_sc_hd__clkbuf_16)
                                                         clknet_0_clk (net)
                      0.065294    0.000054    0.317887 ^ clkbuf_1_1__f_clk/A (sky130_fd_sc_hd__clkbuf_16)
    10    0.038645    0.092567    0.245916    0.563803 ^ clkbuf_1_1__f_clk/X (sky130_fd_sc_hd__clkbuf_16)
                                                         clknet_1_1__leaf_clk (net)
                      0.092567    0.000404    0.564207 ^ _165_/CLK (sky130_fd_sc_hd__dfxtp_1)
     3    0.009664    0.102533    0.634354    1.198560 v _165_/Q (sky130_fd_sc_hd__dfxtp_1)
                                                         net16 (net)
                      0.102533    0.000068    1.198628 v _077_/A (sky130_fd_sc_hd__inv_2)
     2    0.005527    0.056387    0.094731    1.293359 ^ _077_/Y (sky130_fd_sc_hd__inv_2)
                                                         net24 (net)
                      0.056387    0.000042    1.293401 ^ _132_/B1 (sky130_fd_sc_hd__a21o_1)
     1    0.002545    0.056732    0.129539    1.422940 ^ _132_/X (sky130_fd_sc_hd__a21o_1)
                                                         _034_ (net)
                      0.056732    0.000009    1.422949 ^ _133_/A3 (sky130_fd_sc_hd__a31oi_1)
     1    0.002807    0.068949    0.177523    1.600472 v _133_/Y (sky130_fd_sc_hd__a31oi_1)
                                                         _014_ (net)
                      0.068949    0.000033    1.600505 v _165_/D (sky130_fd_sc_hd__dfxtp_1)
                                              1.600505   data arrival time

                                  0.000000    0.000000   clock clk (rise edge)
                                  0.000000    0.000000   clock source latency
     1    0.015067    0.115886    0.077611    0.077611 ^ clk (in)
                                                         clk (net)
                      0.115887    0.000000    0.077611 ^ clkbuf_0_clk/A (sky130_fd_sc_hd__clkbuf_16)
     2    0.018294    0.065294    0.240221    0.317833 ^ clkbuf_0_clk/X (sky130_fd_sc_hd__clkbuf_16)
                                                         clknet_0_clk (net)
                      0.065294    0.000054    0.317887 ^ clkbuf_1_1__f_clk/A (sky130_fd_sc_hd__clkbuf_16)
    10    0.038645    0.092567    0.245916    0.563803 ^ clkbuf_1_1__f_clk/X (sky130_fd_sc_hd__clkbuf_16)
                                                         clknet_1_1__leaf_clk (net)
                      0.092567    0.000404    0.564207 ^ _165_/CLK (sky130_fd_sc_hd__dfxtp_1)
                                  0.250000    0.814207   clock uncertainty
                                  0.000000    0.814207   clock reconvergence pessimism
                                 -0.099318    0.714889   library hold time
                                              0.714889   data required time
---------------------------------------------------------------------------------------------
                                              0.714889   data required time
                                             -1.600505   data arrival time
---------------------------------------------------------------------------------------------
                                              0.885616   slack (MET)


Startpoint: _167_ (rising edge-triggered flip-flop clocked by clk)
Endpoint: _159_ (rising edge-triggered flip-flop clocked by clk)
Path Group: clk
Path Type: min

Fanout         Cap        Slew       Delay        Time   Description
---------------------------------------------------------------------------------------------
                                  0.000000    0.000000   clock clk (rise edge)
                                  0.000000    0.000000   clock source latency
     1    0.015067    0.115886    0.077611    0.077611 ^ clk (in)
                                                         clk (net)
                      0.115887    0.000000    0.077611 ^ clkbuf_0_clk/A (sky130_fd_sc_hd__clkbuf_16)
     2    0.018294    0.065294    0.240221    0.317833 ^ clkbuf_0_clk/X (sky130_fd_sc_hd__clkbuf_16)
                                                         clknet_0_clk (net)
                      0.065294    0.000162    0.317994 ^ clkbuf_1_0__f_clk/A (sky130_fd_sc_hd__clkbuf_16)
    12    0.036164    0.089034    0.242356    0.560350 ^ clkbuf_1_0__f_clk/X (sky130_fd_sc_hd__clkbuf_16)
                                                         clknet_1_0__leaf_clk (net)
                      0.089034    0.000397    0.560747 ^ _167_/CLK (sky130_fd_sc_hd__dfxtp_1)
     4    0.017102    0.162115    0.681701    1.242449 v _167_/Q (sky130_fd_sc_hd__dfxtp_1)
                                                         net18 (net)
                      0.162115    0.000406    1.242854 v _100_/A1 (sky130_fd_sc_hd__o211a_1)
     1    0.002150    0.052180    0.429973    1.672828 v _100_/X (sky130_fd_sc_hd__o211a_1)
                                                         _008_ (net)
                      0.052180    0.000020    1.672848 v _159_/D (sky130_fd_sc_hd__dfxtp_1)
                                              1.672848   data arrival time

                                  0.000000    0.000000   clock clk (rise edge)
                                  0.000000    0.000000   clock source latency
     1    0.015067    0.115886    0.077611    0.077611 ^ clk (in)
                                                         clk (net)
                      0.115887    0.000000    0.077611 ^ clkbuf_0_clk/A (sky130_fd_sc_hd__clkbuf_16)
     2    0.018294    0.065294    0.240221    0.317833 ^ clkbuf_0_clk/X (sky130_fd_sc_hd__clkbuf_16)
                                                         clknet_0_clk (net)
                      0.065294    0.000162    0.317994 ^ clkbuf_1_0__f_clk/A (sky130_fd_sc_hd__clkbuf_16)
    12    0.036164    0.089034    0.242356    0.560350 ^ clkbuf_1_0__f_clk/X (sky130_fd_sc_hd__clkbuf_16)
                                                         clknet_1_0__leaf_clk (net)
                      0.089037    0.000615    0.560966 ^ _159_/CLK (sky130_fd_sc_hd__dfxtp_1)
                                  0.250000    0.810966   clock uncertainty
                                  0.000000    0.810966   clock reconvergence pessimism
                                 -0.093828    0.717138   library hold time
                                              0.717138   data required time
---------------------------------------------------------------------------------------------
                                              0.717138   data required time
                                             -1.672848   data arrival time
---------------------------------------------------------------------------------------------
                                              0.955710   slack (MET)


Startpoint: _164_ (rising edge-triggered flip-flop clocked by clk)
Endpoint: _156_ (rising edge-triggered flip-flop clocked by clk)
Path Group: clk
Path Type: min

Fanout         Cap        Slew       Delay        Time   Description
---------------------------------------------------------------------------------------------
                                  0.000000    0.000000   clock clk (rise edge)
                                  0.000000    0.000000   clock source latency
     1    0.015067    0.115886    0.077611    0.077611 ^ clk (in)
                                                         clk (net)
                      0.115887    0.000000    0.077611 ^ clkbuf_0_clk/A (sky130_fd_sc_hd__clkbuf_16)
     2    0.018294    0.065294    0.240221    0.317833 ^ clkbuf_0_clk/X (sky130_fd_sc_hd__clkbuf_16)
                                                         clknet_0_clk (net)
                      0.065294    0.000054    0.317887 ^ clkbuf_1_1__f_clk/A (sky130_fd_sc_hd__clkbuf_16)
    10    0.038645    0.092567    0.245916    0.563803 ^ clkbuf_1_1__f_clk/X (sky130_fd_sc_hd__clkbuf_16)
                                                         clknet_1_1__leaf_clk (net)
                      0.092567    0.000442    0.564245 ^ _164_/CLK (sky130_fd_sc_hd__dfxtp_1)
     3    0.018229    0.171588    0.690430    1.254675 v _164_/Q (sky130_fd_sc_hd__dfxtp_1)
                                                         net15 (net)
                      0.171588    0.000562    1.255238 v _094_/A1 (sky130_fd_sc_hd__o211a_1)
     1    0.002020    0.051067    0.432137    1.687374 v _094_/X (sky130_fd_sc_hd__o211a_1)
                                                         _005_ (net)
                      0.051067    0.000018    1.687392 v _156_/D (sky130_fd_sc_hd__dfxtp_1)
                                              1.687392   data arrival time

                                  0.000000    0.000000   clock clk (rise edge)
                                  0.000000    0.000000   clock source latency
     1    0.015067    0.115886    0.077611    0.077611 ^ clk (in)
                                                         clk (net)
                      0.115887    0.000000    0.077611 ^ clkbuf_0_clk/A (sky130_fd_sc_hd__clkbuf_16)
     2    0.018294    0.065294    0.240221    0.317833 ^ clkbuf_0_clk/X (sky130_fd_sc_hd__clkbuf_16)
                                                         clknet_0_clk (net)
                      0.065294    0.000162    0.317994 ^ clkbuf_1_0__f_clk/A (sky130_fd_sc_hd__clkbuf_16)
    12    0.036164    0.089034    0.242356    0.560350 ^ clkbuf_1_0__f_clk/X (sky130_fd_sc_hd__clkbuf_16)
                                                         clknet_1_0__leaf_clk (net)
                      0.089038    0.000705    0.561055 ^ _156_/CLK (sky130_fd_sc_hd__dfxtp_1)
                                  0.250000    0.811055   clock uncertainty
                                  0.000000    0.811055   clock reconvergence pessimism
                                 -0.093406    0.717649   library hold time
                                              0.717649   data required time
---------------------------------------------------------------------------------------------
                                              0.717649   data required time
                                             -1.687392   data arrival time
---------------------------------------------------------------------------------------------
                                              0.969744   slack (MET)


Startpoint: _161_ (rising edge-triggered flip-flop clocked by clk)
Endpoint: _153_ (rising edge-triggered flip-flop clocked by clk)
Path Group: clk
Path Type: min

Fanout         Cap        Slew       Delay        Time   Description
---------------------------------------------------------------------------------------------
                                  0.000000    0.000000   clock clk (rise edge)
                                  0.000000    0.000000   clock source latency
     1    0.015067    0.115886    0.077611    0.077611 ^ clk (in)
                                                         clk (net)
                      0.115887    0.000000    0.077611 ^ clkbuf_0_clk/A (sky130_fd_sc_hd__clkbuf_16)
     2    0.018294    0.065294    0.240221    0.317833 ^ clkbuf_0_clk/X (sky130_fd_sc_hd__clkbuf_16)
                                                         clknet_0_clk (net)
                      0.065294    0.000054    0.317887 ^ clkbuf_1_1__f_clk/A (sky130_fd_sc_hd__clkbuf_16)
    10    0.038645    0.092567    0.245916    0.563803 ^ clkbuf_1_1__f_clk/X (sky130_fd_sc_hd__clkbuf_16)
                                                         clknet_1_1__leaf_clk (net)
                      0.092569    0.000589    0.564392 ^ _161_/CLK (sky130_fd_sc_hd__dfxtp_2)
     4    0.031243    0.149715    0.713243    1.277635 v _161_/Q (sky130_fd_sc_hd__dfxtp_2)
                                                         net12 (net)
                      0.149715    0.000421    1.278057 v _088_/A1 (sky130_fd_sc_hd__o211a_1)
     1    0.002083    0.051608    0.424184    1.702240 v _088_/X (sky130_fd_sc_hd__o211a_1)
                                                         _002_ (net)
                      0.051608    0.000019    1.702259 v _153_/D (sky130_fd_sc_hd__dfxtp_1)
                                              1.702259   data arrival time

                                  0.000000    0.000000   clock clk (rise edge)
                                  0.000000    0.000000   clock source latency
     1    0.015067    0.115886    0.077611    0.077611 ^ clk (in)
                                                         clk (net)
                      0.115887    0.000000    0.077611 ^ clkbuf_0_clk/A (sky130_fd_sc_hd__clkbuf_16)
     2    0.018294    0.065294    0.240221    0.317833 ^ clkbuf_0_clk/X (sky130_fd_sc_hd__clkbuf_16)
                                                         clknet_0_clk (net)
                      0.065294    0.000162    0.317994 ^ clkbuf_1_0__f_clk/A (sky130_fd_sc_hd__clkbuf_16)
    12    0.036164    0.089034    0.242356    0.560350 ^ clkbuf_1_0__f_clk/X (sky130_fd_sc_hd__clkbuf_16)
                                                         clknet_1_0__leaf_clk (net)
                      0.089039    0.000736    0.561086 ^ _153_/CLK (sky130_fd_sc_hd__dfxtp_1)
                                  0.250000    0.811086   clock uncertainty
                                  0.000000    0.811086   clock reconvergence pessimism
                                 -0.093611    0.717475   library hold time
                                              0.717475   data required time
---------------------------------------------------------------------------------------------
                                              0.717475   data required time
                                             -1.702259   data arrival time
---------------------------------------------------------------------------------------------
                                              0.984785   slack (MET)


Startpoint: _163_ (rising edge-triggered flip-flop clocked by clk)
Endpoint: _155_ (rising edge-triggered flip-flop clocked by clk)
Path Group: clk
Path Type: min

Fanout         Cap        Slew       Delay        Time   Description
---------------------------------------------------------------------------------------------
                                  0.000000    0.000000   clock clk (rise edge)
                                  0.000000    0.000000   clock source latency
     1    0.015067    0.115886    0.077611    0.077611 ^ clk (in)
                                                         clk (net)
                      0.115887    0.000000    0.077611 ^ clkbuf_0_clk/A (sky130_fd_sc_hd__clkbuf_16)
     2    0.018294    0.065294    0.240221    0.317833 ^ clkbuf_0_clk/X (sky130_fd_sc_hd__clkbuf_16)
                                                         clknet_0_clk (net)
                      0.065294    0.000054    0.317887 ^ clkbuf_1_1__f_clk/A (sky130_fd_sc_hd__clkbuf_16)
    10    0.038645    0.092567    0.245916    0.563803 ^ clkbuf_1_1__f_clk/X (sky130_fd_sc_hd__clkbuf_16)
                                                         clknet_1_1__leaf_clk (net)
                      0.092568    0.000522    0.564325 ^ _163_/CLK (sky130_fd_sc_hd__dfxtp_1)
     4    0.022429    0.206896    0.716864    1.281189 v _163_/Q (sky130_fd_sc_hd__dfxtp_1)
                                                         net14 (net)
                      0.206896    0.000677    1.281866 v _092_/A1 (sky130_fd_sc_hd__o211a_1)
     1    0.002168    0.052333    0.448090    1.729956 v _092_/X (sky130_fd_sc_hd__o211a_1)
                                                         _004_ (net)
                      0.052333    0.000021    1.729977 v _155_/D (sky130_fd_sc_hd__dfxtp_1)
                                              1.729977   data arrival time

                                  0.000000    0.000000   clock clk (rise edge)
                                  0.000000    0.000000   clock source latency
     1    0.015067    0.115886    0.077611    0.077611 ^ clk (in)
                                                         clk (net)
                      0.115887    0.000000    0.077611 ^ clkbuf_0_clk/A (sky130_fd_sc_hd__clkbuf_16)
     2    0.018294    0.065294    0.240221    0.317833 ^ clkbuf_0_clk/X (sky130_fd_sc_hd__clkbuf_16)
                                                         clknet_0_clk (net)
                      0.065294    0.000162    0.317994 ^ clkbuf_1_0__f_clk/A (sky130_fd_sc_hd__clkbuf_16)
    12    0.036164    0.089034    0.242356    0.560350 ^ clkbuf_1_0__f_clk/X (sky130_fd_sc_hd__clkbuf_16)
                                                         clknet_1_0__leaf_clk (net)
                      0.089034    0.000312    0.560662 ^ _155_/CLK (sky130_fd_sc_hd__dfxtp_1)
                                  0.250000    0.810662   clock uncertainty
                                  0.000000    0.810662   clock reconvergence pessimism
                                 -0.093886    0.716776   library hold time
                                              0.716776   data required time
---------------------------------------------------------------------------------------------
                                              0.716776   data required time
                                             -1.729977   data arrival time
---------------------------------------------------------------------------------------------
                                              1.013201   slack (MET)


Startpoint: _164_ (rising edge-triggered flip-flop clocked by clk)
Endpoint: _164_ (rising edge-triggered flip-flop clocked by clk)
Path Group: clk
Path Type: min

Fanout         Cap        Slew       Delay        Time   Description
---------------------------------------------------------------------------------------------
                                  0.000000    0.000000   clock clk (rise edge)
                                  0.000000    0.000000   clock source latency
     1    0.015067    0.115886    0.077611    0.077611 ^ clk (in)
                                                         clk (net)
                      0.115887    0.000000    0.077611 ^ clkbuf_0_clk/A (sky130_fd_sc_hd__clkbuf_16)
     2    0.018294    0.065294    0.240221    0.317833 ^ clkbuf_0_clk/X (sky130_fd_sc_hd__clkbuf_16)
                                                         clknet_0_clk (net)
                      0.065294    0.000054    0.317887 ^ clkbuf_1_1__f_clk/A (sky130_fd_sc_hd__clkbuf_16)
    10    0.038645    0.092567    0.245916    0.563803 ^ clkbuf_1_1__f_clk/X (sky130_fd_sc_hd__clkbuf_16)
                                                         clknet_1_1__leaf_clk (net)
                      0.092567    0.000442    0.564245 ^ _164_/CLK (sky130_fd_sc_hd__dfxtp_1)
     3    0.018229    0.171588    0.690430    1.254675 v _164_/Q (sky130_fd_sc_hd__dfxtp_1)
                                                         net15 (net)
                      0.171588    0.000093    1.254768 v _078_/A (sky130_fd_sc_hd__inv_2)
     2    0.005622    0.071899    0.124480    1.379248 ^ _078_/Y (sky130_fd_sc_hd__inv_2)
                                                         net23 (net)
                      0.071899    0.000042    1.379290 ^ _126_/B1 (sky130_fd_sc_hd__a21oi_1)
     1    0.002714    0.044034    0.070219    1.449510 v _126_/Y (sky130_fd_sc_hd__a21oi_1)
                                                         _029_ (net)
                      0.044034    0.000015    1.449524 v _129_/A1 (sky130_fd_sc_hd__o21a_1)
     1    0.002037    0.050864    0.312856    1.762380 v _129_/X (sky130_fd_sc_hd__o21a_1)
                                                         _013_ (net)
                      0.050864    0.000018    1.762398 v _164_/D (sky130_fd_sc_hd__dfxtp_1)
                                              1.762398   data arrival time

                                  0.000000    0.000000   clock clk (rise edge)
                                  0.000000    0.000000   clock source latency
     1    0.015067    0.115886    0.077611    0.077611 ^ clk (in)
                                                         clk (net)
                      0.115887    0.000000    0.077611 ^ clkbuf_0_clk/A (sky130_fd_sc_hd__clkbuf_16)
     2    0.018294    0.065294    0.240221    0.317833 ^ clkbuf_0_clk/X (sky130_fd_sc_hd__clkbuf_16)
                                                         clknet_0_clk (net)
                      0.065294    0.000054    0.317887 ^ clkbuf_1_1__f_clk/A (sky130_fd_sc_hd__clkbuf_16)
    10    0.038645    0.092567    0.245916    0.563803 ^ clkbuf_1_1__f_clk/X (sky130_fd_sc_hd__clkbuf_16)
                                                         clknet_1_1__leaf_clk (net)
                      0.092567    0.000442    0.564245 ^ _164_/CLK (sky130_fd_sc_hd__dfxtp_1)
                                  0.250000    0.814245   clock uncertainty
                                  0.000000    0.814245   clock reconvergence pessimism
                                 -0.092482    0.721763   library hold time
                                              0.721763   data required time
---------------------------------------------------------------------------------------------
                                              0.721763   data required time
                                             -1.762398   data arrival time
---------------------------------------------------------------------------------------------
                                              1.040635   slack (MET)


Startpoint: _162_ (rising edge-triggered flip-flop clocked by clk)
Endpoint: _154_ (rising edge-triggered flip-flop clocked by clk)
Path Group: clk
Path Type: min

Fanout         Cap        Slew       Delay        Time   Description
---------------------------------------------------------------------------------------------
                                  0.000000    0.000000   clock clk (rise edge)
                                  0.000000    0.000000   clock source latency
     1    0.015067    0.115886    0.077611    0.077611 ^ clk (in)
                                                         clk (net)
                      0.115887    0.000000    0.077611 ^ clkbuf_0_clk/A (sky130_fd_sc_hd__clkbuf_16)
     2    0.018294    0.065294    0.240221    0.317833 ^ clkbuf_0_clk/X (sky130_fd_sc_hd__clkbuf_16)
                                                         clknet_0_clk (net)
                      0.065294    0.000054    0.317887 ^ clkbuf_1_1__f_clk/A (sky130_fd_sc_hd__clkbuf_16)
    10    0.038645    0.092567    0.245916    0.563803 ^ clkbuf_1_1__f_clk/X (sky130_fd_sc_hd__clkbuf_16)
                                                         clknet_1_1__leaf_clk (net)
                      0.092569    0.000596    0.564399 ^ _162_/CLK (sky130_fd_sc_hd__dfxtp_1)
     3    0.026422    0.240485    0.742102    1.306502 v _162_/Q (sky130_fd_sc_hd__dfxtp_1)
                                                         net13 (net)
                      0.240485    0.000453    1.306955 v _090_/A1 (sky130_fd_sc_hd__o211a_1)
     1    0.001861    0.051070    0.457309    1.764263 v _090_/X (sky130_fd_sc_hd__o211a_1)
                                                         _003_ (net)
                      0.051070    0.000009    1.764272 v _154_/D (sky130_fd_sc_hd__dfxtp_1)
                                              1.764272   data arrival time

                                  0.000000    0.000000   clock clk (rise edge)
                                  0.000000    0.000000   clock source latency
     1    0.015067    0.115886    0.077611    0.077611 ^ clk (in)
                                                         clk (net)
                      0.115887    0.000000    0.077611 ^ clkbuf_0_clk/A (sky130_fd_sc_hd__clkbuf_16)
     2    0.018294    0.065294    0.240221    0.317833 ^ clkbuf_0_clk/X (sky130_fd_sc_hd__clkbuf_16)
                                                         clknet_0_clk (net)
                      0.065294    0.000162    0.317994 ^ clkbuf_1_0__f_clk/A (sky130_fd_sc_hd__clkbuf_16)
    12    0.036164    0.089034    0.242356    0.560350 ^ clkbuf_1_0__f_clk/X (sky130_fd_sc_hd__clkbuf_16)
                                                         clknet_1_0__leaf_clk (net)
                      0.089038    0.000716    0.561066 ^ _154_/CLK (sky130_fd_sc_hd__dfxtp_1)
                                  0.250000    0.811066   clock uncertainty
                                  0.000000    0.811066   clock reconvergence pessimism
                                 -0.093408    0.717658   library hold time
                                              0.717658   data required time
---------------------------------------------------------------------------------------------
                                              0.717658   data required time
                                             -1.764272   data arrival time
---------------------------------------------------------------------------------------------
                                              1.046613   slack (MET)


Startpoint: _162_ (rising edge-triggered flip-flop clocked by clk)
Endpoint: _162_ (rising edge-triggered flip-flop clocked by clk)
Path Group: clk
Path Type: min

Fanout         Cap        Slew       Delay        Time   Description
---------------------------------------------------------------------------------------------
                                  0.000000    0.000000   clock clk (rise edge)
                                  0.000000    0.000000   clock source latency
     1    0.015067    0.115886    0.077611    0.077611 ^ clk (in)
                                                         clk (net)
                      0.115887    0.000000    0.077611 ^ clkbuf_0_clk/A (sky130_fd_sc_hd__clkbuf_16)
     2    0.018294    0.065294    0.240221    0.317833 ^ clkbuf_0_clk/X (sky130_fd_sc_hd__clkbuf_16)
                                                         clknet_0_clk (net)
                      0.065294    0.000054    0.317887 ^ clkbuf_1_1__f_clk/A (sky130_fd_sc_hd__clkbuf_16)
    10    0.038645    0.092567    0.245916    0.563803 ^ clkbuf_1_1__f_clk/X (sky130_fd_sc_hd__clkbuf_16)
                                                         clknet_1_1__leaf_clk (net)
                      0.092569    0.000596    0.564399 ^ _162_/CLK (sky130_fd_sc_hd__dfxtp_1)
     3    0.026422    0.240485    0.742102    1.306502 v _162_/Q (sky130_fd_sc_hd__dfxtp_1)
                                                         net13 (net)
                      0.240485    0.000059    1.306560 v _080_/A (sky130_fd_sc_hd__inv_2)
     2    0.007311    0.094058    0.160692    1.467252 ^ _080_/Y (sky130_fd_sc_hd__inv_2)
                                                         net21 (net)
                      0.094058    0.000048    1.467300 ^ _116_/B1 (sky130_fd_sc_hd__a21o_1)
     1    0.002844    0.058522    0.148903    1.616203 ^ _116_/X (sky130_fd_sc_hd__a21o_1)
                                                         _071_ (net)
                      0.058522    0.000026    1.616230 ^ _120_/A1 (sky130_fd_sc_hd__a31oi_1)
     1    0.002597    0.067617    0.148122    1.764351 v _120_/Y (sky130_fd_sc_hd__a31oi_1)
                                                         _011_ (net)
                      0.067617    0.000027    1.764378 v _162_/D (sky130_fd_sc_hd__dfxtp_1)
                                              1.764378   data arrival time

                                  0.000000    0.000000   clock clk (rise edge)
                                  0.000000    0.000000   clock source latency
     1    0.015067    0.115886    0.077611    0.077611 ^ clk (in)
                                                         clk (net)
                      0.115887    0.000000    0.077611 ^ clkbuf_0_clk/A (sky130_fd_sc_hd__clkbuf_16)
     2    0.018294    0.065294    0.240221    0.317833 ^ clkbuf_0_clk/X (sky130_fd_sc_hd__clkbuf_16)
                                                         clknet_0_clk (net)
                      0.065294    0.000054    0.317887 ^ clkbuf_1_1__f_clk/A (sky130_fd_sc_hd__clkbuf_16)
    10    0.038645    0.092567    0.245916    0.563803 ^ clkbuf_1_1__f_clk/X (sky130_fd_sc_hd__clkbuf_16)
                                                         clknet_1_1__leaf_clk (net)
                      0.092569    0.000596    0.564399 ^ _162_/CLK (sky130_fd_sc_hd__dfxtp_1)
                                  0.250000    0.814399   clock uncertainty
                                  0.000000    0.814399   clock reconvergence pessimism
                                 -0.098814    0.715585   library hold time
                                              0.715585   data required time
---------------------------------------------------------------------------------------------
                                              0.715585   data required time
                                             -1.764378   data arrival time
---------------------------------------------------------------------------------------------
                                              1.048793   slack (MET)


Startpoint: _172_ (rising edge-triggered flip-flop clocked by clk)
Endpoint: _172_ (rising edge-triggered flip-flop clocked by clk)
Path Group: clk
Path Type: min

Fanout         Cap        Slew       Delay        Time   Description
---------------------------------------------------------------------------------------------
                                  0.000000    0.000000   clock clk (rise edge)
                                  0.000000    0.000000   clock source latency
     1    0.015067    0.115886    0.077611    0.077611 ^ clk (in)
                                                         clk (net)
                      0.115887    0.000000    0.077611 ^ clkbuf_0_clk/A (sky130_fd_sc_hd__clkbuf_16)
     2    0.018294    0.065294    0.240221    0.317833 ^ clkbuf_0_clk/X (sky130_fd_sc_hd__clkbuf_16)
                                                         clknet_0_clk (net)
                      0.065294    0.000054    0.317887 ^ clkbuf_1_1__f_clk/A (sky130_fd_sc_hd__clkbuf_16)
    10    0.038645    0.092567    0.245916    0.563803 ^ clkbuf_1_1__f_clk/X (sky130_fd_sc_hd__clkbuf_16)
                                                         clknet_1_1__leaf_clk (net)
                      0.092569    0.000617    0.564420 ^ _172_/CLK (sky130_fd_sc_hd__dfxtp_1)
     3    0.009776    0.103469    0.635077    1.199498 v _172_/Q (sky130_fd_sc_hd__dfxtp_1)
                                                         count[3] (net)
                      0.103469    0.000071    1.199569 v fanout30/A (sky130_fd_sc_hd__buf_2)
    10    0.031550    0.155168    0.351755    1.551324 v fanout30/X (sky130_fd_sc_hd__buf_2)
                                                         net30 (net)
                      0.155168    0.000266    1.551590 v _150_/A (sky130_fd_sc_hd__nand2_1)
     1    0.003126    0.076500    0.129538    1.681129 ^ _150_/Y (sky130_fd_sc_hd__nand2_1)
                                                         _045_ (net)
                      0.076500    0.000032    1.681160 ^ _151_/A2 (sky130_fd_sc_hd__a21oi_1)
     1    0.002089    0.063770    0.121933    1.803093 v _151_/Y (sky130_fd_sc_hd__a21oi_1)
                                                         _021_ (net)
                      0.063770    0.000019    1.803112 v _172_/D (sky130_fd_sc_hd__dfxtp_1)
                                              1.803112   data arrival time

                                  0.000000    0.000000   clock clk (rise edge)
                                  0.000000    0.000000   clock source latency
     1    0.015067    0.115886    0.077611    0.077611 ^ clk (in)
                                                         clk (net)
                      0.115887    0.000000    0.077611 ^ clkbuf_0_clk/A (sky130_fd_sc_hd__clkbuf_16)
     2    0.018294    0.065294    0.240221    0.317833 ^ clkbuf_0_clk/X (sky130_fd_sc_hd__clkbuf_16)
                                                         clknet_0_clk (net)
                      0.065294    0.000054    0.317887 ^ clkbuf_1_1__f_clk/A (sky130_fd_sc_hd__clkbuf_16)
    10    0.038645    0.092567    0.245916    0.563803 ^ clkbuf_1_1__f_clk/X (sky130_fd_sc_hd__clkbuf_16)
                                                         clknet_1_1__leaf_clk (net)
                      0.092569    0.000617    0.564420 ^ _172_/CLK (sky130_fd_sc_hd__dfxtp_1)
                                  0.250000    0.814420   clock uncertainty
                                  0.000000    0.814420   clock reconvergence pessimism
                                 -0.097360    0.717061   library hold time
                                              0.717061   data required time
---------------------------------------------------------------------------------------------
                                              0.717061   data required time
                                             -1.803112   data arrival time
---------------------------------------------------------------------------------------------
                                              1.086052   slack (MET)


Startpoint: _161_ (rising edge-triggered flip-flop clocked by clk)
Endpoint: _161_ (rising edge-triggered flip-flop clocked by clk)
Path Group: clk
Path Type: min

Fanout         Cap        Slew       Delay        Time   Description
---------------------------------------------------------------------------------------------
                                  0.000000    0.000000   clock clk (rise edge)
                                  0.000000    0.000000   clock source latency
     1    0.015067    0.115886    0.077611    0.077611 ^ clk (in)
                                                         clk (net)
                      0.115887    0.000000    0.077611 ^ clkbuf_0_clk/A (sky130_fd_sc_hd__clkbuf_16)
     2    0.018294    0.065294    0.240221    0.317833 ^ clkbuf_0_clk/X (sky130_fd_sc_hd__clkbuf_16)
                                                         clknet_0_clk (net)
                      0.065294    0.000054    0.317887 ^ clkbuf_1_1__f_clk/A (sky130_fd_sc_hd__clkbuf_16)
    10    0.038645    0.092567    0.245916    0.563803 ^ clkbuf_1_1__f_clk/X (sky130_fd_sc_hd__clkbuf_16)
                                                         clknet_1_1__leaf_clk (net)
                      0.092569    0.000589    0.564392 ^ _161_/CLK (sky130_fd_sc_hd__dfxtp_2)
     4    0.031243    0.149715    0.713243    1.277635 v _161_/Q (sky130_fd_sc_hd__dfxtp_2)
                                                         net12 (net)
                      0.149715    0.000240    1.277876 v _111_/B1 (sky130_fd_sc_hd__o21a_1)
     1    0.002374    0.055674    0.220749    1.498625 v _111_/X (sky130_fd_sc_hd__o21a_1)
                                                         _067_ (net)
                      0.055674    0.000009    1.498633 v _115_/A1 (sky130_fd_sc_hd__o21a_1)
     1    0.002553    0.055436    0.324027    1.822660 v _115_/X (sky130_fd_sc_hd__o21a_1)
                                                         _010_ (net)
                      0.055436    0.000020    1.822680 v _161_/D (sky130_fd_sc_hd__dfxtp_2)
                                              1.822680   data arrival time

                                  0.000000    0.000000   clock clk (rise edge)
                                  0.000000    0.000000   clock source latency
     1    0.015067    0.115886    0.077611    0.077611 ^ clk (in)
                                                         clk (net)
                      0.115887    0.000000    0.077611 ^ clkbuf_0_clk/A (sky130_fd_sc_hd__clkbuf_16)
     2    0.018294    0.065294    0.240221    0.317833 ^ clkbuf_0_clk/X (sky130_fd_sc_hd__clkbuf_16)
                                                         clknet_0_clk (net)
                      0.065294    0.000054    0.317887 ^ clkbuf_1_1__f_clk/A (sky130_fd_sc_hd__clkbuf_16)
    10    0.038645    0.092567    0.245916    0.563803 ^ clkbuf_1_1__f_clk/X (sky130_fd_sc_hd__clkbuf_16)
                                                         clknet_1_1__leaf_clk (net)
                      0.092569    0.000589    0.564392 ^ _161_/CLK (sky130_fd_sc_hd__dfxtp_2)
                                  0.250000    0.814392   clock uncertainty
                                  0.000000    0.814392   clock reconvergence pessimism
                                 -0.079473    0.734919   library hold time
                                              0.734919   data required time
---------------------------------------------------------------------------------------------
                                              0.734919   data required time
                                             -1.822680   data arrival time
---------------------------------------------------------------------------------------------
                                              1.087760   slack (MET)


Startpoint: _168_ (rising edge-triggered flip-flop clocked by clk)
Endpoint: _168_ (rising edge-triggered flip-flop clocked by clk)
Path Group: clk
Path Type: min

Fanout         Cap        Slew       Delay        Time   Description
---------------------------------------------------------------------------------------------
                                  0.000000    0.000000   clock clk (rise edge)
                                  0.000000    0.000000   clock source latency
     1    0.015067    0.115886    0.077611    0.077611 ^ clk (in)
                                                         clk (net)
                      0.115887    0.000000    0.077611 ^ clkbuf_0_clk/A (sky130_fd_sc_hd__clkbuf_16)
     2    0.018294    0.065294    0.240221    0.317833 ^ clkbuf_0_clk/X (sky130_fd_sc_hd__clkbuf_16)
                                                         clknet_0_clk (net)
                      0.065294    0.000162    0.317994 ^ clkbuf_1_0__f_clk/A (sky130_fd_sc_hd__clkbuf_16)
    12    0.036164    0.089034    0.242356    0.560350 ^ clkbuf_1_0__f_clk/X (sky130_fd_sc_hd__clkbuf_16)
                                                         clknet_1_0__leaf_clk (net)
                      0.089036    0.000568    0.560919 ^ _168_/CLK (sky130_fd_sc_hd__dfxtp_1)
     3    0.010352    0.171071    0.713785    1.274704 ^ _168_/Q (sky130_fd_sc_hd__dfxtp_1)
                                                         net19 (net)
                      0.171071    0.000075    1.274779 ^ _074_/A (sky130_fd_sc_hd__inv_2)
     2    0.011538    0.069467    0.124084    1.398863 v _074_/Y (sky130_fd_sc_hd__inv_2)
                                                         net27 (net)
                      0.069468    0.000339    1.399203 v _142_/B1 (sky130_fd_sc_hd__a21oi_1)
     1    0.003318    0.165981    0.195340    1.594543 ^ _142_/Y (sky130_fd_sc_hd__a21oi_1)
                                                         _041_ (net)
                      0.165981    0.000034    1.594577 ^ _143_/B1 (sky130_fd_sc_hd__a211o_1)
     1    0.006090    0.100626    0.238304    1.832881 ^ _143_/X (sky130_fd_sc_hd__a211o_1)
                                                         _017_ (net)
                      0.100626    0.000123    1.833004 ^ _168_/D (sky130_fd_sc_hd__dfxtp_1)
                                              1.833004   data arrival time

                                  0.000000    0.000000   clock clk (rise edge)
                                  0.000000    0.000000   clock source latency
     1    0.015067    0.115886    0.077611    0.077611 ^ clk (in)
                                                         clk (net)
                      0.115887    0.000000    0.077611 ^ clkbuf_0_clk/A (sky130_fd_sc_hd__clkbuf_16)
     2    0.018294    0.065294    0.240221    0.317833 ^ clkbuf_0_clk/X (sky130_fd_sc_hd__clkbuf_16)
                                                         clknet_0_clk (net)
                      0.065294    0.000162    0.317994 ^ clkbuf_1_0__f_clk/A (sky130_fd_sc_hd__clkbuf_16)
    12    0.036164    0.089034    0.242356    0.560350 ^ clkbuf_1_0__f_clk/X (sky130_fd_sc_hd__clkbuf_16)
                                                         clknet_1_0__leaf_clk (net)
                      0.089036    0.000568    0.560919 ^ _168_/CLK (sky130_fd_sc_hd__dfxtp_1)
                                  0.250000    0.810919   clock uncertainty
                                  0.000000    0.810919   clock reconvergence pessimism
                                 -0.076118    0.734800   library hold time
                                              0.734800   data required time
---------------------------------------------------------------------------------------------
                                              0.734800   data required time
                                             -1.833004   data arrival time
---------------------------------------------------------------------------------------------
                                              1.098203   slack (MET)


Startpoint: _171_ (rising edge-triggered flip-flop clocked by clk)
Endpoint: _171_ (rising edge-triggered flip-flop clocked by clk)
Path Group: clk
Path Type: min

Fanout         Cap        Slew       Delay        Time   Description
---------------------------------------------------------------------------------------------
                                  0.000000    0.000000   clock clk (rise edge)
                                  0.000000    0.000000   clock source latency
     1    0.015067    0.115886    0.077611    0.077611 ^ clk (in)
                                                         clk (net)
                      0.115887    0.000000    0.077611 ^ clkbuf_0_clk/A (sky130_fd_sc_hd__clkbuf_16)
     2    0.018294    0.065294    0.240221    0.317833 ^ clkbuf_0_clk/X (sky130_fd_sc_hd__clkbuf_16)
                                                         clknet_0_clk (net)
                      0.065294    0.000054    0.317887 ^ clkbuf_1_1__f_clk/A (sky130_fd_sc_hd__clkbuf_16)
    10    0.038645    0.092567    0.245916    0.563803 ^ clkbuf_1_1__f_clk/X (sky130_fd_sc_hd__clkbuf_16)
                                                         clknet_1_1__leaf_clk (net)
                      0.092568    0.000561    0.564364 ^ _171_/CLK (sky130_fd_sc_hd__dfxtp_2)
     9    0.035686    0.167478    0.726877    1.291241 v _171_/Q (sky130_fd_sc_hd__dfxtp_2)
                                                         count[2] (net)
                      0.167478    0.000500    1.291740 v _109_/B (sky130_fd_sc_hd__nand4_1)
     4    0.010054    0.188575    0.263209    1.554949 ^ _109_/Y (sky130_fd_sc_hd__nand4_1)
                                                         _065_ (net)
                      0.188575    0.000033    1.554982 ^ _149_/B (sky130_fd_sc_hd__and3_1)
     1    0.002000    0.078557    0.320169    1.875151 ^ _149_/X (sky130_fd_sc_hd__and3_1)
                                                         _020_ (net)
                      0.078557    0.000018    1.875169 ^ _171_/D (sky130_fd_sc_hd__dfxtp_2)
                                              1.875169   data arrival time

                                  0.000000    0.000000   clock clk (rise edge)
                                  0.000000    0.000000   clock source latency
     1    0.015067    0.115886    0.077611    0.077611 ^ clk (in)
                                                         clk (net)
                      0.115887    0.000000    0.077611 ^ clkbuf_0_clk/A (sky130_fd_sc_hd__clkbuf_16)
     2    0.018294    0.065294    0.240221    0.317833 ^ clkbuf_0_clk/X (sky130_fd_sc_hd__clkbuf_16)
                                                         clknet_0_clk (net)
                      0.065294    0.000054    0.317887 ^ clkbuf_1_1__f_clk/A (sky130_fd_sc_hd__clkbuf_16)
    10    0.038645    0.092567    0.245916    0.563803 ^ clkbuf_1_1__f_clk/X (sky130_fd_sc_hd__clkbuf_16)
                                                         clknet_1_1__leaf_clk (net)
                      0.092568    0.000561    0.564364 ^ _171_/CLK (sky130_fd_sc_hd__dfxtp_2)
                                  0.250000    0.814364   clock uncertainty
                                  0.000000    0.814364   clock reconvergence pessimism
                                 -0.070325    0.744039   library hold time
                                              0.744039   data required time
---------------------------------------------------------------------------------------------
                                              0.744039   data required time
                                             -1.875169   data arrival time
---------------------------------------------------------------------------------------------
                                              1.131130   slack (MET)


Startpoint: _169_ (rising edge-triggered flip-flop clocked by clk)
Endpoint: _170_ (rising edge-triggered flip-flop clocked by clk)
Path Group: clk
Path Type: min

Fanout         Cap        Slew       Delay        Time   Description
---------------------------------------------------------------------------------------------
                                  0.000000    0.000000   clock clk (rise edge)
                                  0.000000    0.000000   clock source latency
     1    0.015067    0.115886    0.077611    0.077611 ^ clk (in)
                                                         clk (net)
                      0.115887    0.000000    0.077611 ^ clkbuf_0_clk/A (sky130_fd_sc_hd__clkbuf_16)
     2    0.018294    0.065294    0.240221    0.317833 ^ clkbuf_0_clk/X (sky130_fd_sc_hd__clkbuf_16)
                                                         clknet_0_clk (net)
                      0.065294    0.000054    0.317887 ^ clkbuf_1_1__f_clk/A (sky130_fd_sc_hd__clkbuf_16)
    10    0.038645    0.092567    0.245916    0.563803 ^ clkbuf_1_1__f_clk/X (sky130_fd_sc_hd__clkbuf_16)
                                                         clknet_1_1__leaf_clk (net)
                      0.092567    0.000420    0.564223 ^ _169_/CLK (sky130_fd_sc_hd__dfxtp_1)
     4    0.017097    0.265505    0.785163    1.349386 ^ _169_/Q (sky130_fd_sc_hd__dfxtp_1)
                                                         count[0] (net)
                      0.265505    0.000263    1.349649 ^ _146_/A2 (sky130_fd_sc_hd__a21o_1)
     1    0.002257    0.055950    0.277520    1.627170 ^ _146_/X (sky130_fd_sc_hd__a21o_1)
                                                         _043_ (net)
                      0.055950    0.000023    1.627192 ^ _147_/C (sky130_fd_sc_hd__and3_1)
     1    0.002020    0.078847    0.285598    1.912791 ^ _147_/X (sky130_fd_sc_hd__and3_1)
                                                         _019_ (net)
                      0.078847    0.000018    1.912809 ^ _170_/D (sky130_fd_sc_hd__dfxtp_1)
                                              1.912809   data arrival time

                                  0.000000    0.000000   clock clk (rise edge)
                                  0.000000    0.000000   clock source latency
     1    0.015067    0.115886    0.077611    0.077611 ^ clk (in)
                                                         clk (net)
                      0.115887    0.000000    0.077611 ^ clkbuf_0_clk/A (sky130_fd_sc_hd__clkbuf_16)
     2    0.018294    0.065294    0.240221    0.317833 ^ clkbuf_0_clk/X (sky130_fd_sc_hd__clkbuf_16)
                                                         clknet_0_clk (net)
                      0.065294    0.000054    0.317887 ^ clkbuf_1_1__f_clk/A (sky130_fd_sc_hd__clkbuf_16)
    10    0.038645    0.092567    0.245916    0.563803 ^ clkbuf_1_1__f_clk/X (sky130_fd_sc_hd__clkbuf_16)
                                                         clknet_1_1__leaf_clk (net)
                      0.092567    0.000449    0.564252 ^ _170_/CLK (sky130_fd_sc_hd__dfxtp_1)
                                  0.250000    0.814252   clock uncertainty
                                  0.000000    0.814252   clock reconvergence pessimism
                                 -0.070491    0.743761   library hold time
                                              0.743761   data required time
---------------------------------------------------------------------------------------------
                                              0.743761   data required time
                                             -1.912809   data arrival time
---------------------------------------------------------------------------------------------
                                              1.169049   slack (MET)


Startpoint: _167_ (rising edge-triggered flip-flop clocked by clk)
Endpoint: _167_ (rising edge-triggered flip-flop clocked by clk)
Path Group: clk
Path Type: min

Fanout         Cap        Slew       Delay        Time   Description
---------------------------------------------------------------------------------------------
                                  0.000000    0.000000   clock clk (rise edge)
                                  0.000000    0.000000   clock source latency
     1    0.015067    0.115886    0.077611    0.077611 ^ clk (in)
                                                         clk (net)
                      0.115887    0.000000    0.077611 ^ clkbuf_0_clk/A (sky130_fd_sc_hd__clkbuf_16)
     2    0.018294    0.065294    0.240221    0.317833 ^ clkbuf_0_clk/X (sky130_fd_sc_hd__clkbuf_16)
                                                         clknet_0_clk (net)
                      0.065294    0.000162    0.317994 ^ clkbuf_1_0__f_clk/A (sky130_fd_sc_hd__clkbuf_16)
    12    0.036164    0.089034    0.242356    0.560350 ^ clkbuf_1_0__f_clk/X (sky130_fd_sc_hd__clkbuf_16)
                                                         clknet_1_0__leaf_clk (net)
                      0.089034    0.000397    0.560747 ^ _167_/CLK (sky130_fd_sc_hd__dfxtp_1)
     4    0.017852    0.276283    0.791199    1.351946 ^ _167_/Q (sky130_fd_sc_hd__dfxtp_1)
                                                         net18 (net)
                      0.276283    0.000137    1.352084 ^ _138_/B1 (sky130_fd_sc_hd__o41a_1)
     1    0.002879    0.085037    0.344250    1.696333 ^ _138_/X (sky130_fd_sc_hd__o41a_1)
                                                         _038_ (net)
                      0.085037    0.000015    1.696348 ^ _141_/A1 (sky130_fd_sc_hd__o31a_1)
     1    0.002190    0.068216    0.252651    1.948999 ^ _141_/X (sky130_fd_sc_hd__o31a_1)
                                                         _016_ (net)
                      0.068216    0.000022    1.949021 ^ _167_/D (sky130_fd_sc_hd__dfxtp_1)
                                              1.949021   data arrival time

                                  0.000000    0.000000   clock clk (rise edge)
                                  0.000000    0.000000   clock source latency
     1    0.015067    0.115886    0.077611    0.077611 ^ clk (in)
                                                         clk (net)
                      0.115887    0.000000    0.077611 ^ clkbuf_0_clk/A (sky130_fd_sc_hd__clkbuf_16)
     2    0.018294    0.065294    0.240221    0.317833 ^ clkbuf_0_clk/X (sky130_fd_sc_hd__clkbuf_16)
                                                         clknet_0_clk (net)
                      0.065294    0.000162    0.317994 ^ clkbuf_1_0__f_clk/A (sky130_fd_sc_hd__clkbuf_16)
    12    0.036164    0.089034    0.242356    0.560350 ^ clkbuf_1_0__f_clk/X (sky130_fd_sc_hd__clkbuf_16)
                                                         clknet_1_0__leaf_clk (net)
                      0.089034    0.000397    0.560747 ^ _167_/CLK (sky130_fd_sc_hd__dfxtp_1)
                                  0.250000    0.810748   clock uncertainty
                                  0.000000    0.810748   clock reconvergence pessimism
                                 -0.068580    0.742167   library hold time
                                              0.742167   data required time
---------------------------------------------------------------------------------------------
                                              0.742167   data required time
                                             -1.949021   data arrival time
---------------------------------------------------------------------------------------------
                                              1.206854   slack (MET)


Startpoint: _171_ (rising edge-triggered flip-flop clocked by clk)
Endpoint: _163_ (rising edge-triggered flip-flop clocked by clk)
Path Group: clk
Path Type: min

Fanout         Cap        Slew       Delay        Time   Description
---------------------------------------------------------------------------------------------
                                  0.000000    0.000000   clock clk (rise edge)
                                  0.000000    0.000000   clock source latency
     1    0.015067    0.115886    0.077611    0.077611 ^ clk (in)
                                                         clk (net)
                      0.115887    0.000000    0.077611 ^ clkbuf_0_clk/A (sky130_fd_sc_hd__clkbuf_16)
     2    0.018294    0.065294    0.240221    0.317833 ^ clkbuf_0_clk/X (sky130_fd_sc_hd__clkbuf_16)
                                                         clknet_0_clk (net)
                      0.065294    0.000054    0.317887 ^ clkbuf_1_1__f_clk/A (sky130_fd_sc_hd__clkbuf_16)
    10    0.038645    0.092567    0.245916    0.563803 ^ clkbuf_1_1__f_clk/X (sky130_fd_sc_hd__clkbuf_16)
                                                         clknet_1_1__leaf_clk (net)
                      0.092568    0.000561    0.564364 ^ _171_/CLK (sky130_fd_sc_hd__dfxtp_2)
     9    0.035686    0.167478    0.726877    1.291241 v _171_/Q (sky130_fd_sc_hd__dfxtp_2)
                                                         count[2] (net)
                      0.167478    0.000600    1.291841 v _072_/A (sky130_fd_sc_hd__inv_2)
     4    0.012067    0.107342    0.157524    1.449365 ^ _072_/Y (sky130_fd_sc_hd__inv_2)
                                                         _046_ (net)
                      0.107342    0.000107    1.449472 ^ _121_/A2 (sky130_fd_sc_hd__o41a_1)
     1    0.003150    0.086078    0.286701    1.736174 ^ _121_/X (sky130_fd_sc_hd__o41a_1)
                                                         _025_ (net)
                      0.086078    0.000034    1.736207 ^ _125_/A1 (sky130_fd_sc_hd__o31a_1)
     1    0.002135    0.067454    0.252291    1.988498 ^ _125_/X (sky130_fd_sc_hd__o31a_1)
                                                         _012_ (net)
                      0.067454    0.000021    1.988519 ^ _163_/D (sky130_fd_sc_hd__dfxtp_1)
                                              1.988519   data arrival time

                                  0.000000    0.000000   clock clk (rise edge)
                                  0.000000    0.000000   clock source latency
     1    0.015067    0.115886    0.077611    0.077611 ^ clk (in)
                                                         clk (net)
                      0.115887    0.000000    0.077611 ^ clkbuf_0_clk/A (sky130_fd_sc_hd__clkbuf_16)
     2    0.018294    0.065294    0.240221    0.317833 ^ clkbuf_0_clk/X (sky130_fd_sc_hd__clkbuf_16)
                                                         clknet_0_clk (net)
                      0.065294    0.000054    0.317887 ^ clkbuf_1_1__f_clk/A (sky130_fd_sc_hd__clkbuf_16)
    10    0.038645    0.092567    0.245916    0.563803 ^ clkbuf_1_1__f_clk/X (sky130_fd_sc_hd__clkbuf_16)
                                                         clknet_1_1__leaf_clk (net)
                      0.092568    0.000522    0.564325 ^ _163_/CLK (sky130_fd_sc_hd__dfxtp_1)
                                  0.250000    0.814325   clock uncertainty
                                  0.000000    0.814325   clock reconvergence pessimism
                                 -0.067841    0.746484   library hold time
                                              0.746484   data required time
---------------------------------------------------------------------------------------------
                                              0.746484   data required time
                                             -1.988519   data arrival time
---------------------------------------------------------------------------------------------
                                              1.242035   slack (MET)


Startpoint: _152_ (rising edge-triggered flip-flop clocked by clk')
Endpoint: _152_ (rising edge-triggered flip-flop clocked by clk')
Path Group: clk
Path Type: min

Fanout         Cap        Slew       Delay        Time   Description
---------------------------------------------------------------------------------------------
                                250.000000  250.000000   clock clk' (rise edge)
                                  0.000000  250.000000   clock source latency
     1    0.014181    0.064471    0.044025  250.044037 v clk (in)
                                                         clk (net)
                      0.064472    0.000000  250.044037 v clkbuf_0_clk/A (sky130_fd_sc_hd__clkbuf_16)
     2    0.016522    0.054145    0.250452  250.294479 v clkbuf_0_clk/X (sky130_fd_sc_hd__clkbuf_16)
                                                         clknet_0_clk (net)
                      0.054145    0.000142  250.294632 v clkbuf_1_0__f_clk/A (sky130_fd_sc_hd__clkbuf_16)
    12    0.034513    0.070902    0.266994  250.561615 v clkbuf_1_0__f_clk/X (sky130_fd_sc_hd__clkbuf_16)
                                                         clknet_1_0__leaf_clk (net)
                      0.070903    0.000426  250.562042 v _083__1/A (sky130_fd_sc_hd__inv_2)
     1    0.002210    0.032566    0.063807  250.625854 ^ _083__1/Y (sky130_fd_sc_hd__inv_2)
                                                         net35 (net)
                      0.032566    0.000028  250.625885 ^ _152_/CLK (sky130_fd_sc_hd__dfxtp_1)
     3    0.020286    0.189093    0.676010  251.301895 v _152_/Q (sky130_fd_sc_hd__dfxtp_1)
                                                         net11 (net)
                      0.189093    0.000142  251.302032 v fanout28/A (sky130_fd_sc_hd__clkbuf_2)
    10    0.027778    0.198571    0.361524  251.663559 v fanout28/X (sky130_fd_sc_hd__clkbuf_2)
                                                         net28 (net)
                      0.198571    0.000199  251.663757 v _084_/A_N (sky130_fd_sc_hd__and2b_1)
     1    0.002002    0.062562    0.416662  252.080414 ^ _084_/X (sky130_fd_sc_hd__and2b_1)
                                                         _001_ (net)
                      0.062562    0.000028  252.080444 ^ _152_/D (sky130_fd_sc_hd__dfxtp_1)
                                            252.080444   data arrival time

                                250.000000  250.000000   clock clk' (rise edge)
                                  0.000000  250.000000   clock source latency
     1    0.014181    0.064471    0.044025  250.044037 v clk (in)
                                                         clk (net)
                      0.064472    0.000000  250.044037 v clkbuf_0_clk/A (sky130_fd_sc_hd__clkbuf_16)
     2    0.016522    0.054145    0.250452  250.294479 v clkbuf_0_clk/X (sky130_fd_sc_hd__clkbuf_16)
                                                         clknet_0_clk (net)
                      0.054145    0.000142  250.294632 v clkbuf_1_0__f_clk/A (sky130_fd_sc_hd__clkbuf_16)
    12    0.034513    0.070902    0.266994  250.561615 v clkbuf_1_0__f_clk/X (sky130_fd_sc_hd__clkbuf_16)
                                                         clknet_1_0__leaf_clk (net)
                      0.070903    0.000426  250.562042 v _083__1/A (sky130_fd_sc_hd__inv_2)
     1    0.002210    0.032566    0.063807  250.625854 ^ _083__1/Y (sky130_fd_sc_hd__inv_2)
                                                         net35 (net)
                      0.032566    0.000028  250.625885 ^ _152_/CLK (sky130_fd_sc_hd__dfxtp_1)
                                  0.250000  250.875885   clock uncertainty
                                  0.000000  250.875885   clock reconvergence pessimism
                                 -0.076238  250.799652   library hold time
                                            250.799652   data required time
---------------------------------------------------------------------------------------------
                                            250.799652   data required time
                                           -252.080444   data arrival time
---------------------------------------------------------------------------------------------
                                              1.280796   slack (MET)


Startpoint: _169_ (rising edge-triggered flip-flop clocked by clk)
Endpoint: _169_ (rising edge-triggered flip-flop clocked by clk)
Path Group: clk
Path Type: min

Fanout         Cap        Slew       Delay        Time   Description
---------------------------------------------------------------------------------------------
                                  0.000000    0.000000   clock clk (rise edge)
                                  0.000000    0.000000   clock source latency
     1    0.015067    0.115886    0.077611    0.077611 ^ clk (in)
                                                         clk (net)
                      0.115887    0.000000    0.077611 ^ clkbuf_0_clk/A (sky130_fd_sc_hd__clkbuf_16)
     2    0.018294    0.065294    0.240221    0.317833 ^ clkbuf_0_clk/X (sky130_fd_sc_hd__clkbuf_16)
                                                         clknet_0_clk (net)
                      0.065294    0.000054    0.317887 ^ clkbuf_1_1__f_clk/A (sky130_fd_sc_hd__clkbuf_16)
    10    0.038645    0.092567    0.245916    0.563803 ^ clkbuf_1_1__f_clk/X (sky130_fd_sc_hd__clkbuf_16)
                                                         clknet_1_1__leaf_clk (net)
                      0.092567    0.000420    0.564223 ^ _169_/CLK (sky130_fd_sc_hd__dfxtp_1)
     4    0.016443    0.156591    0.679215    1.243438 v _169_/Q (sky130_fd_sc_hd__dfxtp_1)
                                                         count[0] (net)
                      0.156591    0.000164    1.243602 v fanout33/A (sky130_fd_sc_hd__buf_2)
    10    0.029370    0.146544    0.370654    1.614255 v fanout33/X (sky130_fd_sc_hd__buf_2)
                                                         net33 (net)
                      0.146544    0.000406    1.614661 v _105_/B (sky130_fd_sc_hd__nand2_1)
     5    0.016536    0.250223    0.273048    1.887709 ^ _105_/Y (sky130_fd_sc_hd__nand2_1)
                                                         _061_ (net)
                      0.250223    0.000034    1.887743 ^ _145_/B (sky130_fd_sc_hd__and3_1)
     1    0.001884    0.076974    0.340073    2.227816 ^ _145_/X (sky130_fd_sc_hd__and3_1)
                                                         _018_ (net)
                      0.076974    0.000016    2.227832 ^ _169_/D (sky130_fd_sc_hd__dfxtp_1)
                                              2.227832   data arrival time

                                  0.000000    0.000000   clock clk (rise edge)
                                  0.000000    0.000000   clock source latency
     1    0.015067    0.115886    0.077611    0.077611 ^ clk (in)
                                                         clk (net)
                      0.115887    0.000000    0.077611 ^ clkbuf_0_clk/A (sky130_fd_sc_hd__clkbuf_16)
     2    0.018294    0.065294    0.240221    0.317833 ^ clkbuf_0_clk/X (sky130_fd_sc_hd__clkbuf_16)
                                                         clknet_0_clk (net)
                      0.065294    0.000054    0.317887 ^ clkbuf_1_1__f_clk/A (sky130_fd_sc_hd__clkbuf_16)
    10    0.038645    0.092567    0.245916    0.563803 ^ clkbuf_1_1__f_clk/X (sky130_fd_sc_hd__clkbuf_16)
                                                         clknet_1_1__leaf_clk (net)
                      0.092567    0.000420    0.564223 ^ _169_/CLK (sky130_fd_sc_hd__dfxtp_1)
                                  0.250000    0.814223   clock uncertainty
                                  0.000000    0.814223   clock reconvergence pessimism
                                 -0.070056    0.744167   library hold time
                                              0.744167   data required time
---------------------------------------------------------------------------------------------
                                              0.744167   data required time
                                             -2.227832   data arrival time
---------------------------------------------------------------------------------------------
                                              1.483665   slack (MET)


Startpoint: _160_ (rising edge-triggered flip-flop clocked by clk)
Endpoint: _160_ (rising edge-triggered flip-flop clocked by clk)
Path Group: clk
Path Type: min

Fanout         Cap        Slew       Delay        Time   Description
---------------------------------------------------------------------------------------------
                                  0.000000    0.000000   clock clk (rise edge)
                                  0.000000    0.000000   clock source latency
     1    0.015067    0.115886    0.077611    0.077611 ^ clk (in)
                                                         clk (net)
                      0.115887    0.000000    0.077611 ^ clkbuf_0_clk/A (sky130_fd_sc_hd__clkbuf_16)
     2    0.018294    0.065294    0.240221    0.317833 ^ clkbuf_0_clk/X (sky130_fd_sc_hd__clkbuf_16)
                                                         clknet_0_clk (net)
                      0.065294    0.000162    0.317994 ^ clkbuf_1_0__f_clk/A (sky130_fd_sc_hd__clkbuf_16)
    12    0.036164    0.089034    0.242356    0.560350 ^ clkbuf_1_0__f_clk/X (sky130_fd_sc_hd__clkbuf_16)
                                                         clknet_1_0__leaf_clk (net)
                      0.089037    0.000645    0.560995 ^ _160_/CLK (sky130_fd_sc_hd__dfxtp_1)
     2    0.004179    0.086515    0.648484    1.209478 ^ _160_/Q (sky130_fd_sc_hd__dfxtp_1)
                                                         net10 (net)
                      0.086515    0.000032    1.209511 ^ _101_/A (sky130_fd_sc_hd__or2_1)
     1    0.003094    0.069255    0.172758    1.382269 ^ _101_/X (sky130_fd_sc_hd__or2_1)
                                                         _058_ (net)
                      0.069255    0.000033    1.382302 ^ _102_/B1 (sky130_fd_sc_hd__o211a_1)
     1    0.002498    0.070053    0.290988    1.673290 ^ _102_/X (sky130_fd_sc_hd__o211a_1)
                                                         _009_ (net)
                      0.070053    0.000027    1.673317 ^ hold4/A (sky130_fd_sc_hd__dlygate4sd3_1)
     1    0.002097    0.085951    1.030066    2.703383 ^ hold4/X (sky130_fd_sc_hd__dlygate4sd3_1)
                                                         net39 (net)
                      0.085951    0.000019    2.703402 ^ _160_/D (sky130_fd_sc_hd__dfxtp_1)
                                              2.703402   data arrival time

                                  0.000000    0.000000   clock clk (rise edge)
                                  0.000000    0.000000   clock source latency
     1    0.015067    0.115886    0.077611    0.077611 ^ clk (in)
                                                         clk (net)
                      0.115887    0.000000    0.077611 ^ clkbuf_0_clk/A (sky130_fd_sc_hd__clkbuf_16)
     2    0.018294    0.065294    0.240221    0.317833 ^ clkbuf_0_clk/X (sky130_fd_sc_hd__clkbuf_16)
                                                         clknet_0_clk (net)
                      0.065294    0.000162    0.317994 ^ clkbuf_1_0__f_clk/A (sky130_fd_sc_hd__clkbuf_16)
    12    0.036164    0.089034    0.242356    0.560350 ^ clkbuf_1_0__f_clk/X (sky130_fd_sc_hd__clkbuf_16)
                                                         clknet_1_0__leaf_clk (net)
                      0.089037    0.000645    0.560995 ^ _160_/CLK (sky130_fd_sc_hd__dfxtp_1)
                                  0.250000    0.810995   clock uncertainty
                                  0.000000    0.810995   clock reconvergence pessimism
                                 -0.072705    0.738290   library hold time
                                              0.738290   data required time
---------------------------------------------------------------------------------------------
                                              0.738290   data required time
                                             -2.703402   data arrival time
---------------------------------------------------------------------------------------------
                                              1.965112   slack (MET)


Startpoint: _158_ (rising edge-triggered flip-flop clocked by clk)
Endpoint: _158_ (rising edge-triggered flip-flop clocked by clk)
Path Group: clk
Path Type: min

Fanout         Cap        Slew       Delay        Time   Description
---------------------------------------------------------------------------------------------
                                  0.000000    0.000000   clock clk (rise edge)
                                  0.000000    0.000000   clock source latency
     1    0.015067    0.115886    0.077611    0.077611 ^ clk (in)
                                                         clk (net)
                      0.115887    0.000000    0.077611 ^ clkbuf_0_clk/A (sky130_fd_sc_hd__clkbuf_16)
     2    0.018294    0.065294    0.240221    0.317833 ^ clkbuf_0_clk/X (sky130_fd_sc_hd__clkbuf_16)
                                                         clknet_0_clk (net)
                      0.065294    0.000162    0.317994 ^ clkbuf_1_0__f_clk/A (sky130_fd_sc_hd__clkbuf_16)
    12    0.036164    0.089034    0.242356    0.560350 ^ clkbuf_1_0__f_clk/X (sky130_fd_sc_hd__clkbuf_16)
                                                         clknet_1_0__leaf_clk (net)
                      0.089034    0.000355    0.560706 ^ _158_/CLK (sky130_fd_sc_hd__dfxtp_1)
     2    0.007264    0.128285    0.681258    1.241964 ^ _158_/Q (sky130_fd_sc_hd__dfxtp_1)
                                                         net8 (net)
                      0.128285    0.000088    1.242052 ^ _097_/A (sky130_fd_sc_hd__or2_1)
     1    0.003149    0.070114    0.192391    1.434443 ^ _097_/X (sky130_fd_sc_hd__or2_1)
                                                         _056_ (net)
                      0.070114    0.000034    1.434476 ^ _098_/B1 (sky130_fd_sc_hd__o211a_1)
     1    0.002218    0.067036    0.287587    1.722063 ^ _098_/X (sky130_fd_sc_hd__o211a_1)
                                                         _007_ (net)
                      0.067036    0.000021    1.722085 ^ hold2/A (sky130_fd_sc_hd__dlygate4sd3_1)
     1    0.001900    0.083202    1.025724    2.747808 ^ hold2/X (sky130_fd_sc_hd__dlygate4sd3_1)
                                                         net37 (net)
                      0.083202    0.000016    2.747824 ^ _158_/D (sky130_fd_sc_hd__dfxtp_1)
                                              2.747824   data arrival time

                                  0.000000    0.000000   clock clk (rise edge)
                                  0.000000    0.000000   clock source latency
     1    0.015067    0.115886    0.077611    0.077611 ^ clk (in)
                                                         clk (net)
                      0.115887    0.000000    0.077611 ^ clkbuf_0_clk/A (sky130_fd_sc_hd__clkbuf_16)
     2    0.018294    0.065294    0.240221    0.317833 ^ clkbuf_0_clk/X (sky130_fd_sc_hd__clkbuf_16)
                                                         clknet_0_clk (net)
                      0.065294    0.000162    0.317994 ^ clkbuf_1_0__f_clk/A (sky130_fd_sc_hd__clkbuf_16)
    12    0.036164    0.089034    0.242356    0.560350 ^ clkbuf_1_0__f_clk/X (sky130_fd_sc_hd__clkbuf_16)
                                                         clknet_1_0__leaf_clk (net)
                      0.089034    0.000355    0.560706 ^ _158_/CLK (sky130_fd_sc_hd__dfxtp_1)
                                  0.250000    0.810706   clock uncertainty
                                  0.000000    0.810706   clock reconvergence pessimism
                                 -0.072066    0.738640   library hold time
                                              0.738640   data required time
---------------------------------------------------------------------------------------------
                                              0.738640   data required time
                                             -2.747824   data arrival time
---------------------------------------------------------------------------------------------
                                              2.009185   slack (MET)


Startpoint: _157_ (rising edge-triggered flip-flop clocked by clk)
Endpoint: _157_ (rising edge-triggered flip-flop clocked by clk)
Path Group: clk
Path Type: min

Fanout         Cap        Slew       Delay        Time   Description
---------------------------------------------------------------------------------------------
                                  0.000000    0.000000   clock clk (rise edge)
                                  0.000000    0.000000   clock source latency
     1    0.015067    0.115886    0.077611    0.077611 ^ clk (in)
                                                         clk (net)
                      0.115887    0.000000    0.077611 ^ clkbuf_0_clk/A (sky130_fd_sc_hd__clkbuf_16)
     2    0.018294    0.065294    0.240221    0.317833 ^ clkbuf_0_clk/X (sky130_fd_sc_hd__clkbuf_16)
                                                         clknet_0_clk (net)
                      0.065294    0.000162    0.317994 ^ clkbuf_1_0__f_clk/A (sky130_fd_sc_hd__clkbuf_16)
    12    0.036164    0.089034    0.242356    0.560350 ^ clkbuf_1_0__f_clk/X (sky130_fd_sc_hd__clkbuf_16)
                                                         clknet_1_0__leaf_clk (net)
                      0.089034    0.000278    0.560628 ^ _157_/CLK (sky130_fd_sc_hd__dfxtp_1)
     2    0.007186    0.127209    0.680452    1.241081 ^ _157_/Q (sky130_fd_sc_hd__dfxtp_1)
                                                         net7 (net)
                      0.127209    0.000035    1.241115 ^ _095_/A (sky130_fd_sc_hd__or2_1)
     1    0.003269    0.071652    0.193209    1.434325 ^ _095_/X (sky130_fd_sc_hd__or2_1)
                                                         _055_ (net)
                      0.071652    0.000033    1.434358 ^ _096_/B1 (sky130_fd_sc_hd__o211a_1)
     1    0.003090    0.076665    0.299733    1.734091 ^ _096_/X (sky130_fd_sc_hd__o211a_1)
                                                         _006_ (net)
                      0.076665    0.000040    1.734131 ^ hold11/A (sky130_fd_sc_hd__dlygate4sd3_1)
     1    0.001802    0.081858    1.028441    2.762572 ^ hold11/X (sky130_fd_sc_hd__dlygate4sd3_1)
                                                         net46 (net)
                      0.081858    0.000008    2.762580 ^ _157_/D (sky130_fd_sc_hd__dfxtp_1)
                                              2.762580   data arrival time

                                  0.000000    0.000000   clock clk (rise edge)
                                  0.000000    0.000000   clock source latency
     1    0.015067    0.115886    0.077611    0.077611 ^ clk (in)
                                                         clk (net)
                      0.115887    0.000000    0.077611 ^ clkbuf_0_clk/A (sky130_fd_sc_hd__clkbuf_16)
     2    0.018294    0.065294    0.240221    0.317833 ^ clkbuf_0_clk/X (sky130_fd_sc_hd__clkbuf_16)
                                                         clknet_0_clk (net)
                      0.065294    0.000162    0.317994 ^ clkbuf_1_0__f_clk/A (sky130_fd_sc_hd__clkbuf_16)
    12    0.036164    0.089034    0.242356    0.560350 ^ clkbuf_1_0__f_clk/X (sky130_fd_sc_hd__clkbuf_16)
                                                         clknet_1_0__leaf_clk (net)
                      0.089034    0.000278    0.560628 ^ _157_/CLK (sky130_fd_sc_hd__dfxtp_1)
                                  0.250000    0.810628   clock uncertainty
                                  0.000000    0.810628   clock reconvergence pessimism
                                 -0.071753    0.738875   library hold time
                                              0.738875   data required time
---------------------------------------------------------------------------------------------
                                              0.738875   data required time
                                             -2.762580   data arrival time
---------------------------------------------------------------------------------------------
                                              2.023704   slack (MET)


Startpoint: _160_ (rising edge-triggered flip-flop clocked by clk)
Endpoint: adc_out[7] (output port clocked by clk)
Path Group: clk
Path Type: min

Fanout         Cap        Slew       Delay        Time   Description
---------------------------------------------------------------------------------------------
                                  0.000000    0.000000   clock clk (rise edge)
                                  0.000000    0.000000   clock source latency
     1    0.015067    0.115886    0.077611    0.077611 ^ clk (in)
                                                         clk (net)
                      0.115887    0.000000    0.077611 ^ clkbuf_0_clk/A (sky130_fd_sc_hd__clkbuf_16)
     2    0.018294    0.065294    0.240221    0.317833 ^ clkbuf_0_clk/X (sky130_fd_sc_hd__clkbuf_16)
                                                         clknet_0_clk (net)
                      0.065294    0.000162    0.317994 ^ clkbuf_1_0__f_clk/A (sky130_fd_sc_hd__clkbuf_16)
    12    0.036164    0.089034    0.242356    0.560350 ^ clkbuf_1_0__f_clk/X (sky130_fd_sc_hd__clkbuf_16)
                                                         clknet_1_0__leaf_clk (net)
                      0.089037    0.000645    0.560995 ^ _160_/CLK (sky130_fd_sc_hd__dfxtp_1)
     2    0.003945    0.057277    0.592083    1.153078 v _160_/Q (sky130_fd_sc_hd__dfxtp_1)
                                                         net10 (net)
                      0.057277    0.000037    1.153115 v output10/A (sky130_fd_sc_hd__buf_2)
     1    0.035207    0.169619    0.341906    1.495020 v output10/X (sky130_fd_sc_hd__buf_2)
                                                         adc_out[7] (net)
                      0.169619    0.000429    1.495449 v adc_out[7] (out)
                                              1.495449   data arrival time

                                  0.000000    0.000000   clock clk (rise edge)
                                  0.000000    0.000000   clock network delay (propagated)
                                  0.250000    0.250000   clock uncertainty
                                  0.000000    0.250000   clock reconvergence pessimism
                               -100.000000  -99.750000   output external delay
                                            -99.750000   data required time
---------------------------------------------------------------------------------------------
                                            -99.750000   data required time
                                             -1.495449   data arrival time
---------------------------------------------------------------------------------------------
                                            101.245453   slack (MET)


Startpoint: _154_ (rising edge-triggered flip-flop clocked by clk)
Endpoint: adc_out[1] (output port clocked by clk)
Path Group: clk
Path Type: min

Fanout         Cap        Slew       Delay        Time   Description
---------------------------------------------------------------------------------------------
                                  0.000000    0.000000   clock clk (rise edge)
                                  0.000000    0.000000   clock source latency
     1    0.015067    0.115886    0.077611    0.077611 ^ clk (in)
                                                         clk (net)
                      0.115887    0.000000    0.077611 ^ clkbuf_0_clk/A (sky130_fd_sc_hd__clkbuf_16)
     2    0.018294    0.065294    0.240221    0.317833 ^ clkbuf_0_clk/X (sky130_fd_sc_hd__clkbuf_16)
                                                         clknet_0_clk (net)
                      0.065294    0.000162    0.317994 ^ clkbuf_1_0__f_clk/A (sky130_fd_sc_hd__clkbuf_16)
    12    0.036164    0.089034    0.242356    0.560350 ^ clkbuf_1_0__f_clk/X (sky130_fd_sc_hd__clkbuf_16)
                                                         clknet_1_0__leaf_clk (net)
                      0.089038    0.000716    0.561066 ^ _154_/CLK (sky130_fd_sc_hd__dfxtp_1)
     2    0.004432    0.061068    0.596352    1.157418 v _154_/Q (sky130_fd_sc_hd__dfxtp_1)
                                                         net4 (net)
                      0.061068    0.000034    1.157452 v output4/A (sky130_fd_sc_hd__buf_2)
     1    0.034363    0.166210    0.341056    1.498508 v output4/X (sky130_fd_sc_hd__buf_2)
                                                         adc_out[1] (net)
                      0.166210    0.000269    1.498777 v adc_out[1] (out)
                                              1.498777   data arrival time

                                  0.000000    0.000000   clock clk (rise edge)
                                  0.000000    0.000000   clock network delay (propagated)
                                  0.250000    0.250000   clock uncertainty
                                  0.000000    0.250000   clock reconvergence pessimism
                               -100.000000  -99.750000   output external delay
                                            -99.750000   data required time
---------------------------------------------------------------------------------------------
                                            -99.750000   data required time
                                             -1.498777   data arrival time
---------------------------------------------------------------------------------------------
                                            101.248779   slack (MET)


Startpoint: _153_ (rising edge-triggered flip-flop clocked by clk)
Endpoint: adc_out[0] (output port clocked by clk)
Path Group: clk
Path Type: min

Fanout         Cap        Slew       Delay        Time   Description
---------------------------------------------------------------------------------------------
                                  0.000000    0.000000   clock clk (rise edge)
                                  0.000000    0.000000   clock source latency
     1    0.015067    0.115886    0.077611    0.077611 ^ clk (in)
                                                         clk (net)
                      0.115887    0.000000    0.077611 ^ clkbuf_0_clk/A (sky130_fd_sc_hd__clkbuf_16)
     2    0.018294    0.065294    0.240221    0.317833 ^ clkbuf_0_clk/X (sky130_fd_sc_hd__clkbuf_16)
                                                         clknet_0_clk (net)
                      0.065294    0.000162    0.317994 ^ clkbuf_1_0__f_clk/A (sky130_fd_sc_hd__clkbuf_16)
    12    0.036164    0.089034    0.242356    0.560350 ^ clkbuf_1_0__f_clk/X (sky130_fd_sc_hd__clkbuf_16)
                                                         clknet_1_0__leaf_clk (net)
                      0.089039    0.000736    0.561086 ^ _153_/CLK (sky130_fd_sc_hd__dfxtp_1)
     2    0.004853    0.064229    0.599283    1.160369 v _153_/Q (sky130_fd_sc_hd__dfxtp_1)
                                                         net3 (net)
                      0.064229    0.000028    1.160396 v output3/A (sky130_fd_sc_hd__buf_2)
     1    0.034373    0.166243    0.342521    1.502918 v output3/X (sky130_fd_sc_hd__buf_2)
                                                         adc_out[0] (net)
                      0.166243    0.000292    1.503210 v adc_out[0] (out)
                                              1.503210   data arrival time

                                  0.000000    0.000000   clock clk (rise edge)
                                  0.000000    0.000000   clock network delay (propagated)
                                  0.250000    0.250000   clock uncertainty
                                  0.000000    0.250000   clock reconvergence pessimism
                               -100.000000  -99.750000   output external delay
                                            -99.750000   data required time
---------------------------------------------------------------------------------------------
                                            -99.750000   data required time
                                             -1.503210   data arrival time
---------------------------------------------------------------------------------------------
                                            101.253212   slack (MET)


Startpoint: _159_ (rising edge-triggered flip-flop clocked by clk)
Endpoint: adc_out[6] (output port clocked by clk)
Path Group: clk
Path Type: min

Fanout         Cap        Slew       Delay        Time   Description
---------------------------------------------------------------------------------------------
                                  0.000000    0.000000   clock clk (rise edge)
                                  0.000000    0.000000   clock source latency
     1    0.015067    0.115886    0.077611    0.077611 ^ clk (in)
                                                         clk (net)
                      0.115887    0.000000    0.077611 ^ clkbuf_0_clk/A (sky130_fd_sc_hd__clkbuf_16)
     2    0.018294    0.065294    0.240221    0.317833 ^ clkbuf_0_clk/X (sky130_fd_sc_hd__clkbuf_16)
                                                         clknet_0_clk (net)
                      0.065294    0.000162    0.317994 ^ clkbuf_1_0__f_clk/A (sky130_fd_sc_hd__clkbuf_16)
    12    0.036164    0.089034    0.242356    0.560350 ^ clkbuf_1_0__f_clk/X (sky130_fd_sc_hd__clkbuf_16)
                                                         clknet_1_0__leaf_clk (net)
                      0.089037    0.000615    0.560966 ^ _159_/CLK (sky130_fd_sc_hd__dfxtp_1)
     2    0.005767    0.071247    0.605633    1.166599 v _159_/Q (sky130_fd_sc_hd__dfxtp_1)
                                                         net9 (net)
                      0.071247    0.000037    1.166636 v output9/A (sky130_fd_sc_hd__buf_2)
     1    0.034739    0.167669    0.346883    1.513520 v output9/X (sky130_fd_sc_hd__buf_2)
                                                         adc_out[6] (net)
                      0.167669    0.000330    1.513849 v adc_out[6] (out)
                                              1.513849   data arrival time

                                  0.000000    0.000000   clock clk (rise edge)
                                  0.000000    0.000000   clock network delay (propagated)
                                  0.250000    0.250000   clock uncertainty
                                  0.000000    0.250000   clock reconvergence pessimism
                               -100.000000  -99.750000   output external delay
                                            -99.750000   data required time
---------------------------------------------------------------------------------------------
                                            -99.750000   data required time
                                             -1.513849   data arrival time
---------------------------------------------------------------------------------------------
                                            101.263847   slack (MET)


Startpoint: _156_ (rising edge-triggered flip-flop clocked by clk)
Endpoint: adc_out[3] (output port clocked by clk)
Path Group: clk
Path Type: min

Fanout         Cap        Slew       Delay        Time   Description
---------------------------------------------------------------------------------------------
                                  0.000000    0.000000   clock clk (rise edge)
                                  0.000000    0.000000   clock source latency
     1    0.015067    0.115886    0.077611    0.077611 ^ clk (in)
                                                         clk (net)
                      0.115887    0.000000    0.077611 ^ clkbuf_0_clk/A (sky130_fd_sc_hd__clkbuf_16)
     2    0.018294    0.065294    0.240221    0.317833 ^ clkbuf_0_clk/X (sky130_fd_sc_hd__clkbuf_16)
                                                         clknet_0_clk (net)
                      0.065294    0.000162    0.317994 ^ clkbuf_1_0__f_clk/A (sky130_fd_sc_hd__clkbuf_16)
    12    0.036164    0.089034    0.242356    0.560350 ^ clkbuf_1_0__f_clk/X (sky130_fd_sc_hd__clkbuf_16)
                                                         clknet_1_0__leaf_clk (net)
                      0.089038    0.000705    0.561055 ^ _156_/CLK (sky130_fd_sc_hd__dfxtp_1)
     2    0.006340    0.075724    0.609612    1.170667 v _156_/Q (sky130_fd_sc_hd__dfxtp_1)
                                                         net6 (net)
                      0.075724    0.000062    1.170730 v output6/A (sky130_fd_sc_hd__buf_2)
     1    0.034193    0.165465    0.347233    1.517962 v output6/X (sky130_fd_sc_hd__buf_2)
                                                         adc_out[3] (net)
                      0.165465    0.000263    1.518226 v adc_out[3] (out)
                                              1.518226   data arrival time

                                  0.000000    0.000000   clock clk (rise edge)
                                  0.000000    0.000000   clock network delay (propagated)
                                  0.250000    0.250000   clock uncertainty
                                  0.000000    0.250000   clock reconvergence pessimism
                               -100.000000  -99.750000   output external delay
                                            -99.750000   data required time
---------------------------------------------------------------------------------------------
                                            -99.750000   data required time
                                             -1.518226   data arrival time
---------------------------------------------------------------------------------------------
                                            101.268227   slack (MET)


Startpoint: _155_ (rising edge-triggered flip-flop clocked by clk)
Endpoint: adc_out[2] (output port clocked by clk)
Path Group: clk
Path Type: min

Fanout         Cap        Slew       Delay        Time   Description
---------------------------------------------------------------------------------------------
                                  0.000000    0.000000   clock clk (rise edge)
                                  0.000000    0.000000   clock source latency
     1    0.015067    0.115886    0.077611    0.077611 ^ clk (in)
                                                         clk (net)
                      0.115887    0.000000    0.077611 ^ clkbuf_0_clk/A (sky130_fd_sc_hd__clkbuf_16)
     2    0.018294    0.065294    0.240221    0.317833 ^ clkbuf_0_clk/X (sky130_fd_sc_hd__clkbuf_16)
                                                         clknet_0_clk (net)
                      0.065294    0.000162    0.317994 ^ clkbuf_1_0__f_clk/A (sky130_fd_sc_hd__clkbuf_16)
    12    0.036164    0.089034    0.242356    0.560350 ^ clkbuf_1_0__f_clk/X (sky130_fd_sc_hd__clkbuf_16)
                                                         clknet_1_0__leaf_clk (net)
                      0.089034    0.000312    0.560662 ^ _155_/CLK (sky130_fd_sc_hd__dfxtp_1)
     2    0.006929    0.080371    0.613692    1.174355 v _155_/Q (sky130_fd_sc_hd__dfxtp_1)
                                                         net5 (net)
                      0.080371    0.000101    1.174455 v output5/A (sky130_fd_sc_hd__buf_2)
     1    0.034162    0.165326    0.349295    1.523750 v output5/X (sky130_fd_sc_hd__buf_2)
                                                         adc_out[2] (net)
                      0.165326    0.000255    1.524005 v adc_out[2] (out)
                                              1.524005   data arrival time

                                  0.000000    0.000000   clock clk (rise edge)
                                  0.000000    0.000000   clock network delay (propagated)
                                  0.250000    0.250000   clock uncertainty
                                  0.000000    0.250000   clock reconvergence pessimism
                               -100.000000  -99.750000   output external delay
                                            -99.750000   data required time
---------------------------------------------------------------------------------------------
                                            -99.750000   data required time
                                             -1.524005   data arrival time
---------------------------------------------------------------------------------------------
                                            101.274010   slack (MET)


Startpoint: _157_ (rising edge-triggered flip-flop clocked by clk)
Endpoint: adc_out[4] (output port clocked by clk)
Path Group: clk
Path Type: min

Fanout         Cap        Slew       Delay        Time   Description
---------------------------------------------------------------------------------------------
                                  0.000000    0.000000   clock clk (rise edge)
                                  0.000000    0.000000   clock source latency
     1    0.015067    0.115886    0.077611    0.077611 ^ clk (in)
                                                         clk (net)
                      0.115887    0.000000    0.077611 ^ clkbuf_0_clk/A (sky130_fd_sc_hd__clkbuf_16)
     2    0.018294    0.065294    0.240221    0.317833 ^ clkbuf_0_clk/X (sky130_fd_sc_hd__clkbuf_16)
                                                         clknet_0_clk (net)
                      0.065294    0.000162    0.317994 ^ clkbuf_1_0__f_clk/A (sky130_fd_sc_hd__clkbuf_16)
    12    0.036164    0.089034    0.242356    0.560350 ^ clkbuf_1_0__f_clk/X (sky130_fd_sc_hd__clkbuf_16)
                                                         clknet_1_0__leaf_clk (net)
                      0.089034    0.000278    0.560628 ^ _157_/CLK (sky130_fd_sc_hd__dfxtp_1)
     2    0.006952    0.080561    0.613848    1.174477 v _157_/Q (sky130_fd_sc_hd__dfxtp_1)
                                                         net7 (net)
                      0.080561    0.000101    1.174577 v output7/A (sky130_fd_sc_hd__buf_2)
     1    0.034233    0.165602    0.349621    1.524198 v output7/X (sky130_fd_sc_hd__buf_2)
                                                         adc_out[4] (net)
                      0.165602    0.000243    1.524441 v adc_out[4] (out)
                                              1.524441   data arrival time

                                  0.000000    0.000000   clock clk (rise edge)
                                  0.000000    0.000000   clock network delay (propagated)
                                  0.250000    0.250000   clock uncertainty
                                  0.000000    0.250000   clock reconvergence pessimism
                               -100.000000  -99.750000   output external delay
                                            -99.750000   data required time
---------------------------------------------------------------------------------------------
                                            -99.750000   data required time
                                             -1.524441   data arrival time
---------------------------------------------------------------------------------------------
                                            101.274437   slack (MET)


Startpoint: _158_ (rising edge-triggered flip-flop clocked by clk)
Endpoint: adc_out[5] (output port clocked by clk)
Path Group: clk
Path Type: min

Fanout         Cap        Slew       Delay        Time   Description
---------------------------------------------------------------------------------------------
                                  0.000000    0.000000   clock clk (rise edge)
                                  0.000000    0.000000   clock source latency
     1    0.015067    0.115886    0.077611    0.077611 ^ clk (in)
                                                         clk (net)
                      0.115887    0.000000    0.077611 ^ clkbuf_0_clk/A (sky130_fd_sc_hd__clkbuf_16)
     2    0.018294    0.065294    0.240221    0.317833 ^ clkbuf_0_clk/X (sky130_fd_sc_hd__clkbuf_16)
                                                         clknet_0_clk (net)
                      0.065294    0.000162    0.317994 ^ clkbuf_1_0__f_clk/A (sky130_fd_sc_hd__clkbuf_16)
    12    0.036164    0.089034    0.242356    0.560350 ^ clkbuf_1_0__f_clk/X (sky130_fd_sc_hd__clkbuf_16)
                                                         clknet_1_0__leaf_clk (net)
                      0.089034    0.000355    0.560706 ^ _158_/CLK (sky130_fd_sc_hd__dfxtp_1)
     2    0.007030    0.081185    0.614376    1.175082 v _158_/Q (sky130_fd_sc_hd__dfxtp_1)
                                                         net8 (net)
                      0.081185    0.000124    1.175206 v output8/A (sky130_fd_sc_hd__buf_2)
     1    0.035078    0.168980    0.352545    1.527751 v output8/X (sky130_fd_sc_hd__buf_2)
                                                         adc_out[5] (net)
                      0.168980    0.000358    1.528109 v adc_out[5] (out)
                                              1.528109   data arrival time

                                  0.000000    0.000000   clock clk (rise edge)
                                  0.000000    0.000000   clock network delay (propagated)
                                  0.250000    0.250000   clock uncertainty
                                  0.000000    0.250000   clock reconvergence pessimism
                               -100.000000  -99.750000   output external delay
                                            -99.750000   data required time
---------------------------------------------------------------------------------------------
                                            -99.750000   data required time
                                             -1.528109   data arrival time
---------------------------------------------------------------------------------------------
                                            101.278107   slack (MET)


Startpoint: _166_ (rising edge-triggered flip-flop clocked by clk)
Endpoint: dac_in[5] (output port clocked by clk)
Path Group: clk
Path Type: min

Fanout         Cap        Slew       Delay        Time   Description
---------------------------------------------------------------------------------------------
                                  0.000000    0.000000   clock clk (rise edge)
                                  0.000000    0.000000   clock source latency
     1    0.015067    0.115886    0.077611    0.077611 ^ clk (in)
                                                         clk (net)
                      0.115887    0.000000    0.077611 ^ clkbuf_0_clk/A (sky130_fd_sc_hd__clkbuf_16)
     2    0.018294    0.065294    0.240221    0.317833 ^ clkbuf_0_clk/X (sky130_fd_sc_hd__clkbuf_16)
                                                         clknet_0_clk (net)
                      0.065294    0.000162    0.317994 ^ clkbuf_1_0__f_clk/A (sky130_fd_sc_hd__clkbuf_16)
    12    0.036164    0.089034    0.242356    0.560350 ^ clkbuf_1_0__f_clk/X (sky130_fd_sc_hd__clkbuf_16)
                                                         clknet_1_0__leaf_clk (net)
                      0.089035    0.000454    0.560805 ^ _166_/CLK (sky130_fd_sc_hd__dfxtp_1)
     3    0.009180    0.098587    0.629350    1.190155 v _166_/Q (sky130_fd_sc_hd__dfxtp_1)
                                                         net17 (net)
                      0.098587    0.000044    1.190199 v output17/A (sky130_fd_sc_hd__buf_2)
     1    0.034467    0.166608    0.358929    1.549129 v output17/X (sky130_fd_sc_hd__buf_2)
                                                         dac_in[5] (net)
                      0.166608    0.000432    1.549561 v dac_in[5] (out)
                                              1.549561   data arrival time

                                  0.000000    0.000000   clock clk (rise edge)
                                  0.000000    0.000000   clock network delay (propagated)
                                  0.250000    0.250000   clock uncertainty
                                  0.000000    0.250000   clock reconvergence pessimism
                               -100.000000  -99.750000   output external delay
                                            -99.750000   data required time
---------------------------------------------------------------------------------------------
                                            -99.750000   data required time
                                             -1.549561   data arrival time
---------------------------------------------------------------------------------------------
                                            101.299561   slack (MET)


Startpoint: _168_ (rising edge-triggered flip-flop clocked by clk)
Endpoint: dac_in[7] (output port clocked by clk)
Path Group: clk
Path Type: min

Fanout         Cap        Slew       Delay        Time   Description
---------------------------------------------------------------------------------------------
                                  0.000000    0.000000   clock clk (rise edge)
                                  0.000000    0.000000   clock source latency
     1    0.015067    0.115886    0.077611    0.077611 ^ clk (in)
                                                         clk (net)
                      0.115887    0.000000    0.077611 ^ clkbuf_0_clk/A (sky130_fd_sc_hd__clkbuf_16)
     2    0.018294    0.065294    0.240221    0.317833 ^ clkbuf_0_clk/X (sky130_fd_sc_hd__clkbuf_16)
                                                         clknet_0_clk (net)
                      0.065294    0.000162    0.317994 ^ clkbuf_1_0__f_clk/A (sky130_fd_sc_hd__clkbuf_16)
    12    0.036164    0.089034    0.242356    0.560350 ^ clkbuf_1_0__f_clk/X (sky130_fd_sc_hd__clkbuf_16)
                                                         clknet_1_0__leaf_clk (net)
                      0.089036    0.000568    0.560919 ^ _168_/CLK (sky130_fd_sc_hd__dfxtp_1)
     3    0.009797    0.103617    0.633627    1.194546 v _168_/Q (sky130_fd_sc_hd__dfxtp_1)
                                                         net19 (net)
                      0.103617    0.000085    1.194631 v output19/A (sky130_fd_sc_hd__buf_2)
     1    0.034876    0.168246    0.362642    1.557273 v output19/X (sky130_fd_sc_hd__buf_2)
                                                         dac_in[7] (net)
                      0.168246    0.000465    1.557738 v dac_in[7] (out)
                                              1.557738   data arrival time

                                  0.000000    0.000000   clock clk (rise edge)
                                  0.000000    0.000000   clock network delay (propagated)
                                  0.250000    0.250000   clock uncertainty
                                  0.000000    0.250000   clock reconvergence pessimism
                               -100.000000  -99.750000   output external delay
                                            -99.750000   data required time
---------------------------------------------------------------------------------------------
                                            -99.750000   data required time
                                             -1.557738   data arrival time
---------------------------------------------------------------------------------------------
                                            101.307739   slack (MET)


Startpoint: _165_ (rising edge-triggered flip-flop clocked by clk)
Endpoint: dac_in[4] (output port clocked by clk)
Path Group: clk
Path Type: min

Fanout         Cap        Slew       Delay        Time   Description
---------------------------------------------------------------------------------------------
                                  0.000000    0.000000   clock clk (rise edge)
                                  0.000000    0.000000   clock source latency
     1    0.015067    0.115886    0.077611    0.077611 ^ clk (in)
                                                         clk (net)
                      0.115887    0.000000    0.077611 ^ clkbuf_0_clk/A (sky130_fd_sc_hd__clkbuf_16)
     2    0.018294    0.065294    0.240221    0.317833 ^ clkbuf_0_clk/X (sky130_fd_sc_hd__clkbuf_16)
                                                         clknet_0_clk (net)
                      0.065294    0.000054    0.317887 ^ clkbuf_1_1__f_clk/A (sky130_fd_sc_hd__clkbuf_16)
    10    0.038645    0.092567    0.245916    0.563803 ^ clkbuf_1_1__f_clk/X (sky130_fd_sc_hd__clkbuf_16)
                                                         clknet_1_1__leaf_clk (net)
                      0.092567    0.000404    0.564207 ^ _165_/CLK (sky130_fd_sc_hd__dfxtp_1)
     3    0.009664    0.102533    0.634354    1.198560 v _165_/Q (sky130_fd_sc_hd__dfxtp_1)
                                                         net16 (net)
                      0.102533    0.000036    1.198596 v output16/A (sky130_fd_sc_hd__buf_2)
     1    0.034467    0.166613    0.360832    1.559428 v output16/X (sky130_fd_sc_hd__buf_2)
                                                         dac_in[4] (net)
                      0.166613    0.000432    1.559860 v dac_in[4] (out)
                                              1.559860   data arrival time

                                  0.000000    0.000000   clock clk (rise edge)
                                  0.000000    0.000000   clock network delay (propagated)
                                  0.250000    0.250000   clock uncertainty
                                  0.000000    0.250000   clock reconvergence pessimism
                               -100.000000  -99.750000   output external delay
                                            -99.750000   data required time
---------------------------------------------------------------------------------------------
                                            -99.750000   data required time
                                             -1.559860   data arrival time
---------------------------------------------------------------------------------------------
                                            101.309860   slack (MET)


Startpoint: _166_ (rising edge-triggered flip-flop clocked by clk)
Endpoint: dac_in_n[5] (output port clocked by clk)
Path Group: clk
Path Type: min

Fanout         Cap        Slew       Delay        Time   Description
---------------------------------------------------------------------------------------------
                                  0.000000    0.000000   clock clk (rise edge)
                                  0.000000    0.000000   clock source latency
     1    0.015067    0.115886    0.077611    0.077611 ^ clk (in)
                                                         clk (net)
                      0.115887    0.000000    0.077611 ^ clkbuf_0_clk/A (sky130_fd_sc_hd__clkbuf_16)
     2    0.018294    0.065294    0.240221    0.317833 ^ clkbuf_0_clk/X (sky130_fd_sc_hd__clkbuf_16)
                                                         clknet_0_clk (net)
                      0.065294    0.000162    0.317994 ^ clkbuf_1_0__f_clk/A (sky130_fd_sc_hd__clkbuf_16)
    12    0.036164    0.089034    0.242356    0.560350 ^ clkbuf_1_0__f_clk/X (sky130_fd_sc_hd__clkbuf_16)
                                                         clknet_1_0__leaf_clk (net)
                      0.089035    0.000454    0.560805 ^ _166_/CLK (sky130_fd_sc_hd__dfxtp_1)
     3    0.009180    0.098587    0.629350    1.190155 v _166_/Q (sky130_fd_sc_hd__dfxtp_1)
                                                         net17 (net)
                      0.098587    0.000072    1.190227 v _076_/A (sky130_fd_sc_hd__inv_2)
     2    0.005934    0.058118    0.095220    1.285447 ^ _076_/Y (sky130_fd_sc_hd__inv_2)
                                                         net25 (net)
                      0.058118    0.000038    1.285486 ^ output25/A (sky130_fd_sc_hd__buf_2)
     1    0.034467    0.273550    0.339276    1.624762 ^ output25/X (sky130_fd_sc_hd__buf_2)
                                                         dac_in_n[5] (net)
                      0.273550    0.000432    1.625194 ^ dac_in_n[5] (out)
                                              1.625194   data arrival time

                                  0.000000    0.000000   clock clk (rise edge)
                                  0.000000    0.000000   clock network delay (propagated)
                                  0.250000    0.250000   clock uncertainty
                                  0.000000    0.250000   clock reconvergence pessimism
                               -100.000000  -99.750000   output external delay
                                            -99.750000   data required time
---------------------------------------------------------------------------------------------
                                            -99.750000   data required time
                                             -1.625194   data arrival time
---------------------------------------------------------------------------------------------
                                            101.375198   slack (MET)


Startpoint: _165_ (rising edge-triggered flip-flop clocked by clk)
Endpoint: dac_in_n[4] (output port clocked by clk)
Path Group: clk
Path Type: min

Fanout         Cap        Slew       Delay        Time   Description
---------------------------------------------------------------------------------------------
                                  0.000000    0.000000   clock clk (rise edge)
                                  0.000000    0.000000   clock source latency
     1    0.015067    0.115886    0.077611    0.077611 ^ clk (in)
                                                         clk (net)
                      0.115887    0.000000    0.077611 ^ clkbuf_0_clk/A (sky130_fd_sc_hd__clkbuf_16)
     2    0.018294    0.065294    0.240221    0.317833 ^ clkbuf_0_clk/X (sky130_fd_sc_hd__clkbuf_16)
                                                         clknet_0_clk (net)
                      0.065294    0.000054    0.317887 ^ clkbuf_1_1__f_clk/A (sky130_fd_sc_hd__clkbuf_16)
    10    0.038645    0.092567    0.245916    0.563803 ^ clkbuf_1_1__f_clk/X (sky130_fd_sc_hd__clkbuf_16)
                                                         clknet_1_1__leaf_clk (net)
                      0.092567    0.000404    0.564207 ^ _165_/CLK (sky130_fd_sc_hd__dfxtp_1)
     3    0.009664    0.102533    0.634354    1.198560 v _165_/Q (sky130_fd_sc_hd__dfxtp_1)
                                                         net16 (net)
                      0.102533    0.000068    1.198628 v _077_/A (sky130_fd_sc_hd__inv_2)
     2    0.005527    0.056387    0.094731    1.293359 ^ _077_/Y (sky130_fd_sc_hd__inv_2)
                                                         net24 (net)
                      0.056387    0.000035    1.293395 ^ output24/A (sky130_fd_sc_hd__buf_2)
     1    0.034467    0.273547    0.338483    1.631877 ^ output24/X (sky130_fd_sc_hd__buf_2)
                                                         dac_in_n[4] (net)
                      0.273547    0.000432    1.632310 ^ dac_in_n[4] (out)
                                              1.632310   data arrival time

                                  0.000000    0.000000   clock clk (rise edge)
                                  0.000000    0.000000   clock network delay (propagated)
                                  0.250000    0.250000   clock uncertainty
                                  0.000000    0.250000   clock reconvergence pessimism
                               -100.000000  -99.750000   output external delay
                                            -99.750000   data required time
---------------------------------------------------------------------------------------------
                                            -99.750000   data required time
                                             -1.632310   data arrival time
---------------------------------------------------------------------------------------------
                                            101.382309   slack (MET)


Startpoint: _167_ (rising edge-triggered flip-flop clocked by clk)
Endpoint: dac_in[6] (output port clocked by clk)
Path Group: clk
Path Type: min

Fanout         Cap        Slew       Delay        Time   Description
---------------------------------------------------------------------------------------------
                                  0.000000    0.000000   clock clk (rise edge)
                                  0.000000    0.000000   clock source latency
     1    0.015067    0.115886    0.077611    0.077611 ^ clk (in)
                                                         clk (net)
                      0.115887    0.000000    0.077611 ^ clkbuf_0_clk/A (sky130_fd_sc_hd__clkbuf_16)
     2    0.018294    0.065294    0.240221    0.317833 ^ clkbuf_0_clk/X (sky130_fd_sc_hd__clkbuf_16)
                                                         clknet_0_clk (net)
                      0.065294    0.000162    0.317994 ^ clkbuf_1_0__f_clk/A (sky130_fd_sc_hd__clkbuf_16)
    12    0.036164    0.089034    0.242356    0.560350 ^ clkbuf_1_0__f_clk/X (sky130_fd_sc_hd__clkbuf_16)
                                                         clknet_1_0__leaf_clk (net)
                      0.089034    0.000397    0.560747 ^ _167_/CLK (sky130_fd_sc_hd__dfxtp_1)
     4    0.017102    0.162115    0.681701    1.242449 v _167_/Q (sky130_fd_sc_hd__dfxtp_1)
                                                         net18 (net)
                      0.162115    0.000398    1.242847 v output18/A (sky130_fd_sc_hd__buf_2)
     1    0.034721    0.167709    0.390357    1.633204 v output18/X (sky130_fd_sc_hd__buf_2)
                                                         dac_in[6] (net)
                      0.167709    0.000462    1.633666 v dac_in[6] (out)
                                              1.633666   data arrival time

                                  0.000000    0.000000   clock clk (rise edge)
                                  0.000000    0.000000   clock network delay (propagated)
                                  0.250000    0.250000   clock uncertainty
                                  0.000000    0.250000   clock reconvergence pessimism
                               -100.000000  -99.750000   output external delay
                                            -99.750000   data required time
---------------------------------------------------------------------------------------------
                                            -99.750000   data required time
                                             -1.633666   data arrival time
---------------------------------------------------------------------------------------------
                                            101.383667   slack (MET)


Startpoint: _164_ (rising edge-triggered flip-flop clocked by clk)
Endpoint: dac_in[3] (output port clocked by clk)
Path Group: clk
Path Type: min

Fanout         Cap        Slew       Delay        Time   Description
---------------------------------------------------------------------------------------------
                                  0.000000    0.000000   clock clk (rise edge)
                                  0.000000    0.000000   clock source latency
     1    0.015067    0.115886    0.077611    0.077611 ^ clk (in)
                                                         clk (net)
                      0.115887    0.000000    0.077611 ^ clkbuf_0_clk/A (sky130_fd_sc_hd__clkbuf_16)
     2    0.018294    0.065294    0.240221    0.317833 ^ clkbuf_0_clk/X (sky130_fd_sc_hd__clkbuf_16)
                                                         clknet_0_clk (net)
                      0.065294    0.000054    0.317887 ^ clkbuf_1_1__f_clk/A (sky130_fd_sc_hd__clkbuf_16)
    10    0.038645    0.092567    0.245916    0.563803 ^ clkbuf_1_1__f_clk/X (sky130_fd_sc_hd__clkbuf_16)
                                                         clknet_1_1__leaf_clk (net)
                      0.092567    0.000442    0.564245 ^ _164_/CLK (sky130_fd_sc_hd__dfxtp_1)
     3    0.018229    0.171588    0.690430    1.254675 v _164_/Q (sky130_fd_sc_hd__dfxtp_1)
                                                         net15 (net)
                      0.171588    0.000081    1.254757 v output15/A (sky130_fd_sc_hd__buf_2)
     1    0.034467    0.166706    0.394132    1.648888 v output15/X (sky130_fd_sc_hd__buf_2)
                                                         dac_in[3] (net)
                      0.166706    0.000432    1.649320 v dac_in[3] (out)
                                              1.649320   data arrival time

                                  0.000000    0.000000   clock clk (rise edge)
                                  0.000000    0.000000   clock network delay (propagated)
                                  0.250000    0.250000   clock uncertainty
                                  0.000000    0.250000   clock reconvergence pessimism
                               -100.000000  -99.750000   output external delay
                                            -99.750000   data required time
---------------------------------------------------------------------------------------------
                                            -99.750000   data required time
                                             -1.649320   data arrival time
---------------------------------------------------------------------------------------------
                                            101.399315   slack (MET)


Startpoint: _161_ (rising edge-triggered flip-flop clocked by clk)
Endpoint: dac_in[0] (output port clocked by clk)
Path Group: clk
Path Type: min

Fanout         Cap        Slew       Delay        Time   Description
---------------------------------------------------------------------------------------------
                                  0.000000    0.000000   clock clk (rise edge)
                                  0.000000    0.000000   clock source latency
     1    0.015067    0.115886    0.077611    0.077611 ^ clk (in)
                                                         clk (net)
                      0.115887    0.000000    0.077611 ^ clkbuf_0_clk/A (sky130_fd_sc_hd__clkbuf_16)
     2    0.018294    0.065294    0.240221    0.317833 ^ clkbuf_0_clk/X (sky130_fd_sc_hd__clkbuf_16)
                                                         clknet_0_clk (net)
                      0.065294    0.000054    0.317887 ^ clkbuf_1_1__f_clk/A (sky130_fd_sc_hd__clkbuf_16)
    10    0.038645    0.092567    0.245916    0.563803 ^ clkbuf_1_1__f_clk/X (sky130_fd_sc_hd__clkbuf_16)
                                                         clknet_1_1__leaf_clk (net)
                      0.092569    0.000589    0.564392 ^ _161_/CLK (sky130_fd_sc_hd__dfxtp_2)
     4    0.031243    0.149715    0.713243    1.277635 v _161_/Q (sky130_fd_sc_hd__dfxtp_2)
                                                         net12 (net)
                      0.149715    0.000335    1.277970 v output12/A (sky130_fd_sc_hd__buf_2)
     1    0.034467    0.166676    0.383584    1.661554 v output12/X (sky130_fd_sc_hd__buf_2)
                                                         dac_in[0] (net)
                      0.166676    0.000432    1.661987 v dac_in[0] (out)
                                              1.661987   data arrival time

                                  0.000000    0.000000   clock clk (rise edge)
                                  0.000000    0.000000   clock network delay (propagated)
                                  0.250000    0.250000   clock uncertainty
                                  0.000000    0.250000   clock reconvergence pessimism
                               -100.000000  -99.750000   output external delay
                                            -99.750000   data required time
---------------------------------------------------------------------------------------------
                                            -99.750000   data required time
                                             -1.661987   data arrival time
---------------------------------------------------------------------------------------------
                                            101.411987   slack (MET)


Startpoint: _167_ (rising edge-triggered flip-flop clocked by clk)
Endpoint: dac_in_n[6] (output port clocked by clk)
Path Group: clk
Path Type: min

Fanout         Cap        Slew       Delay        Time   Description
---------------------------------------------------------------------------------------------
                                  0.000000    0.000000   clock clk (rise edge)
                                  0.000000    0.000000   clock source latency
     1    0.015067    0.115886    0.077611    0.077611 ^ clk (in)
                                                         clk (net)
                      0.115887    0.000000    0.077611 ^ clkbuf_0_clk/A (sky130_fd_sc_hd__clkbuf_16)
     2    0.018294    0.065294    0.240221    0.317833 ^ clkbuf_0_clk/X (sky130_fd_sc_hd__clkbuf_16)
                                                         clknet_0_clk (net)
                      0.065294    0.000162    0.317994 ^ clkbuf_1_0__f_clk/A (sky130_fd_sc_hd__clkbuf_16)
    12    0.036164    0.089034    0.242356    0.560350 ^ clkbuf_1_0__f_clk/X (sky130_fd_sc_hd__clkbuf_16)
                                                         clknet_1_0__leaf_clk (net)
                      0.089034    0.000397    0.560747 ^ _167_/CLK (sky130_fd_sc_hd__dfxtp_1)
     4    0.017102    0.162115    0.681701    1.242449 v _167_/Q (sky130_fd_sc_hd__dfxtp_1)
                                                         net18 (net)
                      0.162115    0.000358    1.242806 v _075_/A (sky130_fd_sc_hd__inv_2)
     1    0.002131    0.049607    0.093715    1.336521 ^ _075_/Y (sky130_fd_sc_hd__inv_2)
                                                         net26 (net)
                      0.049607    0.000019    1.336540 ^ output26/A (sky130_fd_sc_hd__buf_2)
     1    0.034505    0.273821    0.335569    1.672109 ^ output26/X (sky130_fd_sc_hd__buf_2)
                                                         dac_in_n[6] (net)
                      0.273821    0.000444    1.672553 ^ dac_in_n[6] (out)
                                              1.672553   data arrival time

                                  0.000000    0.000000   clock clk (rise edge)
                                  0.000000    0.000000   clock network delay (propagated)
                                  0.250000    0.250000   clock uncertainty
                                  0.000000    0.250000   clock reconvergence pessimism
                               -100.000000  -99.750000   output external delay
                                            -99.750000   data required time
---------------------------------------------------------------------------------------------
                                            -99.750000   data required time
                                             -1.672553   data arrival time
---------------------------------------------------------------------------------------------
                                            101.422554   slack (MET)


Startpoint: _168_ (rising edge-triggered flip-flop clocked by clk)
Endpoint: dac_in_n[7] (output port clocked by clk)
Path Group: clk
Path Type: min

Fanout         Cap        Slew       Delay        Time   Description
---------------------------------------------------------------------------------------------
                                  0.000000    0.000000   clock clk (rise edge)
                                  0.000000    0.000000   clock source latency
     1    0.015067    0.115886    0.077611    0.077611 ^ clk (in)
                                                         clk (net)
                      0.115887    0.000000    0.077611 ^ clkbuf_0_clk/A (sky130_fd_sc_hd__clkbuf_16)
     2    0.018294    0.065294    0.240221    0.317833 ^ clkbuf_0_clk/X (sky130_fd_sc_hd__clkbuf_16)
                                                         clknet_0_clk (net)
                      0.065294    0.000162    0.317994 ^ clkbuf_1_0__f_clk/A (sky130_fd_sc_hd__clkbuf_16)
    12    0.036164    0.089034    0.242356    0.560350 ^ clkbuf_1_0__f_clk/X (sky130_fd_sc_hd__clkbuf_16)
                                                         clknet_1_0__leaf_clk (net)
                      0.089036    0.000568    0.560919 ^ _168_/CLK (sky130_fd_sc_hd__dfxtp_1)
     3    0.009797    0.103617    0.633627    1.194546 v _168_/Q (sky130_fd_sc_hd__dfxtp_1)
                                                         net19 (net)
                      0.103617    0.000071    1.194617 v _074_/A (sky130_fd_sc_hd__inv_2)
     2    0.011925    0.098383    0.128132    1.322749 ^ _074_/Y (sky130_fd_sc_hd__inv_2)
                                                         net27 (net)
                      0.098383    0.000058    1.322807 ^ output27/A (sky130_fd_sc_hd__buf_2)
     1    0.034467    0.273620    0.357936    1.680743 ^ output27/X (sky130_fd_sc_hd__buf_2)
                                                         dac_in_n[7] (net)
                      0.273620    0.000432    1.681175 ^ dac_in_n[7] (out)
                                              1.681175   data arrival time

                                  0.000000    0.000000   clock clk (rise edge)
                                  0.000000    0.000000   clock network delay (propagated)
                                  0.250000    0.250000   clock uncertainty
                                  0.000000    0.250000   clock reconvergence pessimism
                               -100.000000  -99.750000   output external delay
                                            -99.750000   data required time
---------------------------------------------------------------------------------------------
                                            -99.750000   data required time
                                             -1.681175   data arrival time
---------------------------------------------------------------------------------------------
                                            101.431175   slack (MET)


Startpoint: _163_ (rising edge-triggered flip-flop clocked by clk)
Endpoint: dac_in[2] (output port clocked by clk)
Path Group: clk
Path Type: min

Fanout         Cap        Slew       Delay        Time   Description
---------------------------------------------------------------------------------------------
                                  0.000000    0.000000   clock clk (rise edge)
                                  0.000000    0.000000   clock source latency
     1    0.015067    0.115886    0.077611    0.077611 ^ clk (in)
                                                         clk (net)
                      0.115887    0.000000    0.077611 ^ clkbuf_0_clk/A (sky130_fd_sc_hd__clkbuf_16)
     2    0.018294    0.065294    0.240221    0.317833 ^ clkbuf_0_clk/X (sky130_fd_sc_hd__clkbuf_16)
                                                         clknet_0_clk (net)
                      0.065294    0.000054    0.317887 ^ clkbuf_1_1__f_clk/A (sky130_fd_sc_hd__clkbuf_16)
    10    0.038645    0.092567    0.245916    0.563803 ^ clkbuf_1_1__f_clk/X (sky130_fd_sc_hd__clkbuf_16)
                                                         clknet_1_1__leaf_clk (net)
                      0.092568    0.000522    0.564325 ^ _163_/CLK (sky130_fd_sc_hd__dfxtp_1)
     4    0.022429    0.206896    0.716864    1.281189 v _163_/Q (sky130_fd_sc_hd__dfxtp_1)
                                                         net14 (net)
                      0.206896    0.000137    1.281326 v output14/A (sky130_fd_sc_hd__buf_2)
     1    0.034797    0.168081    0.412172    1.693498 v output14/X (sky130_fd_sc_hd__buf_2)
                                                         dac_in[2] (net)
                      0.168081    0.000497    1.693995 v dac_in[2] (out)
                                              1.693995   data arrival time

                                  0.000000    0.000000   clock clk (rise edge)
                                  0.000000    0.000000   clock network delay (propagated)
                                  0.250000    0.250000   clock uncertainty
                                  0.000000    0.250000   clock reconvergence pessimism
                               -100.000000  -99.750000   output external delay
                                            -99.750000   data required time
---------------------------------------------------------------------------------------------
                                            -99.750000   data required time
                                             -1.693995   data arrival time
---------------------------------------------------------------------------------------------
                                            101.444000   slack (MET)


Startpoint: _161_ (rising edge-triggered flip-flop clocked by clk)
Endpoint: dac_in_n[0] (output port clocked by clk)
Path Group: clk
Path Type: min

Fanout         Cap        Slew       Delay        Time   Description
---------------------------------------------------------------------------------------------
                                  0.000000    0.000000   clock clk (rise edge)
                                  0.000000    0.000000   clock source latency
     1    0.015067    0.115886    0.077611    0.077611 ^ clk (in)
                                                         clk (net)
                      0.115887    0.000000    0.077611 ^ clkbuf_0_clk/A (sky130_fd_sc_hd__clkbuf_16)
     2    0.018294    0.065294    0.240221    0.317833 ^ clkbuf_0_clk/X (sky130_fd_sc_hd__clkbuf_16)
                                                         clknet_0_clk (net)
                      0.065294    0.000054    0.317887 ^ clkbuf_1_1__f_clk/A (sky130_fd_sc_hd__clkbuf_16)
    10    0.038645    0.092567    0.245916    0.563803 ^ clkbuf_1_1__f_clk/X (sky130_fd_sc_hd__clkbuf_16)
                                                         clknet_1_1__leaf_clk (net)
                      0.092569    0.000589    0.564392 ^ _161_/CLK (sky130_fd_sc_hd__dfxtp_2)
     4    0.031243    0.149715    0.713243    1.277635 v _161_/Q (sky130_fd_sc_hd__dfxtp_2)
                                                         net12 (net)
                      0.149715    0.000347    1.277982 v _081_/A (sky130_fd_sc_hd__inv_2)
     1    0.002441    0.048775    0.092013    1.369995 ^ _081_/Y (sky130_fd_sc_hd__inv_2)
                                                         net20 (net)
                      0.048775    0.000024    1.370019 ^ output20/A (sky130_fd_sc_hd__buf_2)
     1    0.034429    0.273251    0.334801    1.704820 ^ output20/X (sky130_fd_sc_hd__buf_2)
                                                         dac_in_n[0] (net)
                      0.273251    0.000420    1.705240 ^ dac_in_n[0] (out)
                                              1.705240   data arrival time

                                  0.000000    0.000000   clock clk (rise edge)
                                  0.000000    0.000000   clock network delay (propagated)
                                  0.250000    0.250000   clock uncertainty
                                  0.000000    0.250000   clock reconvergence pessimism
                               -100.000000  -99.750000   output external delay
                                            -99.750000   data required time
---------------------------------------------------------------------------------------------
                                            -99.750000   data required time
                                             -1.705240   data arrival time
---------------------------------------------------------------------------------------------
                                            101.455238   slack (MET)


Startpoint: _164_ (rising edge-triggered flip-flop clocked by clk)
Endpoint: dac_in_n[3] (output port clocked by clk)
Path Group: clk
Path Type: min

Fanout         Cap        Slew       Delay        Time   Description
---------------------------------------------------------------------------------------------
                                  0.000000    0.000000   clock clk (rise edge)
                                  0.000000    0.000000   clock source latency
     1    0.015067    0.115886    0.077611    0.077611 ^ clk (in)
                                                         clk (net)
                      0.115887    0.000000    0.077611 ^ clkbuf_0_clk/A (sky130_fd_sc_hd__clkbuf_16)
     2    0.018294    0.065294    0.240221    0.317833 ^ clkbuf_0_clk/X (sky130_fd_sc_hd__clkbuf_16)
                                                         clknet_0_clk (net)
                      0.065294    0.000054    0.317887 ^ clkbuf_1_1__f_clk/A (sky130_fd_sc_hd__clkbuf_16)
    10    0.038645    0.092567    0.245916    0.563803 ^ clkbuf_1_1__f_clk/X (sky130_fd_sc_hd__clkbuf_16)
                                                         clknet_1_1__leaf_clk (net)
                      0.092567    0.000442    0.564245 ^ _164_/CLK (sky130_fd_sc_hd__dfxtp_1)
     3    0.018229    0.171588    0.690430    1.254675 v _164_/Q (sky130_fd_sc_hd__dfxtp_1)
                                                         net15 (net)
                      0.171588    0.000093    1.254768 v _078_/A (sky130_fd_sc_hd__inv_2)
     2    0.005622    0.071899    0.124480    1.379248 ^ _078_/Y (sky130_fd_sc_hd__inv_2)
                                                         net23 (net)
                      0.071899    0.000039    1.379287 ^ output23/A (sky130_fd_sc_hd__buf_2)
     1    0.034505    0.273857    0.345786    1.725073 ^ output23/X (sky130_fd_sc_hd__buf_2)
                                                         dac_in_n[3] (net)
                      0.273857    0.000444    1.725517 ^ dac_in_n[3] (out)
                                              1.725517   data arrival time

                                  0.000000    0.000000   clock clk (rise edge)
                                  0.000000    0.000000   clock network delay (propagated)
                                  0.250000    0.250000   clock uncertainty
                                  0.000000    0.250000   clock reconvergence pessimism
                               -100.000000  -99.750000   output external delay
                                            -99.750000   data required time
---------------------------------------------------------------------------------------------
                                            -99.750000   data required time
                                             -1.725517   data arrival time
---------------------------------------------------------------------------------------------
                                            101.475517   slack (MET)


Startpoint: _162_ (rising edge-triggered flip-flop clocked by clk)
Endpoint: dac_in[1] (output port clocked by clk)
Path Group: clk
Path Type: min

Fanout         Cap        Slew       Delay        Time   Description
---------------------------------------------------------------------------------------------
                                  0.000000    0.000000   clock clk (rise edge)
                                  0.000000    0.000000   clock source latency
     1    0.015067    0.115886    0.077611    0.077611 ^ clk (in)
                                                         clk (net)
                      0.115887    0.000000    0.077611 ^ clkbuf_0_clk/A (sky130_fd_sc_hd__clkbuf_16)
     2    0.018294    0.065294    0.240221    0.317833 ^ clkbuf_0_clk/X (sky130_fd_sc_hd__clkbuf_16)
                                                         clknet_0_clk (net)
                      0.065294    0.000054    0.317887 ^ clkbuf_1_1__f_clk/A (sky130_fd_sc_hd__clkbuf_16)
    10    0.038645    0.092567    0.245916    0.563803 ^ clkbuf_1_1__f_clk/X (sky130_fd_sc_hd__clkbuf_16)
                                                         clknet_1_1__leaf_clk (net)
                      0.092569    0.000596    0.564399 ^ _162_/CLK (sky130_fd_sc_hd__dfxtp_1)
     3    0.026422    0.240485    0.742102    1.306502 v _162_/Q (sky130_fd_sc_hd__dfxtp_1)
                                                         net13 (net)
                      0.240485    0.000073    1.306574 v output13/A (sky130_fd_sc_hd__buf_2)
     1    0.034505    0.167011    0.427320    1.733894 v output13/X (sky130_fd_sc_hd__buf_2)
                                                         dac_in[1] (net)
                      0.167011    0.000444    1.734338 v dac_in[1] (out)
                                              1.734338   data arrival time

                                  0.000000    0.000000   clock clk (rise edge)
                                  0.000000    0.000000   clock network delay (propagated)
                                  0.250000    0.250000   clock uncertainty
                                  0.000000    0.250000   clock reconvergence pessimism
                               -100.000000  -99.750000   output external delay
                                            -99.750000   data required time
---------------------------------------------------------------------------------------------
                                            -99.750000   data required time
                                             -1.734338   data arrival time
---------------------------------------------------------------------------------------------
                                            101.484337   slack (MET)


Startpoint: _163_ (rising edge-triggered flip-flop clocked by clk)
Endpoint: dac_in_n[2] (output port clocked by clk)
Path Group: clk
Path Type: min

Fanout         Cap        Slew       Delay        Time   Description
---------------------------------------------------------------------------------------------
                                  0.000000    0.000000   clock clk (rise edge)
                                  0.000000    0.000000   clock source latency
     1    0.015067    0.115886    0.077611    0.077611 ^ clk (in)
                                                         clk (net)
                      0.115887    0.000000    0.077611 ^ clkbuf_0_clk/A (sky130_fd_sc_hd__clkbuf_16)
     2    0.018294    0.065294    0.240221    0.317833 ^ clkbuf_0_clk/X (sky130_fd_sc_hd__clkbuf_16)
                                                         clknet_0_clk (net)
                      0.065294    0.000054    0.317887 ^ clkbuf_1_1__f_clk/A (sky130_fd_sc_hd__clkbuf_16)
    10    0.038645    0.092567    0.245916    0.563803 ^ clkbuf_1_1__f_clk/X (sky130_fd_sc_hd__clkbuf_16)
                                                         clknet_1_1__leaf_clk (net)
                      0.092568    0.000522    0.564325 ^ _163_/CLK (sky130_fd_sc_hd__dfxtp_1)
     4    0.022429    0.206896    0.716864    1.281189 v _163_/Q (sky130_fd_sc_hd__dfxtp_1)
                                                         net14 (net)
                      0.206896    0.000131    1.281321 v _079_/A (sky130_fd_sc_hd__inv_2)
     1    0.002597    0.061097    0.112226    1.393547 ^ _079_/Y (sky130_fd_sc_hd__inv_2)
                                                         net22 (net)
                      0.061097    0.000030    1.393577 ^ output22/A (sky130_fd_sc_hd__buf_2)
     1    0.034585    0.274434    0.341257    1.734834 ^ output22/X (sky130_fd_sc_hd__buf_2)
                                                         dac_in_n[2] (net)
                      0.274434    0.000448    1.735282 ^ dac_in_n[2] (out)
                                              1.735282   data arrival time

                                  0.000000    0.000000   clock clk (rise edge)
                                  0.000000    0.000000   clock network delay (propagated)
                                  0.250000    0.250000   clock uncertainty
                                  0.000000    0.250000   clock reconvergence pessimism
                               -100.000000  -99.750000   output external delay
                                            -99.750000   data required time
---------------------------------------------------------------------------------------------
                                            -99.750000   data required time
                                             -1.735282   data arrival time
---------------------------------------------------------------------------------------------
                                            101.485283   slack (MET)


Startpoint: _162_ (rising edge-triggered flip-flop clocked by clk)
Endpoint: dac_in_n[1] (output port clocked by clk)
Path Group: clk
Path Type: min

Fanout         Cap        Slew       Delay        Time   Description
---------------------------------------------------------------------------------------------
                                  0.000000    0.000000   clock clk (rise edge)
                                  0.000000    0.000000   clock source latency
     1    0.015067    0.115886    0.077611    0.077611 ^ clk (in)
                                                         clk (net)
                      0.115887    0.000000    0.077611 ^ clkbuf_0_clk/A (sky130_fd_sc_hd__clkbuf_16)
     2    0.018294    0.065294    0.240221    0.317833 ^ clkbuf_0_clk/X (sky130_fd_sc_hd__clkbuf_16)
                                                         clknet_0_clk (net)
                      0.065294    0.000054    0.317887 ^ clkbuf_1_1__f_clk/A (sky130_fd_sc_hd__clkbuf_16)
    10    0.038645    0.092567    0.245916    0.563803 ^ clkbuf_1_1__f_clk/X (sky130_fd_sc_hd__clkbuf_16)
                                                         clknet_1_1__leaf_clk (net)
                      0.092569    0.000596    0.564399 ^ _162_/CLK (sky130_fd_sc_hd__dfxtp_1)
     3    0.026422    0.240485    0.742102    1.306502 v _162_/Q (sky130_fd_sc_hd__dfxtp_1)
                                                         net13 (net)
                      0.240485    0.000059    1.306560 v _080_/A (sky130_fd_sc_hd__inv_2)
     2    0.007311    0.094058    0.160692    1.467252 ^ _080_/Y (sky130_fd_sc_hd__inv_2)
                                                         net21 (net)
                      0.094058    0.000057    1.467309 ^ output21/A (sky130_fd_sc_hd__buf_2)
     1    0.034697    0.275332    0.357093    1.824402 ^ output21/X (sky130_fd_sc_hd__buf_2)
                                                         dac_in_n[1] (net)
                      0.275332    0.000484    1.824886 ^ dac_in_n[1] (out)
                                              1.824886   data arrival time

                                  0.000000    0.000000   clock clk (rise edge)
                                  0.000000    0.000000   clock network delay (propagated)
                                  0.250000    0.250000   clock uncertainty
                                  0.000000    0.250000   clock reconvergence pessimism
                               -100.000000  -99.750000   output external delay
                                            -99.750000   data required time
---------------------------------------------------------------------------------------------
                                            -99.750000   data required time
                                             -1.824886   data arrival time
---------------------------------------------------------------------------------------------
                                            101.574890   slack (MET)


Startpoint: _152_ (rising edge-triggered flip-flop clocked by clk')
Endpoint: comparator_clk (output port clocked by clk)
Path Group: clk
Path Type: min

Fanout         Cap        Slew       Delay        Time   Description
---------------------------------------------------------------------------------------------
                                250.000000  250.000000   clock clk' (rise edge)
                                  0.000000  250.000000   clock source latency
     1    0.014181    0.064471    0.044025  250.044037 v clk (in)
                                                         clk (net)
                      0.064472    0.000000  250.044037 v clkbuf_0_clk/A (sky130_fd_sc_hd__clkbuf_16)
     2    0.016522    0.054145    0.250452  250.294479 v clkbuf_0_clk/X (sky130_fd_sc_hd__clkbuf_16)
                                                         clknet_0_clk (net)
                      0.054145    0.000142  250.294632 v clkbuf_1_0__f_clk/A (sky130_fd_sc_hd__clkbuf_16)
    12    0.034513    0.070902    0.266994  250.561615 v clkbuf_1_0__f_clk/X (sky130_fd_sc_hd__clkbuf_16)
                                                         clknet_1_0__leaf_clk (net)
                      0.070903    0.000426  250.562042 v _083__1/A (sky130_fd_sc_hd__inv_2)
     1    0.002210    0.032566    0.063807  250.625854 ^ _083__1/Y (sky130_fd_sc_hd__inv_2)
                                                         net35 (net)
                      0.032566    0.000028  250.625885 ^ _152_/CLK (sky130_fd_sc_hd__dfxtp_1)
     3    0.020286    0.189093    0.676010  251.301895 v _152_/Q (sky130_fd_sc_hd__dfxtp_1)
                                                         net11 (net)
                      0.189093    0.000284  251.302170 v output11/A (sky130_fd_sc_hd__buf_2)
     1    0.034256    0.165819    0.402082  251.704254 v output11/X (sky130_fd_sc_hd__buf_2)
                                                         comparator_clk (net)
                      0.165819    0.000171  251.704422 v comparator_clk (out)
                                            251.704422   data arrival time

                                  0.000000    0.000000   clock clk (rise edge)
                                  0.000000    0.000000   clock network delay (propagated)
                                  0.250000    0.250000   clock uncertainty
                                  0.000000    0.250000   clock reconvergence pessimism
                               -100.000000  -99.750000   output external delay
                                            -99.750000   data required time
---------------------------------------------------------------------------------------------
                                            -99.750000   data required time
                                           -251.704422   data arrival time
---------------------------------------------------------------------------------------------
                                            351.454437   slack (MET)



