
===========================================================================
report_checks -path_delay min (Hold)
============================================================================
======================= nom_tt_025C_1v80 Corner ===================================

Startpoint: _153_ (rising edge-triggered flip-flop clocked by clk)
Endpoint: _153_ (rising edge-triggered flip-flop clocked by clk)
Path Group: clk
Path Type: min

Fanout         Cap        Slew       Delay        Time   Description
---------------------------------------------------------------------------------------------
                                  0.000000    0.000000   clock clk (rise edge)
                                  0.000000    0.000000   clock source latency
     1    0.017177    0.083129    0.056956    0.056956 ^ clk (in)
                                                         clk (net)
                      0.083135    0.000000    0.056956 ^ clkbuf_0_clk/A (sky130_fd_sc_hd__clkbuf_16)
     2    0.018766    0.040830    0.138185    0.195142 ^ clkbuf_0_clk/X (sky130_fd_sc_hd__clkbuf_16)
                                                         clknet_0_clk (net)
                      0.040830    0.000319    0.195460 ^ clkbuf_1_1__f_clk/A (sky130_fd_sc_hd__clkbuf_16)
    12    0.037549    0.057536    0.138387    0.333848 ^ clkbuf_1_1__f_clk/X (sky130_fd_sc_hd__clkbuf_16)
                                                         clknet_1_1__leaf_clk (net)
                      0.057560    0.001008    0.334856 ^ _153_/CLK (sky130_fd_sc_hd__dfxtp_1)
     2    0.008553    0.090093    0.342297    0.677153 ^ _153_/Q (sky130_fd_sc_hd__dfxtp_1)
                                                         net3 (net)
                      0.090093    0.000194    0.677347 ^ _087_/A (sky130_fd_sc_hd__or2_1)
     1    0.003571    0.046319    0.110606    0.787953 ^ _087_/X (sky130_fd_sc_hd__or2_1)
                                                         _051_ (net)
                      0.046319    0.000111    0.788064 ^ _088_/B1 (sky130_fd_sc_hd__o211a_1)
     1    0.002219    0.036445    0.131315    0.919379 ^ _088_/X (sky130_fd_sc_hd__o211a_1)
                                                         _002_ (net)
                      0.036458    0.000062    0.919441 ^ _153_/D (sky130_fd_sc_hd__dfxtp_1)
                                              0.919441   data arrival time

                                  0.000000    0.000000   clock clk (rise edge)
                                  0.000000    0.000000   clock source latency
     1    0.017177    0.083129    0.056956    0.056956 ^ clk (in)
                                                         clk (net)
                      0.083135    0.000000    0.056956 ^ clkbuf_0_clk/A (sky130_fd_sc_hd__clkbuf_16)
     2    0.018766    0.040830    0.138185    0.195142 ^ clkbuf_0_clk/X (sky130_fd_sc_hd__clkbuf_16)
                                                         clknet_0_clk (net)
                      0.040830    0.000319    0.195460 ^ clkbuf_1_1__f_clk/A (sky130_fd_sc_hd__clkbuf_16)
    12    0.037549    0.057536    0.138387    0.333848 ^ clkbuf_1_1__f_clk/X (sky130_fd_sc_hd__clkbuf_16)
                                                         clknet_1_1__leaf_clk (net)
                      0.057560    0.001008    0.334856 ^ _153_/CLK (sky130_fd_sc_hd__dfxtp_1)
                                  0.250000    0.584856   clock uncertainty
                                  0.000000    0.584856   clock reconvergence pessimism
                                 -0.027829    0.557027   library hold time
                                              0.557027   data required time
---------------------------------------------------------------------------------------------
                                              0.557027   data required time
                                             -0.919441   data arrival time
---------------------------------------------------------------------------------------------
                                              0.362414   slack (MET)


Startpoint: _166_ (rising edge-triggered flip-flop clocked by clk)
Endpoint: _158_ (rising edge-triggered flip-flop clocked by clk)
Path Group: clk
Path Type: min

Fanout         Cap        Slew       Delay        Time   Description
---------------------------------------------------------------------------------------------
                                  0.000000    0.000000   clock clk (rise edge)
                                  0.000000    0.000000   clock source latency
     1    0.017177    0.083129    0.056956    0.056956 ^ clk (in)
                                                         clk (net)
                      0.083135    0.000000    0.056956 ^ clkbuf_0_clk/A (sky130_fd_sc_hd__clkbuf_16)
     2    0.018766    0.040830    0.138185    0.195142 ^ clkbuf_0_clk/X (sky130_fd_sc_hd__clkbuf_16)
                                                         clknet_0_clk (net)
                      0.040830    0.000319    0.195460 ^ clkbuf_1_1__f_clk/A (sky130_fd_sc_hd__clkbuf_16)
    12    0.037549    0.057536    0.138387    0.333848 ^ clkbuf_1_1__f_clk/X (sky130_fd_sc_hd__clkbuf_16)
                                                         clknet_1_1__leaf_clk (net)
                      0.057541    0.000595    0.334443 ^ _166_/CLK (sky130_fd_sc_hd__dfxtp_1)
     3    0.019744    0.190533    0.414107    0.748550 ^ _166_/Q (sky130_fd_sc_hd__dfxtp_1)
                                                         net17 (net)
                      0.190533    0.000605    0.749155 ^ _098_/A1 (sky130_fd_sc_hd__o211a_1)
     1    0.001976    0.034792    0.172368    0.921523 ^ _098_/X (sky130_fd_sc_hd__o211a_1)
                                                         _007_ (net)
                      0.034792    0.000039    0.921562 ^ _158_/D (sky130_fd_sc_hd__dfxtp_1)
                                              0.921562   data arrival time

                                  0.000000    0.000000   clock clk (rise edge)
                                  0.000000    0.000000   clock source latency
     1    0.017177    0.083129    0.056956    0.056956 ^ clk (in)
                                                         clk (net)
                      0.083135    0.000000    0.056956 ^ clkbuf_0_clk/A (sky130_fd_sc_hd__clkbuf_16)
     2    0.018766    0.040830    0.138185    0.195142 ^ clkbuf_0_clk/X (sky130_fd_sc_hd__clkbuf_16)
                                                         clknet_0_clk (net)
                      0.040830    0.000319    0.195460 ^ clkbuf_1_1__f_clk/A (sky130_fd_sc_hd__clkbuf_16)
    12    0.037549    0.057536    0.138387    0.333848 ^ clkbuf_1_1__f_clk/X (sky130_fd_sc_hd__clkbuf_16)
                                                         clknet_1_1__leaf_clk (net)
                      0.057577    0.001285    0.335133 ^ _158_/CLK (sky130_fd_sc_hd__dfxtp_1)
                                  0.250000    0.585133   clock uncertainty
                                  0.000000    0.585133   clock reconvergence pessimism
                                 -0.027478    0.557654   library hold time
                                              0.557654   data required time
---------------------------------------------------------------------------------------------
                                              0.557654   data required time
                                             -0.921562   data arrival time
---------------------------------------------------------------------------------------------
                                              0.363907   slack (MET)


Startpoint: _154_ (rising edge-triggered flip-flop clocked by clk)
Endpoint: _154_ (rising edge-triggered flip-flop clocked by clk)
Path Group: clk
Path Type: min

Fanout         Cap        Slew       Delay        Time   Description
---------------------------------------------------------------------------------------------
                                  0.000000    0.000000   clock clk (rise edge)
                                  0.000000    0.000000   clock source latency
     1    0.017177    0.083129    0.056956    0.056956 ^ clk (in)
                                                         clk (net)
                      0.083135    0.000000    0.056956 ^ clkbuf_0_clk/A (sky130_fd_sc_hd__clkbuf_16)
     2    0.018766    0.040830    0.138185    0.195142 ^ clkbuf_0_clk/X (sky130_fd_sc_hd__clkbuf_16)
                                                         clknet_0_clk (net)
                      0.040830    0.000319    0.195460 ^ clkbuf_1_1__f_clk/A (sky130_fd_sc_hd__clkbuf_16)
    12    0.037549    0.057536    0.138387    0.333848 ^ clkbuf_1_1__f_clk/X (sky130_fd_sc_hd__clkbuf_16)
                                                         clknet_1_1__leaf_clk (net)
                      0.057551    0.000843    0.334691 ^ _154_/CLK (sky130_fd_sc_hd__dfxtp_1)
     2    0.010126    0.103984    0.352410    0.687101 ^ _154_/Q (sky130_fd_sc_hd__dfxtp_1)
                                                         net4 (net)
                      0.103984    0.000231    0.687332 ^ _089_/A (sky130_fd_sc_hd__or2_1)
     1    0.003795    0.048318    0.116788    0.804121 ^ _089_/X (sky130_fd_sc_hd__or2_1)
                                                         _052_ (net)
                      0.048318    0.000118    0.804239 ^ _090_/B1 (sky130_fd_sc_hd__o211a_1)
     1    0.002085    0.035533    0.130849    0.935088 ^ _090_/X (sky130_fd_sc_hd__o211a_1)
                                                         _003_ (net)
                      0.035533    0.000059    0.935147 ^ _154_/D (sky130_fd_sc_hd__dfxtp_1)
                                              0.935147   data arrival time

                                  0.000000    0.000000   clock clk (rise edge)
                                  0.000000    0.000000   clock source latency
     1    0.017177    0.083129    0.056956    0.056956 ^ clk (in)
                                                         clk (net)
                      0.083135    0.000000    0.056956 ^ clkbuf_0_clk/A (sky130_fd_sc_hd__clkbuf_16)
     2    0.018766    0.040830    0.138185    0.195142 ^ clkbuf_0_clk/X (sky130_fd_sc_hd__clkbuf_16)
                                                         clknet_0_clk (net)
                      0.040830    0.000319    0.195460 ^ clkbuf_1_1__f_clk/A (sky130_fd_sc_hd__clkbuf_16)
    12    0.037549    0.057536    0.138387    0.333848 ^ clkbuf_1_1__f_clk/X (sky130_fd_sc_hd__clkbuf_16)
                                                         clknet_1_1__leaf_clk (net)
                      0.057551    0.000843    0.334691 ^ _154_/CLK (sky130_fd_sc_hd__dfxtp_1)
                                  0.250000    0.584691   clock uncertainty
                                  0.000000    0.584691   clock reconvergence pessimism
                                 -0.027637    0.557054   library hold time
                                              0.557054   data required time
---------------------------------------------------------------------------------------------
                                              0.557054   data required time
                                             -0.935147   data arrival time
---------------------------------------------------------------------------------------------
                                              0.378092   slack (MET)


Startpoint: _165_ (rising edge-triggered flip-flop clocked by clk)
Endpoint: _157_ (rising edge-triggered flip-flop clocked by clk)
Path Group: clk
Path Type: min

Fanout         Cap        Slew       Delay        Time   Description
---------------------------------------------------------------------------------------------
                                  0.000000    0.000000   clock clk (rise edge)
                                  0.000000    0.000000   clock source latency
     1    0.017177    0.083129    0.056956    0.056956 ^ clk (in)
                                                         clk (net)
                      0.083135    0.000000    0.056956 ^ clkbuf_0_clk/A (sky130_fd_sc_hd__clkbuf_16)
     2    0.018766    0.040830    0.138185    0.195142 ^ clkbuf_0_clk/X (sky130_fd_sc_hd__clkbuf_16)
                                                         clknet_0_clk (net)
                      0.040830    0.000319    0.195460 ^ clkbuf_1_1__f_clk/A (sky130_fd_sc_hd__clkbuf_16)
    12    0.037549    0.057536    0.138387    0.333848 ^ clkbuf_1_1__f_clk/X (sky130_fd_sc_hd__clkbuf_16)
                                                         clknet_1_1__leaf_clk (net)
                      0.057536    0.000409    0.334256 ^ _165_/CLK (sky130_fd_sc_hd__dfxtp_1)
     3    0.023852    0.114919    0.372544    0.706800 v _165_/Q (sky130_fd_sc_hd__dfxtp_1)
                                                         net16 (net)
                      0.114919    0.000295    0.707095 v _096_/A1 (sky130_fd_sc_hd__o211a_1)
     1    0.001938    0.025319    0.235541    0.942636 v _096_/X (sky130_fd_sc_hd__o211a_1)
                                                         _006_ (net)
                      0.025319    0.000055    0.942690 v _157_/D (sky130_fd_sc_hd__dfxtp_1)
                                              0.942690   data arrival time

                                  0.000000    0.000000   clock clk (rise edge)
                                  0.000000    0.000000   clock source latency
     1    0.017177    0.083129    0.056956    0.056956 ^ clk (in)
                                                         clk (net)
                      0.083135    0.000000    0.056956 ^ clkbuf_0_clk/A (sky130_fd_sc_hd__clkbuf_16)
     2    0.018766    0.040830    0.138185    0.195142 ^ clkbuf_0_clk/X (sky130_fd_sc_hd__clkbuf_16)
                                                         clknet_0_clk (net)
                      0.040830    0.000319    0.195460 ^ clkbuf_1_1__f_clk/A (sky130_fd_sc_hd__clkbuf_16)
    12    0.037549    0.057536    0.138387    0.333848 ^ clkbuf_1_1__f_clk/X (sky130_fd_sc_hd__clkbuf_16)
                                                         clknet_1_1__leaf_clk (net)
                      0.057574    0.001241    0.335089 ^ _157_/CLK (sky130_fd_sc_hd__dfxtp_1)
                                  0.250000    0.585089   clock uncertainty
                                  0.000000    0.585089   clock reconvergence pessimism
                                 -0.042495    0.542594   library hold time
                                              0.542594   data required time
---------------------------------------------------------------------------------------------
                                              0.542594   data required time
                                             -0.942690   data arrival time
---------------------------------------------------------------------------------------------
                                              0.400097   slack (MET)


Startpoint: _167_ (rising edge-triggered flip-flop clocked by clk)
Endpoint: _159_ (rising edge-triggered flip-flop clocked by clk)
Path Group: clk
Path Type: min

Fanout         Cap        Slew       Delay        Time   Description
---------------------------------------------------------------------------------------------
                                  0.000000    0.000000   clock clk (rise edge)
                                  0.000000    0.000000   clock source latency
     1    0.017177    0.083129    0.056956    0.056956 ^ clk (in)
                                                         clk (net)
                      0.083135    0.000000    0.056956 ^ clkbuf_0_clk/A (sky130_fd_sc_hd__clkbuf_16)
     2    0.018766    0.040830    0.138185    0.195142 ^ clkbuf_0_clk/X (sky130_fd_sc_hd__clkbuf_16)
                                                         clknet_0_clk (net)
                      0.040831    0.000361    0.195503 ^ clkbuf_1_0__f_clk/A (sky130_fd_sc_hd__clkbuf_16)
    10    0.038265    0.058159    0.138859    0.334362 ^ clkbuf_1_0__f_clk/X (sky130_fd_sc_hd__clkbuf_16)
                                                         clknet_1_0__leaf_clk (net)
                      0.058181    0.001009    0.335371 ^ _167_/CLK (sky130_fd_sc_hd__dfxtp_1)
     4    0.023373    0.113171    0.370843    0.706214 v _167_/Q (sky130_fd_sc_hd__dfxtp_1)
                                                         net18 (net)
                      0.113188    0.001378    0.707592 v _100_/A1 (sky130_fd_sc_hd__o211a_1)
     1    0.002232    0.026749    0.237000    0.944592 v _100_/X (sky130_fd_sc_hd__o211a_1)
                                                         _008_ (net)
                      0.026762    0.000065    0.944658 v _159_/D (sky130_fd_sc_hd__dfxtp_1)
                                              0.944658   data arrival time

                                  0.000000    0.000000   clock clk (rise edge)
                                  0.000000    0.000000   clock source latency
     1    0.017177    0.083129    0.056956    0.056956 ^ clk (in)
                                                         clk (net)
                      0.083135    0.000000    0.056956 ^ clkbuf_0_clk/A (sky130_fd_sc_hd__clkbuf_16)
     2    0.018766    0.040830    0.138185    0.195142 ^ clkbuf_0_clk/X (sky130_fd_sc_hd__clkbuf_16)
                                                         clknet_0_clk (net)
                      0.040830    0.000319    0.195460 ^ clkbuf_1_1__f_clk/A (sky130_fd_sc_hd__clkbuf_16)
    12    0.037549    0.057536    0.138387    0.333848 ^ clkbuf_1_1__f_clk/X (sky130_fd_sc_hd__clkbuf_16)
                                                         clknet_1_1__leaf_clk (net)
                      0.057577    0.001291    0.335139 ^ _159_/CLK (sky130_fd_sc_hd__dfxtp_1)
                                  0.250000    0.585139   clock uncertainty
                                  0.000000    0.585139   clock reconvergence pessimism
                                 -0.043097    0.542042   library hold time
                                              0.542042   data required time
---------------------------------------------------------------------------------------------
                                              0.542042   data required time
                                             -0.944658   data arrival time
---------------------------------------------------------------------------------------------
                                              0.402615   slack (MET)


Startpoint: _164_ (rising edge-triggered flip-flop clocked by clk)
Endpoint: _156_ (rising edge-triggered flip-flop clocked by clk)
Path Group: clk
Path Type: min

Fanout         Cap        Slew       Delay        Time   Description
---------------------------------------------------------------------------------------------
                                  0.000000    0.000000   clock clk (rise edge)
                                  0.000000    0.000000   clock source latency
     1    0.017177    0.083129    0.056956    0.056956 ^ clk (in)
                                                         clk (net)
                      0.083135    0.000000    0.056956 ^ clkbuf_0_clk/A (sky130_fd_sc_hd__clkbuf_16)
     2    0.018766    0.040830    0.138185    0.195142 ^ clkbuf_0_clk/X (sky130_fd_sc_hd__clkbuf_16)
                                                         clknet_0_clk (net)
                      0.040831    0.000361    0.195503 ^ clkbuf_1_0__f_clk/A (sky130_fd_sc_hd__clkbuf_16)
    10    0.038265    0.058159    0.138859    0.334362 ^ clkbuf_1_0__f_clk/X (sky130_fd_sc_hd__clkbuf_16)
                                                         clknet_1_0__leaf_clk (net)
                      0.058192    0.001196    0.335557 ^ _164_/CLK (sky130_fd_sc_hd__dfxtp_1)
     3    0.023846    0.114992    0.372470    0.708027 v _164_/Q (sky130_fd_sc_hd__dfxtp_1)
                                                         net15 (net)
                      0.115014    0.001554    0.709581 v _094_/A1 (sky130_fd_sc_hd__o211a_1)
     1    0.001945    0.025355    0.235631    0.945212 v _094_/X (sky130_fd_sc_hd__o211a_1)
                                                         _005_ (net)
                      0.025355    0.000054    0.945266 v _156_/D (sky130_fd_sc_hd__dfxtp_1)
                                              0.945266   data arrival time

                                  0.000000    0.000000   clock clk (rise edge)
                                  0.000000    0.000000   clock source latency
     1    0.017177    0.083129    0.056956    0.056956 ^ clk (in)
                                                         clk (net)
                      0.083135    0.000000    0.056956 ^ clkbuf_0_clk/A (sky130_fd_sc_hd__clkbuf_16)
     2    0.018766    0.040830    0.138185    0.195142 ^ clkbuf_0_clk/X (sky130_fd_sc_hd__clkbuf_16)
                                                         clknet_0_clk (net)
                      0.040830    0.000319    0.195460 ^ clkbuf_1_1__f_clk/A (sky130_fd_sc_hd__clkbuf_16)
    12    0.037549    0.057536    0.138387    0.333848 ^ clkbuf_1_1__f_clk/X (sky130_fd_sc_hd__clkbuf_16)
                                                         clknet_1_1__leaf_clk (net)
                      0.057563    0.001050    0.334898 ^ _156_/CLK (sky130_fd_sc_hd__dfxtp_1)
                                  0.250000    0.584898   clock uncertainty
                                  0.000000    0.584898   clock reconvergence pessimism
                                 -0.042513    0.542386   library hold time
                                              0.542386   data required time
---------------------------------------------------------------------------------------------
                                              0.542386   data required time
                                             -0.945266   data arrival time
---------------------------------------------------------------------------------------------
                                              0.402880   slack (MET)


Startpoint: _166_ (rising edge-triggered flip-flop clocked by clk)
Endpoint: _166_ (rising edge-triggered flip-flop clocked by clk)
Path Group: clk
Path Type: min

Fanout         Cap        Slew       Delay        Time   Description
---------------------------------------------------------------------------------------------
                                  0.000000    0.000000   clock clk (rise edge)
                                  0.000000    0.000000   clock source latency
     1    0.017177    0.083129    0.056956    0.056956 ^ clk (in)
                                                         clk (net)
                      0.083135    0.000000    0.056956 ^ clkbuf_0_clk/A (sky130_fd_sc_hd__clkbuf_16)
     2    0.018766    0.040830    0.138185    0.195142 ^ clkbuf_0_clk/X (sky130_fd_sc_hd__clkbuf_16)
                                                         clknet_0_clk (net)
                      0.040830    0.000319    0.195460 ^ clkbuf_1_1__f_clk/A (sky130_fd_sc_hd__clkbuf_16)
    12    0.037549    0.057536    0.138387    0.333848 ^ clkbuf_1_1__f_clk/X (sky130_fd_sc_hd__clkbuf_16)
                                                         clknet_1_1__leaf_clk (net)
                      0.057541    0.000595    0.334443 ^ _166_/CLK (sky130_fd_sc_hd__dfxtp_1)
     3    0.018985    0.094703    0.355830    0.690273 v _166_/Q (sky130_fd_sc_hd__dfxtp_1)
                                                         net17 (net)
                      0.094705    0.000554    0.690827 v _076_/A (sky130_fd_sc_hd__inv_2)
     2    0.014036    0.072399    0.098334    0.789162 ^ _076_/Y (sky130_fd_sc_hd__inv_2)
                                                         net25 (net)
                      0.072402    0.000519    0.789681 ^ _134_/B1 (sky130_fd_sc_hd__a21o_1)
     1    0.002945    0.036283    0.084445    0.874126 ^ _134_/X (sky130_fd_sc_hd__a21o_1)
                                                         _035_ (net)
                      0.036283    0.000061    0.874187 ^ _137_/A1 (sky130_fd_sc_hd__a31oi_1)
     1    0.002896    0.047677    0.063238    0.937425 v _137_/Y (sky130_fd_sc_hd__a31oi_1)
                                                         _015_ (net)
                      0.047677    0.000089    0.937514 v _166_/D (sky130_fd_sc_hd__dfxtp_1)
                                              0.937514   data arrival time

                                  0.000000    0.000000   clock clk (rise edge)
                                  0.000000    0.000000   clock source latency
     1    0.017177    0.083129    0.056956    0.056956 ^ clk (in)
                                                         clk (net)
                      0.083135    0.000000    0.056956 ^ clkbuf_0_clk/A (sky130_fd_sc_hd__clkbuf_16)
     2    0.018766    0.040830    0.138185    0.195142 ^ clkbuf_0_clk/X (sky130_fd_sc_hd__clkbuf_16)
                                                         clknet_0_clk (net)
                      0.040830    0.000319    0.195460 ^ clkbuf_1_1__f_clk/A (sky130_fd_sc_hd__clkbuf_16)
    12    0.037549    0.057536    0.138387    0.333848 ^ clkbuf_1_1__f_clk/X (sky130_fd_sc_hd__clkbuf_16)
                                                         clknet_1_1__leaf_clk (net)
                      0.057541    0.000595    0.334443 ^ _166_/CLK (sky130_fd_sc_hd__dfxtp_1)
                                  0.250000    0.584443   clock uncertainty
                                  0.000000    0.584443   clock reconvergence pessimism
                                 -0.051832    0.532611   library hold time
                                              0.532611   data required time
---------------------------------------------------------------------------------------------
                                              0.532611   data required time
                                             -0.937514   data arrival time
---------------------------------------------------------------------------------------------
                                              0.404903   slack (MET)


Startpoint: _162_ (rising edge-triggered flip-flop clocked by clk)
Endpoint: _162_ (rising edge-triggered flip-flop clocked by clk)
Path Group: clk
Path Type: min

Fanout         Cap        Slew       Delay        Time   Description
---------------------------------------------------------------------------------------------
                                  0.000000    0.000000   clock clk (rise edge)
                                  0.000000    0.000000   clock source latency
     1    0.017177    0.083129    0.056956    0.056956 ^ clk (in)
                                                         clk (net)
                      0.083135    0.000000    0.056956 ^ clkbuf_0_clk/A (sky130_fd_sc_hd__clkbuf_16)
     2    0.018766    0.040830    0.138185    0.195142 ^ clkbuf_0_clk/X (sky130_fd_sc_hd__clkbuf_16)
                                                         clknet_0_clk (net)
                      0.040830    0.000319    0.195460 ^ clkbuf_1_1__f_clk/A (sky130_fd_sc_hd__clkbuf_16)
    12    0.037549    0.057536    0.138387    0.333848 ^ clkbuf_1_1__f_clk/X (sky130_fd_sc_hd__clkbuf_16)
                                                         clknet_1_1__leaf_clk (net)
                      0.057546    0.000726    0.334573 ^ _162_/CLK (sky130_fd_sc_hd__dfxtp_1)
     3    0.026001    0.124566    0.379550    0.714124 v _162_/Q (sky130_fd_sc_hd__dfxtp_1)
                                                         net13 (net)
                      0.124572    0.000920    0.715044 v _080_/A (sky130_fd_sc_hd__inv_2)
     2    0.007298    0.053064    0.086802    0.801846 ^ _080_/Y (sky130_fd_sc_hd__inv_2)
                                                         net21 (net)
                      0.053064    0.000208    0.802054 ^ _116_/B1 (sky130_fd_sc_hd__a21o_1)
     1    0.003715    0.041850    0.083972    0.886025 ^ _116_/X (sky130_fd_sc_hd__a21o_1)
                                                         _071_ (net)
                      0.041850    0.000116    0.886142 ^ _120_/A1 (sky130_fd_sc_hd__a31oi_1)
     1    0.003125    0.048298    0.066521    0.952663 v _120_/Y (sky130_fd_sc_hd__a31oi_1)
                                                         _011_ (net)
                      0.048298    0.000103    0.952766 v _162_/D (sky130_fd_sc_hd__dfxtp_1)
                                              0.952766   data arrival time

                                  0.000000    0.000000   clock clk (rise edge)
                                  0.000000    0.000000   clock source latency
     1    0.017177    0.083129    0.056956    0.056956 ^ clk (in)
                                                         clk (net)
                      0.083135    0.000000    0.056956 ^ clkbuf_0_clk/A (sky130_fd_sc_hd__clkbuf_16)
     2    0.018766    0.040830    0.138185    0.195142 ^ clkbuf_0_clk/X (sky130_fd_sc_hd__clkbuf_16)
                                                         clknet_0_clk (net)
                      0.040830    0.000319    0.195460 ^ clkbuf_1_1__f_clk/A (sky130_fd_sc_hd__clkbuf_16)
    12    0.037549    0.057536    0.138387    0.333848 ^ clkbuf_1_1__f_clk/X (sky130_fd_sc_hd__clkbuf_16)
                                                         clknet_1_1__leaf_clk (net)
                      0.057546    0.000726    0.334573 ^ _162_/CLK (sky130_fd_sc_hd__dfxtp_1)
                                  0.250000    0.584573   clock uncertainty
                                  0.000000    0.584573   clock reconvergence pessimism
                                 -0.052090    0.532483   library hold time
                                              0.532483   data required time
---------------------------------------------------------------------------------------------
                                              0.532483   data required time
                                             -0.952766   data arrival time
---------------------------------------------------------------------------------------------
                                              0.420283   slack (MET)


Startpoint: _169_ (rising edge-triggered flip-flop clocked by clk)
Endpoint: _169_ (rising edge-triggered flip-flop clocked by clk)
Path Group: clk
Path Type: min

Fanout         Cap        Slew       Delay        Time   Description
---------------------------------------------------------------------------------------------
                                  0.000000    0.000000   clock clk (rise edge)
                                  0.000000    0.000000   clock source latency
     1    0.017177    0.083129    0.056956    0.056956 ^ clk (in)
                                                         clk (net)
                      0.083135    0.000000    0.056956 ^ clkbuf_0_clk/A (sky130_fd_sc_hd__clkbuf_16)
     2    0.018766    0.040830    0.138185    0.195142 ^ clkbuf_0_clk/X (sky130_fd_sc_hd__clkbuf_16)
                                                         clknet_0_clk (net)
                      0.040831    0.000361    0.195503 ^ clkbuf_1_0__f_clk/A (sky130_fd_sc_hd__clkbuf_16)
    10    0.038265    0.058159    0.138859    0.334362 ^ clkbuf_1_0__f_clk/X (sky130_fd_sc_hd__clkbuf_16)
                                                         clknet_1_0__leaf_clk (net)
                      0.058164    0.000660    0.335022 ^ _169_/CLK (sky130_fd_sc_hd__dfxtp_1)
     4    0.010596    0.058419    0.327082    0.662104 v _169_/Q (sky130_fd_sc_hd__dfxtp_1)
                                                         count[0] (net)
                      0.058420    0.000273    0.662377 v _105_/B (sky130_fd_sc_hd__nand2_1)
     5    0.016643    0.157870    0.152024    0.814400 ^ _105_/Y (sky130_fd_sc_hd__nand2_1)
                                                         _061_ (net)
                      0.157871    0.000299    0.814699 ^ _145_/B (sky130_fd_sc_hd__and3_1)
     1    0.002045    0.043038    0.164528    0.979227 ^ _145_/X (sky130_fd_sc_hd__and3_1)
                                                         _018_ (net)
                      0.043038    0.000059    0.979286 ^ _169_/D (sky130_fd_sc_hd__dfxtp_1)
                                              0.979286   data arrival time

                                  0.000000    0.000000   clock clk (rise edge)
                                  0.000000    0.000000   clock source latency
     1    0.017177    0.083129    0.056956    0.056956 ^ clk (in)
                                                         clk (net)
                      0.083135    0.000000    0.056956 ^ clkbuf_0_clk/A (sky130_fd_sc_hd__clkbuf_16)
     2    0.018766    0.040830    0.138185    0.195142 ^ clkbuf_0_clk/X (sky130_fd_sc_hd__clkbuf_16)
                                                         clknet_0_clk (net)
                      0.040831    0.000361    0.195503 ^ clkbuf_1_0__f_clk/A (sky130_fd_sc_hd__clkbuf_16)
    10    0.038265    0.058159    0.138859    0.334362 ^ clkbuf_1_0__f_clk/X (sky130_fd_sc_hd__clkbuf_16)
                                                         clknet_1_0__leaf_clk (net)
                      0.058164    0.000660    0.335022 ^ _169_/CLK (sky130_fd_sc_hd__dfxtp_1)
                                  0.250000    0.585022   clock uncertainty
                                  0.000000    0.585022   clock reconvergence pessimism
                                 -0.029125    0.555897   library hold time
                                              0.555897   data required time
---------------------------------------------------------------------------------------------
                                              0.555897   data required time
                                             -0.979286   data arrival time
---------------------------------------------------------------------------------------------
                                              0.423389   slack (MET)


Startpoint: _163_ (rising edge-triggered flip-flop clocked by clk)
Endpoint: _155_ (rising edge-triggered flip-flop clocked by clk)
Path Group: clk
Path Type: min

Fanout         Cap        Slew       Delay        Time   Description
---------------------------------------------------------------------------------------------
                                  0.000000    0.000000   clock clk (rise edge)
                                  0.000000    0.000000   clock source latency
     1    0.017177    0.083129    0.056956    0.056956 ^ clk (in)
                                                         clk (net)
                      0.083135    0.000000    0.056956 ^ clkbuf_0_clk/A (sky130_fd_sc_hd__clkbuf_16)
     2    0.018766    0.040830    0.138185    0.195142 ^ clkbuf_0_clk/X (sky130_fd_sc_hd__clkbuf_16)
                                                         clknet_0_clk (net)
                      0.040831    0.000361    0.195503 ^ clkbuf_1_0__f_clk/A (sky130_fd_sc_hd__clkbuf_16)
    10    0.038265    0.058159    0.138859    0.334362 ^ clkbuf_1_0__f_clk/X (sky130_fd_sc_hd__clkbuf_16)
                                                         clknet_1_0__leaf_clk (net)
                      0.058202    0.001339    0.335701 ^ _163_/CLK (sky130_fd_sc_hd__dfxtp_1)
     4    0.029339    0.139600    0.390521    0.726222 v _163_/Q (sky130_fd_sc_hd__dfxtp_1)
                                                         net14 (net)
                      0.139641    0.002263    0.728484 v _092_/A1 (sky130_fd_sc_hd__o211a_1)
     1    0.002040    0.025805    0.245295    0.973779 v _092_/X (sky130_fd_sc_hd__o211a_1)
                                                         _004_ (net)
                      0.025805    0.000057    0.973836 v _155_/D (sky130_fd_sc_hd__dfxtp_1)
                                              0.973836   data arrival time

                                  0.000000    0.000000   clock clk (rise edge)
                                  0.000000    0.000000   clock source latency
     1    0.017177    0.083129    0.056956    0.056956 ^ clk (in)
                                                         clk (net)
                      0.083135    0.000000    0.056956 ^ clkbuf_0_clk/A (sky130_fd_sc_hd__clkbuf_16)
     2    0.018766    0.040830    0.138185    0.195142 ^ clkbuf_0_clk/X (sky130_fd_sc_hd__clkbuf_16)
                                                         clknet_0_clk (net)
                      0.040830    0.000319    0.195460 ^ clkbuf_1_1__f_clk/A (sky130_fd_sc_hd__clkbuf_16)
    12    0.037549    0.057536    0.138387    0.333848 ^ clkbuf_1_1__f_clk/X (sky130_fd_sc_hd__clkbuf_16)
                                                         clknet_1_1__leaf_clk (net)
                      0.057568    0.001137    0.334985 ^ _155_/CLK (sky130_fd_sc_hd__dfxtp_1)
                                  0.250000    0.584985   clock uncertainty
                                  0.000000    0.584985   clock reconvergence pessimism
                                 -0.042699    0.542286   library hold time
                                              0.542286   data required time
---------------------------------------------------------------------------------------------
                                              0.542286   data required time
                                             -0.973836   data arrival time
---------------------------------------------------------------------------------------------
                                              0.431550   slack (MET)


Startpoint: _172_ (rising edge-triggered flip-flop clocked by clk)
Endpoint: _167_ (rising edge-triggered flip-flop clocked by clk)
Path Group: clk
Path Type: min

Fanout         Cap        Slew       Delay        Time   Description
---------------------------------------------------------------------------------------------
                                  0.000000    0.000000   clock clk (rise edge)
                                  0.000000    0.000000   clock source latency
     1    0.017177    0.083129    0.056956    0.056956 ^ clk (in)
                                                         clk (net)
                      0.083135    0.000000    0.056956 ^ clkbuf_0_clk/A (sky130_fd_sc_hd__clkbuf_16)
     2    0.018766    0.040830    0.138185    0.195142 ^ clkbuf_0_clk/X (sky130_fd_sc_hd__clkbuf_16)
                                                         clknet_0_clk (net)
                      0.040831    0.000361    0.195503 ^ clkbuf_1_0__f_clk/A (sky130_fd_sc_hd__clkbuf_16)
    10    0.038265    0.058159    0.138859    0.334362 ^ clkbuf_1_0__f_clk/X (sky130_fd_sc_hd__clkbuf_16)
                                                         clknet_1_0__leaf_clk (net)
                      0.058207    0.001422    0.335784 ^ _172_/CLK (sky130_fd_sc_hd__dfxtp_1)
     3    0.013304    0.132541    0.373004    0.708788 ^ _172_/Q (sky130_fd_sc_hd__dfxtp_1)
                                                         count[3] (net)
                      0.132542    0.000609    0.709396 ^ _138_/A1 (sky130_fd_sc_hd__o41a_1)
     1    0.003011    0.049357    0.164304    0.873701 ^ _138_/X (sky130_fd_sc_hd__o41a_1)
                                                         _038_ (net)
                      0.049357    0.000086    0.873787 ^ _141_/A1 (sky130_fd_sc_hd__o31a_1)
     1    0.002093    0.038124    0.120033    0.993820 ^ _141_/X (sky130_fd_sc_hd__o31a_1)
                                                         _016_ (net)
                      0.038124    0.000060    0.993880 ^ _167_/D (sky130_fd_sc_hd__dfxtp_1)
                                              0.993880   data arrival time

                                  0.000000    0.000000   clock clk (rise edge)
                                  0.000000    0.000000   clock source latency
     1    0.017177    0.083129    0.056956    0.056956 ^ clk (in)
                                                         clk (net)
                      0.083135    0.000000    0.056956 ^ clkbuf_0_clk/A (sky130_fd_sc_hd__clkbuf_16)
     2    0.018766    0.040830    0.138185    0.195142 ^ clkbuf_0_clk/X (sky130_fd_sc_hd__clkbuf_16)
                                                         clknet_0_clk (net)
                      0.040831    0.000361    0.195503 ^ clkbuf_1_0__f_clk/A (sky130_fd_sc_hd__clkbuf_16)
    10    0.038265    0.058159    0.138859    0.334362 ^ clkbuf_1_0__f_clk/X (sky130_fd_sc_hd__clkbuf_16)
                                                         clknet_1_0__leaf_clk (net)
                      0.058181    0.001009    0.335371 ^ _167_/CLK (sky130_fd_sc_hd__dfxtp_1)
                                  0.250000    0.585371   clock uncertainty
                                  0.000000    0.585371   clock reconvergence pessimism
                                 -0.028095    0.557275   library hold time
                                              0.557275   data required time
---------------------------------------------------------------------------------------------
                                              0.557275   data required time
                                             -0.993880   data arrival time
---------------------------------------------------------------------------------------------
                                              0.436604   slack (MET)


Startpoint: _165_ (rising edge-triggered flip-flop clocked by clk)
Endpoint: _165_ (rising edge-triggered flip-flop clocked by clk)
Path Group: clk
Path Type: min

Fanout         Cap        Slew       Delay        Time   Description
---------------------------------------------------------------------------------------------
                                  0.000000    0.000000   clock clk (rise edge)
                                  0.000000    0.000000   clock source latency
     1    0.017177    0.083129    0.056956    0.056956 ^ clk (in)
                                                         clk (net)
                      0.083135    0.000000    0.056956 ^ clkbuf_0_clk/A (sky130_fd_sc_hd__clkbuf_16)
     2    0.018766    0.040830    0.138185    0.195142 ^ clkbuf_0_clk/X (sky130_fd_sc_hd__clkbuf_16)
                                                         clknet_0_clk (net)
                      0.040830    0.000319    0.195460 ^ clkbuf_1_1__f_clk/A (sky130_fd_sc_hd__clkbuf_16)
    12    0.037549    0.057536    0.138387    0.333848 ^ clkbuf_1_1__f_clk/X (sky130_fd_sc_hd__clkbuf_16)
                                                         clknet_1_1__leaf_clk (net)
                      0.057536    0.000409    0.334256 ^ _165_/CLK (sky130_fd_sc_hd__dfxtp_1)
     3    0.023852    0.114919    0.372544    0.706800 v _165_/Q (sky130_fd_sc_hd__dfxtp_1)
                                                         net16 (net)
                      0.114919    0.000538    0.707338 v _077_/A (sky130_fd_sc_hd__inv_2)
     2    0.009779    0.059765    0.092368    0.799706 ^ _077_/Y (sky130_fd_sc_hd__inv_2)
                                                         net24 (net)
                      0.059766    0.000352    0.800058 ^ _132_/B1 (sky130_fd_sc_hd__a21o_1)
     1    0.004019    0.044368    0.087586    0.887644 ^ _132_/X (sky130_fd_sc_hd__a21o_1)
                                                         _034_ (net)
                      0.044368    0.000128    0.887772 ^ _133_/A3 (sky130_fd_sc_hd__a31oi_1)
     1    0.003974    0.050585    0.083724    0.971496 v _133_/Y (sky130_fd_sc_hd__a31oi_1)
                                                         _014_ (net)
                      0.050585    0.000099    0.971595 v _165_/D (sky130_fd_sc_hd__dfxtp_1)
                                              0.971595   data arrival time

                                  0.000000    0.000000   clock clk (rise edge)
                                  0.000000    0.000000   clock source latency
     1    0.017177    0.083129    0.056956    0.056956 ^ clk (in)
                                                         clk (net)
                      0.083135    0.000000    0.056956 ^ clkbuf_0_clk/A (sky130_fd_sc_hd__clkbuf_16)
     2    0.018766    0.040830    0.138185    0.195142 ^ clkbuf_0_clk/X (sky130_fd_sc_hd__clkbuf_16)
                                                         clknet_0_clk (net)
                      0.040830    0.000319    0.195460 ^ clkbuf_1_1__f_clk/A (sky130_fd_sc_hd__clkbuf_16)
    12    0.037549    0.057536    0.138387    0.333848 ^ clkbuf_1_1__f_clk/X (sky130_fd_sc_hd__clkbuf_16)
                                                         clknet_1_1__leaf_clk (net)
                      0.057536    0.000409    0.334256 ^ _165_/CLK (sky130_fd_sc_hd__dfxtp_1)
                                  0.250000    0.584256   clock uncertainty
                                  0.000000    0.584256   clock reconvergence pessimism
                                 -0.053046    0.531210   library hold time
                                              0.531210   data required time
---------------------------------------------------------------------------------------------
                                              0.531210   data required time
                                             -0.971595   data arrival time
---------------------------------------------------------------------------------------------
                                              0.440385   slack (MET)


Startpoint: _168_ (rising edge-triggered flip-flop clocked by clk)
Endpoint: _168_ (rising edge-triggered flip-flop clocked by clk)
Path Group: clk
Path Type: min

Fanout         Cap        Slew       Delay        Time   Description
---------------------------------------------------------------------------------------------
                                  0.000000    0.000000   clock clk (rise edge)
                                  0.000000    0.000000   clock source latency
     1    0.017177    0.083129    0.056956    0.056956 ^ clk (in)
                                                         clk (net)
                      0.083135    0.000000    0.056956 ^ clkbuf_0_clk/A (sky130_fd_sc_hd__clkbuf_16)
     2    0.018766    0.040830    0.138185    0.195142 ^ clkbuf_0_clk/X (sky130_fd_sc_hd__clkbuf_16)
                                                         clknet_0_clk (net)
                      0.040831    0.000361    0.195503 ^ clkbuf_1_0__f_clk/A (sky130_fd_sc_hd__clkbuf_16)
    10    0.038265    0.058159    0.138859    0.334362 ^ clkbuf_1_0__f_clk/X (sky130_fd_sc_hd__clkbuf_16)
                                                         clknet_1_0__leaf_clk (net)
                      0.058171    0.000818    0.335179 ^ _168_/CLK (sky130_fd_sc_hd__dfxtp_1)
     3    0.013296    0.132444    0.373031    0.708211 ^ _168_/Q (sky130_fd_sc_hd__dfxtp_1)
                                                         net19 (net)
                      0.132444    0.000482    0.708693 ^ _074_/A (sky130_fd_sc_hd__inv_2)
     2    0.016673    0.055823    0.077691    0.786384 v _074_/Y (sky130_fd_sc_hd__inv_2)
                                                         net27 (net)
                      0.055825    0.000423    0.786807 v _142_/B1 (sky130_fd_sc_hd__a21oi_1)
     1    0.003680    0.102762    0.125622    0.912429 ^ _142_/Y (sky130_fd_sc_hd__a21oi_1)
                                                         _041_ (net)
                      0.102762    0.000117    0.912546 ^ _143_/B1 (sky130_fd_sc_hd__a211o_1)
     1    0.001892    0.030204    0.102102    1.014648 ^ _143_/X (sky130_fd_sc_hd__a211o_1)
                                                         _017_ (net)
                      0.030204    0.000052    1.014700 ^ _168_/D (sky130_fd_sc_hd__dfxtp_1)
                                              1.014700   data arrival time

                                  0.000000    0.000000   clock clk (rise edge)
                                  0.000000    0.000000   clock source latency
     1    0.017177    0.083129    0.056956    0.056956 ^ clk (in)
                                                         clk (net)
                      0.083135    0.000000    0.056956 ^ clkbuf_0_clk/A (sky130_fd_sc_hd__clkbuf_16)
     2    0.018766    0.040830    0.138185    0.195142 ^ clkbuf_0_clk/X (sky130_fd_sc_hd__clkbuf_16)
                                                         clknet_0_clk (net)
                      0.040831    0.000361    0.195503 ^ clkbuf_1_0__f_clk/A (sky130_fd_sc_hd__clkbuf_16)
    10    0.038265    0.058159    0.138859    0.334362 ^ clkbuf_1_0__f_clk/X (sky130_fd_sc_hd__clkbuf_16)
                                                         clknet_1_0__leaf_clk (net)
                      0.058171    0.000818    0.335179 ^ _168_/CLK (sky130_fd_sc_hd__dfxtp_1)
                                  0.250000    0.585179   clock uncertainty
                                  0.000000    0.585179   clock reconvergence pessimism
                                 -0.026441    0.558738   library hold time
                                              0.558738   data required time
---------------------------------------------------------------------------------------------
                                              0.558738   data required time
                                             -1.014700   data arrival time
---------------------------------------------------------------------------------------------
                                              0.455962   slack (MET)


Startpoint: _171_ (rising edge-triggered flip-flop clocked by clk)
Endpoint: _171_ (rising edge-triggered flip-flop clocked by clk)
Path Group: clk
Path Type: min

Fanout         Cap        Slew       Delay        Time   Description
---------------------------------------------------------------------------------------------
                                  0.000000    0.000000   clock clk (rise edge)
                                  0.000000    0.000000   clock source latency
     1    0.017177    0.083129    0.056956    0.056956 ^ clk (in)
                                                         clk (net)
                      0.083135    0.000000    0.056956 ^ clkbuf_0_clk/A (sky130_fd_sc_hd__clkbuf_16)
     2    0.018766    0.040830    0.138185    0.195142 ^ clkbuf_0_clk/X (sky130_fd_sc_hd__clkbuf_16)
                                                         clknet_0_clk (net)
                      0.040831    0.000361    0.195503 ^ clkbuf_1_0__f_clk/A (sky130_fd_sc_hd__clkbuf_16)
    10    0.038265    0.058159    0.138859    0.334362 ^ clkbuf_1_0__f_clk/X (sky130_fd_sc_hd__clkbuf_16)
                                                         clknet_1_0__leaf_clk (net)
                      0.058211    0.001468    0.335830 ^ _171_/CLK (sky130_fd_sc_hd__dfxtp_2)
     9    0.034977    0.090567    0.374024    0.709853 v _171_/Q (sky130_fd_sc_hd__dfxtp_2)
                                                         count[2] (net)
                      0.090569    0.000595    0.710449 v _109_/B (sky130_fd_sc_hd__nand4_1)
     4    0.010235    0.118963    0.153814    0.864263 ^ _109_/Y (sky130_fd_sc_hd__nand4_1)
                                                         _065_ (net)
                      0.118963    0.000137    0.864400 ^ _149_/B (sky130_fd_sc_hd__and3_1)
     1    0.001962    0.042371    0.154371    1.018771 ^ _149_/X (sky130_fd_sc_hd__and3_1)
                                                         _020_ (net)
                      0.042371    0.000054    1.018825 ^ _171_/D (sky130_fd_sc_hd__dfxtp_2)
                                              1.018825   data arrival time

                                  0.000000    0.000000   clock clk (rise edge)
                                  0.000000    0.000000   clock source latency
     1    0.017177    0.083129    0.056956    0.056956 ^ clk (in)
                                                         clk (net)
                      0.083135    0.000000    0.056956 ^ clkbuf_0_clk/A (sky130_fd_sc_hd__clkbuf_16)
     2    0.018766    0.040830    0.138185    0.195142 ^ clkbuf_0_clk/X (sky130_fd_sc_hd__clkbuf_16)
                                                         clknet_0_clk (net)
                      0.040831    0.000361    0.195503 ^ clkbuf_1_0__f_clk/A (sky130_fd_sc_hd__clkbuf_16)
    10    0.038265    0.058159    0.138859    0.334362 ^ clkbuf_1_0__f_clk/X (sky130_fd_sc_hd__clkbuf_16)
                                                         clknet_1_0__leaf_clk (net)
                      0.058211    0.001468    0.335830 ^ _171_/CLK (sky130_fd_sc_hd__dfxtp_2)
                                  0.250000    0.585830   clock uncertainty
                                  0.000000    0.585830   clock reconvergence pessimism
                                 -0.028906    0.556923   library hold time
                                              0.556923   data required time
---------------------------------------------------------------------------------------------
                                              0.556923   data required time
                                             -1.018825   data arrival time
---------------------------------------------------------------------------------------------
                                              0.461902   slack (MET)


Startpoint: _172_ (rising edge-triggered flip-flop clocked by clk)
Endpoint: _172_ (rising edge-triggered flip-flop clocked by clk)
Path Group: clk
Path Type: min

Fanout         Cap        Slew       Delay        Time   Description
---------------------------------------------------------------------------------------------
                                  0.000000    0.000000   clock clk (rise edge)
                                  0.000000    0.000000   clock source latency
     1    0.017177    0.083129    0.056956    0.056956 ^ clk (in)
                                                         clk (net)
                      0.083135    0.000000    0.056956 ^ clkbuf_0_clk/A (sky130_fd_sc_hd__clkbuf_16)
     2    0.018766    0.040830    0.138185    0.195142 ^ clkbuf_0_clk/X (sky130_fd_sc_hd__clkbuf_16)
                                                         clknet_0_clk (net)
                      0.040831    0.000361    0.195503 ^ clkbuf_1_0__f_clk/A (sky130_fd_sc_hd__clkbuf_16)
    10    0.038265    0.058159    0.138859    0.334362 ^ clkbuf_1_0__f_clk/X (sky130_fd_sc_hd__clkbuf_16)
                                                         clknet_1_0__leaf_clk (net)
                      0.058207    0.001422    0.335784 ^ _172_/CLK (sky130_fd_sc_hd__dfxtp_1)
     3    0.012743    0.067679    0.334405    0.670189 v _172_/Q (sky130_fd_sc_hd__dfxtp_1)
                                                         count[3] (net)
                      0.067679    0.000285    0.670474 v fanout31/A (sky130_fd_sc_hd__clkbuf_2)
    10    0.030876    0.120573    0.188719    0.859193 v fanout31/X (sky130_fd_sc_hd__clkbuf_2)
                                                         net31 (net)
                      0.120574    0.000529    0.859721 v _150_/A (sky130_fd_sc_hd__nand2_1)
     1    0.002678    0.049298    0.083663    0.943384 ^ _150_/Y (sky130_fd_sc_hd__nand2_1)
                                                         _045_ (net)
                      0.049298    0.000053    0.943437 ^ _151_/A2 (sky130_fd_sc_hd__a21oi_1)
     1    0.002408    0.036887    0.057421    1.000858 v _151_/Y (sky130_fd_sc_hd__a21oi_1)
                                                         _021_ (net)
                      0.036887    0.000067    1.000925 v _172_/D (sky130_fd_sc_hd__dfxtp_1)
                                              1.000925   data arrival time

                                  0.000000    0.000000   clock clk (rise edge)
                                  0.000000    0.000000   clock source latency
     1    0.017177    0.083129    0.056956    0.056956 ^ clk (in)
                                                         clk (net)
                      0.083135    0.000000    0.056956 ^ clkbuf_0_clk/A (sky130_fd_sc_hd__clkbuf_16)
     2    0.018766    0.040830    0.138185    0.195142 ^ clkbuf_0_clk/X (sky130_fd_sc_hd__clkbuf_16)
                                                         clknet_0_clk (net)
                      0.040831    0.000361    0.195503 ^ clkbuf_1_0__f_clk/A (sky130_fd_sc_hd__clkbuf_16)
    10    0.038265    0.058159    0.138859    0.334362 ^ clkbuf_1_0__f_clk/X (sky130_fd_sc_hd__clkbuf_16)
                                                         clknet_1_0__leaf_clk (net)
                      0.058207    0.001422    0.335784 ^ _172_/CLK (sky130_fd_sc_hd__dfxtp_1)
                                  0.250000    0.585784   clock uncertainty
                                  0.000000    0.585784   clock reconvergence pessimism
                                 -0.047179    0.538604   library hold time
                                              0.538604   data required time
---------------------------------------------------------------------------------------------
                                              0.538604   data required time
                                             -1.000925   data arrival time
---------------------------------------------------------------------------------------------
                                              0.462320   slack (MET)


Startpoint: _161_ (rising edge-triggered flip-flop clocked by clk)
Endpoint: _161_ (rising edge-triggered flip-flop clocked by clk)
Path Group: clk
Path Type: min

Fanout         Cap        Slew       Delay        Time   Description
---------------------------------------------------------------------------------------------
                                  0.000000    0.000000   clock clk (rise edge)
                                  0.000000    0.000000   clock source latency
     1    0.017177    0.083129    0.056956    0.056956 ^ clk (in)
                                                         clk (net)
                      0.083135    0.000000    0.056956 ^ clkbuf_0_clk/A (sky130_fd_sc_hd__clkbuf_16)
     2    0.018766    0.040830    0.138185    0.195142 ^ clkbuf_0_clk/X (sky130_fd_sc_hd__clkbuf_16)
                                                         clknet_0_clk (net)
                      0.040831    0.000361    0.195503 ^ clkbuf_1_0__f_clk/A (sky130_fd_sc_hd__clkbuf_16)
    10    0.038265    0.058159    0.138859    0.334362 ^ clkbuf_1_0__f_clk/X (sky130_fd_sc_hd__clkbuf_16)
                                                         clknet_1_0__leaf_clk (net)
                      0.058204    0.001380    0.335742 ^ _161_/CLK (sky130_fd_sc_hd__dfxtp_1)
     4    0.030013    0.142432    0.393306    0.729047 v _161_/Q (sky130_fd_sc_hd__dfxtp_1)
                                                         net12 (net)
                      0.142434    0.000771    0.729819 v _111_/B1 (sky130_fd_sc_hd__o21a_1)
     1    0.003089    0.031928    0.142832    0.872651 v _111_/X (sky130_fd_sc_hd__o21a_1)
                                                         _067_ (net)
                      0.031928    0.000092    0.872743 v _115_/A1 (sky130_fd_sc_hd__o21a_1)
     1    0.002266    0.026728    0.169593    1.042336 v _115_/X (sky130_fd_sc_hd__o21a_1)
                                                         _010_ (net)
                      0.026728    0.000048    1.042384 v _161_/D (sky130_fd_sc_hd__dfxtp_1)
                                              1.042384   data arrival time

                                  0.000000    0.000000   clock clk (rise edge)
                                  0.000000    0.000000   clock source latency
     1    0.017177    0.083129    0.056956    0.056956 ^ clk (in)
                                                         clk (net)
                      0.083135    0.000000    0.056956 ^ clkbuf_0_clk/A (sky130_fd_sc_hd__clkbuf_16)
     2    0.018766    0.040830    0.138185    0.195142 ^ clkbuf_0_clk/X (sky130_fd_sc_hd__clkbuf_16)
                                                         clknet_0_clk (net)
                      0.040831    0.000361    0.195503 ^ clkbuf_1_0__f_clk/A (sky130_fd_sc_hd__clkbuf_16)
    10    0.038265    0.058159    0.138859    0.334362 ^ clkbuf_1_0__f_clk/X (sky130_fd_sc_hd__clkbuf_16)
                                                         clknet_1_0__leaf_clk (net)
                      0.058204    0.001380    0.335742 ^ _161_/CLK (sky130_fd_sc_hd__dfxtp_1)
                                  0.250000    0.585742   clock uncertainty
                                  0.000000    0.585742   clock reconvergence pessimism
                                 -0.042941    0.542801   library hold time
                                              0.542801   data required time
---------------------------------------------------------------------------------------------
                                              0.542801   data required time
                                             -1.042384   data arrival time
---------------------------------------------------------------------------------------------
                                              0.499583   slack (MET)


Startpoint: _164_ (rising edge-triggered flip-flop clocked by clk)
Endpoint: _164_ (rising edge-triggered flip-flop clocked by clk)
Path Group: clk
Path Type: min

Fanout         Cap        Slew       Delay        Time   Description
---------------------------------------------------------------------------------------------
                                  0.000000    0.000000   clock clk (rise edge)
                                  0.000000    0.000000   clock source latency
     1    0.017177    0.083129    0.056956    0.056956 ^ clk (in)
                                                         clk (net)
                      0.083135    0.000000    0.056956 ^ clkbuf_0_clk/A (sky130_fd_sc_hd__clkbuf_16)
     2    0.018766    0.040830    0.138185    0.195142 ^ clkbuf_0_clk/X (sky130_fd_sc_hd__clkbuf_16)
                                                         clknet_0_clk (net)
                      0.040831    0.000361    0.195503 ^ clkbuf_1_0__f_clk/A (sky130_fd_sc_hd__clkbuf_16)
    10    0.038265    0.058159    0.138859    0.334362 ^ clkbuf_1_0__f_clk/X (sky130_fd_sc_hd__clkbuf_16)
                                                         clknet_1_0__leaf_clk (net)
                      0.058192    0.001196    0.335557 ^ _164_/CLK (sky130_fd_sc_hd__dfxtp_1)
     3    0.023846    0.114992    0.372470    0.708027 v _164_/Q (sky130_fd_sc_hd__dfxtp_1)
                                                         net15 (net)
                      0.115013    0.001513    0.709539 v _078_/A (sky130_fd_sc_hd__inv_2)
     2    0.011023    0.064197    0.097037    0.806577 ^ _078_/Y (sky130_fd_sc_hd__inv_2)
                                                         net23 (net)
                      0.064198    0.000402    0.806978 ^ _126_/B1 (sky130_fd_sc_hd__a21oi_1)
     1    0.003468    0.032198    0.044477    0.851455 v _126_/Y (sky130_fd_sc_hd__a21oi_1)
                                                         _029_ (net)
                      0.032198    0.000077    0.851532 v _129_/A1 (sky130_fd_sc_hd__o21a_1)
     1    0.007766    0.053441    0.198709    1.050240 v _129_/X (sky130_fd_sc_hd__o21a_1)
                                                         _013_ (net)
                      0.053442    0.000322    1.050562 v _164_/D (sky130_fd_sc_hd__dfxtp_1)
                                              1.050562   data arrival time

                                  0.000000    0.000000   clock clk (rise edge)
                                  0.000000    0.000000   clock source latency
     1    0.017177    0.083129    0.056956    0.056956 ^ clk (in)
                                                         clk (net)
                      0.083135    0.000000    0.056956 ^ clkbuf_0_clk/A (sky130_fd_sc_hd__clkbuf_16)
     2    0.018766    0.040830    0.138185    0.195142 ^ clkbuf_0_clk/X (sky130_fd_sc_hd__clkbuf_16)
                                                         clknet_0_clk (net)
                      0.040831    0.000361    0.195503 ^ clkbuf_1_0__f_clk/A (sky130_fd_sc_hd__clkbuf_16)
    10    0.038265    0.058159    0.138859    0.334362 ^ clkbuf_1_0__f_clk/X (sky130_fd_sc_hd__clkbuf_16)
                                                         clknet_1_0__leaf_clk (net)
                      0.058192    0.001196    0.335557 ^ _164_/CLK (sky130_fd_sc_hd__dfxtp_1)
                                  0.250000    0.585557   clock uncertainty
                                  0.000000    0.585557   clock reconvergence pessimism
                                 -0.054091    0.531466   library hold time
                                              0.531466   data required time
---------------------------------------------------------------------------------------------
                                              0.531466   data required time
                                             -1.050562   data arrival time
---------------------------------------------------------------------------------------------
                                              0.519096   slack (MET)


Startpoint: _171_ (rising edge-triggered flip-flop clocked by clk)
Endpoint: _163_ (rising edge-triggered flip-flop clocked by clk)
Path Group: clk
Path Type: min

Fanout         Cap        Slew       Delay        Time   Description
---------------------------------------------------------------------------------------------
                                  0.000000    0.000000   clock clk (rise edge)
                                  0.000000    0.000000   clock source latency
     1    0.017177    0.083129    0.056956    0.056956 ^ clk (in)
                                                         clk (net)
                      0.083135    0.000000    0.056956 ^ clkbuf_0_clk/A (sky130_fd_sc_hd__clkbuf_16)
     2    0.018766    0.040830    0.138185    0.195142 ^ clkbuf_0_clk/X (sky130_fd_sc_hd__clkbuf_16)
                                                         clknet_0_clk (net)
                      0.040831    0.000361    0.195503 ^ clkbuf_1_0__f_clk/A (sky130_fd_sc_hd__clkbuf_16)
    10    0.038265    0.058159    0.138859    0.334362 ^ clkbuf_1_0__f_clk/X (sky130_fd_sc_hd__clkbuf_16)
                                                         clknet_1_0__leaf_clk (net)
                      0.058211    0.001468    0.335830 ^ _171_/CLK (sky130_fd_sc_hd__dfxtp_2)
     9    0.034977    0.090567    0.374024    0.709853 v _171_/Q (sky130_fd_sc_hd__dfxtp_2)
                                                         count[2] (net)
                      0.090641    0.002340    0.712194 v _072_/A (sky130_fd_sc_hd__inv_2)
     4    0.013922    0.071567    0.096158    0.808351 ^ _072_/Y (sky130_fd_sc_hd__inv_2)
                                                         _046_ (net)
                      0.071568    0.000379    0.808730 ^ _121_/A2 (sky130_fd_sc_hd__o41a_1)
     1    0.003789    0.056403    0.147159    0.955889 ^ _121_/X (sky130_fd_sc_hd__o41a_1)
                                                         _025_ (net)
                      0.056403    0.000090    0.955979 ^ _125_/A1 (sky130_fd_sc_hd__o31a_1)
     1    0.003613    0.051729    0.134327    1.090306 ^ _125_/X (sky130_fd_sc_hd__o31a_1)
                                                         _012_ (net)
                      0.051729    0.000119    1.090425 ^ _163_/D (sky130_fd_sc_hd__dfxtp_1)
                                              1.090425   data arrival time

                                  0.000000    0.000000   clock clk (rise edge)
                                  0.000000    0.000000   clock source latency
     1    0.017177    0.083129    0.056956    0.056956 ^ clk (in)
                                                         clk (net)
                      0.083135    0.000000    0.056956 ^ clkbuf_0_clk/A (sky130_fd_sc_hd__clkbuf_16)
     2    0.018766    0.040830    0.138185    0.195142 ^ clkbuf_0_clk/X (sky130_fd_sc_hd__clkbuf_16)
                                                         clknet_0_clk (net)
                      0.040831    0.000361    0.195503 ^ clkbuf_1_0__f_clk/A (sky130_fd_sc_hd__clkbuf_16)
    10    0.038265    0.058159    0.138859    0.334362 ^ clkbuf_1_0__f_clk/X (sky130_fd_sc_hd__clkbuf_16)
                                                         clknet_1_0__leaf_clk (net)
                      0.058202    0.001339    0.335701 ^ _163_/CLK (sky130_fd_sc_hd__dfxtp_1)
                                  0.250000    0.585701   clock uncertainty
                                  0.000000    0.585701   clock reconvergence pessimism
                                 -0.030936    0.554764   library hold time
                                              0.554764   data required time
---------------------------------------------------------------------------------------------
                                              0.554764   data required time
                                             -1.090425   data arrival time
---------------------------------------------------------------------------------------------
                                              0.535661   slack (MET)


Startpoint: _170_ (rising edge-triggered flip-flop clocked by clk)
Endpoint: _170_ (rising edge-triggered flip-flop clocked by clk)
Path Group: clk
Path Type: min

Fanout         Cap        Slew       Delay        Time   Description
---------------------------------------------------------------------------------------------
                                  0.000000    0.000000   clock clk (rise edge)
                                  0.000000    0.000000   clock source latency
     1    0.017177    0.083129    0.056956    0.056956 ^ clk (in)
                                                         clk (net)
                      0.083135    0.000000    0.056956 ^ clkbuf_0_clk/A (sky130_fd_sc_hd__clkbuf_16)
     2    0.018766    0.040830    0.138185    0.195142 ^ clkbuf_0_clk/X (sky130_fd_sc_hd__clkbuf_16)
                                                         clknet_0_clk (net)
                      0.040831    0.000361    0.195503 ^ clkbuf_1_0__f_clk/A (sky130_fd_sc_hd__clkbuf_16)
    10    0.038265    0.058159    0.138859    0.334362 ^ clkbuf_1_0__f_clk/X (sky130_fd_sc_hd__clkbuf_16)
                                                         clknet_1_0__leaf_clk (net)
                      0.058164    0.000660    0.335022 ^ _170_/CLK (sky130_fd_sc_hd__dfxtp_1)
     2    0.006867    0.043464    0.312908    0.647930 v _170_/Q (sky130_fd_sc_hd__dfxtp_1)
                                                         count[1] (net)
                      0.043464    0.000118    0.648048 v fanout32/A (sky130_fd_sc_hd__buf_2)
    10    0.032515    0.085829    0.176051    0.824100 v fanout32/X (sky130_fd_sc_hd__buf_2)
                                                         net32 (net)
                      0.085831    0.000515    0.824615 v _107_/B (sky130_fd_sc_hd__nand3_1)
     3    0.008263    0.098297    0.132244    0.956860 ^ _107_/Y (sky130_fd_sc_hd__nand3_1)
                                                         _063_ (net)
                      0.098297    0.000112    0.956972 ^ _147_/B (sky130_fd_sc_hd__and3_1)
     1    0.002083    0.043345    0.149435    1.106407 ^ _147_/X (sky130_fd_sc_hd__and3_1)
                                                         _019_ (net)
                      0.043345    0.000058    1.106464 ^ _170_/D (sky130_fd_sc_hd__dfxtp_1)
                                              1.106464   data arrival time

                                  0.000000    0.000000   clock clk (rise edge)
                                  0.000000    0.000000   clock source latency
     1    0.017177    0.083129    0.056956    0.056956 ^ clk (in)
                                                         clk (net)
                      0.083135    0.000000    0.056956 ^ clkbuf_0_clk/A (sky130_fd_sc_hd__clkbuf_16)
     2    0.018766    0.040830    0.138185    0.195142 ^ clkbuf_0_clk/X (sky130_fd_sc_hd__clkbuf_16)
                                                         clknet_0_clk (net)
                      0.040831    0.000361    0.195503 ^ clkbuf_1_0__f_clk/A (sky130_fd_sc_hd__clkbuf_16)
    10    0.038265    0.058159    0.138859    0.334362 ^ clkbuf_1_0__f_clk/X (sky130_fd_sc_hd__clkbuf_16)
                                                         clknet_1_0__leaf_clk (net)
                      0.058164    0.000660    0.335022 ^ _170_/CLK (sky130_fd_sc_hd__dfxtp_1)
                                  0.250000    0.585022   clock uncertainty
                                  0.000000    0.585022   clock reconvergence pessimism
                                 -0.029189    0.555833   library hold time
                                              0.555833   data required time
---------------------------------------------------------------------------------------------
                                              0.555833   data required time
                                             -1.106464   data arrival time
---------------------------------------------------------------------------------------------
                                              0.550631   slack (MET)


Startpoint: _152_ (rising edge-triggered flip-flop clocked by clk')
Endpoint: _152_ (rising edge-triggered flip-flop clocked by clk')
Path Group: clk
Path Type: min

Fanout         Cap        Slew       Delay        Time   Description
---------------------------------------------------------------------------------------------
                                125.000000  125.000000   clock clk' (rise edge)
                                  0.000000  125.000000   clock source latency
     1    0.016183    0.037853    0.026304  125.026306 v clk (in)
                                                         clk (net)
                      0.037864    0.000000  125.026306 v clkbuf_0_clk/A (sky130_fd_sc_hd__clkbuf_16)
     2    0.016778    0.033302    0.141185  125.167496 v clkbuf_0_clk/X (sky130_fd_sc_hd__clkbuf_16)
                                                         clknet_0_clk (net)
                      0.033302    0.000284  125.167778 v clkbuf_1_1__f_clk/A (sky130_fd_sc_hd__clkbuf_16)
    12    0.035368    0.043824    0.152014  125.319794 v clkbuf_1_1__f_clk/X (sky130_fd_sc_hd__clkbuf_16)
                                                         clknet_1_1__leaf_clk (net)
                      0.043837    0.000526  125.320312 v _083__1/A (sky130_fd_sc_hd__inv_2)
     1    0.002827    0.022921    0.039762  125.360077 ^ _083__1/Y (sky130_fd_sc_hd__inv_2)
                                                         net36 (net)
                      0.022921    0.000085  125.360161 ^ _152_/CLK (sky130_fd_sc_hd__dfxtp_1)
     3    0.013906    0.072728    0.325514  125.685677 v _152_/Q (sky130_fd_sc_hd__dfxtp_1)
                                                         net11 (net)
                      0.072728    0.000227  125.685905 v hold1/A (sky130_fd_sc_hd__dlygate4sd3_1)
     1    0.002833    0.053166    0.560533  126.246437 v hold1/X (sky130_fd_sc_hd__dlygate4sd3_1)
                                                         net37 (net)
                      0.053166    0.000085  126.246521 v _084_/A_N (sky130_fd_sc_hd__and2b_1)
     1    0.002056    0.035970    0.179156  126.425682 ^ _084_/X (sky130_fd_sc_hd__and2b_1)
                                                         _001_ (net)
                      0.035970    0.000043  126.425720 ^ _152_/D (sky130_fd_sc_hd__dfxtp_1)
                                            126.425720   data arrival time

                                125.000000  125.000000   clock clk' (rise edge)
                                  0.000000  125.000000   clock source latency
     1    0.016183    0.037853    0.026304  125.026306 v clk (in)
                                                         clk (net)
                      0.037864    0.000000  125.026306 v clkbuf_0_clk/A (sky130_fd_sc_hd__clkbuf_16)
     2    0.016778    0.033302    0.141185  125.167496 v clkbuf_0_clk/X (sky130_fd_sc_hd__clkbuf_16)
                                                         clknet_0_clk (net)
                      0.033302    0.000284  125.167778 v clkbuf_1_1__f_clk/A (sky130_fd_sc_hd__clkbuf_16)
    12    0.035368    0.043824    0.152014  125.319794 v clkbuf_1_1__f_clk/X (sky130_fd_sc_hd__clkbuf_16)
                                                         clknet_1_1__leaf_clk (net)
                      0.043837    0.000526  125.320312 v _083__1/A (sky130_fd_sc_hd__inv_2)
     1    0.002827    0.022921    0.039762  125.360077 ^ _083__1/Y (sky130_fd_sc_hd__inv_2)
                                                         net36 (net)
                      0.022921    0.000085  125.360161 ^ _152_/CLK (sky130_fd_sc_hd__dfxtp_1)
                                  0.250000  125.610161   clock uncertainty
                                  0.000000  125.610161   clock reconvergence pessimism
                                 -0.032284  125.577873   library hold time
                                            125.577873   data required time
---------------------------------------------------------------------------------------------
                                            125.577873   data required time
                                           -126.425720   data arrival time
---------------------------------------------------------------------------------------------
                                              0.847848   slack (MET)


Startpoint: _160_ (rising edge-triggered flip-flop clocked by clk)
Endpoint: _160_ (rising edge-triggered flip-flop clocked by clk)
Path Group: clk
Path Type: min

Fanout         Cap        Slew       Delay        Time   Description
---------------------------------------------------------------------------------------------
                                  0.000000    0.000000   clock clk (rise edge)
                                  0.000000    0.000000   clock source latency
     1    0.017177    0.083129    0.056956    0.056956 ^ clk (in)
                                                         clk (net)
                      0.083135    0.000000    0.056956 ^ clkbuf_0_clk/A (sky130_fd_sc_hd__clkbuf_16)
     2    0.018766    0.040830    0.138185    0.195142 ^ clkbuf_0_clk/X (sky130_fd_sc_hd__clkbuf_16)
                                                         clknet_0_clk (net)
                      0.040830    0.000319    0.195460 ^ clkbuf_1_1__f_clk/A (sky130_fd_sc_hd__clkbuf_16)
    12    0.037549    0.057536    0.138387    0.333848 ^ clkbuf_1_1__f_clk/X (sky130_fd_sc_hd__clkbuf_16)
                                                         clknet_1_1__leaf_clk (net)
                      0.057540    0.000575    0.334422 ^ _160_/CLK (sky130_fd_sc_hd__dfxtp_1)
     2    0.009025    0.094103    0.345427    0.679849 ^ _160_/Q (sky130_fd_sc_hd__dfxtp_1)
                                                         net10 (net)
                      0.094103    0.000124    0.679974 ^ _101_/A (sky130_fd_sc_hd__or2_1)
     1    0.003804    0.048311    0.113461    0.793435 ^ _101_/X (sky130_fd_sc_hd__or2_1)
                                                         _058_ (net)
                      0.048311    0.000122    0.793557 ^ _102_/B1 (sky130_fd_sc_hd__o211a_1)
     1    0.002132    0.035857    0.131216    0.924774 ^ _102_/X (sky130_fd_sc_hd__o211a_1)
                                                         _009_ (net)
                      0.035857    0.000060    0.924833 ^ hold3/A (sky130_fd_sc_hd__dlygate4sd3_1)
     1    0.002393    0.049463    0.528028    1.452862 ^ hold3/X (sky130_fd_sc_hd__dlygate4sd3_1)
                                                         net39 (net)
                      0.049463    0.000071    1.452932 ^ _160_/D (sky130_fd_sc_hd__dfxtp_1)
                                              1.452932   data arrival time

                                  0.000000    0.000000   clock clk (rise edge)
                                  0.000000    0.000000   clock source latency
     1    0.017177    0.083129    0.056956    0.056956 ^ clk (in)
                                                         clk (net)
                      0.083135    0.000000    0.056956 ^ clkbuf_0_clk/A (sky130_fd_sc_hd__clkbuf_16)
     2    0.018766    0.040830    0.138185    0.195142 ^ clkbuf_0_clk/X (sky130_fd_sc_hd__clkbuf_16)
                                                         clknet_0_clk (net)
                      0.040830    0.000319    0.195460 ^ clkbuf_1_1__f_clk/A (sky130_fd_sc_hd__clkbuf_16)
    12    0.037549    0.057536    0.138387    0.333848 ^ clkbuf_1_1__f_clk/X (sky130_fd_sc_hd__clkbuf_16)
                                                         clknet_1_1__leaf_clk (net)
                      0.057540    0.000575    0.334422 ^ _160_/CLK (sky130_fd_sc_hd__dfxtp_1)
                                  0.250000    0.584423   clock uncertainty
                                  0.000000    0.584423   clock reconvergence pessimism
                                 -0.030550    0.553872   library hold time
                                              0.553872   data required time
---------------------------------------------------------------------------------------------
                                              0.553872   data required time
                                             -1.452932   data arrival time
---------------------------------------------------------------------------------------------
                                              0.899060   slack (MET)


Startpoint: _158_ (rising edge-triggered flip-flop clocked by clk)
Endpoint: adc_out[5] (output port clocked by clk)
Path Group: clk
Path Type: min

Fanout         Cap        Slew       Delay        Time   Description
---------------------------------------------------------------------------------------------
                                  0.000000    0.000000   clock clk (rise edge)
                                  0.000000    0.000000   clock source latency
     1    0.017177    0.083129    0.056956    0.056956 ^ clk (in)
                                                         clk (net)
                      0.083135    0.000000    0.056956 ^ clkbuf_0_clk/A (sky130_fd_sc_hd__clkbuf_16)
     2    0.018766    0.040830    0.138185    0.195142 ^ clkbuf_0_clk/X (sky130_fd_sc_hd__clkbuf_16)
                                                         clknet_0_clk (net)
                      0.040830    0.000319    0.195460 ^ clkbuf_1_1__f_clk/A (sky130_fd_sc_hd__clkbuf_16)
    12    0.037549    0.057536    0.138387    0.333848 ^ clkbuf_1_1__f_clk/X (sky130_fd_sc_hd__clkbuf_16)
                                                         clknet_1_1__leaf_clk (net)
                      0.057577    0.001285    0.335133 ^ _158_/CLK (sky130_fd_sc_hd__dfxtp_1)
     2    0.004958    0.035416    0.304952    0.640084 v _158_/Q (sky130_fd_sc_hd__dfxtp_1)
                                                         net8 (net)
                      0.035416    0.000111    0.640195 v output8/A (sky130_fd_sc_hd__buf_2)
     1    0.034067    0.089137    0.175623    0.815818 v output8/X (sky130_fd_sc_hd__buf_2)
                                                         adc_out[5] (net)
                      0.089140    0.000622    0.816440 v adc_out[5] (out)
                                              0.816440   data arrival time

                                  0.000000    0.000000   clock clk (rise edge)
                                  0.000000    0.000000   clock network delay (propagated)
                                  0.250000    0.250000   clock uncertainty
                                  0.000000    0.250000   clock reconvergence pessimism
                                -50.000000  -49.749996   output external delay
                                            -49.749996   data required time
---------------------------------------------------------------------------------------------
                                            -49.749996   data required time
                                             -0.816440   data arrival time
---------------------------------------------------------------------------------------------
                                             50.566437   slack (MET)


Startpoint: _157_ (rising edge-triggered flip-flop clocked by clk)
Endpoint: adc_out[4] (output port clocked by clk)
Path Group: clk
Path Type: min

Fanout         Cap        Slew       Delay        Time   Description
---------------------------------------------------------------------------------------------
                                  0.000000    0.000000   clock clk (rise edge)
                                  0.000000    0.000000   clock source latency
     1    0.017177    0.083129    0.056956    0.056956 ^ clk (in)
                                                         clk (net)
                      0.083135    0.000000    0.056956 ^ clkbuf_0_clk/A (sky130_fd_sc_hd__clkbuf_16)
     2    0.018766    0.040830    0.138185    0.195142 ^ clkbuf_0_clk/X (sky130_fd_sc_hd__clkbuf_16)
                                                         clknet_0_clk (net)
                      0.040830    0.000319    0.195460 ^ clkbuf_1_1__f_clk/A (sky130_fd_sc_hd__clkbuf_16)
    12    0.037549    0.057536    0.138387    0.333848 ^ clkbuf_1_1__f_clk/X (sky130_fd_sc_hd__clkbuf_16)
                                                         clknet_1_1__leaf_clk (net)
                      0.057574    0.001241    0.335089 ^ _157_/CLK (sky130_fd_sc_hd__dfxtp_1)
     2    0.005086    0.035951    0.305449    0.640537 v _157_/Q (sky130_fd_sc_hd__dfxtp_1)
                                                         net7 (net)
                      0.035951    0.000157    0.640695 v output7/A (sky130_fd_sc_hd__buf_2)
     1    0.034064    0.089127    0.175849    0.816543 v output7/X (sky130_fd_sc_hd__buf_2)
                                                         adc_out[4] (net)
                      0.089131    0.000622    0.817165 v adc_out[4] (out)
                                              0.817165   data arrival time

                                  0.000000    0.000000   clock clk (rise edge)
                                  0.000000    0.000000   clock network delay (propagated)
                                  0.250000    0.250000   clock uncertainty
                                  0.000000    0.250000   clock reconvergence pessimism
                                -50.000000  -49.749996   output external delay
                                            -49.749996   data required time
---------------------------------------------------------------------------------------------
                                            -49.749996   data required time
                                             -0.817165   data arrival time
---------------------------------------------------------------------------------------------
                                             50.567162   slack (MET)


Startpoint: _155_ (rising edge-triggered flip-flop clocked by clk)
Endpoint: adc_out[2] (output port clocked by clk)
Path Group: clk
Path Type: min

Fanout         Cap        Slew       Delay        Time   Description
---------------------------------------------------------------------------------------------
                                  0.000000    0.000000   clock clk (rise edge)
                                  0.000000    0.000000   clock source latency
     1    0.017177    0.083129    0.056956    0.056956 ^ clk (in)
                                                         clk (net)
                      0.083135    0.000000    0.056956 ^ clkbuf_0_clk/A (sky130_fd_sc_hd__clkbuf_16)
     2    0.018766    0.040830    0.138185    0.195142 ^ clkbuf_0_clk/X (sky130_fd_sc_hd__clkbuf_16)
                                                         clknet_0_clk (net)
                      0.040830    0.000319    0.195460 ^ clkbuf_1_1__f_clk/A (sky130_fd_sc_hd__clkbuf_16)
    12    0.037549    0.057536    0.138387    0.333848 ^ clkbuf_1_1__f_clk/X (sky130_fd_sc_hd__clkbuf_16)
                                                         clknet_1_1__leaf_clk (net)
                      0.057568    0.001137    0.334985 ^ _155_/CLK (sky130_fd_sc_hd__dfxtp_1)
     2    0.005398    0.037237    0.306723    0.641708 v _155_/Q (sky130_fd_sc_hd__dfxtp_1)
                                                         net5 (net)
                      0.037237    0.000147    0.641855 v output5/A (sky130_fd_sc_hd__buf_2)
     1    0.034059    0.089107    0.176393    0.818248 v output5/X (sky130_fd_sc_hd__buf_2)
                                                         adc_out[2] (net)
                      0.089110    0.000622    0.818869 v adc_out[2] (out)
                                              0.818869   data arrival time

                                  0.000000    0.000000   clock clk (rise edge)
                                  0.000000    0.000000   clock network delay (propagated)
                                  0.250000    0.250000   clock uncertainty
                                  0.000000    0.250000   clock reconvergence pessimism
                                -50.000000  -49.749996   output external delay
                                            -49.749996   data required time
---------------------------------------------------------------------------------------------
                                            -49.749996   data required time
                                             -0.818869   data arrival time
---------------------------------------------------------------------------------------------
                                             50.568867   slack (MET)


Startpoint: _159_ (rising edge-triggered flip-flop clocked by clk)
Endpoint: adc_out[6] (output port clocked by clk)
Path Group: clk
Path Type: min

Fanout         Cap        Slew       Delay        Time   Description
---------------------------------------------------------------------------------------------
                                  0.000000    0.000000   clock clk (rise edge)
                                  0.000000    0.000000   clock source latency
     1    0.017177    0.083129    0.056956    0.056956 ^ clk (in)
                                                         clk (net)
                      0.083135    0.000000    0.056956 ^ clkbuf_0_clk/A (sky130_fd_sc_hd__clkbuf_16)
     2    0.018766    0.040830    0.138185    0.195142 ^ clkbuf_0_clk/X (sky130_fd_sc_hd__clkbuf_16)
                                                         clknet_0_clk (net)
                      0.040830    0.000319    0.195460 ^ clkbuf_1_1__f_clk/A (sky130_fd_sc_hd__clkbuf_16)
    12    0.037549    0.057536    0.138387    0.333848 ^ clkbuf_1_1__f_clk/X (sky130_fd_sc_hd__clkbuf_16)
                                                         clknet_1_1__leaf_clk (net)
                      0.057577    0.001291    0.335139 ^ _159_/CLK (sky130_fd_sc_hd__dfxtp_1)
     2    0.006365    0.041318    0.310639    0.645777 v _159_/Q (sky130_fd_sc_hd__dfxtp_1)
                                                         net9 (net)
                      0.041318    0.000173    0.645951 v output9/A (sky130_fd_sc_hd__buf_2)
     1    0.034401    0.089827    0.178762    0.824713 v output9/X (sky130_fd_sc_hd__buf_2)
                                                         adc_out[6] (net)
                      0.089831    0.000657    0.825370 v adc_out[6] (out)
                                              0.825370   data arrival time

                                  0.000000    0.000000   clock clk (rise edge)
                                  0.000000    0.000000   clock network delay (propagated)
                                  0.250000    0.250000   clock uncertainty
                                  0.000000    0.250000   clock reconvergence pessimism
                                -50.000000  -49.749996   output external delay
                                            -49.749996   data required time
---------------------------------------------------------------------------------------------
                                            -49.749996   data required time
                                             -0.825370   data arrival time
---------------------------------------------------------------------------------------------
                                             50.575367   slack (MET)


Startpoint: _156_ (rising edge-triggered flip-flop clocked by clk)
Endpoint: adc_out[3] (output port clocked by clk)
Path Group: clk
Path Type: min

Fanout         Cap        Slew       Delay        Time   Description
---------------------------------------------------------------------------------------------
                                  0.000000    0.000000   clock clk (rise edge)
                                  0.000000    0.000000   clock source latency
     1    0.017177    0.083129    0.056956    0.056956 ^ clk (in)
                                                         clk (net)
                      0.083135    0.000000    0.056956 ^ clkbuf_0_clk/A (sky130_fd_sc_hd__clkbuf_16)
     2    0.018766    0.040830    0.138185    0.195142 ^ clkbuf_0_clk/X (sky130_fd_sc_hd__clkbuf_16)
                                                         clknet_0_clk (net)
                      0.040830    0.000319    0.195460 ^ clkbuf_1_1__f_clk/A (sky130_fd_sc_hd__clkbuf_16)
    12    0.037549    0.057536    0.138387    0.333848 ^ clkbuf_1_1__f_clk/X (sky130_fd_sc_hd__clkbuf_16)
                                                         clknet_1_1__leaf_clk (net)
                      0.057563    0.001050    0.334898 ^ _156_/CLK (sky130_fd_sc_hd__dfxtp_1)
     2    0.006734    0.042915    0.312101    0.647000 v _156_/Q (sky130_fd_sc_hd__dfxtp_1)
                                                         net6 (net)
                      0.042915    0.000247    0.647246 v output6/A (sky130_fd_sc_hd__buf_2)
     1    0.034058    0.089065    0.178838    0.826084 v output6/X (sky130_fd_sc_hd__buf_2)
                                                         adc_out[3] (net)
                      0.089068    0.000622    0.826706 v adc_out[3] (out)
                                              0.826706   data arrival time

                                  0.000000    0.000000   clock clk (rise edge)
                                  0.000000    0.000000   clock network delay (propagated)
                                  0.250000    0.250000   clock uncertainty
                                  0.000000    0.250000   clock reconvergence pessimism
                                -50.000000  -49.749996   output external delay
                                            -49.749996   data required time
---------------------------------------------------------------------------------------------
                                            -49.749996   data required time
                                             -0.826706   data arrival time
---------------------------------------------------------------------------------------------
                                             50.576702   slack (MET)


Startpoint: _153_ (rising edge-triggered flip-flop clocked by clk)
Endpoint: adc_out[0] (output port clocked by clk)
Path Group: clk
Path Type: min

Fanout         Cap        Slew       Delay        Time   Description
---------------------------------------------------------------------------------------------
                                  0.000000    0.000000   clock clk (rise edge)
                                  0.000000    0.000000   clock source latency
     1    0.017177    0.083129    0.056956    0.056956 ^ clk (in)
                                                         clk (net)
                      0.083135    0.000000    0.056956 ^ clkbuf_0_clk/A (sky130_fd_sc_hd__clkbuf_16)
     2    0.018766    0.040830    0.138185    0.195142 ^ clkbuf_0_clk/X (sky130_fd_sc_hd__clkbuf_16)
                                                         clknet_0_clk (net)
                      0.040830    0.000319    0.195460 ^ clkbuf_1_1__f_clk/A (sky130_fd_sc_hd__clkbuf_16)
    12    0.037549    0.057536    0.138387    0.333848 ^ clkbuf_1_1__f_clk/X (sky130_fd_sc_hd__clkbuf_16)
                                                         clknet_1_1__leaf_clk (net)
                      0.057560    0.001008    0.334856 ^ _153_/CLK (sky130_fd_sc_hd__dfxtp_1)
     2    0.008249    0.049216    0.318201    0.653056 v _153_/Q (sky130_fd_sc_hd__dfxtp_1)
                                                         net3 (net)
                      0.049287    0.000338    0.653394 v output3/A (sky130_fd_sc_hd__buf_2)
     1    0.035068    0.091306    0.183251    0.836645 v output3/X (sky130_fd_sc_hd__buf_2)
                                                         adc_out[0] (net)
                      0.091314    0.000903    0.837548 v adc_out[0] (out)
                                              0.837548   data arrival time

                                  0.000000    0.000000   clock clk (rise edge)
                                  0.000000    0.000000   clock network delay (propagated)
                                  0.250000    0.250000   clock uncertainty
                                  0.000000    0.250000   clock reconvergence pessimism
                                -50.000000  -49.749996   output external delay
                                            -49.749996   data required time
---------------------------------------------------------------------------------------------
                                            -49.749996   data required time
                                             -0.837548   data arrival time
---------------------------------------------------------------------------------------------
                                             50.587547   slack (MET)


Startpoint: _160_ (rising edge-triggered flip-flop clocked by clk)
Endpoint: adc_out[7] (output port clocked by clk)
Path Group: clk
Path Type: min

Fanout         Cap        Slew       Delay        Time   Description
---------------------------------------------------------------------------------------------
                                  0.000000    0.000000   clock clk (rise edge)
                                  0.000000    0.000000   clock source latency
     1    0.017177    0.083129    0.056956    0.056956 ^ clk (in)
                                                         clk (net)
                      0.083135    0.000000    0.056956 ^ clkbuf_0_clk/A (sky130_fd_sc_hd__clkbuf_16)
     2    0.018766    0.040830    0.138185    0.195142 ^ clkbuf_0_clk/X (sky130_fd_sc_hd__clkbuf_16)
                                                         clknet_0_clk (net)
                      0.040830    0.000319    0.195460 ^ clkbuf_1_1__f_clk/A (sky130_fd_sc_hd__clkbuf_16)
    12    0.037549    0.057536    0.138387    0.333848 ^ clkbuf_1_1__f_clk/X (sky130_fd_sc_hd__clkbuf_16)
                                                         clknet_1_1__leaf_clk (net)
                      0.057540    0.000575    0.334422 ^ _160_/CLK (sky130_fd_sc_hd__dfxtp_1)
     2    0.008721    0.050686    0.320144    0.654566 v _160_/Q (sky130_fd_sc_hd__dfxtp_1)
                                                         net10 (net)
                      0.050749    0.000295    0.654862 v output10/A (sky130_fd_sc_hd__buf_2)
     1    0.035019    0.091159    0.183847    0.838708 v output10/X (sky130_fd_sc_hd__buf_2)
                                                         adc_out[7] (net)
                      0.091167    0.000826    0.839534 v adc_out[7] (out)
                                              0.839534   data arrival time

                                  0.000000    0.000000   clock clk (rise edge)
                                  0.000000    0.000000   clock network delay (propagated)
                                  0.250000    0.250000   clock uncertainty
                                  0.000000    0.250000   clock reconvergence pessimism
                                -50.000000  -49.749996   output external delay
                                            -49.749996   data required time
---------------------------------------------------------------------------------------------
                                            -49.749996   data required time
                                             -0.839534   data arrival time
---------------------------------------------------------------------------------------------
                                             50.589531   slack (MET)


Startpoint: _154_ (rising edge-triggered flip-flop clocked by clk)
Endpoint: adc_out[1] (output port clocked by clk)
Path Group: clk
Path Type: min

Fanout         Cap        Slew       Delay        Time   Description
---------------------------------------------------------------------------------------------
                                  0.000000    0.000000   clock clk (rise edge)
                                  0.000000    0.000000   clock source latency
     1    0.017177    0.083129    0.056956    0.056956 ^ clk (in)
                                                         clk (net)
                      0.083135    0.000000    0.056956 ^ clkbuf_0_clk/A (sky130_fd_sc_hd__clkbuf_16)
     2    0.018766    0.040830    0.138185    0.195142 ^ clkbuf_0_clk/X (sky130_fd_sc_hd__clkbuf_16)
                                                         clknet_0_clk (net)
                      0.040830    0.000319    0.195460 ^ clkbuf_1_1__f_clk/A (sky130_fd_sc_hd__clkbuf_16)
    12    0.037549    0.057536    0.138387    0.333848 ^ clkbuf_1_1__f_clk/X (sky130_fd_sc_hd__clkbuf_16)
                                                         clknet_1_1__leaf_clk (net)
                      0.057551    0.000843    0.334691 ^ _154_/CLK (sky130_fd_sc_hd__dfxtp_1)
     2    0.009822    0.055154    0.324077    0.658768 v _154_/Q (sky130_fd_sc_hd__dfxtp_1)
                                                         net4 (net)
                      0.055157    0.000468    0.659235 v output4/A (sky130_fd_sc_hd__buf_2)
     1    0.034922    0.090882    0.185713    0.844948 v output4/X (sky130_fd_sc_hd__buf_2)
                                                         adc_out[1] (net)
                      0.090886    0.000704    0.845652 v adc_out[1] (out)
                                              0.845652   data arrival time

                                  0.000000    0.000000   clock clk (rise edge)
                                  0.000000    0.000000   clock network delay (propagated)
                                  0.250000    0.250000   clock uncertainty
                                  0.000000    0.250000   clock reconvergence pessimism
                                -50.000000  -49.749996   output external delay
                                            -49.749996   data required time
---------------------------------------------------------------------------------------------
                                            -49.749996   data required time
                                             -0.845652   data arrival time
---------------------------------------------------------------------------------------------
                                             50.595650   slack (MET)


Startpoint: _168_ (rising edge-triggered flip-flop clocked by clk)
Endpoint: dac_in[7] (output port clocked by clk)
Path Group: clk
Path Type: min

Fanout         Cap        Slew       Delay        Time   Description
---------------------------------------------------------------------------------------------
                                  0.000000    0.000000   clock clk (rise edge)
                                  0.000000    0.000000   clock source latency
     1    0.017177    0.083129    0.056956    0.056956 ^ clk (in)
                                                         clk (net)
                      0.083135    0.000000    0.056956 ^ clkbuf_0_clk/A (sky130_fd_sc_hd__clkbuf_16)
     2    0.018766    0.040830    0.138185    0.195142 ^ clkbuf_0_clk/X (sky130_fd_sc_hd__clkbuf_16)
                                                         clknet_0_clk (net)
                      0.040831    0.000361    0.195503 ^ clkbuf_1_0__f_clk/A (sky130_fd_sc_hd__clkbuf_16)
    10    0.038265    0.058159    0.138859    0.334362 ^ clkbuf_1_0__f_clk/X (sky130_fd_sc_hd__clkbuf_16)
                                                         clknet_1_0__leaf_clk (net)
                      0.058171    0.000818    0.335179 ^ _168_/CLK (sky130_fd_sc_hd__dfxtp_1)
     3    0.012605    0.067045    0.334007    0.669186 v _168_/Q (sky130_fd_sc_hd__dfxtp_1)
                                                         net19 (net)
                      0.067045    0.000154    0.669340 v output19/A (sky130_fd_sc_hd__buf_2)
     1    0.034545    0.090144    0.190308    0.859649 v output19/X (sky130_fd_sc_hd__buf_2)
                                                         dac_in[7] (net)
                      0.090152    0.000838    0.860487 v dac_in[7] (out)
                                              0.860487   data arrival time

                                  0.000000    0.000000   clock clk (rise edge)
                                  0.000000    0.000000   clock network delay (propagated)
                                  0.250000    0.250000   clock uncertainty
                                  0.000000    0.250000   clock reconvergence pessimism
                                -50.000000  -49.749996   output external delay
                                            -49.749996   data required time
---------------------------------------------------------------------------------------------
                                            -49.749996   data required time
                                             -0.860487   data arrival time
---------------------------------------------------------------------------------------------
                                             50.610481   slack (MET)


Startpoint: _166_ (rising edge-triggered flip-flop clocked by clk)
Endpoint: dac_in[5] (output port clocked by clk)
Path Group: clk
Path Type: min

Fanout         Cap        Slew       Delay        Time   Description
---------------------------------------------------------------------------------------------
                                  0.000000    0.000000   clock clk (rise edge)
                                  0.000000    0.000000   clock source latency
     1    0.017177    0.083129    0.056956    0.056956 ^ clk (in)
                                                         clk (net)
                      0.083135    0.000000    0.056956 ^ clkbuf_0_clk/A (sky130_fd_sc_hd__clkbuf_16)
     2    0.018766    0.040830    0.138185    0.195142 ^ clkbuf_0_clk/X (sky130_fd_sc_hd__clkbuf_16)
                                                         clknet_0_clk (net)
                      0.040830    0.000319    0.195460 ^ clkbuf_1_1__f_clk/A (sky130_fd_sc_hd__clkbuf_16)
    12    0.037549    0.057536    0.138387    0.333848 ^ clkbuf_1_1__f_clk/X (sky130_fd_sc_hd__clkbuf_16)
                                                         clknet_1_1__leaf_clk (net)
                      0.057541    0.000595    0.334443 ^ _166_/CLK (sky130_fd_sc_hd__dfxtp_1)
     3    0.018985    0.094703    0.355830    0.690273 v _166_/Q (sky130_fd_sc_hd__dfxtp_1)
                                                         net17 (net)
                      0.094705    0.000554    0.690827 v output17/A (sky130_fd_sc_hd__buf_2)
     1    0.034545    0.090175    0.202891    0.893719 v output17/X (sky130_fd_sc_hd__buf_2)
                                                         dac_in[5] (net)
                      0.090182    0.000838    0.894557 v dac_in[5] (out)
                                              0.894557   data arrival time

                                  0.000000    0.000000   clock clk (rise edge)
                                  0.000000    0.000000   clock network delay (propagated)
                                  0.250000    0.250000   clock uncertainty
                                  0.000000    0.250000   clock reconvergence pessimism
                                -50.000000  -49.749996   output external delay
                                            -49.749996   data required time
---------------------------------------------------------------------------------------------
                                            -49.749996   data required time
                                             -0.894557   data arrival time
---------------------------------------------------------------------------------------------
                                             50.644554   slack (MET)


Startpoint: _167_ (rising edge-triggered flip-flop clocked by clk)
Endpoint: dac_in[6] (output port clocked by clk)
Path Group: clk
Path Type: min

Fanout         Cap        Slew       Delay        Time   Description
---------------------------------------------------------------------------------------------
                                  0.000000    0.000000   clock clk (rise edge)
                                  0.000000    0.000000   clock source latency
     1    0.017177    0.083129    0.056956    0.056956 ^ clk (in)
                                                         clk (net)
                      0.083135    0.000000    0.056956 ^ clkbuf_0_clk/A (sky130_fd_sc_hd__clkbuf_16)
     2    0.018766    0.040830    0.138185    0.195142 ^ clkbuf_0_clk/X (sky130_fd_sc_hd__clkbuf_16)
                                                         clknet_0_clk (net)
                      0.040831    0.000361    0.195503 ^ clkbuf_1_0__f_clk/A (sky130_fd_sc_hd__clkbuf_16)
    10    0.038265    0.058159    0.138859    0.334362 ^ clkbuf_1_0__f_clk/X (sky130_fd_sc_hd__clkbuf_16)
                                                         clknet_1_0__leaf_clk (net)
                      0.058181    0.001009    0.335371 ^ _167_/CLK (sky130_fd_sc_hd__dfxtp_1)
     4    0.023373    0.113171    0.370843    0.706214 v _167_/Q (sky130_fd_sc_hd__dfxtp_1)
                                                         net18 (net)
                      0.113172    0.000586    0.706800 v output18/A (sky130_fd_sc_hd__buf_2)
     1    0.034545    0.090195    0.211292    0.918093 v output18/X (sky130_fd_sc_hd__buf_2)
                                                         dac_in[6] (net)
                      0.090202    0.000838    0.918931 v dac_in[6] (out)
                                              0.918931   data arrival time

                                  0.000000    0.000000   clock clk (rise edge)
                                  0.000000    0.000000   clock network delay (propagated)
                                  0.250000    0.250000   clock uncertainty
                                  0.000000    0.250000   clock reconvergence pessimism
                                -50.000000  -49.749996   output external delay
                                            -49.749996   data required time
---------------------------------------------------------------------------------------------
                                            -49.749996   data required time
                                             -0.918931   data arrival time
---------------------------------------------------------------------------------------------
                                             50.668930   slack (MET)


Startpoint: _165_ (rising edge-triggered flip-flop clocked by clk)
Endpoint: dac_in[4] (output port clocked by clk)
Path Group: clk
Path Type: min

Fanout         Cap        Slew       Delay        Time   Description
---------------------------------------------------------------------------------------------
                                  0.000000    0.000000   clock clk (rise edge)
                                  0.000000    0.000000   clock source latency
     1    0.017177    0.083129    0.056956    0.056956 ^ clk (in)
                                                         clk (net)
                      0.083135    0.000000    0.056956 ^ clkbuf_0_clk/A (sky130_fd_sc_hd__clkbuf_16)
     2    0.018766    0.040830    0.138185    0.195142 ^ clkbuf_0_clk/X (sky130_fd_sc_hd__clkbuf_16)
                                                         clknet_0_clk (net)
                      0.040830    0.000319    0.195460 ^ clkbuf_1_1__f_clk/A (sky130_fd_sc_hd__clkbuf_16)
    12    0.037549    0.057536    0.138387    0.333848 ^ clkbuf_1_1__f_clk/X (sky130_fd_sc_hd__clkbuf_16)
                                                         clknet_1_1__leaf_clk (net)
                      0.057536    0.000409    0.334256 ^ _165_/CLK (sky130_fd_sc_hd__dfxtp_1)
     3    0.023852    0.114919    0.372544    0.706800 v _165_/Q (sky130_fd_sc_hd__dfxtp_1)
                                                         net16 (net)
                      0.114929    0.001148    0.707949 v output16/A (sky130_fd_sc_hd__buf_2)
     1    0.034545    0.090197    0.212092    0.920040 v output16/X (sky130_fd_sc_hd__buf_2)
                                                         dac_in[4] (net)
                      0.090204    0.000838    0.920878 v dac_in[4] (out)
                                              0.920878   data arrival time

                                  0.000000    0.000000   clock clk (rise edge)
                                  0.000000    0.000000   clock network delay (propagated)
                                  0.250000    0.250000   clock uncertainty
                                  0.000000    0.250000   clock reconvergence pessimism
                                -50.000000  -49.749996   output external delay
                                            -49.749996   data required time
---------------------------------------------------------------------------------------------
                                            -49.749996   data required time
                                             -0.920878   data arrival time
---------------------------------------------------------------------------------------------
                                             50.670876   slack (MET)


Startpoint: _164_ (rising edge-triggered flip-flop clocked by clk)
Endpoint: dac_in[3] (output port clocked by clk)
Path Group: clk
Path Type: min

Fanout         Cap        Slew       Delay        Time   Description
---------------------------------------------------------------------------------------------
                                  0.000000    0.000000   clock clk (rise edge)
                                  0.000000    0.000000   clock source latency
     1    0.017177    0.083129    0.056956    0.056956 ^ clk (in)
                                                         clk (net)
                      0.083135    0.000000    0.056956 ^ clkbuf_0_clk/A (sky130_fd_sc_hd__clkbuf_16)
     2    0.018766    0.040830    0.138185    0.195142 ^ clkbuf_0_clk/X (sky130_fd_sc_hd__clkbuf_16)
                                                         clknet_0_clk (net)
                      0.040831    0.000361    0.195503 ^ clkbuf_1_0__f_clk/A (sky130_fd_sc_hd__clkbuf_16)
    10    0.038265    0.058159    0.138859    0.334362 ^ clkbuf_1_0__f_clk/X (sky130_fd_sc_hd__clkbuf_16)
                                                         clknet_1_0__leaf_clk (net)
                      0.058192    0.001196    0.335557 ^ _164_/CLK (sky130_fd_sc_hd__dfxtp_1)
     3    0.023846    0.114992    0.372470    0.708027 v _164_/Q (sky130_fd_sc_hd__dfxtp_1)
                                                         net15 (net)
                      0.114992    0.000456    0.708483 v output15/A (sky130_fd_sc_hd__buf_2)
     1    0.034545    0.090197    0.212120    0.920603 v output15/X (sky130_fd_sc_hd__buf_2)
                                                         dac_in[3] (net)
                      0.090204    0.000838    0.921441 v dac_in[3] (out)
                                              0.921441   data arrival time

                                  0.000000    0.000000   clock clk (rise edge)
                                  0.000000    0.000000   clock network delay (propagated)
                                  0.250000    0.250000   clock uncertainty
                                  0.000000    0.250000   clock reconvergence pessimism
                                -50.000000  -49.749996   output external delay
                                            -49.749996   data required time
---------------------------------------------------------------------------------------------
                                            -49.749996   data required time
                                             -0.921441   data arrival time
---------------------------------------------------------------------------------------------
                                             50.671440   slack (MET)


Startpoint: _162_ (rising edge-triggered flip-flop clocked by clk)
Endpoint: dac_in[1] (output port clocked by clk)
Path Group: clk
Path Type: min

Fanout         Cap        Slew       Delay        Time   Description
---------------------------------------------------------------------------------------------
                                  0.000000    0.000000   clock clk (rise edge)
                                  0.000000    0.000000   clock source latency
     1    0.017177    0.083129    0.056956    0.056956 ^ clk (in)
                                                         clk (net)
                      0.083135    0.000000    0.056956 ^ clkbuf_0_clk/A (sky130_fd_sc_hd__clkbuf_16)
     2    0.018766    0.040830    0.138185    0.195142 ^ clkbuf_0_clk/X (sky130_fd_sc_hd__clkbuf_16)
                                                         clknet_0_clk (net)
                      0.040830    0.000319    0.195460 ^ clkbuf_1_1__f_clk/A (sky130_fd_sc_hd__clkbuf_16)
    12    0.037549    0.057536    0.138387    0.333848 ^ clkbuf_1_1__f_clk/X (sky130_fd_sc_hd__clkbuf_16)
                                                         clknet_1_1__leaf_clk (net)
                      0.057546    0.000726    0.334573 ^ _162_/CLK (sky130_fd_sc_hd__dfxtp_1)
     3    0.026001    0.124566    0.379550    0.714124 v _162_/Q (sky130_fd_sc_hd__dfxtp_1)
                                                         net13 (net)
                      0.124583    0.001435    0.715558 v output13/A (sky130_fd_sc_hd__buf_2)
     1    0.034545    0.090223    0.216458    0.932016 v output13/X (sky130_fd_sc_hd__buf_2)
                                                         dac_in[1] (net)
                      0.090230    0.000838    0.932854 v dac_in[1] (out)
                                              0.932854   data arrival time

                                  0.000000    0.000000   clock clk (rise edge)
                                  0.000000    0.000000   clock network delay (propagated)
                                  0.250000    0.250000   clock uncertainty
                                  0.000000    0.250000   clock reconvergence pessimism
                                -50.000000  -49.749996   output external delay
                                            -49.749996   data required time
---------------------------------------------------------------------------------------------
                                            -49.749996   data required time
                                             -0.932854   data arrival time
---------------------------------------------------------------------------------------------
                                             50.682850   slack (MET)


Startpoint: _163_ (rising edge-triggered flip-flop clocked by clk)
Endpoint: dac_in[2] (output port clocked by clk)
Path Group: clk
Path Type: min

Fanout         Cap        Slew       Delay        Time   Description
---------------------------------------------------------------------------------------------
                                  0.000000    0.000000   clock clk (rise edge)
                                  0.000000    0.000000   clock source latency
     1    0.017177    0.083129    0.056956    0.056956 ^ clk (in)
                                                         clk (net)
                      0.083135    0.000000    0.056956 ^ clkbuf_0_clk/A (sky130_fd_sc_hd__clkbuf_16)
     2    0.018766    0.040830    0.138185    0.195142 ^ clkbuf_0_clk/X (sky130_fd_sc_hd__clkbuf_16)
                                                         clknet_0_clk (net)
                      0.040831    0.000361    0.195503 ^ clkbuf_1_0__f_clk/A (sky130_fd_sc_hd__clkbuf_16)
    10    0.038265    0.058159    0.138859    0.334362 ^ clkbuf_1_0__f_clk/X (sky130_fd_sc_hd__clkbuf_16)
                                                         clknet_1_0__leaf_clk (net)
                      0.058202    0.001339    0.335701 ^ _163_/CLK (sky130_fd_sc_hd__dfxtp_1)
     4    0.029339    0.139600    0.390521    0.726222 v _163_/Q (sky130_fd_sc_hd__dfxtp_1)
                                                         net14 (net)
                      0.139600    0.000385    0.726606 v output14/A (sky130_fd_sc_hd__buf_2)
     1    0.034793    0.090899    0.223546    0.950153 v output14/X (sky130_fd_sc_hd__buf_2)
                                                         dac_in[2] (net)
                      0.090908    0.000874    0.951026 v dac_in[2] (out)
                                              0.951026   data arrival time

                                  0.000000    0.000000   clock clk (rise edge)
                                  0.000000    0.000000   clock network delay (propagated)
                                  0.250000    0.250000   clock uncertainty
                                  0.000000    0.250000   clock reconvergence pessimism
                                -50.000000  -49.749996   output external delay
                                            -49.749996   data required time
---------------------------------------------------------------------------------------------
                                            -49.749996   data required time
                                             -0.951026   data arrival time
---------------------------------------------------------------------------------------------
                                             50.701023   slack (MET)


Startpoint: _161_ (rising edge-triggered flip-flop clocked by clk)
Endpoint: dac_in[0] (output port clocked by clk)
Path Group: clk
Path Type: min

Fanout         Cap        Slew       Delay        Time   Description
---------------------------------------------------------------------------------------------
                                  0.000000    0.000000   clock clk (rise edge)
                                  0.000000    0.000000   clock source latency
     1    0.017177    0.083129    0.056956    0.056956 ^ clk (in)
                                                         clk (net)
                      0.083135    0.000000    0.056956 ^ clkbuf_0_clk/A (sky130_fd_sc_hd__clkbuf_16)
     2    0.018766    0.040830    0.138185    0.195142 ^ clkbuf_0_clk/X (sky130_fd_sc_hd__clkbuf_16)
                                                         clknet_0_clk (net)
                      0.040831    0.000361    0.195503 ^ clkbuf_1_0__f_clk/A (sky130_fd_sc_hd__clkbuf_16)
    10    0.038265    0.058159    0.138859    0.334362 ^ clkbuf_1_0__f_clk/X (sky130_fd_sc_hd__clkbuf_16)
                                                         clknet_1_0__leaf_clk (net)
                      0.058204    0.001380    0.335742 ^ _161_/CLK (sky130_fd_sc_hd__dfxtp_1)
     4    0.030013    0.142432    0.393306    0.729047 v _161_/Q (sky130_fd_sc_hd__dfxtp_1)
                                                         net12 (net)
                      0.142432    0.000432    0.729479 v output12/A (sky130_fd_sc_hd__buf_2)
     1    0.034825    0.090994    0.224856    0.954335 v output12/X (sky130_fd_sc_hd__buf_2)
                                                         dac_in[0] (net)
                      0.091002    0.000877    0.955212 v dac_in[0] (out)
                                              0.955212   data arrival time

                                  0.000000    0.000000   clock clk (rise edge)
                                  0.000000    0.000000   clock network delay (propagated)
                                  0.250000    0.250000   clock uncertainty
                                  0.000000    0.250000   clock reconvergence pessimism
                                -50.000000  -49.749996   output external delay
                                            -49.749996   data required time
---------------------------------------------------------------------------------------------
                                            -49.749996   data required time
                                             -0.955212   data arrival time
---------------------------------------------------------------------------------------------
                                             50.705208   slack (MET)


Startpoint: _167_ (rising edge-triggered flip-flop clocked by clk)
Endpoint: dac_in_n[6] (output port clocked by clk)
Path Group: clk
Path Type: min

Fanout         Cap        Slew       Delay        Time   Description
---------------------------------------------------------------------------------------------
                                  0.000000    0.000000   clock clk (rise edge)
                                  0.000000    0.000000   clock source latency
     1    0.017177    0.083129    0.056956    0.056956 ^ clk (in)
                                                         clk (net)
                      0.083135    0.000000    0.056956 ^ clkbuf_0_clk/A (sky130_fd_sc_hd__clkbuf_16)
     2    0.018766    0.040830    0.138185    0.195142 ^ clkbuf_0_clk/X (sky130_fd_sc_hd__clkbuf_16)
                                                         clknet_0_clk (net)
                      0.040831    0.000361    0.195503 ^ clkbuf_1_0__f_clk/A (sky130_fd_sc_hd__clkbuf_16)
    10    0.038265    0.058159    0.138859    0.334362 ^ clkbuf_1_0__f_clk/X (sky130_fd_sc_hd__clkbuf_16)
                                                         clknet_1_0__leaf_clk (net)
                      0.058181    0.001009    0.335371 ^ _167_/CLK (sky130_fd_sc_hd__dfxtp_1)
     4    0.023373    0.113171    0.370843    0.706214 v _167_/Q (sky130_fd_sc_hd__dfxtp_1)
                                                         net18 (net)
                      0.113192    0.001528    0.707742 v _075_/A (sky130_fd_sc_hd__inv_2)
     1    0.002597    0.035392    0.061571    0.769313 ^ _075_/Y (sky130_fd_sc_hd__inv_2)
                                                         net26 (net)
                      0.035392    0.000073    0.769387 ^ output26/A (sky130_fd_sc_hd__buf_2)
     1    0.034572    0.171624    0.195164    0.964551 ^ output26/X (sky130_fd_sc_hd__buf_2)
                                                         dac_in_n[6] (net)
                      0.171678    0.000853    0.965403 ^ dac_in_n[6] (out)
                                              0.965403   data arrival time

                                  0.000000    0.000000   clock clk (rise edge)
                                  0.000000    0.000000   clock network delay (propagated)
                                  0.250000    0.250000   clock uncertainty
                                  0.000000    0.250000   clock reconvergence pessimism
                                -50.000000  -49.749996   output external delay
                                            -49.749996   data required time
---------------------------------------------------------------------------------------------
                                            -49.749996   data required time
                                             -0.965403   data arrival time
---------------------------------------------------------------------------------------------
                                             50.715401   slack (MET)


Startpoint: _168_ (rising edge-triggered flip-flop clocked by clk)
Endpoint: dac_in_n[7] (output port clocked by clk)
Path Group: clk
Path Type: min

Fanout         Cap        Slew       Delay        Time   Description
---------------------------------------------------------------------------------------------
                                  0.000000    0.000000   clock clk (rise edge)
                                  0.000000    0.000000   clock source latency
     1    0.017177    0.083129    0.056956    0.056956 ^ clk (in)
                                                         clk (net)
                      0.083135    0.000000    0.056956 ^ clkbuf_0_clk/A (sky130_fd_sc_hd__clkbuf_16)
     2    0.018766    0.040830    0.138185    0.195142 ^ clkbuf_0_clk/X (sky130_fd_sc_hd__clkbuf_16)
                                                         clknet_0_clk (net)
                      0.040831    0.000361    0.195503 ^ clkbuf_1_0__f_clk/A (sky130_fd_sc_hd__clkbuf_16)
    10    0.038265    0.058159    0.138859    0.334362 ^ clkbuf_1_0__f_clk/X (sky130_fd_sc_hd__clkbuf_16)
                                                         clknet_1_0__leaf_clk (net)
                      0.058171    0.000818    0.335179 ^ _168_/CLK (sky130_fd_sc_hd__dfxtp_1)
     3    0.013296    0.132444    0.373031    0.708211 ^ _168_/Q (sky130_fd_sc_hd__dfxtp_1)
                                                         net19 (net)
                      0.132444    0.000482    0.708693 ^ _074_/A (sky130_fd_sc_hd__inv_2)
     2    0.016673    0.055823    0.077691    0.786384 v _074_/Y (sky130_fd_sc_hd__inv_2)
                                                         net27 (net)
                      0.055827    0.000519    0.786903 v output27/A (sky130_fd_sc_hd__buf_2)
     1    0.034542    0.090121    0.185210    0.972113 v output27/X (sky130_fd_sc_hd__buf_2)
                                                         dac_in_n[7] (net)
                      0.090129    0.000825    0.972937 v dac_in_n[7] (out)
                                              0.972937   data arrival time

                                  0.000000    0.000000   clock clk (rise edge)
                                  0.000000    0.000000   clock network delay (propagated)
                                  0.250000    0.250000   clock uncertainty
                                  0.000000    0.250000   clock reconvergence pessimism
                                -50.000000  -49.749996   output external delay
                                            -49.749996   data required time
---------------------------------------------------------------------------------------------
                                            -49.749996   data required time
                                             -0.972937   data arrival time
---------------------------------------------------------------------------------------------
                                             50.722935   slack (MET)


Startpoint: _161_ (rising edge-triggered flip-flop clocked by clk)
Endpoint: dac_in_n[0] (output port clocked by clk)
Path Group: clk
Path Type: min

Fanout         Cap        Slew       Delay        Time   Description
---------------------------------------------------------------------------------------------
                                  0.000000    0.000000   clock clk (rise edge)
                                  0.000000    0.000000   clock source latency
     1    0.017177    0.083129    0.056956    0.056956 ^ clk (in)
                                                         clk (net)
                      0.083135    0.000000    0.056956 ^ clkbuf_0_clk/A (sky130_fd_sc_hd__clkbuf_16)
     2    0.018766    0.040830    0.138185    0.195142 ^ clkbuf_0_clk/X (sky130_fd_sc_hd__clkbuf_16)
                                                         clknet_0_clk (net)
                      0.040831    0.000361    0.195503 ^ clkbuf_1_0__f_clk/A (sky130_fd_sc_hd__clkbuf_16)
    10    0.038265    0.058159    0.138859    0.334362 ^ clkbuf_1_0__f_clk/X (sky130_fd_sc_hd__clkbuf_16)
                                                         clknet_1_0__leaf_clk (net)
                      0.058204    0.001380    0.335742 ^ _161_/CLK (sky130_fd_sc_hd__dfxtp_1)
     4    0.030013    0.142432    0.393306    0.729047 v _161_/Q (sky130_fd_sc_hd__dfxtp_1)
                                                         net12 (net)
                      0.142440    0.001174    0.730221 v _081_/A (sky130_fd_sc_hd__inv_2)
     1    0.002062    0.038310    0.065156    0.795377 ^ _081_/Y (sky130_fd_sc_hd__inv_2)
                                                         net20 (net)
                      0.038310    0.000057    0.795434 ^ output20/A (sky130_fd_sc_hd__buf_2)
     1    0.034572    0.171618    0.196282    0.991716 ^ output20/X (sky130_fd_sc_hd__buf_2)
                                                         dac_in_n[0] (net)
                      0.171672    0.000853    0.992569 ^ dac_in_n[0] (out)
                                              0.992569   data arrival time

                                  0.000000    0.000000   clock clk (rise edge)
                                  0.000000    0.000000   clock network delay (propagated)
                                  0.250000    0.250000   clock uncertainty
                                  0.000000    0.250000   clock reconvergence pessimism
                                -50.000000  -49.749996   output external delay
                                            -49.749996   data required time
---------------------------------------------------------------------------------------------
                                            -49.749996   data required time
                                             -0.992569   data arrival time
---------------------------------------------------------------------------------------------
                                             50.742565   slack (MET)


Startpoint: _163_ (rising edge-triggered flip-flop clocked by clk)
Endpoint: dac_in_n[2] (output port clocked by clk)
Path Group: clk
Path Type: min

Fanout         Cap        Slew       Delay        Time   Description
---------------------------------------------------------------------------------------------
                                  0.000000    0.000000   clock clk (rise edge)
                                  0.000000    0.000000   clock source latency
     1    0.017177    0.083129    0.056956    0.056956 ^ clk (in)
                                                         clk (net)
                      0.083135    0.000000    0.056956 ^ clkbuf_0_clk/A (sky130_fd_sc_hd__clkbuf_16)
     2    0.018766    0.040830    0.138185    0.195142 ^ clkbuf_0_clk/X (sky130_fd_sc_hd__clkbuf_16)
                                                         clknet_0_clk (net)
                      0.040831    0.000361    0.195503 ^ clkbuf_1_0__f_clk/A (sky130_fd_sc_hd__clkbuf_16)
    10    0.038265    0.058159    0.138859    0.334362 ^ clkbuf_1_0__f_clk/X (sky130_fd_sc_hd__clkbuf_16)
                                                         clknet_1_0__leaf_clk (net)
                      0.058202    0.001339    0.335701 ^ _163_/CLK (sky130_fd_sc_hd__dfxtp_1)
     4    0.029339    0.139600    0.390521    0.726222 v _163_/Q (sky130_fd_sc_hd__dfxtp_1)
                                                         net14 (net)
                      0.139635    0.002098    0.728320 v _079_/A (sky130_fd_sc_hd__inv_2)
     1    0.002426    0.039195    0.066928    0.795248 ^ _079_/Y (sky130_fd_sc_hd__inv_2)
                                                         net22 (net)
                      0.039195    0.000068    0.795316 ^ output22/A (sky130_fd_sc_hd__buf_2)
     1    0.034913    0.173214    0.197708    0.993024 ^ output22/X (sky130_fd_sc_hd__buf_2)
                                                         dac_in_n[2] (net)
                      0.173270    0.000918    0.993942 ^ dac_in_n[2] (out)
                                              0.993942   data arrival time

                                  0.000000    0.000000   clock clk (rise edge)
                                  0.000000    0.000000   clock network delay (propagated)
                                  0.250000    0.250000   clock uncertainty
                                  0.000000    0.250000   clock reconvergence pessimism
                                -50.000000  -49.749996   output external delay
                                            -49.749996   data required time
---------------------------------------------------------------------------------------------
                                            -49.749996   data required time
                                             -0.993942   data arrival time
---------------------------------------------------------------------------------------------
                                             50.743938   slack (MET)


Startpoint: _166_ (rising edge-triggered flip-flop clocked by clk)
Endpoint: dac_in_n[5] (output port clocked by clk)
Path Group: clk
Path Type: min

Fanout         Cap        Slew       Delay        Time   Description
---------------------------------------------------------------------------------------------
                                  0.000000    0.000000   clock clk (rise edge)
                                  0.000000    0.000000   clock source latency
     1    0.017177    0.083129    0.056956    0.056956 ^ clk (in)
                                                         clk (net)
                      0.083135    0.000000    0.056956 ^ clkbuf_0_clk/A (sky130_fd_sc_hd__clkbuf_16)
     2    0.018766    0.040830    0.138185    0.195142 ^ clkbuf_0_clk/X (sky130_fd_sc_hd__clkbuf_16)
                                                         clknet_0_clk (net)
                      0.040830    0.000319    0.195460 ^ clkbuf_1_1__f_clk/A (sky130_fd_sc_hd__clkbuf_16)
    12    0.037549    0.057536    0.138387    0.333848 ^ clkbuf_1_1__f_clk/X (sky130_fd_sc_hd__clkbuf_16)
                                                         clknet_1_1__leaf_clk (net)
                      0.057541    0.000595    0.334443 ^ _166_/CLK (sky130_fd_sc_hd__dfxtp_1)
     3    0.018985    0.094703    0.355830    0.690273 v _166_/Q (sky130_fd_sc_hd__dfxtp_1)
                                                         net17 (net)
                      0.094705    0.000554    0.690827 v _076_/A (sky130_fd_sc_hd__inv_2)
     2    0.014036    0.072399    0.098334    0.789162 ^ _076_/Y (sky130_fd_sc_hd__inv_2)
                                                         net25 (net)
                      0.072399    0.000293    0.789455 ^ output25/A (sky130_fd_sc_hd__buf_2)
     1    0.035420    0.175751    0.211760    1.001215 ^ output25/X (sky130_fd_sc_hd__buf_2)
                                                         dac_in_n[5] (net)
                      0.175754    0.001026    1.002241 ^ dac_in_n[5] (out)
                                              1.002241   data arrival time

                                  0.000000    0.000000   clock clk (rise edge)
                                  0.000000    0.000000   clock network delay (propagated)
                                  0.250000    0.250000   clock uncertainty
                                  0.000000    0.250000   clock reconvergence pessimism
                                -50.000000  -49.749996   output external delay
                                            -49.749996   data required time
---------------------------------------------------------------------------------------------
                                            -49.749996   data required time
                                             -1.002241   data arrival time
---------------------------------------------------------------------------------------------
                                             50.752239   slack (MET)


Startpoint: _162_ (rising edge-triggered flip-flop clocked by clk)
Endpoint: dac_in_n[1] (output port clocked by clk)
Path Group: clk
Path Type: min

Fanout         Cap        Slew       Delay        Time   Description
---------------------------------------------------------------------------------------------
                                  0.000000    0.000000   clock clk (rise edge)
                                  0.000000    0.000000   clock source latency
     1    0.017177    0.083129    0.056956    0.056956 ^ clk (in)
                                                         clk (net)
                      0.083135    0.000000    0.056956 ^ clkbuf_0_clk/A (sky130_fd_sc_hd__clkbuf_16)
     2    0.018766    0.040830    0.138185    0.195142 ^ clkbuf_0_clk/X (sky130_fd_sc_hd__clkbuf_16)
                                                         clknet_0_clk (net)
                      0.040830    0.000319    0.195460 ^ clkbuf_1_1__f_clk/A (sky130_fd_sc_hd__clkbuf_16)
    12    0.037549    0.057536    0.138387    0.333848 ^ clkbuf_1_1__f_clk/X (sky130_fd_sc_hd__clkbuf_16)
                                                         clknet_1_1__leaf_clk (net)
                      0.057546    0.000726    0.334573 ^ _162_/CLK (sky130_fd_sc_hd__dfxtp_1)
     3    0.026001    0.124566    0.379550    0.714124 v _162_/Q (sky130_fd_sc_hd__dfxtp_1)
                                                         net13 (net)
                      0.124572    0.000920    0.715044 v _080_/A (sky130_fd_sc_hd__inv_2)
     2    0.007298    0.053064    0.086802    0.801846 ^ _080_/Y (sky130_fd_sc_hd__inv_2)
                                                         net21 (net)
                      0.053064    0.000110    0.801956 ^ output21/A (sky130_fd_sc_hd__buf_2)
     1    0.034576    0.171600    0.201951    1.003907 ^ output21/X (sky130_fd_sc_hd__buf_2)
                                                         dac_in_n[1] (net)
                      0.171602    0.000853    1.004760 ^ dac_in_n[1] (out)
                                              1.004760   data arrival time

                                  0.000000    0.000000   clock clk (rise edge)
                                  0.000000    0.000000   clock network delay (propagated)
                                  0.250000    0.250000   clock uncertainty
                                  0.000000    0.250000   clock reconvergence pessimism
                                -50.000000  -49.749996   output external delay
                                            -49.749996   data required time
---------------------------------------------------------------------------------------------
                                            -49.749996   data required time
                                             -1.004760   data arrival time
---------------------------------------------------------------------------------------------
                                             50.754757   slack (MET)


Startpoint: _165_ (rising edge-triggered flip-flop clocked by clk)
Endpoint: dac_in_n[4] (output port clocked by clk)
Path Group: clk
Path Type: min

Fanout         Cap        Slew       Delay        Time   Description
---------------------------------------------------------------------------------------------
                                  0.000000    0.000000   clock clk (rise edge)
                                  0.000000    0.000000   clock source latency
     1    0.017177    0.083129    0.056956    0.056956 ^ clk (in)
                                                         clk (net)
                      0.083135    0.000000    0.056956 ^ clkbuf_0_clk/A (sky130_fd_sc_hd__clkbuf_16)
     2    0.018766    0.040830    0.138185    0.195142 ^ clkbuf_0_clk/X (sky130_fd_sc_hd__clkbuf_16)
                                                         clknet_0_clk (net)
                      0.040830    0.000319    0.195460 ^ clkbuf_1_1__f_clk/A (sky130_fd_sc_hd__clkbuf_16)
    12    0.037549    0.057536    0.138387    0.333848 ^ clkbuf_1_1__f_clk/X (sky130_fd_sc_hd__clkbuf_16)
                                                         clknet_1_1__leaf_clk (net)
                      0.057536    0.000409    0.334256 ^ _165_/CLK (sky130_fd_sc_hd__dfxtp_1)
     3    0.023852    0.114919    0.372544    0.706800 v _165_/Q (sky130_fd_sc_hd__dfxtp_1)
                                                         net16 (net)
                      0.114919    0.000538    0.707338 v _077_/A (sky130_fd_sc_hd__inv_2)
     2    0.009779    0.059765    0.092368    0.799706 ^ _077_/Y (sky130_fd_sc_hd__inv_2)
                                                         net24 (net)
                      0.059765    0.000163    0.799869 ^ output24/A (sky130_fd_sc_hd__buf_2)
     1    0.034572    0.171691    0.204404    1.004273 ^ output24/X (sky130_fd_sc_hd__buf_2)
                                                         dac_in_n[4] (net)
                      0.171693    0.000853    1.005125 ^ dac_in_n[4] (out)
                                              1.005125   data arrival time

                                  0.000000    0.000000   clock clk (rise edge)
                                  0.000000    0.000000   clock network delay (propagated)
                                  0.250000    0.250000   clock uncertainty
                                  0.000000    0.250000   clock reconvergence pessimism
                                -50.000000  -49.749996   output external delay
                                            -49.749996   data required time
---------------------------------------------------------------------------------------------
                                            -49.749996   data required time
                                             -1.005125   data arrival time
---------------------------------------------------------------------------------------------
                                             50.755123   slack (MET)


Startpoint: _164_ (rising edge-triggered flip-flop clocked by clk)
Endpoint: dac_in_n[3] (output port clocked by clk)
Path Group: clk
Path Type: min

Fanout         Cap        Slew       Delay        Time   Description
---------------------------------------------------------------------------------------------
                                  0.000000    0.000000   clock clk (rise edge)
                                  0.000000    0.000000   clock source latency
     1    0.017177    0.083129    0.056956    0.056956 ^ clk (in)
                                                         clk (net)
                      0.083135    0.000000    0.056956 ^ clkbuf_0_clk/A (sky130_fd_sc_hd__clkbuf_16)
     2    0.018766    0.040830    0.138185    0.195142 ^ clkbuf_0_clk/X (sky130_fd_sc_hd__clkbuf_16)
                                                         clknet_0_clk (net)
                      0.040831    0.000361    0.195503 ^ clkbuf_1_0__f_clk/A (sky130_fd_sc_hd__clkbuf_16)
    10    0.038265    0.058159    0.138859    0.334362 ^ clkbuf_1_0__f_clk/X (sky130_fd_sc_hd__clkbuf_16)
                                                         clknet_1_0__leaf_clk (net)
                      0.058192    0.001196    0.335557 ^ _164_/CLK (sky130_fd_sc_hd__dfxtp_1)
     3    0.023846    0.114992    0.372470    0.708027 v _164_/Q (sky130_fd_sc_hd__dfxtp_1)
                                                         net15 (net)
                      0.115013    0.001513    0.709539 v _078_/A (sky130_fd_sc_hd__inv_2)
     2    0.011023    0.064197    0.097037    0.806577 ^ _078_/Y (sky130_fd_sc_hd__inv_2)
                                                         net23 (net)
                      0.064197    0.000188    0.806764 ^ output23/A (sky130_fd_sc_hd__buf_2)
     1    0.034681    0.172225    0.206394    1.013159 ^ output23/X (sky130_fd_sc_hd__buf_2)
                                                         dac_in_n[3] (net)
                      0.172227    0.000859    1.014018 ^ dac_in_n[3] (out)
                                              1.014018   data arrival time

                                  0.000000    0.000000   clock clk (rise edge)
                                  0.000000    0.000000   clock network delay (propagated)
                                  0.250000    0.250000   clock uncertainty
                                  0.000000    0.250000   clock reconvergence pessimism
                                -50.000000  -49.749996   output external delay
                                            -49.749996   data required time
---------------------------------------------------------------------------------------------
                                            -49.749996   data required time
                                             -1.014018   data arrival time
---------------------------------------------------------------------------------------------
                                             50.764015   slack (MET)


Startpoint: _152_ (rising edge-triggered flip-flop clocked by clk')
Endpoint: comparator_clk (output port clocked by clk)
Path Group: clk
Path Type: min

Fanout         Cap        Slew       Delay        Time   Description
---------------------------------------------------------------------------------------------
                                125.000000  125.000000   clock clk' (rise edge)
                                  0.000000  125.000000   clock source latency
     1    0.016183    0.037853    0.026304  125.026306 v clk (in)
                                                         clk (net)
                      0.037864    0.000000  125.026306 v clkbuf_0_clk/A (sky130_fd_sc_hd__clkbuf_16)
     2    0.016778    0.033302    0.141185  125.167496 v clkbuf_0_clk/X (sky130_fd_sc_hd__clkbuf_16)
                                                         clknet_0_clk (net)
                      0.033302    0.000284  125.167778 v clkbuf_1_1__f_clk/A (sky130_fd_sc_hd__clkbuf_16)
    12    0.035368    0.043824    0.152014  125.319794 v clkbuf_1_1__f_clk/X (sky130_fd_sc_hd__clkbuf_16)
                                                         clknet_1_1__leaf_clk (net)
                      0.043837    0.000526  125.320312 v _083__1/A (sky130_fd_sc_hd__inv_2)
     1    0.002827    0.022921    0.039762  125.360077 ^ _083__1/Y (sky130_fd_sc_hd__inv_2)
                                                         net36 (net)
                      0.022921    0.000085  125.360161 ^ _152_/CLK (sky130_fd_sc_hd__dfxtp_1)
     3    0.013906    0.072728    0.325514  125.685677 v _152_/Q (sky130_fd_sc_hd__dfxtp_1)
                                                         net11 (net)
                      0.072730    0.000398  125.686073 v output11/A (sky130_fd_sc_hd__buf_2)
     1    0.035357    0.091902    0.194390  125.880463 v output11/X (sky130_fd_sc_hd__buf_2)
                                                         comparator_clk (net)
                      0.091909    0.000867  125.881332 v comparator_clk (out)
                                            125.881332   data arrival time

                                  0.000000    0.000000   clock clk (rise edge)
                                  0.000000    0.000000   clock network delay (propagated)
                                  0.250000    0.250000   clock uncertainty
                                  0.000000    0.250000   clock reconvergence pessimism
                                -50.000000  -49.749996   output external delay
                                            -49.749996   data required time
---------------------------------------------------------------------------------------------
                                            -49.749996   data required time
                                           -125.881332   data arrival time
---------------------------------------------------------------------------------------------
                                            175.631332   slack (MET)



