Reading timing models for corner min_tt_025C_1v80…
Reading cell library for the 'min_tt_025C_1v80' corner at '/usr/local/share/pdk/ciel/sky130/versions/0fe599b2afb6708d281543108caf8310912f54af/sky130A/libs.ref/sky130_fd_sc_hd/lib/sky130_fd_sc_hd__tt_025C_1v80.lib'…
Reading top-level netlist at '/home/dt/Documents/madvlsi/final/schematics/controller/librelane/runs/RUN_2025-12-16_17-02-26/51-openroad-fillinsertion/controller.nl.v'…
Linking design 'controller' from netlist…
Warning: /home/dt/Documents/madvlsi/final/schematics/controller/librelane/runs/RUN_2025-12-16_17-02-26/51-openroad-fillinsertion/controller.nl.v line 525, module sky130_fd_sc_hd__tapvpwrvgnd_1 not found. Creating black box for TAP_TAPCELL_ROW_0_20.
Warning: /home/dt/Documents/madvlsi/final/schematics/controller/librelane/runs/RUN_2025-12-16_17-02-26/51-openroad-fillinsertion/controller.nl.v line 676, module sky130_ef_sc_hd__decap_12 not found. Creating black box for FILLER_0_3.
Warning: /home/dt/Documents/madvlsi/final/schematics/controller/librelane/runs/RUN_2025-12-16_17-02-26/51-openroad-fillinsertion/controller.nl.v line 678, module sky130_fd_sc_hd__fill_1 not found. Creating black box for FILLER_0_27.
Warning: /home/dt/Documents/madvlsi/final/schematics/controller/librelane/runs/RUN_2025-12-16_17-02-26/51-openroad-fillinsertion/controller.nl.v line 714, module sky130_fd_sc_hd__fill_2 not found. Creating black box for FILLER_1_73.
Reading design constraints file at '/nix/store/pqxyc4xmydcs5adig47yyc29r3svp5nx-python3-3.11.9-env/lib/python3.11/site-packages/librelane/scripts/base.sdc'…
[INFO] Using clock clk…
[INFO] Setting output delay to: 10
[INFO] Setting input delay to: 10
[INFO] Setting load to: 0.033442
[INFO] Setting clock uncertainty to: 0.25
[INFO] Setting clock transition to: 0.1499999999999999944488848768742172978818416595458984375
[INFO] Setting timing derate to: 5%
Reading top-level design parasitics for the 'min_tt_025C_1v80' corner at '/home/dt/Documents/madvlsi/final/schematics/controller/librelane/runs/RUN_2025-12-16_17-02-26/53-openroad-rcx/min/controller.min.spef'…
%OL_CREATE_REPORT min.rpt

===========================================================================
report_checks -path_delay min (Hold)
============================================================================
======================= min_tt_025C_1v80 Corner ===================================

Startpoint: _154_ (rising edge-triggered flip-flop clocked by clk)
Endpoint: _154_ (rising edge-triggered flip-flop clocked by clk)
Path Group: clk
Path Type: min

Fanout         Cap        Slew       Delay        Time   Description
---------------------------------------------------------------------------------------------
                                  0.000000    0.000000   clock clk (rise edge)
                                  0.000000    0.000000   clock source latency
     1    0.016623    0.080639    0.055110    0.055110 ^ clk (in)
                                                         clk (net)
                      0.080641    0.000000    0.055110 ^ clkbuf_0_clk/A (sky130_fd_sc_hd__clkbuf_16)
     2    0.018507    0.040608    0.137105    0.192215 ^ clkbuf_0_clk/X (sky130_fd_sc_hd__clkbuf_16)
                                                         clknet_0_clk (net)
                      0.040608    0.000096    0.192312 ^ clkbuf_1_1__f_clk/A (sky130_fd_sc_hd__clkbuf_16)
    12    0.037994    0.057986    0.138858    0.331170 ^ clkbuf_1_1__f_clk/X (sky130_fd_sc_hd__clkbuf_16)
                                                         clknet_1_1__leaf_clk (net)
                      0.057987    0.000329    0.331499 ^ _154_/CLK (sky130_fd_sc_hd__dfxtp_1)
     2    0.007762    0.083243    0.337347    0.668846 ^ _154_/Q (sky130_fd_sc_hd__dfxtp_1)
                                                         net4 (net)
                      0.083243    0.000066    0.668912 ^ _089_/A (sky130_fd_sc_hd__or2_1)
     1    0.003209    0.043289    0.105872    0.774784 ^ _089_/X (sky130_fd_sc_hd__or2_1)
                                                         _052_ (net)
                      0.043289    0.000035    0.774820 ^ _090_/B1 (sky130_fd_sc_hd__o211a_1)
     1    0.001891    0.034137    0.127919    0.902739 ^ _090_/X (sky130_fd_sc_hd__o211a_1)
                                                         _003_ (net)
                      0.034137    0.000016    0.902754 ^ _154_/D (sky130_fd_sc_hd__dfxtp_1)
                                              0.902754   data arrival time

                                  0.000000    0.000000   clock clk (rise edge)
                                  0.000000    0.000000   clock source latency
     1    0.016623    0.080639    0.055110    0.055110 ^ clk (in)
                                                         clk (net)
                      0.080641    0.000000    0.055110 ^ clkbuf_0_clk/A (sky130_fd_sc_hd__clkbuf_16)
     2    0.018507    0.040608    0.137105    0.192215 ^ clkbuf_0_clk/X (sky130_fd_sc_hd__clkbuf_16)
                                                         clknet_0_clk (net)
                      0.040608    0.000096    0.192312 ^ clkbuf_1_1__f_clk/A (sky130_fd_sc_hd__clkbuf_16)
    12    0.037994    0.057986    0.138858    0.331170 ^ clkbuf_1_1__f_clk/X (sky130_fd_sc_hd__clkbuf_16)
                                                         clknet_1_1__leaf_clk (net)
                      0.057987    0.000329    0.331499 ^ _154_/CLK (sky130_fd_sc_hd__dfxtp_1)
                                  0.250000    0.581499   clock uncertainty
                                  0.000000    0.581499   clock reconvergence pessimism
                                 -0.027287    0.554212   library hold time
                                              0.554212   data required time
---------------------------------------------------------------------------------------------
                                              0.554212   data required time
                                             -0.902754   data arrival time
---------------------------------------------------------------------------------------------
                                              0.348543   slack (MET)


Startpoint: _153_ (rising edge-triggered flip-flop clocked by clk)
Endpoint: _153_ (rising edge-triggered flip-flop clocked by clk)
Path Group: clk
Path Type: min

Fanout         Cap        Slew       Delay        Time   Description
---------------------------------------------------------------------------------------------
                                  0.000000    0.000000   clock clk (rise edge)
                                  0.000000    0.000000   clock source latency
     1    0.016623    0.080639    0.055110    0.055110 ^ clk (in)
                                                         clk (net)
                      0.080641    0.000000    0.055110 ^ clkbuf_0_clk/A (sky130_fd_sc_hd__clkbuf_16)
     2    0.018507    0.040608    0.137105    0.192215 ^ clkbuf_0_clk/X (sky130_fd_sc_hd__clkbuf_16)
                                                         clknet_0_clk (net)
                      0.040608    0.000096    0.192312 ^ clkbuf_1_1__f_clk/A (sky130_fd_sc_hd__clkbuf_16)
    12    0.037994    0.057986    0.138858    0.331170 ^ clkbuf_1_1__f_clk/X (sky130_fd_sc_hd__clkbuf_16)
                                                         clknet_1_1__leaf_clk (net)
                      0.057988    0.000402    0.331571 ^ _153_/CLK (sky130_fd_sc_hd__dfxtp_1)
     2    0.007419    0.080234    0.335105    0.666677 ^ _153_/Q (sky130_fd_sc_hd__dfxtp_1)
                                                         net3 (net)
                      0.080234    0.000018    0.666695 ^ _087_/A (sky130_fd_sc_hd__or2_1)
     1    0.003720    0.047504    0.108214    0.774909 ^ _087_/X (sky130_fd_sc_hd__or2_1)
                                                         _051_ (net)
                      0.047504    0.000046    0.774955 ^ _088_/B1 (sky130_fd_sc_hd__o211a_1)
     1    0.002223    0.036416    0.131700    0.906655 ^ _088_/X (sky130_fd_sc_hd__o211a_1)
                                                         _002_ (net)
                      0.036416    0.000022    0.906677 ^ _153_/D (sky130_fd_sc_hd__dfxtp_1)
                                              0.906677   data arrival time

                                  0.000000    0.000000   clock clk (rise edge)
                                  0.000000    0.000000   clock source latency
     1    0.016623    0.080639    0.055110    0.055110 ^ clk (in)
                                                         clk (net)
                      0.080641    0.000000    0.055110 ^ clkbuf_0_clk/A (sky130_fd_sc_hd__clkbuf_16)
     2    0.018507    0.040608    0.137105    0.192215 ^ clkbuf_0_clk/X (sky130_fd_sc_hd__clkbuf_16)
                                                         clknet_0_clk (net)
                      0.040608    0.000096    0.192312 ^ clkbuf_1_1__f_clk/A (sky130_fd_sc_hd__clkbuf_16)
    12    0.037994    0.057986    0.138858    0.331170 ^ clkbuf_1_1__f_clk/X (sky130_fd_sc_hd__clkbuf_16)
                                                         clknet_1_1__leaf_clk (net)
                      0.057988    0.000402    0.331571 ^ _153_/CLK (sky130_fd_sc_hd__dfxtp_1)
                                  0.250000    0.581571   clock uncertainty
                                  0.000000    0.581571   clock reconvergence pessimism
                                 -0.027764    0.553808   library hold time
                                              0.553808   data required time
---------------------------------------------------------------------------------------------
                                              0.553808   data required time
                                             -0.906677   data arrival time
---------------------------------------------------------------------------------------------
                                              0.352869   slack (MET)


Startpoint: _166_ (rising edge-triggered flip-flop clocked by clk)
Endpoint: _158_ (rising edge-triggered flip-flop clocked by clk)
Path Group: clk
Path Type: min

Fanout         Cap        Slew       Delay        Time   Description
---------------------------------------------------------------------------------------------
                                  0.000000    0.000000   clock clk (rise edge)
                                  0.000000    0.000000   clock source latency
     1    0.016623    0.080639    0.055110    0.055110 ^ clk (in)
                                                         clk (net)
                      0.080641    0.000000    0.055110 ^ clkbuf_0_clk/A (sky130_fd_sc_hd__clkbuf_16)
     2    0.018507    0.040608    0.137105    0.192215 ^ clkbuf_0_clk/X (sky130_fd_sc_hd__clkbuf_16)
                                                         clknet_0_clk (net)
                      0.040608    0.000096    0.192312 ^ clkbuf_1_1__f_clk/A (sky130_fd_sc_hd__clkbuf_16)
    12    0.037994    0.057986    0.138858    0.331170 ^ clkbuf_1_1__f_clk/X (sky130_fd_sc_hd__clkbuf_16)
                                                         clknet_1_1__leaf_clk (net)
                      0.057986    0.000248    0.331418 ^ _166_/CLK (sky130_fd_sc_hd__dfxtp_1)
     3    0.019905    0.191916    0.415508    0.746925 ^ _166_/Q (sky130_fd_sc_hd__dfxtp_1)
                                                         net17 (net)
                      0.191916    0.000288    0.747213 ^ _098_/A1 (sky130_fd_sc_hd__o211a_1)
     1    0.001949    0.035528    0.172458    0.919672 ^ _098_/X (sky130_fd_sc_hd__o211a_1)
                                                         _007_ (net)
                      0.035528    0.000009    0.919680 ^ _158_/D (sky130_fd_sc_hd__dfxtp_1)
                                              0.919680   data arrival time

                                  0.000000    0.000000   clock clk (rise edge)
                                  0.000000    0.000000   clock source latency
     1    0.016623    0.080639    0.055110    0.055110 ^ clk (in)
                                                         clk (net)
                      0.080641    0.000000    0.055110 ^ clkbuf_0_clk/A (sky130_fd_sc_hd__clkbuf_16)
     2    0.018507    0.040608    0.137105    0.192215 ^ clkbuf_0_clk/X (sky130_fd_sc_hd__clkbuf_16)
                                                         clknet_0_clk (net)
                      0.040608    0.000096    0.192312 ^ clkbuf_1_1__f_clk/A (sky130_fd_sc_hd__clkbuf_16)
    12    0.037994    0.057986    0.138858    0.331170 ^ clkbuf_1_1__f_clk/X (sky130_fd_sc_hd__clkbuf_16)
                                                         clknet_1_1__leaf_clk (net)
                      0.057994    0.000621    0.331791 ^ _158_/CLK (sky130_fd_sc_hd__dfxtp_1)
                                  0.250000    0.581791   clock uncertainty
                                  0.000000    0.581791   clock reconvergence pessimism
                                 -0.027577    0.554213   library hold time
                                              0.554213   data required time
---------------------------------------------------------------------------------------------
                                              0.554213   data required time
                                             -0.919680   data arrival time
---------------------------------------------------------------------------------------------
                                              0.365467   slack (MET)


Startpoint: _165_ (rising edge-triggered flip-flop clocked by clk)
Endpoint: _157_ (rising edge-triggered flip-flop clocked by clk)
Path Group: clk
Path Type: min

Fanout         Cap        Slew       Delay        Time   Description
---------------------------------------------------------------------------------------------
                                  0.000000    0.000000   clock clk (rise edge)
                                  0.000000    0.000000   clock source latency
     1    0.016623    0.080639    0.055110    0.055110 ^ clk (in)
                                                         clk (net)
                      0.080641    0.000000    0.055110 ^ clkbuf_0_clk/A (sky130_fd_sc_hd__clkbuf_16)
     2    0.018507    0.040608    0.137105    0.192215 ^ clkbuf_0_clk/X (sky130_fd_sc_hd__clkbuf_16)
                                                         clknet_0_clk (net)
                      0.040608    0.000096    0.192312 ^ clkbuf_1_1__f_clk/A (sky130_fd_sc_hd__clkbuf_16)
    12    0.037994    0.057986    0.138858    0.331170 ^ clkbuf_1_1__f_clk/X (sky130_fd_sc_hd__clkbuf_16)
                                                         clknet_1_1__leaf_clk (net)
                      0.057986    0.000096    0.331265 ^ _165_/CLK (sky130_fd_sc_hd__dfxtp_1)
     3    0.020330    0.195783    0.418130    0.749395 ^ _165_/Q (sky130_fd_sc_hd__dfxtp_1)
                                                         net16 (net)
                      0.195783    0.000146    0.749542 ^ _096_/A1 (sky130_fd_sc_hd__o211a_1)
     1    0.002004    0.034909    0.173685    0.923227 ^ _096_/X (sky130_fd_sc_hd__o211a_1)
                                                         _006_ (net)
                      0.034909    0.000018    0.923245 ^ _157_/D (sky130_fd_sc_hd__dfxtp_1)
                                              0.923245   data arrival time

                                  0.000000    0.000000   clock clk (rise edge)
                                  0.000000    0.000000   clock source latency
     1    0.016623    0.080639    0.055110    0.055110 ^ clk (in)
                                                         clk (net)
                      0.080641    0.000000    0.055110 ^ clkbuf_0_clk/A (sky130_fd_sc_hd__clkbuf_16)
     2    0.018507    0.040608    0.137105    0.192215 ^ clkbuf_0_clk/X (sky130_fd_sc_hd__clkbuf_16)
                                                         clknet_0_clk (net)
                      0.040608    0.000096    0.192312 ^ clkbuf_1_1__f_clk/A (sky130_fd_sc_hd__clkbuf_16)
    12    0.037994    0.057986    0.138858    0.331170 ^ clkbuf_1_1__f_clk/X (sky130_fd_sc_hd__clkbuf_16)
                                                         clknet_1_1__leaf_clk (net)
                      0.057993    0.000587    0.331756 ^ _157_/CLK (sky130_fd_sc_hd__dfxtp_1)
                                  0.250000    0.581756   clock uncertainty
                                  0.000000    0.581756   clock reconvergence pessimism
                                 -0.027448    0.554308   library hold time
                                              0.554308   data required time
---------------------------------------------------------------------------------------------
                                              0.554308   data required time
                                             -0.923245   data arrival time
---------------------------------------------------------------------------------------------
                                              0.368936   slack (MET)


Startpoint: _162_ (rising edge-triggered flip-flop clocked by clk)
Endpoint: _162_ (rising edge-triggered flip-flop clocked by clk)
Path Group: clk
Path Type: min

Fanout         Cap        Slew       Delay        Time   Description
---------------------------------------------------------------------------------------------
                                  0.000000    0.000000   clock clk (rise edge)
                                  0.000000    0.000000   clock source latency
     1    0.016623    0.080639    0.055110    0.055110 ^ clk (in)
                                                         clk (net)
                      0.080641    0.000000    0.055110 ^ clkbuf_0_clk/A (sky130_fd_sc_hd__clkbuf_16)
     2    0.018507    0.040608    0.137105    0.192215 ^ clkbuf_0_clk/X (sky130_fd_sc_hd__clkbuf_16)
                                                         clknet_0_clk (net)
                      0.040608    0.000096    0.192312 ^ clkbuf_1_1__f_clk/A (sky130_fd_sc_hd__clkbuf_16)
    12    0.037994    0.057986    0.138858    0.331170 ^ clkbuf_1_1__f_clk/X (sky130_fd_sc_hd__clkbuf_16)
                                                         clknet_1_1__leaf_clk (net)
                      0.057987    0.000344    0.331514 ^ _162_/CLK (sky130_fd_sc_hd__dfxtp_1)
     3    0.020013    0.099180    0.359544    0.691058 v _162_/Q (sky130_fd_sc_hd__dfxtp_1)
                                                         net13 (net)
                      0.099181    0.000475    0.691533 v _080_/A (sky130_fd_sc_hd__inv_2)
     2    0.006166    0.044782    0.072871    0.764404 ^ _080_/Y (sky130_fd_sc_hd__inv_2)
                                                         net21 (net)
                      0.044782    0.000059    0.764463 ^ _116_/B1 (sky130_fd_sc_hd__a21o_1)
     1    0.003601    0.040937    0.080432    0.844895 ^ _116_/X (sky130_fd_sc_hd__a21o_1)
                                                         _071_ (net)
                      0.040937    0.000046    0.844940 ^ _120_/A1 (sky130_fd_sc_hd__a31oi_1)
     1    0.002959    0.046081    0.065097    0.910037 v _120_/Y (sky130_fd_sc_hd__a31oi_1)
                                                         _011_ (net)
                      0.046081    0.000035    0.910073 v _162_/D (sky130_fd_sc_hd__dfxtp_1)
                                              0.910073   data arrival time

                                  0.000000    0.000000   clock clk (rise edge)
                                  0.000000    0.000000   clock source latency
     1    0.016623    0.080639    0.055110    0.055110 ^ clk (in)
                                                         clk (net)
                      0.080641    0.000000    0.055110 ^ clkbuf_0_clk/A (sky130_fd_sc_hd__clkbuf_16)
     2    0.018507    0.040608    0.137105    0.192215 ^ clkbuf_0_clk/X (sky130_fd_sc_hd__clkbuf_16)
                                                         clknet_0_clk (net)
                      0.040608    0.000096    0.192312 ^ clkbuf_1_1__f_clk/A (sky130_fd_sc_hd__clkbuf_16)
    12    0.037994    0.057986    0.138858    0.331170 ^ clkbuf_1_1__f_clk/X (sky130_fd_sc_hd__clkbuf_16)
                                                         clknet_1_1__leaf_clk (net)
                      0.057987    0.000344    0.331514 ^ _162_/CLK (sky130_fd_sc_hd__dfxtp_1)
                                  0.250000    0.581514   clock uncertainty
                                  0.000000    0.581514   clock reconvergence pessimism
                                 -0.051065    0.530448   library hold time
                                              0.530448   data required time
---------------------------------------------------------------------------------------------
                                              0.530448   data required time
                                             -0.910073   data arrival time
---------------------------------------------------------------------------------------------
                                              0.379624   slack (MET)


Startpoint: _167_ (rising edge-triggered flip-flop clocked by clk)
Endpoint: _159_ (rising edge-triggered flip-flop clocked by clk)
Path Group: clk
Path Type: min

Fanout         Cap        Slew       Delay        Time   Description
---------------------------------------------------------------------------------------------
                                  0.000000    0.000000   clock clk (rise edge)
                                  0.000000    0.000000   clock source latency
     1    0.016623    0.080639    0.055110    0.055110 ^ clk (in)
                                                         clk (net)
                      0.080641    0.000000    0.055110 ^ clkbuf_0_clk/A (sky130_fd_sc_hd__clkbuf_16)
     2    0.018507    0.040608    0.137105    0.192215 ^ clkbuf_0_clk/X (sky130_fd_sc_hd__clkbuf_16)
                                                         clknet_0_clk (net)
                      0.040608    0.000129    0.192344 ^ clkbuf_1_0__f_clk/A (sky130_fd_sc_hd__clkbuf_16)
    10    0.038738    0.058627    0.139356    0.331700 ^ clkbuf_1_0__f_clk/X (sky130_fd_sc_hd__clkbuf_16)
                                                         clknet_1_0__leaf_clk (net)
                      0.058627    0.000223    0.331923 ^ _167_/CLK (sky130_fd_sc_hd__dfxtp_1)
     4    0.021649    0.207706    0.426728    0.758650 ^ _167_/Q (sky130_fd_sc_hd__dfxtp_1)
                                                         net18 (net)
                      0.207706    0.000764    0.759414 ^ _100_/A1 (sky130_fd_sc_hd__o211a_1)
     1    0.002173    0.036063    0.177498    0.936912 ^ _100_/X (sky130_fd_sc_hd__o211a_1)
                                                         _008_ (net)
                      0.036063    0.000021    0.936933 ^ _159_/D (sky130_fd_sc_hd__dfxtp_1)
                                              0.936933   data arrival time

                                  0.000000    0.000000   clock clk (rise edge)
                                  0.000000    0.000000   clock source latency
     1    0.016623    0.080639    0.055110    0.055110 ^ clk (in)
                                                         clk (net)
                      0.080641    0.000000    0.055110 ^ clkbuf_0_clk/A (sky130_fd_sc_hd__clkbuf_16)
     2    0.018507    0.040608    0.137105    0.192215 ^ clkbuf_0_clk/X (sky130_fd_sc_hd__clkbuf_16)
                                                         clknet_0_clk (net)
                      0.040608    0.000096    0.192312 ^ clkbuf_1_1__f_clk/A (sky130_fd_sc_hd__clkbuf_16)
    12    0.037994    0.057986    0.138858    0.331170 ^ clkbuf_1_1__f_clk/X (sky130_fd_sc_hd__clkbuf_16)
                                                         clknet_1_1__leaf_clk (net)
                      0.057994    0.000623    0.331793 ^ _159_/CLK (sky130_fd_sc_hd__dfxtp_1)
                                  0.250000    0.581793   clock uncertainty
                                  0.000000    0.581793   clock reconvergence pessimism
                                 -0.027689    0.554104   library hold time
                                              0.554104   data required time
---------------------------------------------------------------------------------------------
                                              0.554104   data required time
                                             -0.936933   data arrival time
---------------------------------------------------------------------------------------------
                                              0.382829   slack (MET)


Startpoint: _166_ (rising edge-triggered flip-flop clocked by clk)
Endpoint: _166_ (rising edge-triggered flip-flop clocked by clk)
Path Group: clk
Path Type: min

Fanout         Cap        Slew       Delay        Time   Description
---------------------------------------------------------------------------------------------
                                  0.000000    0.000000   clock clk (rise edge)
                                  0.000000    0.000000   clock source latency
     1    0.016623    0.080639    0.055110    0.055110 ^ clk (in)
                                                         clk (net)
                      0.080641    0.000000    0.055110 ^ clkbuf_0_clk/A (sky130_fd_sc_hd__clkbuf_16)
     2    0.018507    0.040608    0.137105    0.192215 ^ clkbuf_0_clk/X (sky130_fd_sc_hd__clkbuf_16)
                                                         clknet_0_clk (net)
                      0.040608    0.000096    0.192312 ^ clkbuf_1_1__f_clk/A (sky130_fd_sc_hd__clkbuf_16)
    12    0.037994    0.057986    0.138858    0.331170 ^ clkbuf_1_1__f_clk/X (sky130_fd_sc_hd__clkbuf_16)
                                                         clknet_1_1__leaf_clk (net)
                      0.057986    0.000248    0.331418 ^ _166_/CLK (sky130_fd_sc_hd__dfxtp_1)
     3    0.019146    0.095299    0.356766    0.688184 v _166_/Q (sky130_fd_sc_hd__dfxtp_1)
                                                         net17 (net)
                      0.095299    0.000296    0.688480 v _076_/A (sky130_fd_sc_hd__inv_2)
     2    0.012836    0.067398    0.094944    0.783424 ^ _076_/Y (sky130_fd_sc_hd__inv_2)
                                                         net25 (net)
                      0.067398    0.000264    0.783689 ^ _134_/B1 (sky130_fd_sc_hd__a21o_1)
     1    0.002776    0.034931    0.082053    0.865741 ^ _134_/X (sky130_fd_sc_hd__a21o_1)
                                                         _035_ (net)
                      0.034931    0.000014    0.865756 ^ _137_/A1 (sky130_fd_sc_hd__a31oi_1)
     1    0.002733    0.045484    0.061705    0.927461 v _137_/Y (sky130_fd_sc_hd__a31oi_1)
                                                         _015_ (net)
                      0.045484    0.000032    0.927493 v _166_/D (sky130_fd_sc_hd__dfxtp_1)
                                              0.927493   data arrival time

                                  0.000000    0.000000   clock clk (rise edge)
                                  0.000000    0.000000   clock source latency
     1    0.016623    0.080639    0.055110    0.055110 ^ clk (in)
                                                         clk (net)
                      0.080641    0.000000    0.055110 ^ clkbuf_0_clk/A (sky130_fd_sc_hd__clkbuf_16)
     2    0.018507    0.040608    0.137105    0.192215 ^ clkbuf_0_clk/X (sky130_fd_sc_hd__clkbuf_16)
                                                         clknet_0_clk (net)
                      0.040608    0.000096    0.192312 ^ clkbuf_1_1__f_clk/A (sky130_fd_sc_hd__clkbuf_16)
    12    0.037994    0.057986    0.138858    0.331170 ^ clkbuf_1_1__f_clk/X (sky130_fd_sc_hd__clkbuf_16)
                                                         clknet_1_1__leaf_clk (net)
                      0.057986    0.000248    0.331418 ^ _166_/CLK (sky130_fd_sc_hd__dfxtp_1)
                                  0.250000    0.581418   clock uncertainty
                                  0.000000    0.581418   clock reconvergence pessimism
                                 -0.050816    0.530601   library hold time
                                              0.530601   data required time
---------------------------------------------------------------------------------------------
                                              0.530601   data required time
                                             -0.927493   data arrival time
---------------------------------------------------------------------------------------------
                                              0.396892   slack (MET)


Startpoint: _164_ (rising edge-triggered flip-flop clocked by clk)
Endpoint: _156_ (rising edge-triggered flip-flop clocked by clk)
Path Group: clk
Path Type: min

Fanout         Cap        Slew       Delay        Time   Description
---------------------------------------------------------------------------------------------
                                  0.000000    0.000000   clock clk (rise edge)
                                  0.000000    0.000000   clock source latency
     1    0.016623    0.080639    0.055110    0.055110 ^ clk (in)
                                                         clk (net)
                      0.080641    0.000000    0.055110 ^ clkbuf_0_clk/A (sky130_fd_sc_hd__clkbuf_16)
     2    0.018507    0.040608    0.137105    0.192215 ^ clkbuf_0_clk/X (sky130_fd_sc_hd__clkbuf_16)
                                                         clknet_0_clk (net)
                      0.040608    0.000129    0.192344 ^ clkbuf_1_0__f_clk/A (sky130_fd_sc_hd__clkbuf_16)
    10    0.038738    0.058627    0.139356    0.331700 ^ clkbuf_1_0__f_clk/X (sky130_fd_sc_hd__clkbuf_16)
                                                         clknet_1_0__leaf_clk (net)
                      0.058644    0.000893    0.332593 ^ _164_/CLK (sky130_fd_sc_hd__dfxtp_1)
     3    0.023368    0.113094    0.371154    0.703748 v _164_/Q (sky130_fd_sc_hd__dfxtp_1)
                                                         net15 (net)
                      0.113107    0.001253    0.705001 v _094_/A1 (sky130_fd_sc_hd__o211a_1)
     1    0.001989    0.025560    0.235251    0.940251 v _094_/X (sky130_fd_sc_hd__o211a_1)
                                                         _005_ (net)
                      0.025560    0.000017    0.940269 v _156_/D (sky130_fd_sc_hd__dfxtp_1)
                                              0.940269   data arrival time

                                  0.000000    0.000000   clock clk (rise edge)
                                  0.000000    0.000000   clock source latency
     1    0.016623    0.080639    0.055110    0.055110 ^ clk (in)
                                                         clk (net)
                      0.080641    0.000000    0.055110 ^ clkbuf_0_clk/A (sky130_fd_sc_hd__clkbuf_16)
     2    0.018507    0.040608    0.137105    0.192215 ^ clkbuf_0_clk/X (sky130_fd_sc_hd__clkbuf_16)
                                                         clknet_0_clk (net)
                      0.040608    0.000096    0.192312 ^ clkbuf_1_1__f_clk/A (sky130_fd_sc_hd__clkbuf_16)
    12    0.037994    0.057986    0.138858    0.331170 ^ clkbuf_1_1__f_clk/X (sky130_fd_sc_hd__clkbuf_16)
                                                         clknet_1_1__leaf_clk (net)
                      0.057988    0.000406    0.331576 ^ _156_/CLK (sky130_fd_sc_hd__dfxtp_1)
                                  0.250000    0.581576   clock uncertainty
                                  0.000000    0.581576   clock reconvergence pessimism
                                 -0.042502    0.539074   library hold time
                                              0.539074   data required time
---------------------------------------------------------------------------------------------
                                              0.539074   data required time
                                             -0.940269   data arrival time
---------------------------------------------------------------------------------------------
                                              0.401195   slack (MET)


Startpoint: _165_ (rising edge-triggered flip-flop clocked by clk)
Endpoint: _165_ (rising edge-triggered flip-flop clocked by clk)
Path Group: clk
Path Type: min

Fanout         Cap        Slew       Delay        Time   Description
---------------------------------------------------------------------------------------------
                                  0.000000    0.000000   clock clk (rise edge)
                                  0.000000    0.000000   clock source latency
     1    0.016623    0.080639    0.055110    0.055110 ^ clk (in)
                                                         clk (net)
                      0.080641    0.000000    0.055110 ^ clkbuf_0_clk/A (sky130_fd_sc_hd__clkbuf_16)
     2    0.018507    0.040608    0.137105    0.192215 ^ clkbuf_0_clk/X (sky130_fd_sc_hd__clkbuf_16)
                                                         clknet_0_clk (net)
                      0.040608    0.000096    0.192312 ^ clkbuf_1_1__f_clk/A (sky130_fd_sc_hd__clkbuf_16)
    12    0.037994    0.057986    0.138858    0.331170 ^ clkbuf_1_1__f_clk/X (sky130_fd_sc_hd__clkbuf_16)
                                                         clknet_1_1__leaf_clk (net)
                      0.057986    0.000096    0.331265 ^ _165_/CLK (sky130_fd_sc_hd__dfxtp_1)
     3    0.019571    0.097207    0.358121    0.689386 v _165_/Q (sky130_fd_sc_hd__dfxtp_1)
                                                         net16 (net)
                      0.097207    0.000260    0.689646 v _077_/A (sky130_fd_sc_hd__inv_2)
     2    0.009150    0.054875    0.082721    0.772366 ^ _077_/Y (sky130_fd_sc_hd__inv_2)
                                                         net24 (net)
                      0.054875    0.000130    0.772496 ^ _132_/B1 (sky130_fd_sc_hd__a21o_1)
     1    0.003651    0.041369    0.084120    0.856617 ^ _132_/X (sky130_fd_sc_hd__a21o_1)
                                                         _034_ (net)
                      0.041369    0.000044    0.856661 ^ _133_/A3 (sky130_fd_sc_hd__a31oi_1)
     1    0.003580    0.047730    0.080134    0.936795 v _133_/Y (sky130_fd_sc_hd__a31oi_1)
                                                         _014_ (net)
                      0.047730    0.000038    0.936833 v _165_/D (sky130_fd_sc_hd__dfxtp_1)
                                              0.936833   data arrival time

                                  0.000000    0.000000   clock clk (rise edge)
                                  0.000000    0.000000   clock source latency
     1    0.016623    0.080639    0.055110    0.055110 ^ clk (in)
                                                         clk (net)
                      0.080641    0.000000    0.055110 ^ clkbuf_0_clk/A (sky130_fd_sc_hd__clkbuf_16)
     2    0.018507    0.040608    0.137105    0.192215 ^ clkbuf_0_clk/X (sky130_fd_sc_hd__clkbuf_16)
                                                         clknet_0_clk (net)
                      0.040608    0.000096    0.192312 ^ clkbuf_1_1__f_clk/A (sky130_fd_sc_hd__clkbuf_16)
    12    0.037994    0.057986    0.138858    0.331170 ^ clkbuf_1_1__f_clk/X (sky130_fd_sc_hd__clkbuf_16)
                                                         clknet_1_1__leaf_clk (net)
                      0.057986    0.000096    0.331265 ^ _165_/CLK (sky130_fd_sc_hd__dfxtp_1)
                                  0.250000    0.581265   clock uncertainty
                                  0.000000    0.581265   clock reconvergence pessimism
                                 -0.051754    0.529512   library hold time
                                              0.529512   data required time
---------------------------------------------------------------------------------------------
                                              0.529512   data required time
                                             -0.936833   data arrival time
---------------------------------------------------------------------------------------------
                                              0.407322   slack (MET)


Startpoint: _169_ (rising edge-triggered flip-flop clocked by clk)
Endpoint: _169_ (rising edge-triggered flip-flop clocked by clk)
Path Group: clk
Path Type: min

Fanout         Cap        Slew       Delay        Time   Description
---------------------------------------------------------------------------------------------
                                  0.000000    0.000000   clock clk (rise edge)
                                  0.000000    0.000000   clock source latency
     1    0.016623    0.080639    0.055110    0.055110 ^ clk (in)
                                                         clk (net)
                      0.080641    0.000000    0.055110 ^ clkbuf_0_clk/A (sky130_fd_sc_hd__clkbuf_16)
     2    0.018507    0.040608    0.137105    0.192215 ^ clkbuf_0_clk/X (sky130_fd_sc_hd__clkbuf_16)
                                                         clknet_0_clk (net)
                      0.040608    0.000129    0.192344 ^ clkbuf_1_0__f_clk/A (sky130_fd_sc_hd__clkbuf_16)
    10    0.038738    0.058627    0.139356    0.331700 ^ clkbuf_1_0__f_clk/X (sky130_fd_sc_hd__clkbuf_16)
                                                         clknet_1_0__leaf_clk (net)
                      0.058627    0.000356    0.332056 ^ _169_/CLK (sky130_fd_sc_hd__dfxtp_1)
     4    0.010870    0.059558    0.328290    0.660346 v _169_/Q (sky130_fd_sc_hd__dfxtp_1)
                                                         count[0] (net)
                      0.059558    0.000138    0.660483 v _105_/B (sky130_fd_sc_hd__nand2_1)
     5    0.015805    0.150673    0.147534    0.808017 ^ _105_/Y (sky130_fd_sc_hd__nand2_1)
                                                         _061_ (net)
                      0.150673    0.000122    0.808139 ^ _145_/B (sky130_fd_sc_hd__and3_1)
     1    0.002002    0.042699    0.162455    0.970595 ^ _145_/X (sky130_fd_sc_hd__and3_1)
                                                         _018_ (net)
                      0.042699    0.000017    0.970612 ^ _169_/D (sky130_fd_sc_hd__dfxtp_1)
                                              0.970612   data arrival time

                                  0.000000    0.000000   clock clk (rise edge)
                                  0.000000    0.000000   clock source latency
     1    0.016623    0.080639    0.055110    0.055110 ^ clk (in)
                                                         clk (net)
                      0.080641    0.000000    0.055110 ^ clkbuf_0_clk/A (sky130_fd_sc_hd__clkbuf_16)
     2    0.018507    0.040608    0.137105    0.192215 ^ clkbuf_0_clk/X (sky130_fd_sc_hd__clkbuf_16)
                                                         clknet_0_clk (net)
                      0.040608    0.000129    0.192344 ^ clkbuf_1_0__f_clk/A (sky130_fd_sc_hd__clkbuf_16)
    10    0.038738    0.058627    0.139356    0.331700 ^ clkbuf_1_0__f_clk/X (sky130_fd_sc_hd__clkbuf_16)
                                                         clknet_1_0__leaf_clk (net)
                      0.058627    0.000356    0.332056 ^ _169_/CLK (sky130_fd_sc_hd__dfxtp_1)
                                  0.250000    0.582056   clock uncertainty
                                  0.000000    0.582056   clock reconvergence pessimism
                                 -0.028993    0.553063   library hold time
                                              0.553063   data required time
---------------------------------------------------------------------------------------------
                                              0.553063   data required time
                                             -0.970612   data arrival time
---------------------------------------------------------------------------------------------
                                              0.417549   slack (MET)


Startpoint: _163_ (rising edge-triggered flip-flop clocked by clk)
Endpoint: _155_ (rising edge-triggered flip-flop clocked by clk)
Path Group: clk
Path Type: min

Fanout         Cap        Slew       Delay        Time   Description
---------------------------------------------------------------------------------------------
                                  0.000000    0.000000   clock clk (rise edge)
                                  0.000000    0.000000   clock source latency
     1    0.016623    0.080639    0.055110    0.055110 ^ clk (in)
                                                         clk (net)
                      0.080641    0.000000    0.055110 ^ clkbuf_0_clk/A (sky130_fd_sc_hd__clkbuf_16)
     2    0.018507    0.040608    0.137105    0.192215 ^ clkbuf_0_clk/X (sky130_fd_sc_hd__clkbuf_16)
                                                         clknet_0_clk (net)
                      0.040608    0.000129    0.192344 ^ clkbuf_1_0__f_clk/A (sky130_fd_sc_hd__clkbuf_16)
    10    0.038738    0.058627    0.139356    0.331700 ^ clkbuf_1_0__f_clk/X (sky130_fd_sc_hd__clkbuf_16)
                                                         clknet_1_0__leaf_clk (net)
                      0.058644    0.000874    0.332574 ^ _163_/CLK (sky130_fd_sc_hd__dfxtp_1)
     4    0.027524    0.131361    0.385028    0.717602 v _163_/Q (sky130_fd_sc_hd__dfxtp_1)
                                                         net14 (net)
                      0.131377    0.001466    0.719068 v _092_/A1 (sky130_fd_sc_hd__o211a_1)
     1    0.002002    0.025622    0.242039    0.961107 v _092_/X (sky130_fd_sc_hd__o211a_1)
                                                         _004_ (net)
                      0.025622    0.000017    0.961124 v _155_/D (sky130_fd_sc_hd__dfxtp_1)
                                              0.961124   data arrival time

                                  0.000000    0.000000   clock clk (rise edge)
                                  0.000000    0.000000   clock source latency
     1    0.016623    0.080639    0.055110    0.055110 ^ clk (in)
                                                         clk (net)
                      0.080641    0.000000    0.055110 ^ clkbuf_0_clk/A (sky130_fd_sc_hd__clkbuf_16)
     2    0.018507    0.040608    0.137105    0.192215 ^ clkbuf_0_clk/X (sky130_fd_sc_hd__clkbuf_16)
                                                         clknet_0_clk (net)
                      0.040608    0.000096    0.192312 ^ clkbuf_1_1__f_clk/A (sky130_fd_sc_hd__clkbuf_16)
    12    0.037994    0.057986    0.138858    0.331170 ^ clkbuf_1_1__f_clk/X (sky130_fd_sc_hd__clkbuf_16)
                                                         clknet_1_1__leaf_clk (net)
                      0.057991    0.000518    0.331688 ^ _155_/CLK (sky130_fd_sc_hd__dfxtp_1)
                                  0.250000    0.581688   clock uncertainty
                                  0.000000    0.581688   clock reconvergence pessimism
                                 -0.042527    0.539161   library hold time
                                              0.539161   data required time
---------------------------------------------------------------------------------------------
                                              0.539161   data required time
                                             -0.961124   data arrival time
---------------------------------------------------------------------------------------------
                                              0.421963   slack (MET)


Startpoint: _172_ (rising edge-triggered flip-flop clocked by clk)
Endpoint: _167_ (rising edge-triggered flip-flop clocked by clk)
Path Group: clk
Path Type: min

Fanout         Cap        Slew       Delay        Time   Description
---------------------------------------------------------------------------------------------
                                  0.000000    0.000000   clock clk (rise edge)
                                  0.000000    0.000000   clock source latency
     1    0.016623    0.080639    0.055110    0.055110 ^ clk (in)
                                                         clk (net)
                      0.080641    0.000000    0.055110 ^ clkbuf_0_clk/A (sky130_fd_sc_hd__clkbuf_16)
     2    0.018507    0.040608    0.137105    0.192215 ^ clkbuf_0_clk/X (sky130_fd_sc_hd__clkbuf_16)
                                                         clknet_0_clk (net)
                      0.040608    0.000129    0.192344 ^ clkbuf_1_0__f_clk/A (sky130_fd_sc_hd__clkbuf_16)
    10    0.038738    0.058627    0.139356    0.331700 ^ clkbuf_1_0__f_clk/X (sky130_fd_sc_hd__clkbuf_16)
                                                         clknet_1_0__leaf_clk (net)
                      0.058639    0.000769    0.332469 ^ _172_/CLK (sky130_fd_sc_hd__dfxtp_1)
     3    0.014382    0.142200    0.380237    0.712706 ^ _172_/Q (sky130_fd_sc_hd__dfxtp_1)
                                                         count[3] (net)
                      0.142200    0.000379    0.713085 ^ _138_/A1 (sky130_fd_sc_hd__o41a_1)
     1    0.002960    0.048795    0.166351    0.879436 ^ _138_/X (sky130_fd_sc_hd__o41a_1)
                                                         _038_ (net)
                      0.048795    0.000028    0.879464 ^ _141_/A1 (sky130_fd_sc_hd__o31a_1)
     1    0.001960    0.036983    0.118786    0.998250 ^ _141_/X (sky130_fd_sc_hd__o31a_1)
                                                         _016_ (net)
                      0.036983    0.000017    0.998266 ^ _167_/D (sky130_fd_sc_hd__dfxtp_1)
                                              0.998266   data arrival time

                                  0.000000    0.000000   clock clk (rise edge)
                                  0.000000    0.000000   clock source latency
     1    0.016623    0.080639    0.055110    0.055110 ^ clk (in)
                                                         clk (net)
                      0.080641    0.000000    0.055110 ^ clkbuf_0_clk/A (sky130_fd_sc_hd__clkbuf_16)
     2    0.018507    0.040608    0.137105    0.192215 ^ clkbuf_0_clk/X (sky130_fd_sc_hd__clkbuf_16)
                                                         clknet_0_clk (net)
                      0.040608    0.000129    0.192344 ^ clkbuf_1_0__f_clk/A (sky130_fd_sc_hd__clkbuf_16)
    10    0.038738    0.058627    0.139356    0.331700 ^ clkbuf_1_0__f_clk/X (sky130_fd_sc_hd__clkbuf_16)
                                                         clknet_1_0__leaf_clk (net)
                      0.058627    0.000223    0.331923 ^ _167_/CLK (sky130_fd_sc_hd__dfxtp_1)
                                  0.250000    0.581923   clock uncertainty
                                  0.000000    0.581923   clock reconvergence pessimism
                                 -0.027798    0.554124   library hold time
                                              0.554124   data required time
---------------------------------------------------------------------------------------------
                                              0.554124   data required time
                                             -0.998266   data arrival time
---------------------------------------------------------------------------------------------
                                              0.444142   slack (MET)


Startpoint: _168_ (rising edge-triggered flip-flop clocked by clk)
Endpoint: _168_ (rising edge-triggered flip-flop clocked by clk)
Path Group: clk
Path Type: min

Fanout         Cap        Slew       Delay        Time   Description
---------------------------------------------------------------------------------------------
                                  0.000000    0.000000   clock clk (rise edge)
                                  0.000000    0.000000   clock source latency
     1    0.016623    0.080639    0.055110    0.055110 ^ clk (in)
                                                         clk (net)
                      0.080641    0.000000    0.055110 ^ clkbuf_0_clk/A (sky130_fd_sc_hd__clkbuf_16)
     2    0.018507    0.040608    0.137105    0.192215 ^ clkbuf_0_clk/X (sky130_fd_sc_hd__clkbuf_16)
                                                         clknet_0_clk (net)
                      0.040608    0.000129    0.192344 ^ clkbuf_1_0__f_clk/A (sky130_fd_sc_hd__clkbuf_16)
    10    0.038738    0.058627    0.139356    0.331700 ^ clkbuf_1_0__f_clk/X (sky130_fd_sc_hd__clkbuf_16)
                                                         clknet_1_0__leaf_clk (net)
                      0.058627    0.000195    0.331895 ^ _168_/CLK (sky130_fd_sc_hd__dfxtp_1)
     3    0.013483    0.134104    0.374508    0.706403 ^ _168_/Q (sky130_fd_sc_hd__dfxtp_1)
                                                         net19 (net)
                      0.134104    0.000284    0.706688 ^ _074_/A (sky130_fd_sc_hd__inv_2)
     2    0.015452    0.054029    0.075785    0.782473 v _074_/Y (sky130_fd_sc_hd__inv_2)
                                                         net27 (net)
                      0.054029    0.000188    0.782660 v _142_/B1 (sky130_fd_sc_hd__a21oi_1)
     1    0.003712    0.103349    0.125419    0.908079 ^ _142_/Y (sky130_fd_sc_hd__a21oi_1)
                                                         _041_ (net)
                      0.103349    0.000047    0.908126 ^ _143_/B1 (sky130_fd_sc_hd__a211o_1)
     1    0.001918    0.030400    0.102483    1.010609 ^ _143_/X (sky130_fd_sc_hd__a211o_1)
                                                         _017_ (net)
                      0.030400    0.000016    1.010625 ^ _168_/D (sky130_fd_sc_hd__dfxtp_1)
                                              1.010625   data arrival time

                                  0.000000    0.000000   clock clk (rise edge)
                                  0.000000    0.000000   clock source latency
     1    0.016623    0.080639    0.055110    0.055110 ^ clk (in)
                                                         clk (net)
                      0.080641    0.000000    0.055110 ^ clkbuf_0_clk/A (sky130_fd_sc_hd__clkbuf_16)
     2    0.018507    0.040608    0.137105    0.192215 ^ clkbuf_0_clk/X (sky130_fd_sc_hd__clkbuf_16)
                                                         clknet_0_clk (net)
                      0.040608    0.000129    0.192344 ^ clkbuf_1_0__f_clk/A (sky130_fd_sc_hd__clkbuf_16)
    10    0.038738    0.058627    0.139356    0.331700 ^ clkbuf_1_0__f_clk/X (sky130_fd_sc_hd__clkbuf_16)
                                                         clknet_1_0__leaf_clk (net)
                      0.058627    0.000195    0.331895 ^ _168_/CLK (sky130_fd_sc_hd__dfxtp_1)
                                  0.250000    0.581895   clock uncertainty
                                  0.000000    0.581895   clock reconvergence pessimism
                                 -0.026422    0.555473   library hold time
                                              0.555473   data required time
---------------------------------------------------------------------------------------------
                                              0.555473   data required time
                                             -1.010625   data arrival time
---------------------------------------------------------------------------------------------
                                              0.455152   slack (MET)


Startpoint: _171_ (rising edge-triggered flip-flop clocked by clk)
Endpoint: _171_ (rising edge-triggered flip-flop clocked by clk)
Path Group: clk
Path Type: min

Fanout         Cap        Slew       Delay        Time   Description
---------------------------------------------------------------------------------------------
                                  0.000000    0.000000   clock clk (rise edge)
                                  0.000000    0.000000   clock source latency
     1    0.016623    0.080639    0.055110    0.055110 ^ clk (in)
                                                         clk (net)
                      0.080641    0.000000    0.055110 ^ clkbuf_0_clk/A (sky130_fd_sc_hd__clkbuf_16)
     2    0.018507    0.040608    0.137105    0.192215 ^ clkbuf_0_clk/X (sky130_fd_sc_hd__clkbuf_16)
                                                         clknet_0_clk (net)
                      0.040608    0.000129    0.192344 ^ clkbuf_1_0__f_clk/A (sky130_fd_sc_hd__clkbuf_16)
    10    0.038738    0.058627    0.139356    0.331700 ^ clkbuf_1_0__f_clk/X (sky130_fd_sc_hd__clkbuf_16)
                                                         clknet_1_0__leaf_clk (net)
                      0.058636    0.000699    0.332399 ^ _171_/CLK (sky130_fd_sc_hd__dfxtp_2)
     9    0.032770    0.086321    0.370826    0.703225 v _171_/Q (sky130_fd_sc_hd__dfxtp_2)
                                                         count[2] (net)
                      0.086321    0.000192    0.703417 v _109_/B (sky130_fd_sc_hd__nand4_1)
     4    0.010055    0.117324    0.150588    0.854005 ^ _109_/Y (sky130_fd_sc_hd__nand4_1)
                                                         _065_ (net)
                      0.117324    0.000043    0.854048 ^ _149_/B (sky130_fd_sc_hd__and3_1)
     1    0.002172    0.044076    0.155782    1.009830 ^ _149_/X (sky130_fd_sc_hd__and3_1)
                                                         _020_ (net)
                      0.044076    0.000020    1.009850 ^ _171_/D (sky130_fd_sc_hd__dfxtp_2)
                                              1.009850   data arrival time

                                  0.000000    0.000000   clock clk (rise edge)
                                  0.000000    0.000000   clock source latency
     1    0.016623    0.080639    0.055110    0.055110 ^ clk (in)
                                                         clk (net)
                      0.080641    0.000000    0.055110 ^ clkbuf_0_clk/A (sky130_fd_sc_hd__clkbuf_16)
     2    0.018507    0.040608    0.137105    0.192215 ^ clkbuf_0_clk/X (sky130_fd_sc_hd__clkbuf_16)
                                                         clknet_0_clk (net)
                      0.040608    0.000129    0.192344 ^ clkbuf_1_0__f_clk/A (sky130_fd_sc_hd__clkbuf_16)
    10    0.038738    0.058627    0.139356    0.331700 ^ clkbuf_1_0__f_clk/X (sky130_fd_sc_hd__clkbuf_16)
                                                         clknet_1_0__leaf_clk (net)
                      0.058636    0.000699    0.332399 ^ _171_/CLK (sky130_fd_sc_hd__dfxtp_2)
                                  0.250000    0.582399   clock uncertainty
                                  0.000000    0.582399   clock reconvergence pessimism
                                 -0.029203    0.553196   library hold time
                                              0.553196   data required time
---------------------------------------------------------------------------------------------
                                              0.553196   data required time
                                             -1.009850   data arrival time
---------------------------------------------------------------------------------------------
                                              0.456654   slack (MET)


Startpoint: _172_ (rising edge-triggered flip-flop clocked by clk)
Endpoint: _172_ (rising edge-triggered flip-flop clocked by clk)
Path Group: clk
Path Type: min

Fanout         Cap        Slew       Delay        Time   Description
---------------------------------------------------------------------------------------------
                                  0.000000    0.000000   clock clk (rise edge)
                                  0.000000    0.000000   clock source latency
     1    0.016623    0.080639    0.055110    0.055110 ^ clk (in)
                                                         clk (net)
                      0.080641    0.000000    0.055110 ^ clkbuf_0_clk/A (sky130_fd_sc_hd__clkbuf_16)
     2    0.018507    0.040608    0.137105    0.192215 ^ clkbuf_0_clk/X (sky130_fd_sc_hd__clkbuf_16)
                                                         clknet_0_clk (net)
                      0.040608    0.000129    0.192344 ^ clkbuf_1_0__f_clk/A (sky130_fd_sc_hd__clkbuf_16)
    10    0.038738    0.058627    0.139356    0.331700 ^ clkbuf_1_0__f_clk/X (sky130_fd_sc_hd__clkbuf_16)
                                                         clknet_1_0__leaf_clk (net)
                      0.058639    0.000769    0.332469 ^ _172_/CLK (sky130_fd_sc_hd__dfxtp_1)
     3    0.013821    0.072262    0.338455    0.670924 v _172_/Q (sky130_fd_sc_hd__dfxtp_1)
                                                         count[3] (net)
                      0.072262    0.000072    0.670996 v fanout30/A (sky130_fd_sc_hd__clkbuf_2)
    10    0.030164    0.117936    0.189077    0.860074 v fanout30/X (sky130_fd_sc_hd__clkbuf_2)
                                                         net30 (net)
                      0.117936    0.000212    0.860285 v _150_/A (sky130_fd_sc_hd__nand2_1)
     1    0.003155    0.051641    0.086715    0.947001 ^ _150_/Y (sky130_fd_sc_hd__nand2_1)
                                                         _045_ (net)
                      0.051641    0.000032    0.947033 ^ _151_/A2 (sky130_fd_sc_hd__a21oi_1)
     1    0.003122    0.041312    0.062096    1.009129 v _151_/Y (sky130_fd_sc_hd__a21oi_1)
                                                         _021_ (net)
                      0.041312    0.000042    1.009171 v _172_/D (sky130_fd_sc_hd__dfxtp_1)
                                              1.009171   data arrival time

                                  0.000000    0.000000   clock clk (rise edge)
                                  0.000000    0.000000   clock source latency
     1    0.016623    0.080639    0.055110    0.055110 ^ clk (in)
                                                         clk (net)
                      0.080641    0.000000    0.055110 ^ clkbuf_0_clk/A (sky130_fd_sc_hd__clkbuf_16)
     2    0.018507    0.040608    0.137105    0.192215 ^ clkbuf_0_clk/X (sky130_fd_sc_hd__clkbuf_16)
                                                         clknet_0_clk (net)
                      0.040608    0.000129    0.192344 ^ clkbuf_1_0__f_clk/A (sky130_fd_sc_hd__clkbuf_16)
    10    0.038738    0.058627    0.139356    0.331700 ^ clkbuf_1_0__f_clk/X (sky130_fd_sc_hd__clkbuf_16)
                                                         clknet_1_0__leaf_clk (net)
                      0.058639    0.000769    0.332469 ^ _172_/CLK (sky130_fd_sc_hd__dfxtp_1)
                                  0.250000    0.582469   clock uncertainty
                                  0.000000    0.582469   clock reconvergence pessimism
                                 -0.048928    0.533540   library hold time
                                              0.533540   data required time
---------------------------------------------------------------------------------------------
                                              0.533540   data required time
                                             -1.009171   data arrival time
---------------------------------------------------------------------------------------------
                                              0.475631   slack (MET)


Startpoint: _161_ (rising edge-triggered flip-flop clocked by clk)
Endpoint: _161_ (rising edge-triggered flip-flop clocked by clk)
Path Group: clk
Path Type: min

Fanout         Cap        Slew       Delay        Time   Description
---------------------------------------------------------------------------------------------
                                  0.000000    0.000000   clock clk (rise edge)
                                  0.000000    0.000000   clock source latency
     1    0.016623    0.080639    0.055110    0.055110 ^ clk (in)
                                                         clk (net)
                      0.080641    0.000000    0.055110 ^ clkbuf_0_clk/A (sky130_fd_sc_hd__clkbuf_16)
     2    0.018507    0.040608    0.137105    0.192215 ^ clkbuf_0_clk/X (sky130_fd_sc_hd__clkbuf_16)
                                                         clknet_0_clk (net)
                      0.040608    0.000129    0.192344 ^ clkbuf_1_0__f_clk/A (sky130_fd_sc_hd__clkbuf_16)
    10    0.038738    0.058627    0.139356    0.331700 ^ clkbuf_1_0__f_clk/X (sky130_fd_sc_hd__clkbuf_16)
                                                         clknet_1_0__leaf_clk (net)
                      0.058643    0.000853    0.332553 ^ _161_/CLK (sky130_fd_sc_hd__dfxtp_1)
     4    0.028334    0.134808    0.388195    0.720748 v _161_/Q (sky130_fd_sc_hd__dfxtp_1)
                                                         net12 (net)
                      0.134808    0.000417    0.721165 v _111_/B1 (sky130_fd_sc_hd__o21a_1)
     1    0.002940    0.030877    0.139016    0.860181 v _111_/X (sky130_fd_sc_hd__o21a_1)
                                                         _067_ (net)
                      0.030877    0.000030    0.860212 v _115_/A1 (sky130_fd_sc_hd__o21a_1)
     1    0.002206    0.026416    0.168790    1.029002 v _115_/X (sky130_fd_sc_hd__o21a_1)
                                                         _010_ (net)
                      0.026416    0.000013    1.029015 v _161_/D (sky130_fd_sc_hd__dfxtp_1)
                                              1.029015   data arrival time

                                  0.000000    0.000000   clock clk (rise edge)
                                  0.000000    0.000000   clock source latency
     1    0.016623    0.080639    0.055110    0.055110 ^ clk (in)
                                                         clk (net)
                      0.080641    0.000000    0.055110 ^ clkbuf_0_clk/A (sky130_fd_sc_hd__clkbuf_16)
     2    0.018507    0.040608    0.137105    0.192215 ^ clkbuf_0_clk/X (sky130_fd_sc_hd__clkbuf_16)
                                                         clknet_0_clk (net)
                      0.040608    0.000129    0.192344 ^ clkbuf_1_0__f_clk/A (sky130_fd_sc_hd__clkbuf_16)
    10    0.038738    0.058627    0.139356    0.331700 ^ clkbuf_1_0__f_clk/X (sky130_fd_sc_hd__clkbuf_16)
                                                         clknet_1_0__leaf_clk (net)
                      0.058643    0.000853    0.332553 ^ _161_/CLK (sky130_fd_sc_hd__dfxtp_1)
                                  0.250000    0.582553   clock uncertainty
                                  0.000000    0.582553   clock reconvergence pessimism
                                 -0.042712    0.539841   library hold time
                                              0.539841   data required time
---------------------------------------------------------------------------------------------
                                              0.539841   data required time
                                             -1.029015   data arrival time
---------------------------------------------------------------------------------------------
                                              0.489174   slack (MET)


Startpoint: _164_ (rising edge-triggered flip-flop clocked by clk)
Endpoint: _164_ (rising edge-triggered flip-flop clocked by clk)
Path Group: clk
Path Type: min

Fanout         Cap        Slew       Delay        Time   Description
---------------------------------------------------------------------------------------------
                                  0.000000    0.000000   clock clk (rise edge)
                                  0.000000    0.000000   clock source latency
     1    0.016623    0.080639    0.055110    0.055110 ^ clk (in)
                                                         clk (net)
                      0.080641    0.000000    0.055110 ^ clkbuf_0_clk/A (sky130_fd_sc_hd__clkbuf_16)
     2    0.018507    0.040608    0.137105    0.192215 ^ clkbuf_0_clk/X (sky130_fd_sc_hd__clkbuf_16)
                                                         clknet_0_clk (net)
                      0.040608    0.000129    0.192344 ^ clkbuf_1_0__f_clk/A (sky130_fd_sc_hd__clkbuf_16)
    10    0.038738    0.058627    0.139356    0.331700 ^ clkbuf_1_0__f_clk/X (sky130_fd_sc_hd__clkbuf_16)
                                                         clknet_1_0__leaf_clk (net)
                      0.058644    0.000893    0.332593 ^ _164_/CLK (sky130_fd_sc_hd__dfxtp_1)
     3    0.023368    0.113094    0.371154    0.703748 v _164_/Q (sky130_fd_sc_hd__dfxtp_1)
                                                         net15 (net)
                      0.113107    0.001249    0.704996 v _078_/A (sky130_fd_sc_hd__inv_2)
     2    0.009822    0.059608    0.091838    0.796834 ^ _078_/Y (sky130_fd_sc_hd__inv_2)
                                                         net23 (net)
                      0.059608    0.000200    0.797034 ^ _126_/B1 (sky130_fd_sc_hd__a21oi_1)
     1    0.003118    0.030030    0.042094    0.839128 v _126_/Y (sky130_fd_sc_hd__a21oi_1)
                                                         _029_ (net)
                      0.030030    0.000023    0.839151 v _129_/A1 (sky130_fd_sc_hd__o21a_1)
     1    0.007443    0.051800    0.196296    1.035447 v _129_/X (sky130_fd_sc_hd__o21a_1)
                                                         _013_ (net)
                      0.051800    0.000202    1.035649 v _164_/D (sky130_fd_sc_hd__dfxtp_1)
                                              1.035649   data arrival time

                                  0.000000    0.000000   clock clk (rise edge)
                                  0.000000    0.000000   clock source latency
     1    0.016623    0.080639    0.055110    0.055110 ^ clk (in)
                                                         clk (net)
                      0.080641    0.000000    0.055110 ^ clkbuf_0_clk/A (sky130_fd_sc_hd__clkbuf_16)
     2    0.018507    0.040608    0.137105    0.192215 ^ clkbuf_0_clk/X (sky130_fd_sc_hd__clkbuf_16)
                                                         clknet_0_clk (net)
                      0.040608    0.000129    0.192344 ^ clkbuf_1_0__f_clk/A (sky130_fd_sc_hd__clkbuf_16)
    10    0.038738    0.058627    0.139356    0.331700 ^ clkbuf_1_0__f_clk/X (sky130_fd_sc_hd__clkbuf_16)
                                                         clknet_1_0__leaf_clk (net)
                      0.058644    0.000893    0.332593 ^ _164_/CLK (sky130_fd_sc_hd__dfxtp_1)
                                  0.250000    0.582593   clock uncertainty
                                  0.000000    0.582593   clock reconvergence pessimism
                                 -0.053303    0.529290   library hold time
                                              0.529290   data required time
---------------------------------------------------------------------------------------------
                                              0.529290   data required time
                                             -1.035649   data arrival time
---------------------------------------------------------------------------------------------
                                              0.506359   slack (MET)


Startpoint: _171_ (rising edge-triggered flip-flop clocked by clk)
Endpoint: _163_ (rising edge-triggered flip-flop clocked by clk)
Path Group: clk
Path Type: min

Fanout         Cap        Slew       Delay        Time   Description
---------------------------------------------------------------------------------------------
                                  0.000000    0.000000   clock clk (rise edge)
                                  0.000000    0.000000   clock source latency
     1    0.016623    0.080639    0.055110    0.055110 ^ clk (in)
                                                         clk (net)
                      0.080641    0.000000    0.055110 ^ clkbuf_0_clk/A (sky130_fd_sc_hd__clkbuf_16)
     2    0.018507    0.040608    0.137105    0.192215 ^ clkbuf_0_clk/X (sky130_fd_sc_hd__clkbuf_16)
                                                         clknet_0_clk (net)
                      0.040608    0.000129    0.192344 ^ clkbuf_1_0__f_clk/A (sky130_fd_sc_hd__clkbuf_16)
    10    0.038738    0.058627    0.139356    0.331700 ^ clkbuf_1_0__f_clk/X (sky130_fd_sc_hd__clkbuf_16)
                                                         clknet_1_0__leaf_clk (net)
                      0.058636    0.000699    0.332399 ^ _171_/CLK (sky130_fd_sc_hd__dfxtp_2)
     9    0.032770    0.086321    0.370826    0.703225 v _171_/Q (sky130_fd_sc_hd__dfxtp_2)
                                                         count[2] (net)
                      0.086335    0.001079    0.704304 v _072_/A (sky130_fd_sc_hd__inv_2)
     4    0.014401    0.073230    0.095827    0.800132 ^ _072_/Y (sky130_fd_sc_hd__inv_2)
                                                         _046_ (net)
                      0.073230    0.000140    0.800272 ^ _121_/A2 (sky130_fd_sc_hd__o41a_1)
     1    0.003726    0.055723    0.147170    0.947442 ^ _121_/X (sky130_fd_sc_hd__o41a_1)
                                                         _025_ (net)
                      0.055723    0.000045    0.947488 ^ _125_/A1 (sky130_fd_sc_hd__o31a_1)
     1    0.003194    0.047898    0.130940    1.078428 ^ _125_/X (sky130_fd_sc_hd__o31a_1)
                                                         _012_ (net)
                      0.047898    0.000048    1.078476 ^ _163_/D (sky130_fd_sc_hd__dfxtp_1)
                                              1.078476   data arrival time

                                  0.000000    0.000000   clock clk (rise edge)
                                  0.000000    0.000000   clock source latency
     1    0.016623    0.080639    0.055110    0.055110 ^ clk (in)
                                                         clk (net)
                      0.080641    0.000000    0.055110 ^ clkbuf_0_clk/A (sky130_fd_sc_hd__clkbuf_16)
     2    0.018507    0.040608    0.137105    0.192215 ^ clkbuf_0_clk/X (sky130_fd_sc_hd__clkbuf_16)
                                                         clknet_0_clk (net)
                      0.040608    0.000129    0.192344 ^ clkbuf_1_0__f_clk/A (sky130_fd_sc_hd__clkbuf_16)
    10    0.038738    0.058627    0.139356    0.331700 ^ clkbuf_1_0__f_clk/X (sky130_fd_sc_hd__clkbuf_16)
                                                         clknet_1_0__leaf_clk (net)
                      0.058644    0.000874    0.332574 ^ _163_/CLK (sky130_fd_sc_hd__dfxtp_1)
                                  0.250000    0.582574   clock uncertainty
                                  0.000000    0.582574   clock reconvergence pessimism
                                 -0.030077    0.552496   library hold time
                                              0.552496   data required time
---------------------------------------------------------------------------------------------
                                              0.552496   data required time
                                             -1.078476   data arrival time
---------------------------------------------------------------------------------------------
                                              0.525979   slack (MET)


Startpoint: _170_ (rising edge-triggered flip-flop clocked by clk)
Endpoint: _170_ (rising edge-triggered flip-flop clocked by clk)
Path Group: clk
Path Type: min

Fanout         Cap        Slew       Delay        Time   Description
---------------------------------------------------------------------------------------------
                                  0.000000    0.000000   clock clk (rise edge)
                                  0.000000    0.000000   clock source latency
     1    0.016623    0.080639    0.055110    0.055110 ^ clk (in)
                                                         clk (net)
                      0.080641    0.000000    0.055110 ^ clkbuf_0_clk/A (sky130_fd_sc_hd__clkbuf_16)
     2    0.018507    0.040608    0.137105    0.192215 ^ clkbuf_0_clk/X (sky130_fd_sc_hd__clkbuf_16)
                                                         clknet_0_clk (net)
                      0.040608    0.000129    0.192344 ^ clkbuf_1_0__f_clk/A (sky130_fd_sc_hd__clkbuf_16)
    10    0.038738    0.058627    0.139356    0.331700 ^ clkbuf_1_0__f_clk/X (sky130_fd_sc_hd__clkbuf_16)
                                                         clknet_1_0__leaf_clk (net)
                      0.058629    0.000468    0.332168 ^ _170_/CLK (sky130_fd_sc_hd__dfxtp_1)
     2    0.007577    0.046505    0.316013    0.648181 v _170_/Q (sky130_fd_sc_hd__dfxtp_1)
                                                         count[1] (net)
                      0.046505    0.000036    0.648217 v fanout31/A (sky130_fd_sc_hd__buf_2)
    10    0.032515    0.085543    0.177836    0.826054 v fanout31/X (sky130_fd_sc_hd__buf_2)
                                                         net31 (net)
                      0.085543    0.000097    0.826151 v _107_/B (sky130_fd_sc_hd__nand3_1)
     3    0.008069    0.096808    0.130769    0.956920 ^ _107_/Y (sky130_fd_sc_hd__nand3_1)
                                                         _063_ (net)
                      0.096808    0.000069    0.956989 ^ _147_/B (sky130_fd_sc_hd__and3_1)
     1    0.002125    0.044989    0.149390    1.106379 ^ _147_/X (sky130_fd_sc_hd__and3_1)
                                                         _019_ (net)
                      0.044989    0.000011    1.106390 ^ _170_/D (sky130_fd_sc_hd__dfxtp_1)
                                              1.106390   data arrival time

                                  0.000000    0.000000   clock clk (rise edge)
                                  0.000000    0.000000   clock source latency
     1    0.016623    0.080639    0.055110    0.055110 ^ clk (in)
                                                         clk (net)
                      0.080641    0.000000    0.055110 ^ clkbuf_0_clk/A (sky130_fd_sc_hd__clkbuf_16)
     2    0.018507    0.040608    0.137105    0.192215 ^ clkbuf_0_clk/X (sky130_fd_sc_hd__clkbuf_16)
                                                         clknet_0_clk (net)
                      0.040608    0.000129    0.192344 ^ clkbuf_1_0__f_clk/A (sky130_fd_sc_hd__clkbuf_16)
    10    0.038738    0.058627    0.139356    0.331700 ^ clkbuf_1_0__f_clk/X (sky130_fd_sc_hd__clkbuf_16)
                                                         clknet_1_0__leaf_clk (net)
                      0.058629    0.000468    0.332168 ^ _170_/CLK (sky130_fd_sc_hd__dfxtp_1)
                                  0.250000    0.582168   clock uncertainty
                                  0.000000    0.582168   clock reconvergence pessimism
                                 -0.029471    0.552696   library hold time
                                              0.552696   data required time
---------------------------------------------------------------------------------------------
                                              0.552696   data required time
                                             -1.106390   data arrival time
---------------------------------------------------------------------------------------------
                                              0.553694   slack (MET)


Startpoint: _152_ (rising edge-triggered flip-flop clocked by clk')
Endpoint: _152_ (rising edge-triggered flip-flop clocked by clk')
Path Group: clk
Path Type: min

Fanout         Cap        Slew       Delay        Time   Description
---------------------------------------------------------------------------------------------
                                 25.000000   25.000000   clock clk' (rise edge)
                                  0.000000   25.000000   clock source latency
     1    0.015629    0.036627    0.025322   25.025322 v clk (in)
                                                         clk (net)
                      0.036631    0.000000   25.025322 v clkbuf_0_clk/A (sky130_fd_sc_hd__clkbuf_16)
     2    0.016519    0.033145    0.140487   25.165808 v clkbuf_0_clk/X (sky130_fd_sc_hd__clkbuf_16)
                                                         clknet_0_clk (net)
                      0.033145    0.000085   25.165894 v clkbuf_1_1__f_clk/A (sky130_fd_sc_hd__clkbuf_16)
    12    0.035813    0.044066    0.152371   25.318264 v clkbuf_1_1__f_clk/X (sky130_fd_sc_hd__clkbuf_16)
                                                         clknet_1_1__leaf_clk (net)
                      0.044066    0.000206   25.318470 v _083__1/A (sky130_fd_sc_hd__inv_2)
     1    0.002306    0.021284    0.038035   25.356504 ^ _083__1/Y (sky130_fd_sc_hd__inv_2)
                                                         net35 (net)
                      0.021284    0.000021   25.356527 ^ _152_/CLK (sky130_fd_sc_hd__dfxtp_1)
     3    0.013374    0.070382    0.323212   25.679739 v _152_/Q (sky130_fd_sc_hd__dfxtp_1)
                                                         net11 (net)
                      0.070382    0.000073   25.679811 v hold1/A (sky130_fd_sc_hd__dlygate4sd3_1)
     1    0.002707    0.052406    0.558348   26.238159 v hold1/X (sky130_fd_sc_hd__dlygate4sd3_1)
                                                         net36 (net)
                      0.052406    0.000034   26.238194 v _084_/A_N (sky130_fd_sc_hd__and2b_1)
     1    0.002015    0.036706    0.178538   26.416731 ^ _084_/X (sky130_fd_sc_hd__and2b_1)
                                                         _001_ (net)
                      0.036706    0.000009   26.416740 ^ _152_/D (sky130_fd_sc_hd__dfxtp_1)
                                             26.416740   data arrival time

                                 25.000000   25.000000   clock clk' (rise edge)
                                  0.000000   25.000000   clock source latency
     1    0.015629    0.036627    0.025322   25.025322 v clk (in)
                                                         clk (net)
                      0.036631    0.000000   25.025322 v clkbuf_0_clk/A (sky130_fd_sc_hd__clkbuf_16)
     2    0.016519    0.033145    0.140487   25.165808 v clkbuf_0_clk/X (sky130_fd_sc_hd__clkbuf_16)
                                                         clknet_0_clk (net)
                      0.033145    0.000085   25.165894 v clkbuf_1_1__f_clk/A (sky130_fd_sc_hd__clkbuf_16)
    12    0.035813    0.044066    0.152371   25.318264 v clkbuf_1_1__f_clk/X (sky130_fd_sc_hd__clkbuf_16)
                                                         clknet_1_1__leaf_clk (net)
                      0.044066    0.000206   25.318470 v _083__1/A (sky130_fd_sc_hd__inv_2)
     1    0.002306    0.021284    0.038035   25.356504 ^ _083__1/Y (sky130_fd_sc_hd__inv_2)
                                                         net35 (net)
                      0.021284    0.000021   25.356527 ^ _152_/CLK (sky130_fd_sc_hd__dfxtp_1)
                                  0.250000   25.606525   clock uncertainty
                                  0.000000   25.606525   clock reconvergence pessimism
                                 -0.032654   25.573872   library hold time
                                             25.573872   data required time
---------------------------------------------------------------------------------------------
                                             25.573872   data required time
                                            -26.416740   data arrival time
---------------------------------------------------------------------------------------------
                                              0.842869   slack (MET)


Startpoint: _160_ (rising edge-triggered flip-flop clocked by clk)
Endpoint: _160_ (rising edge-triggered flip-flop clocked by clk)
Path Group: clk
Path Type: min

Fanout         Cap        Slew       Delay        Time   Description
---------------------------------------------------------------------------------------------
                                  0.000000    0.000000   clock clk (rise edge)
                                  0.000000    0.000000   clock source latency
     1    0.016623    0.080639    0.055110    0.055110 ^ clk (in)
                                                         clk (net)
                      0.080641    0.000000    0.055110 ^ clkbuf_0_clk/A (sky130_fd_sc_hd__clkbuf_16)
     2    0.018507    0.040608    0.137105    0.192215 ^ clkbuf_0_clk/X (sky130_fd_sc_hd__clkbuf_16)
                                                         clknet_0_clk (net)
                      0.040608    0.000096    0.192312 ^ clkbuf_1_1__f_clk/A (sky130_fd_sc_hd__clkbuf_16)
    12    0.037994    0.057986    0.138858    0.331170 ^ clkbuf_1_1__f_clk/X (sky130_fd_sc_hd__clkbuf_16)
                                                         clknet_1_1__leaf_clk (net)
                      0.057986    0.000198    0.331368 ^ _160_/CLK (sky130_fd_sc_hd__dfxtp_1)
     2    0.008472    0.089368    0.342034    0.673402 ^ _160_/Q (sky130_fd_sc_hd__dfxtp_1)
                                                         net10 (net)
                      0.089368    0.000033    0.673435 ^ _101_/A (sky130_fd_sc_hd__or2_1)
     1    0.003746    0.047794    0.111499    0.784934 ^ _101_/X (sky130_fd_sc_hd__or2_1)
                                                         _058_ (net)
                      0.047794    0.000050    0.784984 ^ _102_/B1 (sky130_fd_sc_hd__o211a_1)
     1    0.002120    0.035699    0.130983    0.915967 ^ _102_/X (sky130_fd_sc_hd__o211a_1)
                                                         _009_ (net)
                      0.035699    0.000019    0.915986 ^ hold3/A (sky130_fd_sc_hd__dlygate4sd3_1)
     1    0.002166    0.047820    0.525858    1.441844 ^ hold3/X (sky130_fd_sc_hd__dlygate4sd3_1)
                                                         net38 (net)
                      0.047820    0.000020    1.441864 ^ _160_/D (sky130_fd_sc_hd__dfxtp_1)
                                              1.441864   data arrival time

                                  0.000000    0.000000   clock clk (rise edge)
                                  0.000000    0.000000   clock source latency
     1    0.016623    0.080639    0.055110    0.055110 ^ clk (in)
                                                         clk (net)
                      0.080641    0.000000    0.055110 ^ clkbuf_0_clk/A (sky130_fd_sc_hd__clkbuf_16)
     2    0.018507    0.040608    0.137105    0.192215 ^ clkbuf_0_clk/X (sky130_fd_sc_hd__clkbuf_16)
                                                         clknet_0_clk (net)
                      0.040608    0.000096    0.192312 ^ clkbuf_1_1__f_clk/A (sky130_fd_sc_hd__clkbuf_16)
    12    0.037994    0.057986    0.138858    0.331170 ^ clkbuf_1_1__f_clk/X (sky130_fd_sc_hd__clkbuf_16)
                                                         clknet_1_1__leaf_clk (net)
                      0.057986    0.000198    0.331368 ^ _160_/CLK (sky130_fd_sc_hd__dfxtp_1)
                                  0.250000    0.581368   clock uncertainty
                                  0.000000    0.581368   clock reconvergence pessimism
                                 -0.030148    0.551220   library hold time
                                              0.551220   data required time
---------------------------------------------------------------------------------------------
                                              0.551220   data required time
                                             -1.441864   data arrival time
---------------------------------------------------------------------------------------------
                                              0.890644   slack (MET)


Startpoint: _158_ (rising edge-triggered flip-flop clocked by clk)
Endpoint: adc_out[5] (output port clocked by clk)
Path Group: clk
Path Type: min

Fanout         Cap        Slew       Delay        Time   Description
---------------------------------------------------------------------------------------------
                                  0.000000    0.000000   clock clk (rise edge)
                                  0.000000    0.000000   clock source latency
     1    0.016623    0.080639    0.055110    0.055110 ^ clk (in)
                                                         clk (net)
                      0.080641    0.000000    0.055110 ^ clkbuf_0_clk/A (sky130_fd_sc_hd__clkbuf_16)
     2    0.018507    0.040608    0.137105    0.192215 ^ clkbuf_0_clk/X (sky130_fd_sc_hd__clkbuf_16)
                                                         clknet_0_clk (net)
                      0.040608    0.000096    0.192312 ^ clkbuf_1_1__f_clk/A (sky130_fd_sc_hd__clkbuf_16)
    12    0.037994    0.057986    0.138858    0.331170 ^ clkbuf_1_1__f_clk/X (sky130_fd_sc_hd__clkbuf_16)
                                                         clknet_1_1__leaf_clk (net)
                      0.057994    0.000621    0.331791 ^ _158_/CLK (sky130_fd_sc_hd__dfxtp_1)
     2    0.004852    0.034971    0.304707    0.636498 v _158_/Q (sky130_fd_sc_hd__dfxtp_1)
                                                         net8 (net)
                      0.034971    0.000047    0.636545 v output8/A (sky130_fd_sc_hd__buf_2)
     1    0.034028    0.088848    0.175722    0.812267 v output8/X (sky130_fd_sc_hd__buf_2)
                                                         adc_out[5] (net)
                      0.088848    0.000172    0.812439 v adc_out[5] (out)
                                              0.812439   data arrival time

                                  0.000000    0.000000   clock clk (rise edge)
                                  0.000000    0.000000   clock network delay (propagated)
                                  0.250000    0.250000   clock uncertainty
                                  0.000000    0.250000   clock reconvergence pessimism
                                -10.000000   -9.750000   output external delay
                                             -9.750000   data required time
---------------------------------------------------------------------------------------------
                                             -9.750000   data required time
                                             -0.812439   data arrival time
---------------------------------------------------------------------------------------------
                                             10.562438   slack (MET)


Startpoint: _157_ (rising edge-triggered flip-flop clocked by clk)
Endpoint: adc_out[4] (output port clocked by clk)
Path Group: clk
Path Type: min

Fanout         Cap        Slew       Delay        Time   Description
---------------------------------------------------------------------------------------------
                                  0.000000    0.000000   clock clk (rise edge)
                                  0.000000    0.000000   clock source latency
     1    0.016623    0.080639    0.055110    0.055110 ^ clk (in)
                                                         clk (net)
                      0.080641    0.000000    0.055110 ^ clkbuf_0_clk/A (sky130_fd_sc_hd__clkbuf_16)
     2    0.018507    0.040608    0.137105    0.192215 ^ clkbuf_0_clk/X (sky130_fd_sc_hd__clkbuf_16)
                                                         clknet_0_clk (net)
                      0.040608    0.000096    0.192312 ^ clkbuf_1_1__f_clk/A (sky130_fd_sc_hd__clkbuf_16)
    12    0.037994    0.057986    0.138858    0.331170 ^ clkbuf_1_1__f_clk/X (sky130_fd_sc_hd__clkbuf_16)
                                                         clknet_1_1__leaf_clk (net)
                      0.057993    0.000587    0.331756 ^ _157_/CLK (sky130_fd_sc_hd__dfxtp_1)
     2    0.005070    0.035863    0.305590    0.637347 v _157_/Q (sky130_fd_sc_hd__dfxtp_1)
                                                         net7 (net)
                      0.035863    0.000063    0.637410 v output7/A (sky130_fd_sc_hd__buf_2)
     1    0.034025    0.088834    0.176099    0.813509 v output7/X (sky130_fd_sc_hd__buf_2)
                                                         adc_out[4] (net)
                      0.088834    0.000172    0.813681 v adc_out[4] (out)
                                              0.813681   data arrival time

                                  0.000000    0.000000   clock clk (rise edge)
                                  0.000000    0.000000   clock network delay (propagated)
                                  0.250000    0.250000   clock uncertainty
                                  0.000000    0.250000   clock reconvergence pessimism
                                -10.000000   -9.750000   output external delay
                                             -9.750000   data required time
---------------------------------------------------------------------------------------------
                                             -9.750000   data required time
                                             -0.813681   data arrival time
---------------------------------------------------------------------------------------------
                                             10.563681   slack (MET)


Startpoint: _155_ (rising edge-triggered flip-flop clocked by clk)
Endpoint: adc_out[2] (output port clocked by clk)
Path Group: clk
Path Type: min

Fanout         Cap        Slew       Delay        Time   Description
---------------------------------------------------------------------------------------------
                                  0.000000    0.000000   clock clk (rise edge)
                                  0.000000    0.000000   clock source latency
     1    0.016623    0.080639    0.055110    0.055110 ^ clk (in)
                                                         clk (net)
                      0.080641    0.000000    0.055110 ^ clkbuf_0_clk/A (sky130_fd_sc_hd__clkbuf_16)
     2    0.018507    0.040608    0.137105    0.192215 ^ clkbuf_0_clk/X (sky130_fd_sc_hd__clkbuf_16)
                                                         clknet_0_clk (net)
                      0.040608    0.000096    0.192312 ^ clkbuf_1_1__f_clk/A (sky130_fd_sc_hd__clkbuf_16)
    12    0.037994    0.057986    0.138858    0.331170 ^ clkbuf_1_1__f_clk/X (sky130_fd_sc_hd__clkbuf_16)
                                                         clknet_1_1__leaf_clk (net)
                      0.057991    0.000518    0.331688 ^ _155_/CLK (sky130_fd_sc_hd__dfxtp_1)
     2    0.005354    0.037035    0.306737    0.638425 v _155_/Q (sky130_fd_sc_hd__dfxtp_1)
                                                         net5 (net)
                      0.037035    0.000068    0.638493 v output5/A (sky130_fd_sc_hd__buf_2)
     1    0.034021    0.088819    0.176598    0.815090 v output5/X (sky130_fd_sc_hd__buf_2)
                                                         adc_out[2] (net)
                      0.088819    0.000172    0.815262 v adc_out[2] (out)
                                              0.815262   data arrival time

                                  0.000000    0.000000   clock clk (rise edge)
                                  0.000000    0.000000   clock network delay (propagated)
                                  0.250000    0.250000   clock uncertainty
                                  0.000000    0.250000   clock reconvergence pessimism
                                -10.000000   -9.750000   output external delay
                                             -9.750000   data required time
---------------------------------------------------------------------------------------------
                                             -9.750000   data required time
                                             -0.815262   data arrival time
---------------------------------------------------------------------------------------------
                                             10.565263   slack (MET)


Startpoint: _159_ (rising edge-triggered flip-flop clocked by clk)
Endpoint: adc_out[6] (output port clocked by clk)
Path Group: clk
Path Type: min

Fanout         Cap        Slew       Delay        Time   Description
---------------------------------------------------------------------------------------------
                                  0.000000    0.000000   clock clk (rise edge)
                                  0.000000    0.000000   clock source latency
     1    0.016623    0.080639    0.055110    0.055110 ^ clk (in)
                                                         clk (net)
                      0.080641    0.000000    0.055110 ^ clkbuf_0_clk/A (sky130_fd_sc_hd__clkbuf_16)
     2    0.018507    0.040608    0.137105    0.192215 ^ clkbuf_0_clk/X (sky130_fd_sc_hd__clkbuf_16)
                                                         clknet_0_clk (net)
                      0.040608    0.000096    0.192312 ^ clkbuf_1_1__f_clk/A (sky130_fd_sc_hd__clkbuf_16)
    12    0.037994    0.057986    0.138858    0.331170 ^ clkbuf_1_1__f_clk/X (sky130_fd_sc_hd__clkbuf_16)
                                                         clknet_1_1__leaf_clk (net)
                      0.057994    0.000623    0.331793 ^ _159_/CLK (sky130_fd_sc_hd__dfxtp_1)
     2    0.006017    0.039813    0.309431    0.641224 v _159_/Q (sky130_fd_sc_hd__dfxtp_1)
                                                         net9 (net)
                      0.039813    0.000073    0.641297 v output9/A (sky130_fd_sc_hd__buf_2)
     1    0.034333    0.089479    0.178356    0.819653 v output9/X (sky130_fd_sc_hd__buf_2)
                                                         adc_out[6] (net)
                      0.089479    0.000198    0.819851 v adc_out[6] (out)
                                              0.819851   data arrival time

                                  0.000000    0.000000   clock clk (rise edge)
                                  0.000000    0.000000   clock network delay (propagated)
                                  0.250000    0.250000   clock uncertainty
                                  0.000000    0.250000   clock reconvergence pessimism
                                -10.000000   -9.750000   output external delay
                                             -9.750000   data required time
---------------------------------------------------------------------------------------------
                                             -9.750000   data required time
                                             -0.819851   data arrival time
---------------------------------------------------------------------------------------------
                                             10.569851   slack (MET)


Startpoint: _156_ (rising edge-triggered flip-flop clocked by clk)
Endpoint: adc_out[3] (output port clocked by clk)
Path Group: clk
Path Type: min

Fanout         Cap        Slew       Delay        Time   Description
---------------------------------------------------------------------------------------------
                                  0.000000    0.000000   clock clk (rise edge)
                                  0.000000    0.000000   clock source latency
     1    0.016623    0.080639    0.055110    0.055110 ^ clk (in)
                                                         clk (net)
                      0.080641    0.000000    0.055110 ^ clkbuf_0_clk/A (sky130_fd_sc_hd__clkbuf_16)
     2    0.018507    0.040608    0.137105    0.192215 ^ clkbuf_0_clk/X (sky130_fd_sc_hd__clkbuf_16)
                                                         clknet_0_clk (net)
                      0.040608    0.000096    0.192312 ^ clkbuf_1_1__f_clk/A (sky130_fd_sc_hd__clkbuf_16)
    12    0.037994    0.057986    0.138858    0.331170 ^ clkbuf_1_1__f_clk/X (sky130_fd_sc_hd__clkbuf_16)
                                                         clknet_1_1__leaf_clk (net)
                      0.057988    0.000406    0.331576 ^ _156_/CLK (sky130_fd_sc_hd__dfxtp_1)
     2    0.006749    0.042944    0.312384    0.643960 v _156_/Q (sky130_fd_sc_hd__dfxtp_1)
                                                         net6 (net)
                      0.042944    0.000132    0.644092 v output6/A (sky130_fd_sc_hd__buf_2)
     1    0.034033    0.088802    0.179166    0.823258 v output6/X (sky130_fd_sc_hd__buf_2)
                                                         adc_out[3] (net)
                      0.088802    0.000172    0.823430 v adc_out[3] (out)
                                              0.823430   data arrival time

                                  0.000000    0.000000   clock clk (rise edge)
                                  0.000000    0.000000   clock network delay (propagated)
                                  0.250000    0.250000   clock uncertainty
                                  0.000000    0.250000   clock reconvergence pessimism
                                -10.000000   -9.750000   output external delay
                                             -9.750000   data required time
---------------------------------------------------------------------------------------------
                                             -9.750000   data required time
                                             -0.823430   data arrival time
---------------------------------------------------------------------------------------------
                                             10.573430   slack (MET)


Startpoint: _153_ (rising edge-triggered flip-flop clocked by clk)
Endpoint: adc_out[0] (output port clocked by clk)
Path Group: clk
Path Type: min

Fanout         Cap        Slew       Delay        Time   Description
---------------------------------------------------------------------------------------------
                                  0.000000    0.000000   clock clk (rise edge)
                                  0.000000    0.000000   clock source latency
     1    0.016623    0.080639    0.055110    0.055110 ^ clk (in)
                                                         clk (net)
                      0.080641    0.000000    0.055110 ^ clkbuf_0_clk/A (sky130_fd_sc_hd__clkbuf_16)
     2    0.018507    0.040608    0.137105    0.192215 ^ clkbuf_0_clk/X (sky130_fd_sc_hd__clkbuf_16)
                                                         clknet_0_clk (net)
                      0.040608    0.000096    0.192312 ^ clkbuf_1_1__f_clk/A (sky130_fd_sc_hd__clkbuf_16)
    12    0.037994    0.057986    0.138858    0.331170 ^ clkbuf_1_1__f_clk/X (sky130_fd_sc_hd__clkbuf_16)
                                                         clknet_1_1__leaf_clk (net)
                      0.057988    0.000402    0.331571 ^ _153_/CLK (sky130_fd_sc_hd__dfxtp_1)
     2    0.007115    0.044511    0.313886    0.645457 v _153_/Q (sky130_fd_sc_hd__dfxtp_1)
                                                         net3 (net)
                      0.044511    0.000129    0.645586 v output3/A (sky130_fd_sc_hd__buf_2)
     1    0.034949    0.090864    0.181370    0.826956 v output3/X (sky130_fd_sc_hd__buf_2)
                                                         adc_out[0] (net)
                      0.090864    0.000402    0.827359 v adc_out[0] (out)
                                              0.827359   data arrival time

                                  0.000000    0.000000   clock clk (rise edge)
                                  0.000000    0.000000   clock network delay (propagated)
                                  0.250000    0.250000   clock uncertainty
                                  0.000000    0.250000   clock reconvergence pessimism
                                -10.000000   -9.750000   output external delay
                                             -9.750000   data required time
---------------------------------------------------------------------------------------------
                                             -9.750000   data required time
                                             -0.827359   data arrival time
---------------------------------------------------------------------------------------------
                                             10.577359   slack (MET)


Startpoint: _154_ (rising edge-triggered flip-flop clocked by clk)
Endpoint: adc_out[1] (output port clocked by clk)
Path Group: clk
Path Type: min

Fanout         Cap        Slew       Delay        Time   Description
---------------------------------------------------------------------------------------------
                                  0.000000    0.000000   clock clk (rise edge)
                                  0.000000    0.000000   clock source latency
     1    0.016623    0.080639    0.055110    0.055110 ^ clk (in)
                                                         clk (net)
                      0.080641    0.000000    0.055110 ^ clkbuf_0_clk/A (sky130_fd_sc_hd__clkbuf_16)
     2    0.018507    0.040608    0.137105    0.192215 ^ clkbuf_0_clk/X (sky130_fd_sc_hd__clkbuf_16)
                                                         clknet_0_clk (net)
                      0.040608    0.000096    0.192312 ^ clkbuf_1_1__f_clk/A (sky130_fd_sc_hd__clkbuf_16)
    12    0.037994    0.057986    0.138858    0.331170 ^ clkbuf_1_1__f_clk/X (sky130_fd_sc_hd__clkbuf_16)
                                                         clknet_1_1__leaf_clk (net)
                      0.057987    0.000329    0.331499 ^ _154_/CLK (sky130_fd_sc_hd__dfxtp_1)
     2    0.007458    0.046002    0.315262    0.646761 v _154_/Q (sky130_fd_sc_hd__dfxtp_1)
                                                         net4 (net)
                      0.046002    0.000151    0.646912 v output4/A (sky130_fd_sc_hd__buf_2)
     1    0.034671    0.090178    0.181627    0.828539 v output4/X (sky130_fd_sc_hd__buf_2)
                                                         adc_out[1] (net)
                      0.090178    0.000235    0.828774 v adc_out[1] (out)
                                              0.828774   data arrival time

                                  0.000000    0.000000   clock clk (rise edge)
                                  0.000000    0.000000   clock network delay (propagated)
                                  0.250000    0.250000   clock uncertainty
                                  0.000000    0.250000   clock reconvergence pessimism
                                -10.000000   -9.750000   output external delay
                                             -9.750000   data required time
---------------------------------------------------------------------------------------------
                                             -9.750000   data required time
                                             -0.828774   data arrival time
---------------------------------------------------------------------------------------------
                                             10.578773   slack (MET)


Startpoint: _160_ (rising edge-triggered flip-flop clocked by clk)
Endpoint: adc_out[7] (output port clocked by clk)
Path Group: clk
Path Type: min

Fanout         Cap        Slew       Delay        Time   Description
---------------------------------------------------------------------------------------------
                                  0.000000    0.000000   clock clk (rise edge)
                                  0.000000    0.000000   clock source latency
     1    0.016623    0.080639    0.055110    0.055110 ^ clk (in)
                                                         clk (net)
                      0.080641    0.000000    0.055110 ^ clkbuf_0_clk/A (sky130_fd_sc_hd__clkbuf_16)
     2    0.018507    0.040608    0.137105    0.192215 ^ clkbuf_0_clk/X (sky130_fd_sc_hd__clkbuf_16)
                                                         clknet_0_clk (net)
                      0.040608    0.000096    0.192312 ^ clkbuf_1_1__f_clk/A (sky130_fd_sc_hd__clkbuf_16)
    12    0.037994    0.057986    0.138858    0.331170 ^ clkbuf_1_1__f_clk/X (sky130_fd_sc_hd__clkbuf_16)
                                                         clknet_1_1__leaf_clk (net)
                      0.057986    0.000198    0.331368 ^ _160_/CLK (sky130_fd_sc_hd__dfxtp_1)
     2    0.008168    0.048964    0.318153    0.649521 v _160_/Q (sky130_fd_sc_hd__dfxtp_1)
                                                         net10 (net)
                      0.048964    0.000141    0.649662 v output10/A (sky130_fd_sc_hd__buf_2)
     1    0.034909    0.090715    0.183264    0.832927 v output10/X (sky130_fd_sc_hd__buf_2)
                                                         adc_out[7] (net)
                      0.090715    0.000336    0.833263 v adc_out[7] (out)
                                              0.833263   data arrival time

                                  0.000000    0.000000   clock clk (rise edge)
                                  0.000000    0.000000   clock network delay (propagated)
                                  0.250000    0.250000   clock uncertainty
                                  0.000000    0.250000   clock reconvergence pessimism
                                -10.000000   -9.750000   output external delay
                                             -9.750000   data required time
---------------------------------------------------------------------------------------------
                                             -9.750000   data required time
                                             -0.833263   data arrival time
---------------------------------------------------------------------------------------------
                                             10.583262   slack (MET)


Startpoint: _168_ (rising edge-triggered flip-flop clocked by clk)
Endpoint: dac_in[7] (output port clocked by clk)
Path Group: clk
Path Type: min

Fanout         Cap        Slew       Delay        Time   Description
---------------------------------------------------------------------------------------------
                                  0.000000    0.000000   clock clk (rise edge)
                                  0.000000    0.000000   clock source latency
     1    0.016623    0.080639    0.055110    0.055110 ^ clk (in)
                                                         clk (net)
                      0.080641    0.000000    0.055110 ^ clkbuf_0_clk/A (sky130_fd_sc_hd__clkbuf_16)
     2    0.018507    0.040608    0.137105    0.192215 ^ clkbuf_0_clk/X (sky130_fd_sc_hd__clkbuf_16)
                                                         clknet_0_clk (net)
                      0.040608    0.000129    0.192344 ^ clkbuf_1_0__f_clk/A (sky130_fd_sc_hd__clkbuf_16)
    10    0.038738    0.058627    0.139356    0.331700 ^ clkbuf_1_0__f_clk/X (sky130_fd_sc_hd__clkbuf_16)
                                                         clknet_1_0__leaf_clk (net)
                      0.058627    0.000195    0.331895 ^ _168_/CLK (sky130_fd_sc_hd__dfxtp_1)
     3    0.012792    0.067811    0.334926    0.666821 v _168_/Q (sky130_fd_sc_hd__dfxtp_1)
                                                         net19 (net)
                      0.067811    0.000034    0.666855 v output19/A (sky130_fd_sc_hd__buf_2)
     1    0.034692    0.090301    0.191219    0.858074 v output19/X (sky130_fd_sc_hd__buf_2)
                                                         dac_in[7] (net)
                      0.090303    0.000478    0.858552 v dac_in[7] (out)
                                              0.858552   data arrival time

                                  0.000000    0.000000   clock clk (rise edge)
                                  0.000000    0.000000   clock network delay (propagated)
                                  0.250000    0.250000   clock uncertainty
                                  0.000000    0.250000   clock reconvergence pessimism
                                -10.000000   -9.750000   output external delay
                                             -9.750000   data required time
---------------------------------------------------------------------------------------------
                                             -9.750000   data required time
                                             -0.858552   data arrival time
---------------------------------------------------------------------------------------------
                                             10.608552   slack (MET)


Startpoint: _166_ (rising edge-triggered flip-flop clocked by clk)
Endpoint: dac_in[5] (output port clocked by clk)
Path Group: clk
Path Type: min

Fanout         Cap        Slew       Delay        Time   Description
---------------------------------------------------------------------------------------------
                                  0.000000    0.000000   clock clk (rise edge)
                                  0.000000    0.000000   clock source latency
     1    0.016623    0.080639    0.055110    0.055110 ^ clk (in)
                                                         clk (net)
                      0.080641    0.000000    0.055110 ^ clkbuf_0_clk/A (sky130_fd_sc_hd__clkbuf_16)
     2    0.018507    0.040608    0.137105    0.192215 ^ clkbuf_0_clk/X (sky130_fd_sc_hd__clkbuf_16)
                                                         clknet_0_clk (net)
                      0.040608    0.000096    0.192312 ^ clkbuf_1_1__f_clk/A (sky130_fd_sc_hd__clkbuf_16)
    12    0.037994    0.057986    0.138858    0.331170 ^ clkbuf_1_1__f_clk/X (sky130_fd_sc_hd__clkbuf_16)
                                                         clknet_1_1__leaf_clk (net)
                      0.057986    0.000248    0.331418 ^ _166_/CLK (sky130_fd_sc_hd__dfxtp_1)
     3    0.019146    0.095299    0.356766    0.688184 v _166_/Q (sky130_fd_sc_hd__dfxtp_1)
                                                         net17 (net)
                      0.095299    0.000260    0.688444 v output17/A (sky130_fd_sc_hd__buf_2)
     1    0.034476    0.089845    0.203357    0.891801 v output17/X (sky130_fd_sc_hd__buf_2)
                                                         dac_in[5] (net)
                      0.089846    0.000432    0.892233 v dac_in[5] (out)
                                              0.892233   data arrival time

                                  0.000000    0.000000   clock clk (rise edge)
                                  0.000000    0.000000   clock network delay (propagated)
                                  0.250000    0.250000   clock uncertainty
                                  0.000000    0.250000   clock reconvergence pessimism
                                -10.000000   -9.750000   output external delay
                                             -9.750000   data required time
---------------------------------------------------------------------------------------------
                                             -9.750000   data required time
                                             -0.892233   data arrival time
---------------------------------------------------------------------------------------------
                                             10.642233   slack (MET)


Startpoint: _165_ (rising edge-triggered flip-flop clocked by clk)
Endpoint: dac_in[4] (output port clocked by clk)
Path Group: clk
Path Type: min

Fanout         Cap        Slew       Delay        Time   Description
---------------------------------------------------------------------------------------------
                                  0.000000    0.000000   clock clk (rise edge)
                                  0.000000    0.000000   clock source latency
     1    0.016623    0.080639    0.055110    0.055110 ^ clk (in)
                                                         clk (net)
                      0.080641    0.000000    0.055110 ^ clkbuf_0_clk/A (sky130_fd_sc_hd__clkbuf_16)
     2    0.018507    0.040608    0.137105    0.192215 ^ clkbuf_0_clk/X (sky130_fd_sc_hd__clkbuf_16)
                                                         clknet_0_clk (net)
                      0.040608    0.000096    0.192312 ^ clkbuf_1_1__f_clk/A (sky130_fd_sc_hd__clkbuf_16)
    12    0.037994    0.057986    0.138858    0.331170 ^ clkbuf_1_1__f_clk/X (sky130_fd_sc_hd__clkbuf_16)
                                                         clknet_1_1__leaf_clk (net)
                      0.057986    0.000096    0.331265 ^ _165_/CLK (sky130_fd_sc_hd__dfxtp_1)
     3    0.019571    0.097207    0.358121    0.689386 v _165_/Q (sky130_fd_sc_hd__dfxtp_1)
                                                         net16 (net)
                      0.097210    0.000682    0.690068 v output16/A (sky130_fd_sc_hd__buf_2)
     1    0.034476    0.089847    0.204226    0.894294 v output16/X (sky130_fd_sc_hd__buf_2)
                                                         dac_in[4] (net)
                      0.089848    0.000432    0.894726 v dac_in[4] (out)
                                              0.894726   data arrival time

                                  0.000000    0.000000   clock clk (rise edge)
                                  0.000000    0.000000   clock network delay (propagated)
                                  0.250000    0.250000   clock uncertainty
                                  0.000000    0.250000   clock reconvergence pessimism
                                -10.000000   -9.750000   output external delay
                                             -9.750000   data required time
---------------------------------------------------------------------------------------------
                                             -9.750000   data required time
                                             -0.894726   data arrival time
---------------------------------------------------------------------------------------------
                                             10.644727   slack (MET)


Startpoint: _162_ (rising edge-triggered flip-flop clocked by clk)
Endpoint: dac_in[1] (output port clocked by clk)
Path Group: clk
Path Type: min

Fanout         Cap        Slew       Delay        Time   Description
---------------------------------------------------------------------------------------------
                                  0.000000    0.000000   clock clk (rise edge)
                                  0.000000    0.000000   clock source latency
     1    0.016623    0.080639    0.055110    0.055110 ^ clk (in)
                                                         clk (net)
                      0.080641    0.000000    0.055110 ^ clkbuf_0_clk/A (sky130_fd_sc_hd__clkbuf_16)
     2    0.018507    0.040608    0.137105    0.192215 ^ clkbuf_0_clk/X (sky130_fd_sc_hd__clkbuf_16)
                                                         clknet_0_clk (net)
                      0.040608    0.000096    0.192312 ^ clkbuf_1_1__f_clk/A (sky130_fd_sc_hd__clkbuf_16)
    12    0.037994    0.057986    0.138858    0.331170 ^ clkbuf_1_1__f_clk/X (sky130_fd_sc_hd__clkbuf_16)
                                                         clknet_1_1__leaf_clk (net)
                      0.057987    0.000344    0.331514 ^ _162_/CLK (sky130_fd_sc_hd__dfxtp_1)
     3    0.020013    0.099180    0.359544    0.691058 v _162_/Q (sky130_fd_sc_hd__dfxtp_1)
                                                         net13 (net)
                      0.099186    0.000837    0.691895 v output13/A (sky130_fd_sc_hd__buf_2)
     1    0.034476    0.089849    0.205125    0.897020 v output13/X (sky130_fd_sc_hd__buf_2)
                                                         dac_in[1] (net)
                      0.089851    0.000432    0.897452 v dac_in[1] (out)
                                              0.897452   data arrival time

                                  0.000000    0.000000   clock clk (rise edge)
                                  0.000000    0.000000   clock network delay (propagated)
                                  0.250000    0.250000   clock uncertainty
                                  0.000000    0.250000   clock reconvergence pessimism
                                -10.000000   -9.750000   output external delay
                                             -9.750000   data required time
---------------------------------------------------------------------------------------------
                                             -9.750000   data required time
                                             -0.897452   data arrival time
---------------------------------------------------------------------------------------------
                                             10.647452   slack (MET)


Startpoint: _167_ (rising edge-triggered flip-flop clocked by clk)
Endpoint: dac_in[6] (output port clocked by clk)
Path Group: clk
Path Type: min

Fanout         Cap        Slew       Delay        Time   Description
---------------------------------------------------------------------------------------------
                                  0.000000    0.000000   clock clk (rise edge)
                                  0.000000    0.000000   clock source latency
     1    0.016623    0.080639    0.055110    0.055110 ^ clk (in)
                                                         clk (net)
                      0.080641    0.000000    0.055110 ^ clkbuf_0_clk/A (sky130_fd_sc_hd__clkbuf_16)
     2    0.018507    0.040608    0.137105    0.192215 ^ clkbuf_0_clk/X (sky130_fd_sc_hd__clkbuf_16)
                                                         clknet_0_clk (net)
                      0.040608    0.000129    0.192344 ^ clkbuf_1_0__f_clk/A (sky130_fd_sc_hd__clkbuf_16)
    10    0.038738    0.058627    0.139356    0.331700 ^ clkbuf_1_0__f_clk/X (sky130_fd_sc_hd__clkbuf_16)
                                                         clknet_1_0__leaf_clk (net)
                      0.058627    0.000223    0.331923 ^ _167_/CLK (sky130_fd_sc_hd__dfxtp_1)
     4    0.020736    0.102326    0.362294    0.694217 v _167_/Q (sky130_fd_sc_hd__dfxtp_1)
                                                         net18 (net)
                      0.102326    0.000182    0.694399 v output18/A (sky130_fd_sc_hd__buf_2)
     1    0.034476    0.089853    0.206553    0.900952 v output18/X (sky130_fd_sc_hd__buf_2)
                                                         dac_in[6] (net)
                      0.089854    0.000432    0.901384 v dac_in[6] (out)
                                              0.901384   data arrival time

                                  0.000000    0.000000   clock clk (rise edge)
                                  0.000000    0.000000   clock network delay (propagated)
                                  0.250000    0.250000   clock uncertainty
                                  0.000000    0.250000   clock reconvergence pessimism
                                -10.000000   -9.750000   output external delay
                                             -9.750000   data required time
---------------------------------------------------------------------------------------------
                                             -9.750000   data required time
                                             -0.901384   data arrival time
---------------------------------------------------------------------------------------------
                                             10.651384   slack (MET)


Startpoint: _164_ (rising edge-triggered flip-flop clocked by clk)
Endpoint: dac_in[3] (output port clocked by clk)
Path Group: clk
Path Type: min

Fanout         Cap        Slew       Delay        Time   Description
---------------------------------------------------------------------------------------------
                                  0.000000    0.000000   clock clk (rise edge)
                                  0.000000    0.000000   clock source latency
     1    0.016623    0.080639    0.055110    0.055110 ^ clk (in)
                                                         clk (net)
                      0.080641    0.000000    0.055110 ^ clkbuf_0_clk/A (sky130_fd_sc_hd__clkbuf_16)
     2    0.018507    0.040608    0.137105    0.192215 ^ clkbuf_0_clk/X (sky130_fd_sc_hd__clkbuf_16)
                                                         clknet_0_clk (net)
                      0.040608    0.000129    0.192344 ^ clkbuf_1_0__f_clk/A (sky130_fd_sc_hd__clkbuf_16)
    10    0.038738    0.058627    0.139356    0.331700 ^ clkbuf_1_0__f_clk/X (sky130_fd_sc_hd__clkbuf_16)
                                                         clknet_1_0__leaf_clk (net)
                      0.058644    0.000893    0.332593 ^ _164_/CLK (sky130_fd_sc_hd__dfxtp_1)
     3    0.023368    0.113094    0.371154    0.703748 v _164_/Q (sky130_fd_sc_hd__dfxtp_1)
                                                         net15 (net)
                      0.113094    0.000243    0.703990 v output15/A (sky130_fd_sc_hd__buf_2)
     1    0.034476    0.089864    0.211452    0.915442 v output15/X (sky130_fd_sc_hd__buf_2)
                                                         dac_in[3] (net)
                      0.089865    0.000432    0.915875 v dac_in[3] (out)
                                              0.915875   data arrival time

                                  0.000000    0.000000   clock clk (rise edge)
                                  0.000000    0.000000   clock network delay (propagated)
                                  0.250000    0.250000   clock uncertainty
                                  0.000000    0.250000   clock reconvergence pessimism
                                -10.000000   -9.750000   output external delay
                                             -9.750000   data required time
---------------------------------------------------------------------------------------------
                                             -9.750000   data required time
                                             -0.915875   data arrival time
---------------------------------------------------------------------------------------------
                                             10.665874   slack (MET)


Startpoint: _163_ (rising edge-triggered flip-flop clocked by clk)
Endpoint: dac_in[2] (output port clocked by clk)
Path Group: clk
Path Type: min

Fanout         Cap        Slew       Delay        Time   Description
---------------------------------------------------------------------------------------------
                                  0.000000    0.000000   clock clk (rise edge)
                                  0.000000    0.000000   clock source latency
     1    0.016623    0.080639    0.055110    0.055110 ^ clk (in)
                                                         clk (net)
                      0.080641    0.000000    0.055110 ^ clkbuf_0_clk/A (sky130_fd_sc_hd__clkbuf_16)
     2    0.018507    0.040608    0.137105    0.192215 ^ clkbuf_0_clk/X (sky130_fd_sc_hd__clkbuf_16)
                                                         clknet_0_clk (net)
                      0.040608    0.000129    0.192344 ^ clkbuf_1_0__f_clk/A (sky130_fd_sc_hd__clkbuf_16)
    10    0.038738    0.058627    0.139356    0.331700 ^ clkbuf_1_0__f_clk/X (sky130_fd_sc_hd__clkbuf_16)
                                                         clknet_1_0__leaf_clk (net)
                      0.058644    0.000874    0.332574 ^ _163_/CLK (sky130_fd_sc_hd__dfxtp_1)
     4    0.027524    0.131361    0.385028    0.717602 v _163_/Q (sky130_fd_sc_hd__dfxtp_1)
                                                         net14 (net)
                      0.131361    0.000116    0.717718 v output14/A (sky130_fd_sc_hd__buf_2)
     1    0.034730    0.090509    0.220108    0.937826 v output14/X (sky130_fd_sc_hd__buf_2)
                                                         dac_in[2] (net)
                      0.090510    0.000462    0.938288 v dac_in[2] (out)
                                              0.938288   data arrival time

                                  0.000000    0.000000   clock clk (rise edge)
                                  0.000000    0.000000   clock network delay (propagated)
                                  0.250000    0.250000   clock uncertainty
                                  0.000000    0.250000   clock reconvergence pessimism
                                -10.000000   -9.750000   output external delay
                                             -9.750000   data required time
---------------------------------------------------------------------------------------------
                                             -9.750000   data required time
                                             -0.938288   data arrival time
---------------------------------------------------------------------------------------------
                                             10.688288   slack (MET)


Startpoint: _161_ (rising edge-triggered flip-flop clocked by clk)
Endpoint: dac_in[0] (output port clocked by clk)
Path Group: clk
Path Type: min

Fanout         Cap        Slew       Delay        Time   Description
---------------------------------------------------------------------------------------------
                                  0.000000    0.000000   clock clk (rise edge)
                                  0.000000    0.000000   clock source latency
     1    0.016623    0.080639    0.055110    0.055110 ^ clk (in)
                                                         clk (net)
                      0.080641    0.000000    0.055110 ^ clkbuf_0_clk/A (sky130_fd_sc_hd__clkbuf_16)
     2    0.018507    0.040608    0.137105    0.192215 ^ clkbuf_0_clk/X (sky130_fd_sc_hd__clkbuf_16)
                                                         clknet_0_clk (net)
                      0.040608    0.000129    0.192344 ^ clkbuf_1_0__f_clk/A (sky130_fd_sc_hd__clkbuf_16)
    10    0.038738    0.058627    0.139356    0.331700 ^ clkbuf_1_0__f_clk/X (sky130_fd_sc_hd__clkbuf_16)
                                                         clknet_1_0__leaf_clk (net)
                      0.058643    0.000853    0.332553 ^ _161_/CLK (sky130_fd_sc_hd__dfxtp_1)
     4    0.028334    0.134808    0.388195    0.720748 v _161_/Q (sky130_fd_sc_hd__dfxtp_1)
                                                         net12 (net)
                      0.134808    0.000126    0.720874 v output12/A (sky130_fd_sc_hd__buf_2)
     1    0.034727    0.090532    0.221628    0.942502 v output12/X (sky130_fd_sc_hd__buf_2)
                                                         dac_in[0] (net)
                      0.090534    0.000463    0.942965 v dac_in[0] (out)
                                              0.942965   data arrival time

                                  0.000000    0.000000   clock clk (rise edge)
                                  0.000000    0.000000   clock network delay (propagated)
                                  0.250000    0.250000   clock uncertainty
                                  0.000000    0.250000   clock reconvergence pessimism
                                -10.000000   -9.750000   output external delay
                                             -9.750000   data required time
---------------------------------------------------------------------------------------------
                                             -9.750000   data required time
                                             -0.942965   data arrival time
---------------------------------------------------------------------------------------------
                                             10.692966   slack (MET)


Startpoint: _167_ (rising edge-triggered flip-flop clocked by clk)
Endpoint: dac_in_n[6] (output port clocked by clk)
Path Group: clk
Path Type: min

Fanout         Cap        Slew       Delay        Time   Description
---------------------------------------------------------------------------------------------
                                  0.000000    0.000000   clock clk (rise edge)
                                  0.000000    0.000000   clock source latency
     1    0.016623    0.080639    0.055110    0.055110 ^ clk (in)
                                                         clk (net)
                      0.080641    0.000000    0.055110 ^ clkbuf_0_clk/A (sky130_fd_sc_hd__clkbuf_16)
     2    0.018507    0.040608    0.137105    0.192215 ^ clkbuf_0_clk/X (sky130_fd_sc_hd__clkbuf_16)
                                                         clknet_0_clk (net)
                      0.040608    0.000129    0.192344 ^ clkbuf_1_0__f_clk/A (sky130_fd_sc_hd__clkbuf_16)
    10    0.038738    0.058627    0.139356    0.331700 ^ clkbuf_1_0__f_clk/X (sky130_fd_sc_hd__clkbuf_16)
                                                         clknet_1_0__leaf_clk (net)
                      0.058627    0.000223    0.331923 ^ _167_/CLK (sky130_fd_sc_hd__dfxtp_1)
     4    0.020736    0.102326    0.362294    0.694217 v _167_/Q (sky130_fd_sc_hd__dfxtp_1)
                                                         net18 (net)
                      0.102331    0.000812    0.695029 v _075_/A (sky130_fd_sc_hd__inv_2)
     1    0.002512    0.032989    0.057759    0.752788 ^ _075_/Y (sky130_fd_sc_hd__inv_2)
                                                         net26 (net)
                      0.032989    0.000025    0.752813 ^ output26/A (sky130_fd_sc_hd__buf_2)
     1    0.034505    0.171260    0.194303    0.947116 ^ output26/X (sky130_fd_sc_hd__buf_2)
                                                         dac_in_n[6] (net)
                      0.171260    0.000444    0.947560 ^ dac_in_n[6] (out)
                                              0.947560   data arrival time

                                  0.000000    0.000000   clock clk (rise edge)
                                  0.000000    0.000000   clock network delay (propagated)
                                  0.250000    0.250000   clock uncertainty
                                  0.000000    0.250000   clock reconvergence pessimism
                                -10.000000   -9.750000   output external delay
                                             -9.750000   data required time
---------------------------------------------------------------------------------------------
                                             -9.750000   data required time
                                             -0.947560   data arrival time
---------------------------------------------------------------------------------------------
                                             10.697560   slack (MET)


Startpoint: _162_ (rising edge-triggered flip-flop clocked by clk)
Endpoint: dac_in_n[1] (output port clocked by clk)
Path Group: clk
Path Type: min

Fanout         Cap        Slew       Delay        Time   Description
---------------------------------------------------------------------------------------------
                                  0.000000    0.000000   clock clk (rise edge)
                                  0.000000    0.000000   clock source latency
     1    0.016623    0.080639    0.055110    0.055110 ^ clk (in)
                                                         clk (net)
                      0.080641    0.000000    0.055110 ^ clkbuf_0_clk/A (sky130_fd_sc_hd__clkbuf_16)
     2    0.018507    0.040608    0.137105    0.192215 ^ clkbuf_0_clk/X (sky130_fd_sc_hd__clkbuf_16)
                                                         clknet_0_clk (net)
                      0.040608    0.000096    0.192312 ^ clkbuf_1_1__f_clk/A (sky130_fd_sc_hd__clkbuf_16)
    12    0.037994    0.057986    0.138858    0.331170 ^ clkbuf_1_1__f_clk/X (sky130_fd_sc_hd__clkbuf_16)
                                                         clknet_1_1__leaf_clk (net)
                      0.057987    0.000344    0.331514 ^ _162_/CLK (sky130_fd_sc_hd__dfxtp_1)
     3    0.020013    0.099180    0.359544    0.691058 v _162_/Q (sky130_fd_sc_hd__dfxtp_1)
                                                         net13 (net)
                      0.099181    0.000475    0.691533 v _080_/A (sky130_fd_sc_hd__inv_2)
     2    0.006166    0.044782    0.072871    0.764404 ^ _080_/Y (sky130_fd_sc_hd__inv_2)
                                                         net21 (net)
                      0.044782    0.000025    0.764430 ^ output21/A (sky130_fd_sc_hd__buf_2)
     1    0.034514    0.171274    0.198855    0.963285 ^ output21/X (sky130_fd_sc_hd__buf_2)
                                                         dac_in_n[1] (net)
                      0.171274    0.000444    0.963729 ^ dac_in_n[1] (out)
                                              0.963729   data arrival time

                                  0.000000    0.000000   clock clk (rise edge)
                                  0.000000    0.000000   clock network delay (propagated)
                                  0.250000    0.250000   clock uncertainty
                                  0.000000    0.250000   clock reconvergence pessimism
                                -10.000000   -9.750000   output external delay
                                             -9.750000   data required time
---------------------------------------------------------------------------------------------
                                             -9.750000   data required time
                                             -0.963729   data arrival time
---------------------------------------------------------------------------------------------
                                             10.713729   slack (MET)


Startpoint: _168_ (rising edge-triggered flip-flop clocked by clk)
Endpoint: dac_in_n[7] (output port clocked by clk)
Path Group: clk
Path Type: min

Fanout         Cap        Slew       Delay        Time   Description
---------------------------------------------------------------------------------------------
                                  0.000000    0.000000   clock clk (rise edge)
                                  0.000000    0.000000   clock source latency
     1    0.016623    0.080639    0.055110    0.055110 ^ clk (in)
                                                         clk (net)
                      0.080641    0.000000    0.055110 ^ clkbuf_0_clk/A (sky130_fd_sc_hd__clkbuf_16)
     2    0.018507    0.040608    0.137105    0.192215 ^ clkbuf_0_clk/X (sky130_fd_sc_hd__clkbuf_16)
                                                         clknet_0_clk (net)
                      0.040608    0.000129    0.192344 ^ clkbuf_1_0__f_clk/A (sky130_fd_sc_hd__clkbuf_16)
    10    0.038738    0.058627    0.139356    0.331700 ^ clkbuf_1_0__f_clk/X (sky130_fd_sc_hd__clkbuf_16)
                                                         clknet_1_0__leaf_clk (net)
                      0.058627    0.000195    0.331895 ^ _168_/CLK (sky130_fd_sc_hd__dfxtp_1)
     3    0.013483    0.134104    0.374508    0.706403 ^ _168_/Q (sky130_fd_sc_hd__dfxtp_1)
                                                         net19 (net)
                      0.134104    0.000284    0.706688 ^ _074_/A (sky130_fd_sc_hd__inv_2)
     2    0.015452    0.054029    0.075785    0.782473 v _074_/Y (sky130_fd_sc_hd__inv_2)
                                                         net27 (net)
                      0.054029    0.000266    0.782739 v output27/A (sky130_fd_sc_hd__buf_2)
     1    0.034473    0.089790    0.184584    0.967323 v output27/X (sky130_fd_sc_hd__buf_2)
                                                         dac_in_n[7] (net)
                      0.089791    0.000421    0.967744 v dac_in_n[7] (out)
                                              0.967744   data arrival time

                                  0.000000    0.000000   clock clk (rise edge)
                                  0.000000    0.000000   clock network delay (propagated)
                                  0.250000    0.250000   clock uncertainty
                                  0.000000    0.250000   clock reconvergence pessimism
                                -10.000000   -9.750000   output external delay
                                             -9.750000   data required time
---------------------------------------------------------------------------------------------
                                             -9.750000   data required time
                                             -0.967744   data arrival time
---------------------------------------------------------------------------------------------
                                             10.717744   slack (MET)


Startpoint: _165_ (rising edge-triggered flip-flop clocked by clk)
Endpoint: dac_in_n[4] (output port clocked by clk)
Path Group: clk
Path Type: min

Fanout         Cap        Slew       Delay        Time   Description
---------------------------------------------------------------------------------------------
                                  0.000000    0.000000   clock clk (rise edge)
                                  0.000000    0.000000   clock source latency
     1    0.016623    0.080639    0.055110    0.055110 ^ clk (in)
                                                         clk (net)
                      0.080641    0.000000    0.055110 ^ clkbuf_0_clk/A (sky130_fd_sc_hd__clkbuf_16)
     2    0.018507    0.040608    0.137105    0.192215 ^ clkbuf_0_clk/X (sky130_fd_sc_hd__clkbuf_16)
                                                         clknet_0_clk (net)
                      0.040608    0.000096    0.192312 ^ clkbuf_1_1__f_clk/A (sky130_fd_sc_hd__clkbuf_16)
    12    0.037994    0.057986    0.138858    0.331170 ^ clkbuf_1_1__f_clk/X (sky130_fd_sc_hd__clkbuf_16)
                                                         clknet_1_1__leaf_clk (net)
                      0.057986    0.000096    0.331265 ^ _165_/CLK (sky130_fd_sc_hd__dfxtp_1)
     3    0.019571    0.097207    0.358121    0.689386 v _165_/Q (sky130_fd_sc_hd__dfxtp_1)
                                                         net16 (net)
                      0.097207    0.000260    0.689646 v _077_/A (sky130_fd_sc_hd__inv_2)
     2    0.009150    0.054875    0.082721    0.772366 ^ _077_/Y (sky130_fd_sc_hd__inv_2)
                                                         net24 (net)
                      0.054875    0.000042    0.772408 ^ output24/A (sky130_fd_sc_hd__buf_2)
     1    0.034508    0.171282    0.202675    0.975083 ^ output24/X (sky130_fd_sc_hd__buf_2)
                                                         dac_in_n[4] (net)
                      0.171282    0.000444    0.975527 ^ dac_in_n[4] (out)
                                              0.975527   data arrival time

                                  0.000000    0.000000   clock clk (rise edge)
                                  0.000000    0.000000   clock network delay (propagated)
                                  0.250000    0.250000   clock uncertainty
                                  0.000000    0.250000   clock reconvergence pessimism
                                -10.000000   -9.750000   output external delay
                                             -9.750000   data required time
---------------------------------------------------------------------------------------------
                                             -9.750000   data required time
                                             -0.975527   data arrival time
---------------------------------------------------------------------------------------------
                                             10.725528   slack (MET)


Startpoint: _161_ (rising edge-triggered flip-flop clocked by clk)
Endpoint: dac_in_n[0] (output port clocked by clk)
Path Group: clk
Path Type: min

Fanout         Cap        Slew       Delay        Time   Description
---------------------------------------------------------------------------------------------
                                  0.000000    0.000000   clock clk (rise edge)
                                  0.000000    0.000000   clock source latency
     1    0.016623    0.080639    0.055110    0.055110 ^ clk (in)
                                                         clk (net)
                      0.080641    0.000000    0.055110 ^ clkbuf_0_clk/A (sky130_fd_sc_hd__clkbuf_16)
     2    0.018507    0.040608    0.137105    0.192215 ^ clkbuf_0_clk/X (sky130_fd_sc_hd__clkbuf_16)
                                                         clknet_0_clk (net)
                      0.040608    0.000129    0.192344 ^ clkbuf_1_0__f_clk/A (sky130_fd_sc_hd__clkbuf_16)
    10    0.038738    0.058627    0.139356    0.331700 ^ clkbuf_1_0__f_clk/X (sky130_fd_sc_hd__clkbuf_16)
                                                         clknet_1_0__leaf_clk (net)
                      0.058643    0.000853    0.332553 ^ _161_/CLK (sky130_fd_sc_hd__dfxtp_1)
     4    0.028334    0.134808    0.388195    0.720748 v _161_/Q (sky130_fd_sc_hd__dfxtp_1)
                                                         net12 (net)
                      0.134809    0.000608    0.721356 v _081_/A (sky130_fd_sc_hd__inv_2)
     1    0.002025    0.037080    0.063446    0.784802 ^ _081_/Y (sky130_fd_sc_hd__inv_2)
                                                         net20 (net)
                      0.037080    0.000017    0.784819 ^ output20/A (sky130_fd_sc_hd__buf_2)
     1    0.034514    0.171290    0.195902    0.980721 ^ output20/X (sky130_fd_sc_hd__buf_2)
                                                         dac_in_n[0] (net)
                      0.171290    0.000444    0.981166 ^ dac_in_n[0] (out)
                                              0.981166   data arrival time

                                  0.000000    0.000000   clock clk (rise edge)
                                  0.000000    0.000000   clock network delay (propagated)
                                  0.250000    0.250000   clock uncertainty
                                  0.000000    0.250000   clock reconvergence pessimism
                                -10.000000   -9.750000   output external delay
                                             -9.750000   data required time
---------------------------------------------------------------------------------------------
                                             -9.750000   data required time
                                             -0.981166   data arrival time
---------------------------------------------------------------------------------------------
                                             10.731166   slack (MET)


Startpoint: _163_ (rising edge-triggered flip-flop clocked by clk)
Endpoint: dac_in_n[2] (output port clocked by clk)
Path Group: clk
Path Type: min

Fanout         Cap        Slew       Delay        Time   Description
---------------------------------------------------------------------------------------------
                                  0.000000    0.000000   clock clk (rise edge)
                                  0.000000    0.000000   clock source latency
     1    0.016623    0.080639    0.055110    0.055110 ^ clk (in)
                                                         clk (net)
                      0.080641    0.000000    0.055110 ^ clkbuf_0_clk/A (sky130_fd_sc_hd__clkbuf_16)
     2    0.018507    0.040608    0.137105    0.192215 ^ clkbuf_0_clk/X (sky130_fd_sc_hd__clkbuf_16)
                                                         clknet_0_clk (net)
                      0.040608    0.000129    0.192344 ^ clkbuf_1_0__f_clk/A (sky130_fd_sc_hd__clkbuf_16)
    10    0.038738    0.058627    0.139356    0.331700 ^ clkbuf_1_0__f_clk/X (sky130_fd_sc_hd__clkbuf_16)
                                                         clknet_1_0__leaf_clk (net)
                      0.058644    0.000874    0.332574 ^ _163_/CLK (sky130_fd_sc_hd__dfxtp_1)
     4    0.027524    0.131361    0.385028    0.717602 v _163_/Q (sky130_fd_sc_hd__dfxtp_1)
                                                         net14 (net)
                      0.131376    0.001417    0.719018 v _079_/A (sky130_fd_sc_hd__inv_2)
     1    0.002462    0.038086    0.065483    0.784502 ^ _079_/Y (sky130_fd_sc_hd__inv_2)
                                                         net22 (net)
                      0.038086    0.000024    0.784525 ^ output22/A (sky130_fd_sc_hd__buf_2)
     1    0.034827    0.172760    0.197290    0.981815 ^ output22/X (sky130_fd_sc_hd__buf_2)
                                                         dac_in_n[2] (net)
                      0.172760    0.000498    0.982313 ^ dac_in_n[2] (out)
                                              0.982313   data arrival time

                                  0.000000    0.000000   clock clk (rise edge)
                                  0.000000    0.000000   clock network delay (propagated)
                                  0.250000    0.250000   clock uncertainty
                                  0.000000    0.250000   clock reconvergence pessimism
                                -10.000000   -9.750000   output external delay
                                             -9.750000   data required time
---------------------------------------------------------------------------------------------
                                             -9.750000   data required time
                                             -0.982313   data arrival time
---------------------------------------------------------------------------------------------
                                             10.732313   slack (MET)


Startpoint: _166_ (rising edge-triggered flip-flop clocked by clk)
Endpoint: dac_in_n[5] (output port clocked by clk)
Path Group: clk
Path Type: min

Fanout         Cap        Slew       Delay        Time   Description
---------------------------------------------------------------------------------------------
                                  0.000000    0.000000   clock clk (rise edge)
                                  0.000000    0.000000   clock source latency
     1    0.016623    0.080639    0.055110    0.055110 ^ clk (in)
                                                         clk (net)
                      0.080641    0.000000    0.055110 ^ clkbuf_0_clk/A (sky130_fd_sc_hd__clkbuf_16)
     2    0.018507    0.040608    0.137105    0.192215 ^ clkbuf_0_clk/X (sky130_fd_sc_hd__clkbuf_16)
                                                         clknet_0_clk (net)
                      0.040608    0.000096    0.192312 ^ clkbuf_1_1__f_clk/A (sky130_fd_sc_hd__clkbuf_16)
    12    0.037994    0.057986    0.138858    0.331170 ^ clkbuf_1_1__f_clk/X (sky130_fd_sc_hd__clkbuf_16)
                                                         clknet_1_1__leaf_clk (net)
                      0.057986    0.000248    0.331418 ^ _166_/CLK (sky130_fd_sc_hd__dfxtp_1)
     3    0.019146    0.095299    0.356766    0.688184 v _166_/Q (sky130_fd_sc_hd__dfxtp_1)
                                                         net17 (net)
                      0.095299    0.000296    0.688480 v _076_/A (sky130_fd_sc_hd__inv_2)
     2    0.012836    0.067398    0.094944    0.783424 ^ _076_/Y (sky130_fd_sc_hd__inv_2)
                                                         net25 (net)
                      0.067398    0.000107    0.783531 ^ output25/A (sky130_fd_sc_hd__buf_2)
     1    0.035261    0.174893    0.209694    0.993225 ^ output25/X (sky130_fd_sc_hd__buf_2)
                                                         dac_in_n[5] (net)
                      0.174893    0.000585    0.993810 ^ dac_in_n[5] (out)
                                              0.993810   data arrival time

                                  0.000000    0.000000   clock clk (rise edge)
                                  0.000000    0.000000   clock network delay (propagated)
                                  0.250000    0.250000   clock uncertainty
                                  0.000000    0.250000   clock reconvergence pessimism
                                -10.000000   -9.750000   output external delay
                                             -9.750000   data required time
---------------------------------------------------------------------------------------------
                                             -9.750000   data required time
                                             -0.993810   data arrival time
---------------------------------------------------------------------------------------------
                                             10.743810   slack (MET)


Startpoint: _164_ (rising edge-triggered flip-flop clocked by clk)
Endpoint: dac_in_n[3] (output port clocked by clk)
Path Group: clk
Path Type: min

Fanout         Cap        Slew       Delay        Time   Description
---------------------------------------------------------------------------------------------
                                  0.000000    0.000000   clock clk (rise edge)
                                  0.000000    0.000000   clock source latency
     1    0.016623    0.080639    0.055110    0.055110 ^ clk (in)
                                                         clk (net)
                      0.080641    0.000000    0.055110 ^ clkbuf_0_clk/A (sky130_fd_sc_hd__clkbuf_16)
     2    0.018507    0.040608    0.137105    0.192215 ^ clkbuf_0_clk/X (sky130_fd_sc_hd__clkbuf_16)
                                                         clknet_0_clk (net)
                      0.040608    0.000129    0.192344 ^ clkbuf_1_0__f_clk/A (sky130_fd_sc_hd__clkbuf_16)
    10    0.038738    0.058627    0.139356    0.331700 ^ clkbuf_1_0__f_clk/X (sky130_fd_sc_hd__clkbuf_16)
                                                         clknet_1_0__leaf_clk (net)
                      0.058644    0.000893    0.332593 ^ _164_/CLK (sky130_fd_sc_hd__dfxtp_1)
     3    0.023368    0.113094    0.371154    0.703748 v _164_/Q (sky130_fd_sc_hd__dfxtp_1)
                                                         net15 (net)
                      0.113107    0.001249    0.704996 v _078_/A (sky130_fd_sc_hd__inv_2)
     2    0.009822    0.059608    0.091838    0.796834 ^ _078_/Y (sky130_fd_sc_hd__inv_2)
                                                         net23 (net)
                      0.059608    0.000069    0.796903 ^ output23/A (sky130_fd_sc_hd__buf_2)
     1    0.034601    0.171747    0.204727    1.001630 ^ output23/X (sky130_fd_sc_hd__buf_2)
                                                         dac_in_n[3] (net)
                      0.171747    0.000449    1.002079 ^ dac_in_n[3] (out)
                                              1.002079   data arrival time

                                  0.000000    0.000000   clock clk (rise edge)
                                  0.000000    0.000000   clock network delay (propagated)
                                  0.250000    0.250000   clock uncertainty
                                  0.000000    0.250000   clock reconvergence pessimism
                                -10.000000   -9.750000   output external delay
                                             -9.750000   data required time
---------------------------------------------------------------------------------------------
                                             -9.750000   data required time
                                             -1.002079   data arrival time
---------------------------------------------------------------------------------------------
                                             10.752079   slack (MET)


Startpoint: _152_ (rising edge-triggered flip-flop clocked by clk')
Endpoint: comparator_clk (output port clocked by clk)
Path Group: clk
Path Type: min

Fanout         Cap        Slew       Delay        Time   Description
---------------------------------------------------------------------------------------------
                                 25.000000   25.000000   clock clk' (rise edge)
                                  0.000000   25.000000   clock source latency
     1    0.015629    0.036627    0.025322   25.025322 v clk (in)
                                                         clk (net)
                      0.036631    0.000000   25.025322 v clkbuf_0_clk/A (sky130_fd_sc_hd__clkbuf_16)
     2    0.016519    0.033145    0.140487   25.165808 v clkbuf_0_clk/X (sky130_fd_sc_hd__clkbuf_16)
                                                         clknet_0_clk (net)
                      0.033145    0.000085   25.165894 v clkbuf_1_1__f_clk/A (sky130_fd_sc_hd__clkbuf_16)
    12    0.035813    0.044066    0.152371   25.318264 v clkbuf_1_1__f_clk/X (sky130_fd_sc_hd__clkbuf_16)
                                                         clknet_1_1__leaf_clk (net)
                      0.044066    0.000206   25.318470 v _083__1/A (sky130_fd_sc_hd__inv_2)
     1    0.002306    0.021284    0.038035   25.356504 ^ _083__1/Y (sky130_fd_sc_hd__inv_2)
                                                         net35 (net)
                      0.021284    0.000021   25.356527 ^ _152_/CLK (sky130_fd_sc_hd__dfxtp_1)
     3    0.013374    0.070382    0.323212   25.679739 v _152_/Q (sky130_fd_sc_hd__dfxtp_1)
                                                         net11 (net)
                      0.070382    0.000194   25.679932 v output11/A (sky130_fd_sc_hd__buf_2)
     1    0.035238    0.091421    0.193502   25.873434 v output11/X (sky130_fd_sc_hd__buf_2)
                                                         comparator_clk (net)
                      0.091422    0.000366   25.873800 v comparator_clk (out)
                                             25.873800   data arrival time

                                  0.000000    0.000000   clock clk (rise edge)
                                  0.000000    0.000000   clock network delay (propagated)
                                  0.250000    0.250000   clock uncertainty
                                  0.000000    0.250000   clock reconvergence pessimism
                                -10.000000   -9.750000   output external delay
                                             -9.750000   data required time
---------------------------------------------------------------------------------------------
                                             -9.750000   data required time
                                            -25.873800   data arrival time
---------------------------------------------------------------------------------------------
                                             35.623798   slack (MET)



%OL_END_REPORT
%OL_CREATE_REPORT max.rpt

===========================================================================
report_checks -path_delay max (Setup)
============================================================================
======================= min_tt_025C_1v80 Corner ===================================

Startpoint: _152_ (rising edge-triggered flip-flop clocked by clk')
Endpoint: comparator_clk (output port clocked by clk)
Path Group: clk
Path Type: max

Fanout         Cap        Slew       Delay        Time   Description
---------------------------------------------------------------------------------------------
                                 25.000000   25.000000   clock clk' (rise edge)
                                  0.000000   25.000000   clock source latency
     1    0.015629    0.036627    0.025322   25.025322 v clk (in)
                                                         clk (net)
                      0.036631    0.000000   25.025322 v clkbuf_0_clk/A (sky130_fd_sc_hd__clkbuf_16)
     2    0.016519    0.033145    0.140487   25.165808 v clkbuf_0_clk/X (sky130_fd_sc_hd__clkbuf_16)
                                                         clknet_0_clk (net)
                      0.033145    0.000085   25.165894 v clkbuf_1_1__f_clk/A (sky130_fd_sc_hd__clkbuf_16)
    12    0.035813    0.044066    0.152371   25.318264 v clkbuf_1_1__f_clk/X (sky130_fd_sc_hd__clkbuf_16)
                                                         clknet_1_1__leaf_clk (net)
                      0.044066    0.000206   25.318470 v _083__1/A (sky130_fd_sc_hd__inv_2)
     1    0.002306    0.021284    0.038035   25.356504 ^ _083__1/Y (sky130_fd_sc_hd__inv_2)
                                                         net35 (net)
                      0.021284    0.000021   25.356527 ^ _152_/CLK (sky130_fd_sc_hd__dfxtp_1)
     3    0.013929    0.138076    0.363622   25.720148 ^ _152_/Q (sky130_fd_sc_hd__dfxtp_1)
                                                         net11 (net)
                      0.138076    0.000203   25.720350 ^ output11/A (sky130_fd_sc_hd__buf_2)
     1    0.035238    0.175080    0.234282   25.954634 ^ output11/X (sky130_fd_sc_hd__buf_2)
                                                         comparator_clk (net)
                      0.175080    0.000366   25.954998 ^ comparator_clk (out)
                                             25.954998   data arrival time

                                 50.000000   50.000000   clock clk (rise edge)
                                  0.000000   50.000000   clock network delay (propagated)
                                 -0.250000   49.749996   clock uncertainty
                                  0.000000   49.749996   clock reconvergence pessimism
                                -10.000000   39.749996   output external delay
                                             39.749996   data required time
---------------------------------------------------------------------------------------------
                                             39.749996   data required time
                                            -25.954998   data arrival time
---------------------------------------------------------------------------------------------
                                             13.794997   slack (MET)


Startpoint: rst_n (input port clocked by clk)
Endpoint: _152_ (rising edge-triggered flip-flop clocked by clk')
Path Group: clk
Path Type: max

Fanout         Cap        Slew       Delay        Time   Description
---------------------------------------------------------------------------------------------
                                  0.000000    0.000000   clock clk (rise edge)
                                  0.000000    0.000000   clock network delay (propagated)
                                 10.000000   10.000000 ^ input external delay
     1    0.003446    0.022531    0.012566   10.012567 ^ rst_n (in)
                                                         rst_n (net)
                      0.022531    0.000000   10.012567 ^ input2/A (sky130_fd_sc_hd__buf_1)
     2    0.020857    0.248182    0.214655   10.227221 ^ input2/X (sky130_fd_sc_hd__buf_1)
                                                         net2 (net)
                      0.248188    0.001060   10.228281 ^ fanout34/A (sky130_fd_sc_hd__buf_2)
    10    0.036973    0.183093    0.269349   10.497630 ^ fanout34/X (sky130_fd_sc_hd__buf_2)
                                                         net34 (net)
                      0.183096    0.001078   10.498708 ^ _084_/B (sky130_fd_sc_hd__and2b_1)
     1    0.002015    0.037939    0.139600   10.638309 ^ _084_/X (sky130_fd_sc_hd__and2b_1)
                                                         _001_ (net)
                      0.037939    0.000010   10.638318 ^ _152_/D (sky130_fd_sc_hd__dfxtp_1)
                                             10.638318   data arrival time

                                 25.000000   25.000000   clock clk' (rise edge)
                                  0.000000   25.000000   clock source latency
     1    0.015629    0.036627    0.025322   25.025322 v clk (in)
                                                         clk (net)
                      0.036631    0.000000   25.025322 v clkbuf_0_clk/A (sky130_fd_sc_hd__clkbuf_16)
     2    0.016519    0.033145    0.140487   25.165808 v clkbuf_0_clk/X (sky130_fd_sc_hd__clkbuf_16)
                                                         clknet_0_clk (net)
                      0.033145    0.000085   25.165894 v clkbuf_1_1__f_clk/A (sky130_fd_sc_hd__clkbuf_16)
    12    0.035813    0.044066    0.152371   25.318264 v clkbuf_1_1__f_clk/X (sky130_fd_sc_hd__clkbuf_16)
                                                         clknet_1_1__leaf_clk (net)
                      0.044066    0.000206   25.318470 v _083__1/A (sky130_fd_sc_hd__inv_2)
     1    0.002306    0.021284    0.038035   25.356504 ^ _083__1/Y (sky130_fd_sc_hd__inv_2)
                                                         net35 (net)
                      0.021284    0.000021   25.356527 ^ _152_/CLK (sky130_fd_sc_hd__dfxtp_1)
                                 -0.250000   25.106527   clock uncertainty
                                  0.000000   25.106527   clock reconvergence pessimism
                                 -0.055731   25.050797   library setup time
                                             25.050797   data required time
---------------------------------------------------------------------------------------------
                                             25.050797   data required time
                                            -10.638318   data arrival time
---------------------------------------------------------------------------------------------
                                             14.412477   slack (MET)


Startpoint: _152_ (rising edge-triggered flip-flop clocked by clk')
Endpoint: _163_ (rising edge-triggered flip-flop clocked by clk)
Path Group: clk
Path Type: max

Fanout         Cap        Slew       Delay        Time   Description
---------------------------------------------------------------------------------------------
                                 25.000000   25.000000   clock clk' (rise edge)
                                  0.000000   25.000000   clock source latency
     1    0.015629    0.036627    0.025322   25.025322 v clk (in)
                                                         clk (net)
                      0.036631    0.000000   25.025322 v clkbuf_0_clk/A (sky130_fd_sc_hd__clkbuf_16)
     2    0.016519    0.033145    0.140487   25.165808 v clkbuf_0_clk/X (sky130_fd_sc_hd__clkbuf_16)
                                                         clknet_0_clk (net)
                      0.033145    0.000085   25.165894 v clkbuf_1_1__f_clk/A (sky130_fd_sc_hd__clkbuf_16)
    12    0.035813    0.044066    0.152371   25.318264 v clkbuf_1_1__f_clk/X (sky130_fd_sc_hd__clkbuf_16)
                                                         clknet_1_1__leaf_clk (net)
                      0.044066    0.000206   25.318470 v _083__1/A (sky130_fd_sc_hd__inv_2)
     1    0.002306    0.021284    0.038035   25.356504 ^ _083__1/Y (sky130_fd_sc_hd__inv_2)
                                                         net35 (net)
                      0.021284    0.000021   25.356527 ^ _152_/CLK (sky130_fd_sc_hd__dfxtp_1)
     3    0.013929    0.138076    0.363622   25.720148 ^ _152_/Q (sky130_fd_sc_hd__dfxtp_1)
                                                         net11 (net)
                      0.138076    0.000195   25.720345 ^ fanout28/A (sky130_fd_sc_hd__clkbuf_2)
    10    0.030895    0.171614    0.226947   25.947290 ^ fanout28/X (sky130_fd_sc_hd__clkbuf_2)
                                                         net28 (net)
                      0.171615    0.000689   25.947981 ^ _105_/A (sky130_fd_sc_hd__nand2_1)
     5    0.014620    0.120966    0.146267   26.094248 v _105_/Y (sky130_fd_sc_hd__nand2_1)
                                                         _061_ (net)
                      0.120966    0.000327   26.094574 v _121_/A4 (sky130_fd_sc_hd__o41a_1)
     1    0.003467    0.064354    0.332816   26.427391 v _121_/X (sky130_fd_sc_hd__o41a_1)
                                                         _025_ (net)
                      0.064354    0.000043   26.427433 v _125_/A1 (sky130_fd_sc_hd__o31a_1)
     1    0.003201    0.049340    0.297211   26.724644 v _125_/X (sky130_fd_sc_hd__o31a_1)
                                                         _012_ (net)
                      0.049340    0.000048   26.724693 v _163_/D (sky130_fd_sc_hd__dfxtp_1)
                                             26.724693   data arrival time

                                 50.000000   50.000000   clock clk (rise edge)
                                  0.000000   50.000000   clock source latency
     1    0.016623    0.080639    0.055110   50.055107 ^ clk (in)
                                                         clk (net)
                      0.080641    0.000000   50.055107 ^ clkbuf_0_clk/A (sky130_fd_sc_hd__clkbuf_16)
     2    0.018507    0.040608    0.137106   50.192215 ^ clkbuf_0_clk/X (sky130_fd_sc_hd__clkbuf_16)
                                                         clknet_0_clk (net)
                      0.040608    0.000128   50.192341 ^ clkbuf_1_0__f_clk/A (sky130_fd_sc_hd__clkbuf_16)
    10    0.038738    0.058627    0.139355   50.331699 ^ clkbuf_1_0__f_clk/X (sky130_fd_sc_hd__clkbuf_16)
                                                         clknet_1_0__leaf_clk (net)
                      0.058644    0.000874   50.332573 ^ _163_/CLK (sky130_fd_sc_hd__dfxtp_1)
                                 -0.250000   50.082569   clock uncertainty
                                  0.000000   50.082569   clock reconvergence pessimism
                                 -0.109247   49.973324   library setup time
                                             49.973324   data required time
---------------------------------------------------------------------------------------------
                                             49.973324   data required time
                                            -26.724693   data arrival time
---------------------------------------------------------------------------------------------
                                             23.248632   slack (MET)


Startpoint: _152_ (rising edge-triggered flip-flop clocked by clk')
Endpoint: _167_ (rising edge-triggered flip-flop clocked by clk)
Path Group: clk
Path Type: max

Fanout         Cap        Slew       Delay        Time   Description
---------------------------------------------------------------------------------------------
                                 25.000000   25.000000   clock clk' (rise edge)
                                  0.000000   25.000000   clock source latency
     1    0.015629    0.036627    0.025322   25.025322 v clk (in)
                                                         clk (net)
                      0.036631    0.000000   25.025322 v clkbuf_0_clk/A (sky130_fd_sc_hd__clkbuf_16)
     2    0.016519    0.033145    0.140487   25.165808 v clkbuf_0_clk/X (sky130_fd_sc_hd__clkbuf_16)
                                                         clknet_0_clk (net)
                      0.033145    0.000085   25.165894 v clkbuf_1_1__f_clk/A (sky130_fd_sc_hd__clkbuf_16)
    12    0.035813    0.044066    0.152371   25.318264 v clkbuf_1_1__f_clk/X (sky130_fd_sc_hd__clkbuf_16)
                                                         clknet_1_1__leaf_clk (net)
                      0.044066    0.000206   25.318470 v _083__1/A (sky130_fd_sc_hd__inv_2)
     1    0.002306    0.021284    0.038035   25.356504 ^ _083__1/Y (sky130_fd_sc_hd__inv_2)
                                                         net35 (net)
                      0.021284    0.000021   25.356527 ^ _152_/CLK (sky130_fd_sc_hd__dfxtp_1)
     3    0.013929    0.138076    0.363622   25.720148 ^ _152_/Q (sky130_fd_sc_hd__dfxtp_1)
                                                         net11 (net)
                      0.138076    0.000195   25.720345 ^ fanout28/A (sky130_fd_sc_hd__clkbuf_2)
    10    0.030895    0.171614    0.226947   25.947290 ^ fanout28/X (sky130_fd_sc_hd__clkbuf_2)
                                                         net28 (net)
                      0.171615    0.000689   25.947981 ^ _105_/A (sky130_fd_sc_hd__nand2_1)
     5    0.014620    0.120966    0.146267   26.094248 v _105_/Y (sky130_fd_sc_hd__nand2_1)
                                                         _061_ (net)
                      0.120966    0.000320   26.094566 v _138_/A4 (sky130_fd_sc_hd__o41a_1)
     1    0.002701    0.059086    0.325942   26.420509 v _138_/X (sky130_fd_sc_hd__o41a_1)
                                                         _038_ (net)
                      0.059086    0.000025   26.420534 v _141_/A1 (sky130_fd_sc_hd__o31a_1)
     1    0.001967    0.042655    0.285413   26.705946 v _141_/X (sky130_fd_sc_hd__o31a_1)
                                                         _016_ (net)
                      0.042655    0.000016   26.705963 v _167_/D (sky130_fd_sc_hd__dfxtp_1)
                                             26.705963   data arrival time

                                 50.000000   50.000000   clock clk (rise edge)
                                  0.000000   50.000000   clock source latency
     1    0.016623    0.080639    0.055110   50.055107 ^ clk (in)
                                                         clk (net)
                      0.080641    0.000000   50.055107 ^ clkbuf_0_clk/A (sky130_fd_sc_hd__clkbuf_16)
     2    0.018507    0.040608    0.137106   50.192215 ^ clkbuf_0_clk/X (sky130_fd_sc_hd__clkbuf_16)
                                                         clknet_0_clk (net)
                      0.040608    0.000128   50.192341 ^ clkbuf_1_0__f_clk/A (sky130_fd_sc_hd__clkbuf_16)
    10    0.038738    0.058627    0.139355   50.331699 ^ clkbuf_1_0__f_clk/X (sky130_fd_sc_hd__clkbuf_16)
                                                         clknet_1_0__leaf_clk (net)
                      0.058627    0.000224   50.331921 ^ _167_/CLK (sky130_fd_sc_hd__dfxtp_1)
                                 -0.250000   50.081921   clock uncertainty
                                  0.000000   50.081921   clock reconvergence pessimism
                                 -0.106318   49.975601   library setup time
                                             49.975601   data required time
---------------------------------------------------------------------------------------------
                                             49.975601   data required time
                                            -26.705963   data arrival time
---------------------------------------------------------------------------------------------
                                             23.269640   slack (MET)


Startpoint: _152_ (rising edge-triggered flip-flop clocked by clk')
Endpoint: _168_ (rising edge-triggered flip-flop clocked by clk)
Path Group: clk
Path Type: max

Fanout         Cap        Slew       Delay        Time   Description
---------------------------------------------------------------------------------------------
                                 25.000000   25.000000   clock clk' (rise edge)
                                  0.000000   25.000000   clock source latency
     1    0.015629    0.036627    0.025322   25.025322 v clk (in)
                                                         clk (net)
                      0.036631    0.000000   25.025322 v clkbuf_0_clk/A (sky130_fd_sc_hd__clkbuf_16)
     2    0.016519    0.033145    0.140487   25.165808 v clkbuf_0_clk/X (sky130_fd_sc_hd__clkbuf_16)
                                                         clknet_0_clk (net)
                      0.033145    0.000085   25.165894 v clkbuf_1_1__f_clk/A (sky130_fd_sc_hd__clkbuf_16)
    12    0.035813    0.044066    0.152371   25.318264 v clkbuf_1_1__f_clk/X (sky130_fd_sc_hd__clkbuf_16)
                                                         clknet_1_1__leaf_clk (net)
                      0.044066    0.000206   25.318470 v _083__1/A (sky130_fd_sc_hd__inv_2)
     1    0.002306    0.021284    0.038035   25.356504 ^ _083__1/Y (sky130_fd_sc_hd__inv_2)
                                                         net35 (net)
                      0.021284    0.000021   25.356527 ^ _152_/CLK (sky130_fd_sc_hd__dfxtp_1)
     3    0.013929    0.138076    0.363622   25.720148 ^ _152_/Q (sky130_fd_sc_hd__dfxtp_1)
                                                         net11 (net)
                      0.138076    0.000195   25.720345 ^ fanout28/A (sky130_fd_sc_hd__clkbuf_2)
    10    0.030895    0.171614    0.226947   25.947290 ^ fanout28/X (sky130_fd_sc_hd__clkbuf_2)
                                                         net28 (net)
                      0.171618    0.001069   25.948360 ^ _122_/C_N (sky130_fd_sc_hd__nor3b_2)
     5    0.016534    0.312074    0.335701   26.284061 ^ _122_/Y (sky130_fd_sc_hd__nor3b_2)
                                                         _026_ (net)
                      0.312075    0.000405   26.284468 ^ _142_/A1 (sky130_fd_sc_hd__a21oi_1)
     1    0.003380    0.085546    0.114511   26.398977 v _142_/Y (sky130_fd_sc_hd__a21oi_1)
                                                         _041_ (net)
                      0.085546    0.000043   26.399021 v _143_/B1 (sky130_fd_sc_hd__a211o_1)
     1    0.001925    0.042302    0.267109   26.666130 v _143_/X (sky130_fd_sc_hd__a211o_1)
                                                         _017_ (net)
                      0.042302    0.000016   26.666145 v _168_/D (sky130_fd_sc_hd__dfxtp_1)
                                             26.666145   data arrival time

                                 50.000000   50.000000   clock clk (rise edge)
                                  0.000000   50.000000   clock source latency
     1    0.016623    0.080639    0.055110   50.055107 ^ clk (in)
                                                         clk (net)
                      0.080641    0.000000   50.055107 ^ clkbuf_0_clk/A (sky130_fd_sc_hd__clkbuf_16)
     2    0.018507    0.040608    0.137106   50.192215 ^ clkbuf_0_clk/X (sky130_fd_sc_hd__clkbuf_16)
                                                         clknet_0_clk (net)
                      0.040608    0.000128   50.192341 ^ clkbuf_1_0__f_clk/A (sky130_fd_sc_hd__clkbuf_16)
    10    0.038738    0.058627    0.139355   50.331699 ^ clkbuf_1_0__f_clk/X (sky130_fd_sc_hd__clkbuf_16)
                                                         clknet_1_0__leaf_clk (net)
                      0.058627    0.000195   50.331894 ^ _168_/CLK (sky130_fd_sc_hd__dfxtp_1)
                                 -0.250000   50.081894   clock uncertainty
                                  0.000000   50.081894   clock reconvergence pessimism
                                 -0.106164   49.975731   library setup time
                                             49.975731   data required time
---------------------------------------------------------------------------------------------
                                             49.975731   data required time
                                            -26.666145   data arrival time
---------------------------------------------------------------------------------------------
                                             23.309584   slack (MET)


Startpoint: _152_ (rising edge-triggered flip-flop clocked by clk')
Endpoint: _166_ (rising edge-triggered flip-flop clocked by clk)
Path Group: clk
Path Type: max

Fanout         Cap        Slew       Delay        Time   Description
---------------------------------------------------------------------------------------------
                                 25.000000   25.000000   clock clk' (rise edge)
                                  0.000000   25.000000   clock source latency
     1    0.015629    0.036627    0.025322   25.025322 v clk (in)
                                                         clk (net)
                      0.036631    0.000000   25.025322 v clkbuf_0_clk/A (sky130_fd_sc_hd__clkbuf_16)
     2    0.016519    0.033145    0.140487   25.165808 v clkbuf_0_clk/X (sky130_fd_sc_hd__clkbuf_16)
                                                         clknet_0_clk (net)
                      0.033145    0.000085   25.165894 v clkbuf_1_1__f_clk/A (sky130_fd_sc_hd__clkbuf_16)
    12    0.035813    0.044066    0.152371   25.318264 v clkbuf_1_1__f_clk/X (sky130_fd_sc_hd__clkbuf_16)
                                                         clknet_1_1__leaf_clk (net)
                      0.044066    0.000206   25.318470 v _083__1/A (sky130_fd_sc_hd__inv_2)
     1    0.002306    0.021284    0.038035   25.356504 ^ _083__1/Y (sky130_fd_sc_hd__inv_2)
                                                         net35 (net)
                      0.021284    0.000021   25.356527 ^ _152_/CLK (sky130_fd_sc_hd__dfxtp_1)
     3    0.013929    0.138076    0.363622   25.720148 ^ _152_/Q (sky130_fd_sc_hd__dfxtp_1)
                                                         net11 (net)
                      0.138076    0.000195   25.720345 ^ fanout28/A (sky130_fd_sc_hd__clkbuf_2)
    10    0.030895    0.171614    0.226947   25.947290 ^ fanout28/X (sky130_fd_sc_hd__clkbuf_2)
                                                         net28 (net)
                      0.171615    0.000689   25.947981 ^ _105_/A (sky130_fd_sc_hd__nand2_1)
     5    0.014620    0.120966    0.146267   26.094248 v _105_/Y (sky130_fd_sc_hd__nand2_1)
                                                         _061_ (net)
                      0.120966    0.000236   26.094484 v _135_/D (sky130_fd_sc_hd__or4_1)
     1    0.004280    0.092571    0.430004   26.524488 v _135_/X (sky130_fd_sc_hd__or4_1)
                                                         _036_ (net)
                      0.092571    0.000044   26.524532 v _137_/A2 (sky130_fd_sc_hd__a31oi_1)
     1    0.002726    0.122843    0.171395   26.695929 ^ _137_/Y (sky130_fd_sc_hd__a31oi_1)
                                                         _015_ (net)
                      0.122843    0.000032   26.695959 ^ _166_/D (sky130_fd_sc_hd__dfxtp_1)
                                             26.695959   data arrival time

                                 50.000000   50.000000   clock clk (rise edge)
                                  0.000000   50.000000   clock source latency
     1    0.016623    0.080639    0.055110   50.055107 ^ clk (in)
                                                         clk (net)
                      0.080641    0.000000   50.055107 ^ clkbuf_0_clk/A (sky130_fd_sc_hd__clkbuf_16)
     2    0.018507    0.040608    0.137106   50.192215 ^ clkbuf_0_clk/X (sky130_fd_sc_hd__clkbuf_16)
                                                         clknet_0_clk (net)
                      0.040608    0.000096   50.192310 ^ clkbuf_1_1__f_clk/A (sky130_fd_sc_hd__clkbuf_16)
    12    0.037994    0.057986    0.138858   50.331169 ^ clkbuf_1_1__f_clk/X (sky130_fd_sc_hd__clkbuf_16)
                                                         clknet_1_1__leaf_clk (net)
                      0.057986    0.000249   50.331417 ^ _166_/CLK (sky130_fd_sc_hd__dfxtp_1)
                                 -0.250000   50.081417   clock uncertainty
                                  0.000000   50.081417   clock reconvergence pessimism
                                 -0.070082   50.011333   library setup time
                                             50.011333   data required time
---------------------------------------------------------------------------------------------
                                             50.011333   data required time
                                            -26.695959   data arrival time
---------------------------------------------------------------------------------------------
                                             23.315374   slack (MET)


Startpoint: _152_ (rising edge-triggered flip-flop clocked by clk')
Endpoint: _162_ (rising edge-triggered flip-flop clocked by clk)
Path Group: clk
Path Type: max

Fanout         Cap        Slew       Delay        Time   Description
---------------------------------------------------------------------------------------------
                                 25.000000   25.000000   clock clk' (rise edge)
                                  0.000000   25.000000   clock source latency
     1    0.015629    0.036627    0.025322   25.025322 v clk (in)
                                                         clk (net)
                      0.036631    0.000000   25.025322 v clkbuf_0_clk/A (sky130_fd_sc_hd__clkbuf_16)
     2    0.016519    0.033145    0.140487   25.165808 v clkbuf_0_clk/X (sky130_fd_sc_hd__clkbuf_16)
                                                         clknet_0_clk (net)
                      0.033145    0.000085   25.165894 v clkbuf_1_1__f_clk/A (sky130_fd_sc_hd__clkbuf_16)
    12    0.035813    0.044066    0.152371   25.318264 v clkbuf_1_1__f_clk/X (sky130_fd_sc_hd__clkbuf_16)
                                                         clknet_1_1__leaf_clk (net)
                      0.044066    0.000206   25.318470 v _083__1/A (sky130_fd_sc_hd__inv_2)
     1    0.002306    0.021284    0.038035   25.356504 ^ _083__1/Y (sky130_fd_sc_hd__inv_2)
                                                         net35 (net)
                      0.021284    0.000021   25.356527 ^ _152_/CLK (sky130_fd_sc_hd__dfxtp_1)
     3    0.013929    0.138076    0.363622   25.720148 ^ _152_/Q (sky130_fd_sc_hd__dfxtp_1)
                                                         net11 (net)
                      0.138076    0.000195   25.720345 ^ fanout28/A (sky130_fd_sc_hd__clkbuf_2)
    10    0.030895    0.171614    0.226947   25.947290 ^ fanout28/X (sky130_fd_sc_hd__clkbuf_2)
                                                         net28 (net)
                      0.171615    0.000689   25.947981 ^ _105_/A (sky130_fd_sc_hd__nand2_1)
     5    0.014620    0.120966    0.146267   26.094248 v _105_/Y (sky130_fd_sc_hd__nand2_1)
                                                         _061_ (net)
                      0.120966    0.000183   26.094431 v _118_/D (sky130_fd_sc_hd__or4_1)
     1    0.003823    0.090007    0.425816   26.520247 v _118_/X (sky130_fd_sc_hd__or4_1)
                                                         _023_ (net)
                      0.090007    0.000037   26.520283 v _120_/A2 (sky130_fd_sc_hd__a31oi_1)
     1    0.002952    0.127031    0.174010   26.694294 ^ _120_/Y (sky130_fd_sc_hd__a31oi_1)
                                                         _011_ (net)
                      0.127031    0.000036   26.694330 ^ _162_/D (sky130_fd_sc_hd__dfxtp_1)
                                             26.694330   data arrival time

                                 50.000000   50.000000   clock clk (rise edge)
                                  0.000000   50.000000   clock source latency
     1    0.016623    0.080639    0.055110   50.055107 ^ clk (in)
                                                         clk (net)
                      0.080641    0.000000   50.055107 ^ clkbuf_0_clk/A (sky130_fd_sc_hd__clkbuf_16)
     2    0.018507    0.040608    0.137106   50.192215 ^ clkbuf_0_clk/X (sky130_fd_sc_hd__clkbuf_16)
                                                         clknet_0_clk (net)
                      0.040608    0.000096   50.192310 ^ clkbuf_1_1__f_clk/A (sky130_fd_sc_hd__clkbuf_16)
    12    0.037994    0.057986    0.138858   50.331169 ^ clkbuf_1_1__f_clk/X (sky130_fd_sc_hd__clkbuf_16)
                                                         clknet_1_1__leaf_clk (net)
                      0.057987    0.000345   50.331512 ^ _162_/CLK (sky130_fd_sc_hd__dfxtp_1)
                                 -0.250000   50.081512   clock uncertainty
                                  0.000000   50.081512   clock reconvergence pessimism
                                 -0.071047   50.010464   library setup time
                                             50.010464   data required time
---------------------------------------------------------------------------------------------
                                             50.010464   data required time
                                            -26.694330   data arrival time
---------------------------------------------------------------------------------------------
                                             23.316135   slack (MET)


Startpoint: _152_ (rising edge-triggered flip-flop clocked by clk')
Endpoint: _164_ (rising edge-triggered flip-flop clocked by clk)
Path Group: clk
Path Type: max

Fanout         Cap        Slew       Delay        Time   Description
---------------------------------------------------------------------------------------------
                                 25.000000   25.000000   clock clk' (rise edge)
                                  0.000000   25.000000   clock source latency
     1    0.015629    0.036627    0.025322   25.025322 v clk (in)
                                                         clk (net)
                      0.036631    0.000000   25.025322 v clkbuf_0_clk/A (sky130_fd_sc_hd__clkbuf_16)
     2    0.016519    0.033145    0.140487   25.165808 v clkbuf_0_clk/X (sky130_fd_sc_hd__clkbuf_16)
                                                         clknet_0_clk (net)
                      0.033145    0.000085   25.165894 v clkbuf_1_1__f_clk/A (sky130_fd_sc_hd__clkbuf_16)
    12    0.035813    0.044066    0.152371   25.318264 v clkbuf_1_1__f_clk/X (sky130_fd_sc_hd__clkbuf_16)
                                                         clknet_1_1__leaf_clk (net)
                      0.044066    0.000206   25.318470 v _083__1/A (sky130_fd_sc_hd__inv_2)
     1    0.002306    0.021284    0.038035   25.356504 ^ _083__1/Y (sky130_fd_sc_hd__inv_2)
                                                         net35 (net)
                      0.021284    0.000021   25.356527 ^ _152_/CLK (sky130_fd_sc_hd__dfxtp_1)
     3    0.013929    0.138076    0.363622   25.720148 ^ _152_/Q (sky130_fd_sc_hd__dfxtp_1)
                                                         net11 (net)
                      0.138076    0.000195   25.720345 ^ fanout28/A (sky130_fd_sc_hd__clkbuf_2)
    10    0.030895    0.171614    0.226947   25.947290 ^ fanout28/X (sky130_fd_sc_hd__clkbuf_2)
                                                         net28 (net)
                      0.171618    0.001069   25.948360 ^ _122_/C_N (sky130_fd_sc_hd__nor3b_2)
     5    0.016534    0.312074    0.335701   26.284061 ^ _122_/Y (sky130_fd_sc_hd__nor3b_2)
                                                         _026_ (net)
                      0.312075    0.000441   26.284502 ^ _126_/A2 (sky130_fd_sc_hd__a21oi_1)
     1    0.003118    0.072469    0.117785   26.402287 v _126_/Y (sky130_fd_sc_hd__a21oi_1)
                                                         _029_ (net)
                      0.072469    0.000023   26.402311 v _129_/A1 (sky130_fd_sc_hd__o21a_1)
     1    0.007443    0.056607    0.212914   26.615225 v _129_/X (sky130_fd_sc_hd__o21a_1)
                                                         _013_ (net)
                      0.056607    0.000203   26.615427 v _164_/D (sky130_fd_sc_hd__dfxtp_1)
                                             26.615427   data arrival time

                                 50.000000   50.000000   clock clk (rise edge)
                                  0.000000   50.000000   clock source latency
     1    0.016623    0.080639    0.055110   50.055107 ^ clk (in)
                                                         clk (net)
                      0.080641    0.000000   50.055107 ^ clkbuf_0_clk/A (sky130_fd_sc_hd__clkbuf_16)
     2    0.018507    0.040608    0.137106   50.192215 ^ clkbuf_0_clk/X (sky130_fd_sc_hd__clkbuf_16)
                                                         clknet_0_clk (net)
                      0.040608    0.000128   50.192341 ^ clkbuf_1_0__f_clk/A (sky130_fd_sc_hd__clkbuf_16)
    10    0.038738    0.058627    0.139355   50.331699 ^ clkbuf_1_0__f_clk/X (sky130_fd_sc_hd__clkbuf_16)
                                                         clknet_1_0__leaf_clk (net)
                      0.058644    0.000895   50.332592 ^ _164_/CLK (sky130_fd_sc_hd__dfxtp_1)
                                 -0.250000   50.082592   clock uncertainty
                                  0.000000   50.082592   clock reconvergence pessimism
                                 -0.112435   49.970154   library setup time
                                             49.970154   data required time
---------------------------------------------------------------------------------------------
                                             49.970154   data required time
                                            -26.615427   data arrival time
---------------------------------------------------------------------------------------------
                                             23.354729   slack (MET)


Startpoint: _152_ (rising edge-triggered flip-flop clocked by clk')
Endpoint: _165_ (rising edge-triggered flip-flop clocked by clk)
Path Group: clk
Path Type: max

Fanout         Cap        Slew       Delay        Time   Description
---------------------------------------------------------------------------------------------
                                 25.000000   25.000000   clock clk' (rise edge)
                                  0.000000   25.000000   clock source latency
     1    0.015629    0.036627    0.025322   25.025322 v clk (in)
                                                         clk (net)
                      0.036631    0.000000   25.025322 v clkbuf_0_clk/A (sky130_fd_sc_hd__clkbuf_16)
     2    0.016519    0.033145    0.140487   25.165808 v clkbuf_0_clk/X (sky130_fd_sc_hd__clkbuf_16)
                                                         clknet_0_clk (net)
                      0.033145    0.000085   25.165894 v clkbuf_1_1__f_clk/A (sky130_fd_sc_hd__clkbuf_16)
    12    0.035813    0.044066    0.152371   25.318264 v clkbuf_1_1__f_clk/X (sky130_fd_sc_hd__clkbuf_16)
                                                         clknet_1_1__leaf_clk (net)
                      0.044066    0.000206   25.318470 v _083__1/A (sky130_fd_sc_hd__inv_2)
     1    0.002306    0.021284    0.038035   25.356504 ^ _083__1/Y (sky130_fd_sc_hd__inv_2)
                                                         net35 (net)
                      0.021284    0.000021   25.356527 ^ _152_/CLK (sky130_fd_sc_hd__dfxtp_1)
     3    0.013929    0.138076    0.363622   25.720148 ^ _152_/Q (sky130_fd_sc_hd__dfxtp_1)
                                                         net11 (net)
                      0.138076    0.000195   25.720345 ^ fanout28/A (sky130_fd_sc_hd__clkbuf_2)
    10    0.030895    0.171614    0.226947   25.947290 ^ fanout28/X (sky130_fd_sc_hd__clkbuf_2)
                                                         net28 (net)
                      0.171615    0.000819   25.948111 ^ _107_/A (sky130_fd_sc_hd__nand3_1)
     3    0.007622    0.105898    0.130759   26.078869 v _107_/Y (sky130_fd_sc_hd__nand3_1)
                                                         _063_ (net)
                      0.105898    0.000044   26.078915 v _130_/B (sky130_fd_sc_hd__or3b_1)
     1    0.006762    0.087712    0.394525   26.473440 v _130_/X (sky130_fd_sc_hd__or3b_1)
                                                         _032_ (net)
                      0.087712    0.000153   26.473593 v _133_/A1 (sky130_fd_sc_hd__a31oi_1)
     1    0.003573    0.138684    0.151529   26.625120 ^ _133_/Y (sky130_fd_sc_hd__a31oi_1)
                                                         _014_ (net)
                      0.138684    0.000037   26.625158 ^ _165_/D (sky130_fd_sc_hd__dfxtp_1)
                                             26.625158   data arrival time

                                 50.000000   50.000000   clock clk (rise edge)
                                  0.000000   50.000000   clock source latency
     1    0.016623    0.080639    0.055110   50.055107 ^ clk (in)
                                                         clk (net)
                      0.080641    0.000000   50.055107 ^ clkbuf_0_clk/A (sky130_fd_sc_hd__clkbuf_16)
     2    0.018507    0.040608    0.137106   50.192215 ^ clkbuf_0_clk/X (sky130_fd_sc_hd__clkbuf_16)
                                                         clknet_0_clk (net)
                      0.040608    0.000096   50.192310 ^ clkbuf_1_1__f_clk/A (sky130_fd_sc_hd__clkbuf_16)
    12    0.037994    0.057986    0.138858   50.331169 ^ clkbuf_1_1__f_clk/X (sky130_fd_sc_hd__clkbuf_16)
                                                         clknet_1_1__leaf_clk (net)
                      0.057986    0.000096   50.331264 ^ _165_/CLK (sky130_fd_sc_hd__dfxtp_1)
                                 -0.250000   50.081264   clock uncertainty
                                  0.000000   50.081264   clock reconvergence pessimism
                                 -0.073733   50.007530   library setup time
                                             50.007530   data required time
---------------------------------------------------------------------------------------------
                                             50.007530   data required time
                                            -26.625158   data arrival time
---------------------------------------------------------------------------------------------
                                             23.382372   slack (MET)


Startpoint: _152_ (rising edge-triggered flip-flop clocked by clk')
Endpoint: _161_ (rising edge-triggered flip-flop clocked by clk)
Path Group: clk
Path Type: max

Fanout         Cap        Slew       Delay        Time   Description
---------------------------------------------------------------------------------------------
                                 25.000000   25.000000   clock clk' (rise edge)
                                  0.000000   25.000000   clock source latency
     1    0.015629    0.036627    0.025322   25.025322 v clk (in)
                                                         clk (net)
                      0.036631    0.000000   25.025322 v clkbuf_0_clk/A (sky130_fd_sc_hd__clkbuf_16)
     2    0.016519    0.033145    0.140487   25.165808 v clkbuf_0_clk/X (sky130_fd_sc_hd__clkbuf_16)
                                                         clknet_0_clk (net)
                      0.033145    0.000085   25.165894 v clkbuf_1_1__f_clk/A (sky130_fd_sc_hd__clkbuf_16)
    12    0.035813    0.044066    0.152371   25.318264 v clkbuf_1_1__f_clk/X (sky130_fd_sc_hd__clkbuf_16)
                                                         clknet_1_1__leaf_clk (net)
                      0.044066    0.000206   25.318470 v _083__1/A (sky130_fd_sc_hd__inv_2)
     1    0.002306    0.021284    0.038035   25.356504 ^ _083__1/Y (sky130_fd_sc_hd__inv_2)
                                                         net35 (net)
                      0.021284    0.000021   25.356527 ^ _152_/CLK (sky130_fd_sc_hd__dfxtp_1)
     3    0.013929    0.138076    0.363622   25.720148 ^ _152_/Q (sky130_fd_sc_hd__dfxtp_1)
                                                         net11 (net)
                      0.138076    0.000195   25.720345 ^ fanout28/A (sky130_fd_sc_hd__clkbuf_2)
    10    0.030895    0.171614    0.226947   25.947290 ^ fanout28/X (sky130_fd_sc_hd__clkbuf_2)
                                                         net28 (net)
                      0.171617    0.000995   25.948286 ^ _109_/A (sky130_fd_sc_hd__nand4_1)
     4    0.009309    0.143794    0.161227   26.109514 v _109_/Y (sky130_fd_sc_hd__nand4_1)
                                                         _065_ (net)
                      0.143794    0.000087   26.109600 v _111_/A2 (sky130_fd_sc_hd__o21a_1)
     1    0.002940    0.035598    0.203256   26.312857 v _111_/X (sky130_fd_sc_hd__o21a_1)
                                                         _067_ (net)
                      0.035598    0.000030   26.312887 v _115_/A1 (sky130_fd_sc_hd__o21a_1)
     1    0.002206    0.031971    0.170697   26.483583 v _115_/X (sky130_fd_sc_hd__o21a_1)
                                                         _010_ (net)
                      0.031971    0.000012   26.483597 v _161_/D (sky130_fd_sc_hd__dfxtp_1)
                                             26.483597   data arrival time

                                 50.000000   50.000000   clock clk (rise edge)
                                  0.000000   50.000000   clock source latency
     1    0.016623    0.080639    0.055110   50.055107 ^ clk (in)
                                                         clk (net)
                      0.080641    0.000000   50.055107 ^ clkbuf_0_clk/A (sky130_fd_sc_hd__clkbuf_16)
     2    0.018507    0.040608    0.137106   50.192215 ^ clkbuf_0_clk/X (sky130_fd_sc_hd__clkbuf_16)
                                                         clknet_0_clk (net)
                      0.040608    0.000128   50.192341 ^ clkbuf_1_0__f_clk/A (sky130_fd_sc_hd__clkbuf_16)
    10    0.038738    0.058627    0.139355   50.331699 ^ clkbuf_1_0__f_clk/X (sky130_fd_sc_hd__clkbuf_16)
                                                         clknet_1_0__leaf_clk (net)
                      0.058643    0.000853   50.332550 ^ _161_/CLK (sky130_fd_sc_hd__dfxtp_1)
                                 -0.250000   50.082550   clock uncertainty
                                  0.000000   50.082550   clock reconvergence pessimism
                                 -0.101627   49.980919   library setup time
                                             49.980919   data required time
---------------------------------------------------------------------------------------------
                                             49.980919   data required time
                                            -26.483597   data arrival time
---------------------------------------------------------------------------------------------
                                             23.497324   slack (MET)


Startpoint: _152_ (rising edge-triggered flip-flop clocked by clk')
Endpoint: _172_ (rising edge-triggered flip-flop clocked by clk)
Path Group: clk
Path Type: max

Fanout         Cap        Slew       Delay        Time   Description
---------------------------------------------------------------------------------------------
                                 25.000000   25.000000   clock clk' (rise edge)
                                  0.000000   25.000000   clock source latency
     1    0.015629    0.036627    0.025322   25.025322 v clk (in)
                                                         clk (net)
                      0.036631    0.000000   25.025322 v clkbuf_0_clk/A (sky130_fd_sc_hd__clkbuf_16)
     2    0.016519    0.033145    0.140487   25.165808 v clkbuf_0_clk/X (sky130_fd_sc_hd__clkbuf_16)
                                                         clknet_0_clk (net)
                      0.033145    0.000085   25.165894 v clkbuf_1_1__f_clk/A (sky130_fd_sc_hd__clkbuf_16)
    12    0.035813    0.044066    0.152371   25.318264 v clkbuf_1_1__f_clk/X (sky130_fd_sc_hd__clkbuf_16)
                                                         clknet_1_1__leaf_clk (net)
                      0.044066    0.000206   25.318470 v _083__1/A (sky130_fd_sc_hd__inv_2)
     1    0.002306    0.021284    0.038035   25.356504 ^ _083__1/Y (sky130_fd_sc_hd__inv_2)
                                                         net35 (net)
                      0.021284    0.000021   25.356527 ^ _152_/CLK (sky130_fd_sc_hd__dfxtp_1)
     3    0.013929    0.138076    0.363622   25.720148 ^ _152_/Q (sky130_fd_sc_hd__dfxtp_1)
                                                         net11 (net)
                      0.138076    0.000195   25.720345 ^ fanout28/A (sky130_fd_sc_hd__clkbuf_2)
    10    0.030895    0.171614    0.226947   25.947290 ^ fanout28/X (sky130_fd_sc_hd__clkbuf_2)
                                                         net28 (net)
                      0.171617    0.000995   25.948286 ^ _109_/A (sky130_fd_sc_hd__nand4_1)
     4    0.009309    0.143794    0.161227   26.109514 v _109_/Y (sky130_fd_sc_hd__nand4_1)
                                                         _065_ (net)
                      0.143794    0.000076   26.109591 v _110_/B (sky130_fd_sc_hd__or2_1)
     1    0.002611    0.046831    0.238673   26.348263 v _110_/X (sky130_fd_sc_hd__or2_1)
                                                         _066_ (net)
                      0.046831    0.000023   26.348286 v _151_/A1 (sky130_fd_sc_hd__a21oi_1)
     1    0.003115    0.110240    0.122252   26.470539 ^ _151_/Y (sky130_fd_sc_hd__a21oi_1)
                                                         _021_ (net)
                      0.110240    0.000043   26.470581 ^ _172_/D (sky130_fd_sc_hd__dfxtp_1)
                                             26.470581   data arrival time

                                 50.000000   50.000000   clock clk (rise edge)
                                  0.000000   50.000000   clock source latency
     1    0.016623    0.080639    0.055110   50.055107 ^ clk (in)
                                                         clk (net)
                      0.080641    0.000000   50.055107 ^ clkbuf_0_clk/A (sky130_fd_sc_hd__clkbuf_16)
     2    0.018507    0.040608    0.137106   50.192215 ^ clkbuf_0_clk/X (sky130_fd_sc_hd__clkbuf_16)
                                                         clknet_0_clk (net)
                      0.040608    0.000128   50.192341 ^ clkbuf_1_0__f_clk/A (sky130_fd_sc_hd__clkbuf_16)
    10    0.038738    0.058627    0.139355   50.331699 ^ clkbuf_1_0__f_clk/X (sky130_fd_sc_hd__clkbuf_16)
                                                         clknet_1_0__leaf_clk (net)
                      0.058639    0.000771   50.332470 ^ _172_/CLK (sky130_fd_sc_hd__dfxtp_1)
                                 -0.250000   50.082466   clock uncertainty
                                  0.000000   50.082466   clock reconvergence pessimism
                                 -0.067082   50.015385   library setup time
                                             50.015385   data required time
---------------------------------------------------------------------------------------------
                                             50.015385   data required time
                                            -26.470581   data arrival time
---------------------------------------------------------------------------------------------
                                             23.544804   slack (MET)


Startpoint: _152_ (rising edge-triggered flip-flop clocked by clk')
Endpoint: _171_ (rising edge-triggered flip-flop clocked by clk)
Path Group: clk
Path Type: max

Fanout         Cap        Slew       Delay        Time   Description
---------------------------------------------------------------------------------------------
                                 25.000000   25.000000   clock clk' (rise edge)
                                  0.000000   25.000000   clock source latency
     1    0.015629    0.036627    0.025322   25.025322 v clk (in)
                                                         clk (net)
                      0.036631    0.000000   25.025322 v clkbuf_0_clk/A (sky130_fd_sc_hd__clkbuf_16)
     2    0.016519    0.033145    0.140487   25.165808 v clkbuf_0_clk/X (sky130_fd_sc_hd__clkbuf_16)
                                                         clknet_0_clk (net)
                      0.033145    0.000085   25.165894 v clkbuf_1_1__f_clk/A (sky130_fd_sc_hd__clkbuf_16)
    12    0.035813    0.044066    0.152371   25.318264 v clkbuf_1_1__f_clk/X (sky130_fd_sc_hd__clkbuf_16)
                                                         clknet_1_1__leaf_clk (net)
                      0.044066    0.000206   25.318470 v _083__1/A (sky130_fd_sc_hd__inv_2)
     1    0.002306    0.021284    0.038035   25.356504 ^ _083__1/Y (sky130_fd_sc_hd__inv_2)
                                                         net35 (net)
                      0.021284    0.000021   25.356527 ^ _152_/CLK (sky130_fd_sc_hd__dfxtp_1)
     3    0.013929    0.138076    0.363622   25.720148 ^ _152_/Q (sky130_fd_sc_hd__dfxtp_1)
                                                         net11 (net)
                      0.138076    0.000195   25.720345 ^ fanout28/A (sky130_fd_sc_hd__clkbuf_2)
    10    0.030895    0.171614    0.226947   25.947290 ^ fanout28/X (sky130_fd_sc_hd__clkbuf_2)
                                                         net28 (net)
                      0.171617    0.000995   25.948286 ^ _109_/A (sky130_fd_sc_hd__nand4_1)
     4    0.009309    0.143794    0.161227   26.109514 v _109_/Y (sky130_fd_sc_hd__nand4_1)
                                                         _065_ (net)
                      0.143794    0.000039   26.109552 v _149_/B (sky130_fd_sc_hd__and3_1)
     1    0.002179    0.033831    0.198895   26.308447 v _149_/X (sky130_fd_sc_hd__and3_1)
                                                         _020_ (net)
                      0.033831    0.000020   26.308468 v _171_/D (sky130_fd_sc_hd__dfxtp_2)
                                             26.308468   data arrival time

                                 50.000000   50.000000   clock clk (rise edge)
                                  0.000000   50.000000   clock source latency
     1    0.016623    0.080639    0.055110   50.055107 ^ clk (in)
                                                         clk (net)
                      0.080641    0.000000   50.055107 ^ clkbuf_0_clk/A (sky130_fd_sc_hd__clkbuf_16)
     2    0.018507    0.040608    0.137106   50.192215 ^ clkbuf_0_clk/X (sky130_fd_sc_hd__clkbuf_16)
                                                         clknet_0_clk (net)
                      0.040608    0.000128   50.192341 ^ clkbuf_1_0__f_clk/A (sky130_fd_sc_hd__clkbuf_16)
    10    0.038738    0.058627    0.139355   50.331699 ^ clkbuf_1_0__f_clk/X (sky130_fd_sc_hd__clkbuf_16)
                                                         clknet_1_0__leaf_clk (net)
                      0.058636    0.000700   50.332397 ^ _171_/CLK (sky130_fd_sc_hd__dfxtp_2)
                                 -0.250000   50.082397   clock uncertainty
                                  0.000000   50.082397   clock reconvergence pessimism
                                 -0.104827   49.977570   library setup time
                                             49.977570   data required time
---------------------------------------------------------------------------------------------
                                             49.977570   data required time
                                            -26.308468   data arrival time
---------------------------------------------------------------------------------------------
                                             23.669104   slack (MET)


Startpoint: _152_ (rising edge-triggered flip-flop clocked by clk')
Endpoint: _169_ (rising edge-triggered flip-flop clocked by clk)
Path Group: clk
Path Type: max

Fanout         Cap        Slew       Delay        Time   Description
---------------------------------------------------------------------------------------------
                                 25.000000   25.000000   clock clk' (rise edge)
                                  0.000000   25.000000   clock source latency
     1    0.015629    0.036627    0.025322   25.025322 v clk (in)
                                                         clk (net)
                      0.036631    0.000000   25.025322 v clkbuf_0_clk/A (sky130_fd_sc_hd__clkbuf_16)
     2    0.016519    0.033145    0.140487   25.165808 v clkbuf_0_clk/X (sky130_fd_sc_hd__clkbuf_16)
                                                         clknet_0_clk (net)
                      0.033145    0.000085   25.165894 v clkbuf_1_1__f_clk/A (sky130_fd_sc_hd__clkbuf_16)
    12    0.035813    0.044066    0.152371   25.318264 v clkbuf_1_1__f_clk/X (sky130_fd_sc_hd__clkbuf_16)
                                                         clknet_1_1__leaf_clk (net)
                      0.044066    0.000206   25.318470 v _083__1/A (sky130_fd_sc_hd__inv_2)
     1    0.002306    0.021284    0.038035   25.356504 ^ _083__1/Y (sky130_fd_sc_hd__inv_2)
                                                         net35 (net)
                      0.021284    0.000021   25.356527 ^ _152_/CLK (sky130_fd_sc_hd__dfxtp_1)
     3    0.013929    0.138076    0.363622   25.720148 ^ _152_/Q (sky130_fd_sc_hd__dfxtp_1)
                                                         net11 (net)
                      0.138076    0.000195   25.720345 ^ fanout28/A (sky130_fd_sc_hd__clkbuf_2)
    10    0.030895    0.171614    0.226947   25.947290 ^ fanout28/X (sky130_fd_sc_hd__clkbuf_2)
                                                         net28 (net)
                      0.171615    0.000689   25.947981 ^ _105_/A (sky130_fd_sc_hd__nand2_1)
     5    0.014620    0.120966    0.146267   26.094248 v _105_/Y (sky130_fd_sc_hd__nand2_1)
                                                         _061_ (net)
                      0.120966    0.000112   26.094360 v _145_/B (sky130_fd_sc_hd__and3_1)
     1    0.002009    0.033131    0.187057   26.281418 v _145_/X (sky130_fd_sc_hd__and3_1)
                                                         _018_ (net)
                      0.033131    0.000018   26.281435 v _169_/D (sky130_fd_sc_hd__dfxtp_1)
                                             26.281435   data arrival time

                                 50.000000   50.000000   clock clk (rise edge)
                                  0.000000   50.000000   clock source latency
     1    0.016623    0.080639    0.055110   50.055107 ^ clk (in)
                                                         clk (net)
                      0.080641    0.000000   50.055107 ^ clkbuf_0_clk/A (sky130_fd_sc_hd__clkbuf_16)
     2    0.018507    0.040608    0.137106   50.192215 ^ clkbuf_0_clk/X (sky130_fd_sc_hd__clkbuf_16)
                                                         clknet_0_clk (net)
                      0.040608    0.000128   50.192341 ^ clkbuf_1_0__f_clk/A (sky130_fd_sc_hd__clkbuf_16)
    10    0.038738    0.058627    0.139355   50.331699 ^ clkbuf_1_0__f_clk/X (sky130_fd_sc_hd__clkbuf_16)
                                                         clknet_1_0__leaf_clk (net)
                      0.058627    0.000355   50.332054 ^ _169_/CLK (sky130_fd_sc_hd__dfxtp_1)
                                 -0.250000   50.082050   clock uncertainty
                                  0.000000   50.082050   clock reconvergence pessimism
                                 -0.102140   49.979912   library setup time
                                             49.979912   data required time
---------------------------------------------------------------------------------------------
                                             49.979912   data required time
                                            -26.281435   data arrival time
---------------------------------------------------------------------------------------------
                                             23.698477   slack (MET)


Startpoint: _152_ (rising edge-triggered flip-flop clocked by clk')
Endpoint: _170_ (rising edge-triggered flip-flop clocked by clk)
Path Group: clk
Path Type: max

Fanout         Cap        Slew       Delay        Time   Description
---------------------------------------------------------------------------------------------
                                 25.000000   25.000000   clock clk' (rise edge)
                                  0.000000   25.000000   clock source latency
     1    0.015629    0.036627    0.025322   25.025322 v clk (in)
                                                         clk (net)
                      0.036631    0.000000   25.025322 v clkbuf_0_clk/A (sky130_fd_sc_hd__clkbuf_16)
     2    0.016519    0.033145    0.140487   25.165808 v clkbuf_0_clk/X (sky130_fd_sc_hd__clkbuf_16)
                                                         clknet_0_clk (net)
                      0.033145    0.000085   25.165894 v clkbuf_1_1__f_clk/A (sky130_fd_sc_hd__clkbuf_16)
    12    0.035813    0.044066    0.152371   25.318264 v clkbuf_1_1__f_clk/X (sky130_fd_sc_hd__clkbuf_16)
                                                         clknet_1_1__leaf_clk (net)
                      0.044066    0.000206   25.318470 v _083__1/A (sky130_fd_sc_hd__inv_2)
     1    0.002306    0.021284    0.038035   25.356504 ^ _083__1/Y (sky130_fd_sc_hd__inv_2)
                                                         net35 (net)
                      0.021284    0.000021   25.356527 ^ _152_/CLK (sky130_fd_sc_hd__dfxtp_1)
     3    0.013929    0.138076    0.363622   25.720148 ^ _152_/Q (sky130_fd_sc_hd__dfxtp_1)
                                                         net11 (net)
                      0.138076    0.000195   25.720345 ^ fanout28/A (sky130_fd_sc_hd__clkbuf_2)
    10    0.030895    0.171614    0.226947   25.947290 ^ fanout28/X (sky130_fd_sc_hd__clkbuf_2)
                                                         net28 (net)
                      0.171615    0.000819   25.948111 ^ _107_/A (sky130_fd_sc_hd__nand3_1)
     3    0.007622    0.105898    0.130759   26.078869 v _107_/Y (sky130_fd_sc_hd__nand3_1)
                                                         _063_ (net)
                      0.105898    0.000066   26.078936 v _147_/B (sky130_fd_sc_hd__and3_1)
     1    0.002132    0.033619    0.181045   26.259979 v _147_/X (sky130_fd_sc_hd__and3_1)
                                                         _019_ (net)
                      0.033619    0.000011   26.259991 v _170_/D (sky130_fd_sc_hd__dfxtp_1)
                                             26.259991   data arrival time

                                 50.000000   50.000000   clock clk (rise edge)
                                  0.000000   50.000000   clock source latency
     1    0.016623    0.080639    0.055110   50.055107 ^ clk (in)
                                                         clk (net)
                      0.080641    0.000000   50.055107 ^ clkbuf_0_clk/A (sky130_fd_sc_hd__clkbuf_16)
     2    0.018507    0.040608    0.137106   50.192215 ^ clkbuf_0_clk/X (sky130_fd_sc_hd__clkbuf_16)
                                                         clknet_0_clk (net)
                      0.040608    0.000128   50.192341 ^ clkbuf_1_0__f_clk/A (sky130_fd_sc_hd__clkbuf_16)
    10    0.038738    0.058627    0.139355   50.331699 ^ clkbuf_1_0__f_clk/X (sky130_fd_sc_hd__clkbuf_16)
                                                         clknet_1_0__leaf_clk (net)
                      0.058629    0.000469   50.332165 ^ _170_/CLK (sky130_fd_sc_hd__dfxtp_1)
                                 -0.250000   50.082165   clock uncertainty
                                  0.000000   50.082165   clock reconvergence pessimism
                                 -0.102354   49.979813   library setup time
                                             49.979813   data required time
---------------------------------------------------------------------------------------------
                                             49.979813   data required time
                                            -26.259991   data arrival time
---------------------------------------------------------------------------------------------
                                             23.719822   slack (MET)


Startpoint: _161_ (rising edge-triggered flip-flop clocked by clk)
Endpoint: dac_in[0] (output port clocked by clk)
Path Group: clk
Path Type: max

Fanout         Cap        Slew       Delay        Time   Description
---------------------------------------------------------------------------------------------
                                  0.000000    0.000000   clock clk (rise edge)
                                  0.000000    0.000000   clock source latency
     1    0.016623    0.080639    0.055110    0.055110 ^ clk (in)
                                                         clk (net)
                      0.080641    0.000000    0.055110 ^ clkbuf_0_clk/A (sky130_fd_sc_hd__clkbuf_16)
     2    0.018507    0.040608    0.137105    0.192215 ^ clkbuf_0_clk/X (sky130_fd_sc_hd__clkbuf_16)
                                                         clknet_0_clk (net)
                      0.040608    0.000129    0.192344 ^ clkbuf_1_0__f_clk/A (sky130_fd_sc_hd__clkbuf_16)
    10    0.038738    0.058627    0.139356    0.331700 ^ clkbuf_1_0__f_clk/X (sky130_fd_sc_hd__clkbuf_16)
                                                         clknet_1_0__leaf_clk (net)
                      0.058643    0.000853    0.332553 ^ _161_/CLK (sky130_fd_sc_hd__dfxtp_1)
     4    0.029247    0.276465    0.475450    0.808003 ^ _161_/Q (sky130_fd_sc_hd__dfxtp_1)
                                                         net12 (net)
                      0.276465    0.000132    0.808134 ^ output12/A (sky130_fd_sc_hd__buf_2)
     1    0.034727    0.172863    0.269940    1.078074 ^ output12/X (sky130_fd_sc_hd__buf_2)
                                                         dac_in[0] (net)
                      0.172863    0.000463    1.078537 ^ dac_in[0] (out)
                                              1.078537   data arrival time

                                 50.000000   50.000000   clock clk (rise edge)
                                  0.000000   50.000000   clock network delay (propagated)
                                 -0.250000   49.749996   clock uncertainty
                                  0.000000   49.749996   clock reconvergence pessimism
                                -10.000000   39.749996   output external delay
                                             39.749996   data required time
---------------------------------------------------------------------------------------------
                                             39.749996   data required time
                                             -1.078537   data arrival time
---------------------------------------------------------------------------------------------
                                             38.671459   slack (MET)


Startpoint: _163_ (rising edge-triggered flip-flop clocked by clk)
Endpoint: dac_in[2] (output port clocked by clk)
Path Group: clk
Path Type: max

Fanout         Cap        Slew       Delay        Time   Description
---------------------------------------------------------------------------------------------
                                  0.000000    0.000000   clock clk (rise edge)
                                  0.000000    0.000000   clock source latency
     1    0.016623    0.080639    0.055110    0.055110 ^ clk (in)
                                                         clk (net)
                      0.080641    0.000000    0.055110 ^ clkbuf_0_clk/A (sky130_fd_sc_hd__clkbuf_16)
     2    0.018507    0.040608    0.137105    0.192215 ^ clkbuf_0_clk/X (sky130_fd_sc_hd__clkbuf_16)
                                                         clknet_0_clk (net)
                      0.040608    0.000129    0.192344 ^ clkbuf_1_0__f_clk/A (sky130_fd_sc_hd__clkbuf_16)
    10    0.038738    0.058627    0.139356    0.331700 ^ clkbuf_1_0__f_clk/X (sky130_fd_sc_hd__clkbuf_16)
                                                         clknet_1_0__leaf_clk (net)
                      0.058644    0.000874    0.332574 ^ _163_/CLK (sky130_fd_sc_hd__dfxtp_1)
     4    0.028437    0.269207    0.469826    0.802399 ^ _163_/Q (sky130_fd_sc_hd__dfxtp_1)
                                                         net14 (net)
                      0.269207    0.000121    0.802520 ^ output14/A (sky130_fd_sc_hd__buf_2)
     1    0.034730    0.172869    0.267988    1.070508 ^ output14/X (sky130_fd_sc_hd__buf_2)
                                                         dac_in[2] (net)
                      0.172869    0.000462    1.070970 ^ dac_in[2] (out)
                                              1.070970   data arrival time

                                 50.000000   50.000000   clock clk (rise edge)
                                  0.000000   50.000000   clock network delay (propagated)
                                 -0.250000   49.749996   clock uncertainty
                                  0.000000   49.749996   clock reconvergence pessimism
                                -10.000000   39.749996   output external delay
                                             39.749996   data required time
---------------------------------------------------------------------------------------------
                                             39.749996   data required time
                                             -1.070970   data arrival time
---------------------------------------------------------------------------------------------
                                             38.679028   slack (MET)


Startpoint: _164_ (rising edge-triggered flip-flop clocked by clk)
Endpoint: dac_in_n[3] (output port clocked by clk)
Path Group: clk
Path Type: max

Fanout         Cap        Slew       Delay        Time   Description
---------------------------------------------------------------------------------------------
                                  0.000000    0.000000   clock clk (rise edge)
                                  0.000000    0.000000   clock source latency
     1    0.016623    0.080639    0.055110    0.055110 ^ clk (in)
                                                         clk (net)
                      0.080641    0.000000    0.055110 ^ clkbuf_0_clk/A (sky130_fd_sc_hd__clkbuf_16)
     2    0.018507    0.040608    0.137105    0.192215 ^ clkbuf_0_clk/X (sky130_fd_sc_hd__clkbuf_16)
                                                         clknet_0_clk (net)
                      0.040608    0.000129    0.192344 ^ clkbuf_1_0__f_clk/A (sky130_fd_sc_hd__clkbuf_16)
    10    0.038738    0.058627    0.139356    0.331700 ^ clkbuf_1_0__f_clk/X (sky130_fd_sc_hd__clkbuf_16)
                                                         clknet_1_0__leaf_clk (net)
                      0.058644    0.000893    0.332593 ^ _164_/CLK (sky130_fd_sc_hd__dfxtp_1)
     3    0.024127    0.229941    0.442355    0.774948 ^ _164_/Q (sky130_fd_sc_hd__dfxtp_1)
                                                         net15 (net)
                      0.229945    0.001297    0.776245 ^ _078_/A (sky130_fd_sc_hd__inv_2)
     2    0.009354    0.059319    0.072593    0.848838 v _078_/Y (sky130_fd_sc_hd__inv_2)
                                                         net23 (net)
                      0.059319    0.000065    0.848904 v output23/A (sky130_fd_sc_hd__buf_2)
     1    0.034601    0.090084    0.187210    1.036114 v output23/X (sky130_fd_sc_hd__buf_2)
                                                         dac_in_n[3] (net)
                      0.090085    0.000449    1.036563 v dac_in_n[3] (out)
                                              1.036563   data arrival time

                                 50.000000   50.000000   clock clk (rise edge)
                                  0.000000   50.000000   clock network delay (propagated)
                                 -0.250000   49.749996   clock uncertainty
                                  0.000000   49.749996   clock reconvergence pessimism
                                -10.000000   39.749996   output external delay
                                             39.749996   data required time
---------------------------------------------------------------------------------------------
                                             39.749996   data required time
                                             -1.036563   data arrival time
---------------------------------------------------------------------------------------------
                                             38.713436   slack (MET)


Startpoint: _164_ (rising edge-triggered flip-flop clocked by clk)
Endpoint: dac_in[3] (output port clocked by clk)
Path Group: clk
Path Type: max

Fanout         Cap        Slew       Delay        Time   Description
---------------------------------------------------------------------------------------------
                                  0.000000    0.000000   clock clk (rise edge)
                                  0.000000    0.000000   clock source latency
     1    0.016623    0.080639    0.055110    0.055110 ^ clk (in)
                                                         clk (net)
                      0.080641    0.000000    0.055110 ^ clkbuf_0_clk/A (sky130_fd_sc_hd__clkbuf_16)
     2    0.018507    0.040608    0.137105    0.192215 ^ clkbuf_0_clk/X (sky130_fd_sc_hd__clkbuf_16)
                                                         clknet_0_clk (net)
                      0.040608    0.000129    0.192344 ^ clkbuf_1_0__f_clk/A (sky130_fd_sc_hd__clkbuf_16)
    10    0.038738    0.058627    0.139356    0.331700 ^ clkbuf_1_0__f_clk/X (sky130_fd_sc_hd__clkbuf_16)
                                                         clknet_1_0__leaf_clk (net)
                      0.058644    0.000893    0.332593 ^ _164_/CLK (sky130_fd_sc_hd__dfxtp_1)
     3    0.024127    0.229941    0.442355    0.774948 ^ _164_/Q (sky130_fd_sc_hd__dfxtp_1)
                                                         net15 (net)
                      0.229941    0.000252    0.775200 ^ output15/A (sky130_fd_sc_hd__buf_2)
     1    0.034476    0.171649    0.256548    1.031748 ^ output15/X (sky130_fd_sc_hd__buf_2)
                                                         dac_in[3] (net)
                      0.171649    0.000432    1.032180 ^ dac_in[3] (out)
                                              1.032180   data arrival time

                                 50.000000   50.000000   clock clk (rise edge)
                                  0.000000   50.000000   clock network delay (propagated)
                                 -0.250000   49.749996   clock uncertainty
                                  0.000000   49.749996   clock reconvergence pessimism
                                -10.000000   39.749996   output external delay
                                             39.749996   data required time
---------------------------------------------------------------------------------------------
                                             39.749996   data required time
                                             -1.032180   data arrival time
---------------------------------------------------------------------------------------------
                                             38.717815   slack (MET)


Startpoint: _161_ (rising edge-triggered flip-flop clocked by clk)
Endpoint: dac_in_n[0] (output port clocked by clk)
Path Group: clk
Path Type: max

Fanout         Cap        Slew       Delay        Time   Description
---------------------------------------------------------------------------------------------
                                  0.000000    0.000000   clock clk (rise edge)
                                  0.000000    0.000000   clock source latency
     1    0.016623    0.080639    0.055110    0.055110 ^ clk (in)
                                                         clk (net)
                      0.080641    0.000000    0.055110 ^ clkbuf_0_clk/A (sky130_fd_sc_hd__clkbuf_16)
     2    0.018507    0.040608    0.137105    0.192215 ^ clkbuf_0_clk/X (sky130_fd_sc_hd__clkbuf_16)
                                                         clknet_0_clk (net)
                      0.040608    0.000129    0.192344 ^ clkbuf_1_0__f_clk/A (sky130_fd_sc_hd__clkbuf_16)
    10    0.038738    0.058627    0.139356    0.331700 ^ clkbuf_1_0__f_clk/X (sky130_fd_sc_hd__clkbuf_16)
                                                         clknet_1_0__leaf_clk (net)
                      0.058643    0.000853    0.332553 ^ _161_/CLK (sky130_fd_sc_hd__dfxtp_1)
     4    0.029247    0.276465    0.475450    0.808003 ^ _161_/Q (sky130_fd_sc_hd__dfxtp_1)
                                                         net12 (net)
                      0.276465    0.000631    0.808634 ^ _081_/A (sky130_fd_sc_hd__inv_2)
     1    0.001865    0.041862    0.037971    0.846604 v _081_/Y (sky130_fd_sc_hd__inv_2)
                                                         net20 (net)
                      0.041862    0.000015    0.846620 v output20/A (sky130_fd_sc_hd__buf_2)
     1    0.034514    0.089968    0.179380    1.025999 v output20/X (sky130_fd_sc_hd__buf_2)
                                                         dac_in_n[0] (net)
                      0.089969    0.000444    1.026443 v dac_in_n[0] (out)
                                              1.026443   data arrival time

                                 50.000000   50.000000   clock clk (rise edge)
                                  0.000000   50.000000   clock network delay (propagated)
                                 -0.250000   49.749996   clock uncertainty
                                  0.000000   49.749996   clock reconvergence pessimism
                                -10.000000   39.749996   output external delay
                                             39.749996   data required time
---------------------------------------------------------------------------------------------
                                             39.749996   data required time
                                             -1.026443   data arrival time
---------------------------------------------------------------------------------------------
                                             38.723553   slack (MET)


Startpoint: _163_ (rising edge-triggered flip-flop clocked by clk)
Endpoint: dac_in_n[2] (output port clocked by clk)
Path Group: clk
Path Type: max

Fanout         Cap        Slew       Delay        Time   Description
---------------------------------------------------------------------------------------------
                                  0.000000    0.000000   clock clk (rise edge)
                                  0.000000    0.000000   clock source latency
     1    0.016623    0.080639    0.055110    0.055110 ^ clk (in)
                                                         clk (net)
                      0.080641    0.000000    0.055110 ^ clkbuf_0_clk/A (sky130_fd_sc_hd__clkbuf_16)
     2    0.018507    0.040608    0.137105    0.192215 ^ clkbuf_0_clk/X (sky130_fd_sc_hd__clkbuf_16)
                                                         clknet_0_clk (net)
                      0.040608    0.000129    0.192344 ^ clkbuf_1_0__f_clk/A (sky130_fd_sc_hd__clkbuf_16)
    10    0.038738    0.058627    0.139356    0.331700 ^ clkbuf_1_0__f_clk/X (sky130_fd_sc_hd__clkbuf_16)
                                                         clknet_1_0__leaf_clk (net)
                      0.058644    0.000874    0.332574 ^ _163_/CLK (sky130_fd_sc_hd__dfxtp_1)
     4    0.028437    0.269207    0.469826    0.802399 ^ _163_/Q (sky130_fd_sc_hd__dfxtp_1)
                                                         net14 (net)
                      0.269210    0.001469    0.803869 ^ _079_/A (sky130_fd_sc_hd__inv_2)
     1    0.002302    0.042674    0.040728    0.844597 v _079_/Y (sky130_fd_sc_hd__inv_2)
                                                         net22 (net)
                      0.042674    0.000022    0.844619 v output22/A (sky130_fd_sc_hd__buf_2)
     1    0.034827    0.090658    0.180273    1.024892 v output22/X (sky130_fd_sc_hd__buf_2)
                                                         dac_in_n[2] (net)
                      0.090660    0.000497    1.025390 v dac_in_n[2] (out)
                                              1.025390   data arrival time

                                 50.000000   50.000000   clock clk (rise edge)
                                  0.000000   50.000000   clock network delay (propagated)
                                 -0.250000   49.749996   clock uncertainty
                                  0.000000   49.749996   clock reconvergence pessimism
                                -10.000000   39.749996   output external delay
                                             39.749996   data required time
---------------------------------------------------------------------------------------------
                                             39.749996   data required time
                                             -1.025390   data arrival time
---------------------------------------------------------------------------------------------
                                             38.724606   slack (MET)


Startpoint: _166_ (rising edge-triggered flip-flop clocked by clk)
Endpoint: dac_in_n[5] (output port clocked by clk)
Path Group: clk
Path Type: max

Fanout         Cap        Slew       Delay        Time   Description
---------------------------------------------------------------------------------------------
                                  0.000000    0.000000   clock clk (rise edge)
                                  0.000000    0.000000   clock source latency
     1    0.016623    0.080639    0.055110    0.055110 ^ clk (in)
                                                         clk (net)
                      0.080641    0.000000    0.055110 ^ clkbuf_0_clk/A (sky130_fd_sc_hd__clkbuf_16)
     2    0.018507    0.040608    0.137105    0.192215 ^ clkbuf_0_clk/X (sky130_fd_sc_hd__clkbuf_16)
                                                         clknet_0_clk (net)
                      0.040608    0.000096    0.192312 ^ clkbuf_1_1__f_clk/A (sky130_fd_sc_hd__clkbuf_16)
    12    0.037994    0.057986    0.138858    0.331170 ^ clkbuf_1_1__f_clk/X (sky130_fd_sc_hd__clkbuf_16)
                                                         clknet_1_1__leaf_clk (net)
                      0.057986    0.000248    0.331418 ^ _166_/CLK (sky130_fd_sc_hd__dfxtp_1)
     3    0.019905    0.191916    0.415508    0.746925 ^ _166_/Q (sky130_fd_sc_hd__dfxtp_1)
                                                         net17 (net)
                      0.191916    0.000315    0.747240 ^ _076_/A (sky130_fd_sc_hd__inv_2)
     2    0.012328    0.059781    0.078619    0.825859 v _076_/Y (sky130_fd_sc_hd__inv_2)
                                                         net25 (net)
                      0.059781    0.000102    0.825961 v output25/A (sky130_fd_sc_hd__buf_2)
     1    0.035261    0.091559    0.188544    1.014505 v output25/X (sky130_fd_sc_hd__buf_2)
                                                         dac_in_n[5] (net)
                      0.091562    0.000584    1.015090 v dac_in_n[5] (out)
                                              1.015090   data arrival time

                                 50.000000   50.000000   clock clk (rise edge)
                                  0.000000   50.000000   clock network delay (propagated)
                                 -0.250000   49.749996   clock uncertainty
                                  0.000000   49.749996   clock reconvergence pessimism
                                -10.000000   39.749996   output external delay
                                             39.749996   data required time
---------------------------------------------------------------------------------------------
                                             39.749996   data required time
                                             -1.015090   data arrival time
---------------------------------------------------------------------------------------------
                                             38.734909   slack (MET)


Startpoint: _167_ (rising edge-triggered flip-flop clocked by clk)
Endpoint: dac_in[6] (output port clocked by clk)
Path Group: clk
Path Type: max

Fanout         Cap        Slew       Delay        Time   Description
---------------------------------------------------------------------------------------------
                                  0.000000    0.000000   clock clk (rise edge)
                                  0.000000    0.000000   clock source latency
     1    0.016623    0.080639    0.055110    0.055110 ^ clk (in)
                                                         clk (net)
                      0.080641    0.000000    0.055110 ^ clkbuf_0_clk/A (sky130_fd_sc_hd__clkbuf_16)
     2    0.018507    0.040608    0.137105    0.192215 ^ clkbuf_0_clk/X (sky130_fd_sc_hd__clkbuf_16)
                                                         clknet_0_clk (net)
                      0.040608    0.000129    0.192344 ^ clkbuf_1_0__f_clk/A (sky130_fd_sc_hd__clkbuf_16)
    10    0.038738    0.058627    0.139356    0.331700 ^ clkbuf_1_0__f_clk/X (sky130_fd_sc_hd__clkbuf_16)
                                                         clknet_1_0__leaf_clk (net)
                      0.058627    0.000223    0.331923 ^ _167_/CLK (sky130_fd_sc_hd__dfxtp_1)
     4    0.021649    0.207706    0.426728    0.758650 ^ _167_/Q (sky130_fd_sc_hd__dfxtp_1)
                                                         net18 (net)
                      0.207706    0.000190    0.758840 ^ output18/A (sky130_fd_sc_hd__buf_2)
     1    0.034476    0.171622    0.250534    1.009374 ^ output18/X (sky130_fd_sc_hd__buf_2)
                                                         dac_in[6] (net)
                      0.171622    0.000432    1.009807 ^ dac_in[6] (out)
                                              1.009807   data arrival time

                                 50.000000   50.000000   clock clk (rise edge)
                                  0.000000   50.000000   clock network delay (propagated)
                                 -0.250000   49.749996   clock uncertainty
                                  0.000000   49.749996   clock reconvergence pessimism
                                -10.000000   39.749996   output external delay
                                             39.749996   data required time
---------------------------------------------------------------------------------------------
                                             39.749996   data required time
                                             -1.009807   data arrival time
---------------------------------------------------------------------------------------------
                                             38.740192   slack (MET)


Startpoint: _162_ (rising edge-triggered flip-flop clocked by clk)
Endpoint: dac_in[1] (output port clocked by clk)
Path Group: clk
Path Type: max

Fanout         Cap        Slew       Delay        Time   Description
---------------------------------------------------------------------------------------------
                                  0.000000    0.000000   clock clk (rise edge)
                                  0.000000    0.000000   clock source latency
     1    0.016623    0.080639    0.055110    0.055110 ^ clk (in)
                                                         clk (net)
                      0.080641    0.000000    0.055110 ^ clkbuf_0_clk/A (sky130_fd_sc_hd__clkbuf_16)
     2    0.018507    0.040608    0.137105    0.192215 ^ clkbuf_0_clk/X (sky130_fd_sc_hd__clkbuf_16)
                                                         clknet_0_clk (net)
                      0.040608    0.000096    0.192312 ^ clkbuf_1_1__f_clk/A (sky130_fd_sc_hd__clkbuf_16)
    12    0.037994    0.057986    0.138858    0.331170 ^ clkbuf_1_1__f_clk/X (sky130_fd_sc_hd__clkbuf_16)
                                                         clknet_1_1__leaf_clk (net)
                      0.057987    0.000344    0.331514 ^ _162_/CLK (sky130_fd_sc_hd__dfxtp_1)
     3    0.020772    0.199796    0.420863    0.752377 ^ _162_/Q (sky130_fd_sc_hd__dfxtp_1)
                                                         net13 (net)
                      0.199797    0.000861    0.753238 ^ output13/A (sky130_fd_sc_hd__buf_2)
     1    0.034476    0.171613    0.248396    1.001634 ^ output13/X (sky130_fd_sc_hd__buf_2)
                                                         dac_in[1] (net)
                      0.171613    0.000432    1.002066 ^ dac_in[1] (out)
                                              1.002066   data arrival time

                                 50.000000   50.000000   clock clk (rise edge)
                                  0.000000   50.000000   clock network delay (propagated)
                                 -0.250000   49.749996   clock uncertainty
                                  0.000000   49.749996   clock reconvergence pessimism
                                -10.000000   39.749996   output external delay
                                             39.749996   data required time
---------------------------------------------------------------------------------------------
                                             39.749996   data required time
                                             -1.002066   data arrival time
---------------------------------------------------------------------------------------------
                                             38.747929   slack (MET)


Startpoint: _165_ (rising edge-triggered flip-flop clocked by clk)
Endpoint: dac_in_n[4] (output port clocked by clk)
Path Group: clk
Path Type: max

Fanout         Cap        Slew       Delay        Time   Description
---------------------------------------------------------------------------------------------
                                  0.000000    0.000000   clock clk (rise edge)
                                  0.000000    0.000000   clock source latency
     1    0.016623    0.080639    0.055110    0.055110 ^ clk (in)
                                                         clk (net)
                      0.080641    0.000000    0.055110 ^ clkbuf_0_clk/A (sky130_fd_sc_hd__clkbuf_16)
     2    0.018507    0.040608    0.137105    0.192215 ^ clkbuf_0_clk/X (sky130_fd_sc_hd__clkbuf_16)
                                                         clknet_0_clk (net)
                      0.040608    0.000096    0.192312 ^ clkbuf_1_1__f_clk/A (sky130_fd_sc_hd__clkbuf_16)
    12    0.037994    0.057986    0.138858    0.331170 ^ clkbuf_1_1__f_clk/X (sky130_fd_sc_hd__clkbuf_16)
                                                         clknet_1_1__leaf_clk (net)
                      0.057986    0.000096    0.331265 ^ _165_/CLK (sky130_fd_sc_hd__dfxtp_1)
     3    0.020330    0.195783    0.418130    0.749395 ^ _165_/Q (sky130_fd_sc_hd__dfxtp_1)
                                                         net16 (net)
                      0.195783    0.000270    0.749665 ^ _077_/A (sky130_fd_sc_hd__inv_2)
     2    0.008642    0.051673    0.065478    0.815143 v _077_/Y (sky130_fd_sc_hd__inv_2)
                                                         net24 (net)
                      0.051673    0.000039    0.815182 v output24/A (sky130_fd_sc_hd__buf_2)
     1    0.034508    0.089885    0.183595    0.998778 v output24/X (sky130_fd_sc_hd__buf_2)
                                                         dac_in_n[4] (net)
                      0.089886    0.000444    0.999222 v dac_in_n[4] (out)
                                              0.999222   data arrival time

                                 50.000000   50.000000   clock clk (rise edge)
                                  0.000000   50.000000   clock network delay (propagated)
                                 -0.250000   49.749996   clock uncertainty
                                  0.000000   49.749996   clock reconvergence pessimism
                                -10.000000   39.749996   output external delay
                                             39.749996   data required time
---------------------------------------------------------------------------------------------
                                             39.749996   data required time
                                             -0.999222   data arrival time
---------------------------------------------------------------------------------------------
                                             38.750774   slack (MET)


Startpoint: _165_ (rising edge-triggered flip-flop clocked by clk)
Endpoint: dac_in[4] (output port clocked by clk)
Path Group: clk
Path Type: max

Fanout         Cap        Slew       Delay        Time   Description
---------------------------------------------------------------------------------------------
                                  0.000000    0.000000   clock clk (rise edge)
                                  0.000000    0.000000   clock source latency
     1    0.016623    0.080639    0.055110    0.055110 ^ clk (in)
                                                         clk (net)
                      0.080641    0.000000    0.055110 ^ clkbuf_0_clk/A (sky130_fd_sc_hd__clkbuf_16)
     2    0.018507    0.040608    0.137105    0.192215 ^ clkbuf_0_clk/X (sky130_fd_sc_hd__clkbuf_16)
                                                         clknet_0_clk (net)
                      0.040608    0.000096    0.192312 ^ clkbuf_1_1__f_clk/A (sky130_fd_sc_hd__clkbuf_16)
    12    0.037994    0.057986    0.138858    0.331170 ^ clkbuf_1_1__f_clk/X (sky130_fd_sc_hd__clkbuf_16)
                                                         clknet_1_1__leaf_clk (net)
                      0.057986    0.000096    0.331265 ^ _165_/CLK (sky130_fd_sc_hd__dfxtp_1)
     3    0.020330    0.195783    0.418130    0.749395 ^ _165_/Q (sky130_fd_sc_hd__dfxtp_1)
                                                         net16 (net)
                      0.195783    0.000701    0.750096 ^ output16/A (sky130_fd_sc_hd__buf_2)
     1    0.034476    0.171609    0.247310    0.997406 ^ output16/X (sky130_fd_sc_hd__buf_2)
                                                         dac_in[4] (net)
                      0.171609    0.000432    0.997839 ^ dac_in[4] (out)
                                              0.997839   data arrival time

                                 50.000000   50.000000   clock clk (rise edge)
                                  0.000000   50.000000   clock network delay (propagated)
                                 -0.250000   49.749996   clock uncertainty
                                  0.000000   49.749996   clock reconvergence pessimism
                                -10.000000   39.749996   output external delay
                                             39.749996   data required time
---------------------------------------------------------------------------------------------
                                             39.749996   data required time
                                             -0.997839   data arrival time
---------------------------------------------------------------------------------------------
                                             38.752155   slack (MET)


Startpoint: _166_ (rising edge-triggered flip-flop clocked by clk)
Endpoint: dac_in[5] (output port clocked by clk)
Path Group: clk
Path Type: max

Fanout         Cap        Slew       Delay        Time   Description
---------------------------------------------------------------------------------------------
                                  0.000000    0.000000   clock clk (rise edge)
                                  0.000000    0.000000   clock source latency
     1    0.016623    0.080639    0.055110    0.055110 ^ clk (in)
                                                         clk (net)
                      0.080641    0.000000    0.055110 ^ clkbuf_0_clk/A (sky130_fd_sc_hd__clkbuf_16)
     2    0.018507    0.040608    0.137105    0.192215 ^ clkbuf_0_clk/X (sky130_fd_sc_hd__clkbuf_16)
                                                         clknet_0_clk (net)
                      0.040608    0.000096    0.192312 ^ clkbuf_1_1__f_clk/A (sky130_fd_sc_hd__clkbuf_16)
    12    0.037994    0.057986    0.138858    0.331170 ^ clkbuf_1_1__f_clk/X (sky130_fd_sc_hd__clkbuf_16)
                                                         clknet_1_1__leaf_clk (net)
                      0.057986    0.000248    0.331418 ^ _166_/CLK (sky130_fd_sc_hd__dfxtp_1)
     3    0.019905    0.191916    0.415508    0.746925 ^ _166_/Q (sky130_fd_sc_hd__dfxtp_1)
                                                         net17 (net)
                      0.191916    0.000267    0.747193 ^ output17/A (sky130_fd_sc_hd__buf_2)
     1    0.034476    0.171604    0.246264    0.993457 ^ output17/X (sky130_fd_sc_hd__buf_2)
                                                         dac_in[5] (net)
                      0.171604    0.000432    0.993890 ^ dac_in[5] (out)
                                              0.993890   data arrival time

                                 50.000000   50.000000   clock clk (rise edge)
                                  0.000000   50.000000   clock network delay (propagated)
                                 -0.250000   49.749996   clock uncertainty
                                  0.000000   49.749996   clock reconvergence pessimism
                                -10.000000   39.749996   output external delay
                                             39.749996   data required time
---------------------------------------------------------------------------------------------
                                             39.749996   data required time
                                             -0.993890   data arrival time
---------------------------------------------------------------------------------------------
                                             38.756107   slack (MET)


Startpoint: _162_ (rising edge-triggered flip-flop clocked by clk)
Endpoint: dac_in_n[1] (output port clocked by clk)
Path Group: clk
Path Type: max

Fanout         Cap        Slew       Delay        Time   Description
---------------------------------------------------------------------------------------------
                                  0.000000    0.000000   clock clk (rise edge)
                                  0.000000    0.000000   clock source latency
     1    0.016623    0.080639    0.055110    0.055110 ^ clk (in)
                                                         clk (net)
                      0.080641    0.000000    0.055110 ^ clkbuf_0_clk/A (sky130_fd_sc_hd__clkbuf_16)
     2    0.018507    0.040608    0.137105    0.192215 ^ clkbuf_0_clk/X (sky130_fd_sc_hd__clkbuf_16)
                                                         clknet_0_clk (net)
                      0.040608    0.000096    0.192312 ^ clkbuf_1_1__f_clk/A (sky130_fd_sc_hd__clkbuf_16)
    12    0.037994    0.057986    0.138858    0.331170 ^ clkbuf_1_1__f_clk/X (sky130_fd_sc_hd__clkbuf_16)
                                                         clknet_1_1__leaf_clk (net)
                      0.057987    0.000344    0.331514 ^ _162_/CLK (sky130_fd_sc_hd__dfxtp_1)
     3    0.020772    0.199796    0.420863    0.752377 ^ _162_/Q (sky130_fd_sc_hd__dfxtp_1)
                                                         net13 (net)
                      0.199796    0.000492    0.752868 ^ _080_/A (sky130_fd_sc_hd__inv_2)
     2    0.005658    0.044725    0.054658    0.807526 v _080_/Y (sky130_fd_sc_hd__inv_2)
                                                         net21 (net)
                      0.044725    0.000023    0.807549 v output21/A (sky130_fd_sc_hd__buf_2)
     1    0.034514    0.089948    0.180613    0.988162 v output21/X (sky130_fd_sc_hd__buf_2)
                                                         dac_in_n[1] (net)
                      0.089949    0.000444    0.988606 v dac_in_n[1] (out)
                                              0.988606   data arrival time

                                 50.000000   50.000000   clock clk (rise edge)
                                  0.000000   50.000000   clock network delay (propagated)
                                 -0.250000   49.749996   clock uncertainty
                                  0.000000   49.749996   clock reconvergence pessimism
                                -10.000000   39.749996   output external delay
                                             39.749996   data required time
---------------------------------------------------------------------------------------------
                                             39.749996   data required time
                                             -0.988606   data arrival time
---------------------------------------------------------------------------------------------
                                             38.761391   slack (MET)


Startpoint: _167_ (rising edge-triggered flip-flop clocked by clk)
Endpoint: dac_in_n[6] (output port clocked by clk)
Path Group: clk
Path Type: max

Fanout         Cap        Slew       Delay        Time   Description
---------------------------------------------------------------------------------------------
                                  0.000000    0.000000   clock clk (rise edge)
                                  0.000000    0.000000   clock source latency
     1    0.016623    0.080639    0.055110    0.055110 ^ clk (in)
                                                         clk (net)
                      0.080641    0.000000    0.055110 ^ clkbuf_0_clk/A (sky130_fd_sc_hd__clkbuf_16)
     2    0.018507    0.040608    0.137105    0.192215 ^ clkbuf_0_clk/X (sky130_fd_sc_hd__clkbuf_16)
                                                         clknet_0_clk (net)
                      0.040608    0.000129    0.192344 ^ clkbuf_1_0__f_clk/A (sky130_fd_sc_hd__clkbuf_16)
    10    0.038738    0.058627    0.139356    0.331700 ^ clkbuf_1_0__f_clk/X (sky130_fd_sc_hd__clkbuf_16)
                                                         clknet_1_0__leaf_clk (net)
                      0.058627    0.000223    0.331923 ^ _167_/CLK (sky130_fd_sc_hd__dfxtp_1)
     4    0.021649    0.207706    0.426728    0.758650 ^ _167_/Q (sky130_fd_sc_hd__dfxtp_1)
                                                         net18 (net)
                      0.207706    0.000851    0.759501 ^ _075_/A (sky130_fd_sc_hd__inv_2)
     1    0.002352    0.035737    0.038427    0.797928 v _075_/Y (sky130_fd_sc_hd__inv_2)
                                                         net26 (net)
                      0.035737    0.000023    0.797952 v output26/A (sky130_fd_sc_hd__buf_2)
     1    0.034505    0.089993    0.176724    0.974676 v output26/X (sky130_fd_sc_hd__buf_2)
                                                         dac_in_n[6] (net)
                      0.089994    0.000444    0.975120 v dac_in_n[6] (out)
                                              0.975120   data arrival time

                                 50.000000   50.000000   clock clk (rise edge)
                                  0.000000   50.000000   clock network delay (propagated)
                                 -0.250000   49.749996   clock uncertainty
                                  0.000000   49.749996   clock reconvergence pessimism
                                -10.000000   39.749996   output external delay
                                             39.749996   data required time
---------------------------------------------------------------------------------------------
                                             39.749996   data required time
                                             -0.975120   data arrival time
---------------------------------------------------------------------------------------------
                                             38.774876   slack (MET)


Startpoint: _168_ (rising edge-triggered flip-flop clocked by clk)
Endpoint: dac_in_n[7] (output port clocked by clk)
Path Group: clk
Path Type: max

Fanout         Cap        Slew       Delay        Time   Description
---------------------------------------------------------------------------------------------
                                  0.000000    0.000000   clock clk (rise edge)
                                  0.000000    0.000000   clock source latency
     1    0.016623    0.080639    0.055110    0.055110 ^ clk (in)
                                                         clk (net)
                      0.080641    0.000000    0.055110 ^ clkbuf_0_clk/A (sky130_fd_sc_hd__clkbuf_16)
     2    0.018507    0.040608    0.137105    0.192215 ^ clkbuf_0_clk/X (sky130_fd_sc_hd__clkbuf_16)
                                                         clknet_0_clk (net)
                      0.040608    0.000129    0.192344 ^ clkbuf_1_0__f_clk/A (sky130_fd_sc_hd__clkbuf_16)
    10    0.038738    0.058627    0.139356    0.331700 ^ clkbuf_1_0__f_clk/X (sky130_fd_sc_hd__clkbuf_16)
                                                         clknet_1_0__leaf_clk (net)
                      0.058627    0.000195    0.331895 ^ _168_/CLK (sky130_fd_sc_hd__dfxtp_1)
     3    0.012792    0.067811    0.334926    0.666821 v _168_/Q (sky130_fd_sc_hd__dfxtp_1)
                                                         net19 (net)
                      0.067811    0.000270    0.667091 v _074_/A (sky130_fd_sc_hd__inv_2)
     2    0.015920    0.078405    0.092087    0.759178 ^ _074_/Y (sky130_fd_sc_hd__inv_2)
                                                         net27 (net)
                      0.078406    0.000273    0.759451 ^ output27/A (sky130_fd_sc_hd__buf_2)
     1    0.034473    0.171250    0.211245    0.970696 ^ output27/X (sky130_fd_sc_hd__buf_2)
                                                         dac_in_n[7] (net)
                      0.171250    0.000421    0.971117 ^ dac_in_n[7] (out)
                                              0.971117   data arrival time

                                 50.000000   50.000000   clock clk (rise edge)
                                  0.000000   50.000000   clock network delay (propagated)
                                 -0.250000   49.749996   clock uncertainty
                                  0.000000   49.749996   clock reconvergence pessimism
                                -10.000000   39.749996   output external delay
                                             39.749996   data required time
---------------------------------------------------------------------------------------------
                                             39.749996   data required time
                                             -0.971117   data arrival time
---------------------------------------------------------------------------------------------
                                             38.778881   slack (MET)


Startpoint: _168_ (rising edge-triggered flip-flop clocked by clk)
Endpoint: dac_in[7] (output port clocked by clk)
Path Group: clk
Path Type: max

Fanout         Cap        Slew       Delay        Time   Description
---------------------------------------------------------------------------------------------
                                  0.000000    0.000000   clock clk (rise edge)
                                  0.000000    0.000000   clock source latency
     1    0.016623    0.080639    0.055110    0.055110 ^ clk (in)
                                                         clk (net)
                      0.080641    0.000000    0.055110 ^ clkbuf_0_clk/A (sky130_fd_sc_hd__clkbuf_16)
     2    0.018507    0.040608    0.137105    0.192215 ^ clkbuf_0_clk/X (sky130_fd_sc_hd__clkbuf_16)
                                                         clknet_0_clk (net)
                      0.040608    0.000129    0.192344 ^ clkbuf_1_0__f_clk/A (sky130_fd_sc_hd__clkbuf_16)
    10    0.038738    0.058627    0.139356    0.331700 ^ clkbuf_1_0__f_clk/X (sky130_fd_sc_hd__clkbuf_16)
                                                         clknet_1_0__leaf_clk (net)
                      0.058627    0.000195    0.331895 ^ _168_/CLK (sky130_fd_sc_hd__dfxtp_1)
     3    0.013483    0.134104    0.374508    0.706403 ^ _168_/Q (sky130_fd_sc_hd__dfxtp_1)
                                                         net19 (net)
                      0.134104    0.000036    0.706440 ^ output19/A (sky130_fd_sc_hd__buf_2)
     1    0.034692    0.172555    0.231316    0.937755 ^ output19/X (sky130_fd_sc_hd__buf_2)
                                                         dac_in[7] (net)
                      0.172555    0.000478    0.938234 ^ dac_in[7] (out)
                                              0.938234   data arrival time

                                 50.000000   50.000000   clock clk (rise edge)
                                  0.000000   50.000000   clock network delay (propagated)
                                 -0.250000   49.749996   clock uncertainty
                                  0.000000   49.749996   clock reconvergence pessimism
                                -10.000000   39.749996   output external delay
                                             39.749996   data required time
---------------------------------------------------------------------------------------------
                                             39.749996   data required time
                                             -0.938234   data arrival time
---------------------------------------------------------------------------------------------
                                             38.811764   slack (MET)


Startpoint: _160_ (rising edge-triggered flip-flop clocked by clk)
Endpoint: adc_out[7] (output port clocked by clk)
Path Group: clk
Path Type: max

Fanout         Cap        Slew       Delay        Time   Description
---------------------------------------------------------------------------------------------
                                  0.000000    0.000000   clock clk (rise edge)
                                  0.000000    0.000000   clock source latency
     1    0.016623    0.080639    0.055110    0.055110 ^ clk (in)
                                                         clk (net)
                      0.080641    0.000000    0.055110 ^ clkbuf_0_clk/A (sky130_fd_sc_hd__clkbuf_16)
     2    0.018507    0.040608    0.137105    0.192215 ^ clkbuf_0_clk/X (sky130_fd_sc_hd__clkbuf_16)
                                                         clknet_0_clk (net)
                      0.040608    0.000096    0.192312 ^ clkbuf_1_1__f_clk/A (sky130_fd_sc_hd__clkbuf_16)
    12    0.037994    0.057986    0.138858    0.331170 ^ clkbuf_1_1__f_clk/X (sky130_fd_sc_hd__clkbuf_16)
                                                         clknet_1_1__leaf_clk (net)
                      0.057986    0.000198    0.331368 ^ _160_/CLK (sky130_fd_sc_hd__dfxtp_1)
     2    0.008472    0.089368    0.342034    0.673402 ^ _160_/Q (sky130_fd_sc_hd__dfxtp_1)
                                                         net10 (net)
                      0.089368    0.000146    0.673548 ^ output10/A (sky130_fd_sc_hd__buf_2)
     1    0.034909    0.173332    0.216793    0.890340 ^ output10/X (sky130_fd_sc_hd__buf_2)
                                                         adc_out[7] (net)
                      0.173332    0.000336    0.890677 ^ adc_out[7] (out)
                                              0.890677   data arrival time

                                 50.000000   50.000000   clock clk (rise edge)
                                  0.000000   50.000000   clock network delay (propagated)
                                 -0.250000   49.749996   clock uncertainty
                                  0.000000   49.749996   clock reconvergence pessimism
                                -10.000000   39.749996   output external delay
                                             39.749996   data required time
---------------------------------------------------------------------------------------------
                                             39.749996   data required time
                                             -0.890677   data arrival time
---------------------------------------------------------------------------------------------
                                             38.859322   slack (MET)


Startpoint: _154_ (rising edge-triggered flip-flop clocked by clk)
Endpoint: adc_out[1] (output port clocked by clk)
Path Group: clk
Path Type: max

Fanout         Cap        Slew       Delay        Time   Description
---------------------------------------------------------------------------------------------
                                  0.000000    0.000000   clock clk (rise edge)
                                  0.000000    0.000000   clock source latency
     1    0.016623    0.080639    0.055110    0.055110 ^ clk (in)
                                                         clk (net)
                      0.080641    0.000000    0.055110 ^ clkbuf_0_clk/A (sky130_fd_sc_hd__clkbuf_16)
     2    0.018507    0.040608    0.137105    0.192215 ^ clkbuf_0_clk/X (sky130_fd_sc_hd__clkbuf_16)
                                                         clknet_0_clk (net)
                      0.040608    0.000096    0.192312 ^ clkbuf_1_1__f_clk/A (sky130_fd_sc_hd__clkbuf_16)
    12    0.037994    0.057986    0.138858    0.331170 ^ clkbuf_1_1__f_clk/X (sky130_fd_sc_hd__clkbuf_16)
                                                         clknet_1_1__leaf_clk (net)
                      0.057987    0.000329    0.331499 ^ _154_/CLK (sky130_fd_sc_hd__dfxtp_1)
     2    0.007762    0.083243    0.337347    0.668846 ^ _154_/Q (sky130_fd_sc_hd__dfxtp_1)
                                                         net4 (net)
                      0.083243    0.000158    0.669004 ^ output4/A (sky130_fd_sc_hd__buf_2)
     1    0.034671    0.172165    0.213819    0.882823 ^ output4/X (sky130_fd_sc_hd__buf_2)
                                                         adc_out[1] (net)
                      0.172165    0.000235    0.883057 ^ adc_out[1] (out)
                                              0.883057   data arrival time

                                 50.000000   50.000000   clock clk (rise edge)
                                  0.000000   50.000000   clock network delay (propagated)
                                 -0.250000   49.749996   clock uncertainty
                                  0.000000   49.749996   clock reconvergence pessimism
                                -10.000000   39.749996   output external delay
                                             39.749996   data required time
---------------------------------------------------------------------------------------------
                                             39.749996   data required time
                                             -0.883057   data arrival time
---------------------------------------------------------------------------------------------
                                             38.866936   slack (MET)


Startpoint: _153_ (rising edge-triggered flip-flop clocked by clk)
Endpoint: adc_out[0] (output port clocked by clk)
Path Group: clk
Path Type: max

Fanout         Cap        Slew       Delay        Time   Description
---------------------------------------------------------------------------------------------
                                  0.000000    0.000000   clock clk (rise edge)
                                  0.000000    0.000000   clock source latency
     1    0.016623    0.080639    0.055110    0.055110 ^ clk (in)
                                                         clk (net)
                      0.080641    0.000000    0.055110 ^ clkbuf_0_clk/A (sky130_fd_sc_hd__clkbuf_16)
     2    0.018507    0.040608    0.137105    0.192215 ^ clkbuf_0_clk/X (sky130_fd_sc_hd__clkbuf_16)
                                                         clknet_0_clk (net)
                      0.040608    0.000096    0.192312 ^ clkbuf_1_1__f_clk/A (sky130_fd_sc_hd__clkbuf_16)
    12    0.037994    0.057986    0.138858    0.331170 ^ clkbuf_1_1__f_clk/X (sky130_fd_sc_hd__clkbuf_16)
                                                         clknet_1_1__leaf_clk (net)
                      0.057988    0.000402    0.331571 ^ _153_/CLK (sky130_fd_sc_hd__dfxtp_1)
     2    0.007419    0.080234    0.335105    0.666677 ^ _153_/Q (sky130_fd_sc_hd__dfxtp_1)
                                                         net3 (net)
                      0.080234    0.000134    0.666811 ^ output3/A (sky130_fd_sc_hd__buf_2)
     1    0.034949    0.173480    0.213516    0.880327 ^ output3/X (sky130_fd_sc_hd__buf_2)
                                                         adc_out[0] (net)
                      0.173480    0.000402    0.880729 ^ adc_out[0] (out)
                                              0.880729   data arrival time

                                 50.000000   50.000000   clock clk (rise edge)
                                  0.000000   50.000000   clock network delay (propagated)
                                 -0.250000   49.749996   clock uncertainty
                                  0.000000   49.749996   clock reconvergence pessimism
                                -10.000000   39.749996   output external delay
                                             39.749996   data required time
---------------------------------------------------------------------------------------------
                                             39.749996   data required time
                                             -0.880729   data arrival time
---------------------------------------------------------------------------------------------
                                             38.869267   slack (MET)


Startpoint: _156_ (rising edge-triggered flip-flop clocked by clk)
Endpoint: adc_out[3] (output port clocked by clk)
Path Group: clk
Path Type: max

Fanout         Cap        Slew       Delay        Time   Description
---------------------------------------------------------------------------------------------
                                  0.000000    0.000000   clock clk (rise edge)
                                  0.000000    0.000000   clock source latency
     1    0.016623    0.080639    0.055110    0.055110 ^ clk (in)
                                                         clk (net)
                      0.080641    0.000000    0.055110 ^ clkbuf_0_clk/A (sky130_fd_sc_hd__clkbuf_16)
     2    0.018507    0.040608    0.137105    0.192215 ^ clkbuf_0_clk/X (sky130_fd_sc_hd__clkbuf_16)
                                                         clknet_0_clk (net)
                      0.040608    0.000096    0.192312 ^ clkbuf_1_1__f_clk/A (sky130_fd_sc_hd__clkbuf_16)
    12    0.037994    0.057986    0.138858    0.331170 ^ clkbuf_1_1__f_clk/X (sky130_fd_sc_hd__clkbuf_16)
                                                         clknet_1_1__leaf_clk (net)
                      0.057988    0.000406    0.331576 ^ _156_/CLK (sky130_fd_sc_hd__dfxtp_1)
     2    0.007074    0.077211    0.332816    0.664392 ^ _156_/Q (sky130_fd_sc_hd__dfxtp_1)
                                                         net6 (net)
                      0.077211    0.000139    0.664531 ^ output6/A (sky130_fd_sc_hd__buf_2)
     1    0.034033    0.169139    0.209520    0.874051 ^ output6/X (sky130_fd_sc_hd__buf_2)
                                                         adc_out[3] (net)
                      0.169139    0.000172    0.874223 ^ adc_out[3] (out)
                                              0.874223   data arrival time

                                 50.000000   50.000000   clock clk (rise edge)
                                  0.000000   50.000000   clock network delay (propagated)
                                 -0.250000   49.749996   clock uncertainty
                                  0.000000   49.749996   clock reconvergence pessimism
                                -10.000000   39.749996   output external delay
                                             39.749996   data required time
---------------------------------------------------------------------------------------------
                                             39.749996   data required time
                                             -0.874223   data arrival time
---------------------------------------------------------------------------------------------
                                             38.875774   slack (MET)


Startpoint: _159_ (rising edge-triggered flip-flop clocked by clk)
Endpoint: adc_out[6] (output port clocked by clk)
Path Group: clk
Path Type: max

Fanout         Cap        Slew       Delay        Time   Description
---------------------------------------------------------------------------------------------
                                  0.000000    0.000000   clock clk (rise edge)
                                  0.000000    0.000000   clock source latency
     1    0.016623    0.080639    0.055110    0.055110 ^ clk (in)
                                                         clk (net)
                      0.080641    0.000000    0.055110 ^ clkbuf_0_clk/A (sky130_fd_sc_hd__clkbuf_16)
     2    0.018507    0.040608    0.137105    0.192215 ^ clkbuf_0_clk/X (sky130_fd_sc_hd__clkbuf_16)
                                                         clknet_0_clk (net)
                      0.040608    0.000096    0.192312 ^ clkbuf_1_1__f_clk/A (sky130_fd_sc_hd__clkbuf_16)
    12    0.037994    0.057986    0.138858    0.331170 ^ clkbuf_1_1__f_clk/X (sky130_fd_sc_hd__clkbuf_16)
                                                         clknet_1_1__leaf_clk (net)
                      0.057994    0.000623    0.331793 ^ _159_/CLK (sky130_fd_sc_hd__dfxtp_1)
     2    0.006342    0.070802    0.328010    0.659803 ^ _159_/Q (sky130_fd_sc_hd__dfxtp_1)
                                                         net9 (net)
                      0.070802    0.000078    0.659880 ^ output9/A (sky130_fd_sc_hd__buf_2)
     1    0.034333    0.170506    0.208135    0.868015 ^ output9/X (sky130_fd_sc_hd__buf_2)
                                                         adc_out[6] (net)
                      0.170506    0.000198    0.868214 ^ adc_out[6] (out)
                                              0.868214   data arrival time

                                 50.000000   50.000000   clock clk (rise edge)
                                  0.000000   50.000000   clock network delay (propagated)
                                 -0.250000   49.749996   clock uncertainty
                                  0.000000   49.749996   clock reconvergence pessimism
                                -10.000000   39.749996   output external delay
                                             39.749996   data required time
---------------------------------------------------------------------------------------------
                                             39.749996   data required time
                                             -0.868214   data arrival time
---------------------------------------------------------------------------------------------
                                             38.881783   slack (MET)


Startpoint: _155_ (rising edge-triggered flip-flop clocked by clk)
Endpoint: adc_out[2] (output port clocked by clk)
Path Group: clk
Path Type: max

Fanout         Cap        Slew       Delay        Time   Description
---------------------------------------------------------------------------------------------
                                  0.000000    0.000000   clock clk (rise edge)
                                  0.000000    0.000000   clock source latency
     1    0.016623    0.080639    0.055110    0.055110 ^ clk (in)
                                                         clk (net)
                      0.080641    0.000000    0.055110 ^ clkbuf_0_clk/A (sky130_fd_sc_hd__clkbuf_16)
     2    0.018507    0.040608    0.137105    0.192215 ^ clkbuf_0_clk/X (sky130_fd_sc_hd__clkbuf_16)
                                                         clknet_0_clk (net)
                      0.040608    0.000096    0.192312 ^ clkbuf_1_1__f_clk/A (sky130_fd_sc_hd__clkbuf_16)
    12    0.037994    0.057986    0.138858    0.331170 ^ clkbuf_1_1__f_clk/X (sky130_fd_sc_hd__clkbuf_16)
                                                         clknet_1_1__leaf_clk (net)
                      0.057991    0.000518    0.331688 ^ _155_/CLK (sky130_fd_sc_hd__dfxtp_1)
     2    0.005679    0.065028    0.323639    0.655328 ^ _155_/Q (sky130_fd_sc_hd__dfxtp_1)
                                                         net5 (net)
                      0.065028    0.000072    0.655400 ^ output5/A (sky130_fd_sc_hd__buf_2)
     1    0.034021    0.169014    0.204991    0.860391 ^ output5/X (sky130_fd_sc_hd__buf_2)
                                                         adc_out[2] (net)
                      0.169014    0.000172    0.860563 ^ adc_out[2] (out)
                                              0.860563   data arrival time

                                 50.000000   50.000000   clock clk (rise edge)
                                  0.000000   50.000000   clock network delay (propagated)
                                 -0.250000   49.749996   clock uncertainty
                                  0.000000   49.749996   clock reconvergence pessimism
                                -10.000000   39.749996   output external delay
                                             39.749996   data required time
---------------------------------------------------------------------------------------------
                                             39.749996   data required time
                                             -0.860563   data arrival time
---------------------------------------------------------------------------------------------
                                             38.889435   slack (MET)


Startpoint: _157_ (rising edge-triggered flip-flop clocked by clk)
Endpoint: adc_out[4] (output port clocked by clk)
Path Group: clk
Path Type: max

Fanout         Cap        Slew       Delay        Time   Description
---------------------------------------------------------------------------------------------
                                  0.000000    0.000000   clock clk (rise edge)
                                  0.000000    0.000000   clock source latency
     1    0.016623    0.080639    0.055110    0.055110 ^ clk (in)
                                                         clk (net)
                      0.080641    0.000000    0.055110 ^ clkbuf_0_clk/A (sky130_fd_sc_hd__clkbuf_16)
     2    0.018507    0.040608    0.137105    0.192215 ^ clkbuf_0_clk/X (sky130_fd_sc_hd__clkbuf_16)
                                                         clknet_0_clk (net)
                      0.040608    0.000096    0.192312 ^ clkbuf_1_1__f_clk/A (sky130_fd_sc_hd__clkbuf_16)
    12    0.037994    0.057986    0.138858    0.331170 ^ clkbuf_1_1__f_clk/X (sky130_fd_sc_hd__clkbuf_16)
                                                         clknet_1_1__leaf_clk (net)
                      0.057993    0.000587    0.331756 ^ _157_/CLK (sky130_fd_sc_hd__dfxtp_1)
     2    0.005395    0.062570    0.321777    0.653533 ^ _157_/Q (sky130_fd_sc_hd__dfxtp_1)
                                                         net7 (net)
                      0.062570    0.000067    0.653600 ^ output7/A (sky130_fd_sc_hd__buf_2)
     1    0.034025    0.169015    0.204096    0.857696 ^ output7/X (sky130_fd_sc_hd__buf_2)
                                                         adc_out[4] (net)
                      0.169015    0.000172    0.857868 ^ adc_out[4] (out)
                                              0.857868   data arrival time

                                 50.000000   50.000000   clock clk (rise edge)
                                  0.000000   50.000000   clock network delay (propagated)
                                 -0.250000   49.749996   clock uncertainty
                                  0.000000   49.749996   clock reconvergence pessimism
                                -10.000000   39.749996   output external delay
                                             39.749996   data required time
---------------------------------------------------------------------------------------------
                                             39.749996   data required time
                                             -0.857868   data arrival time
---------------------------------------------------------------------------------------------
                                             38.892128   slack (MET)


Startpoint: _158_ (rising edge-triggered flip-flop clocked by clk)
Endpoint: adc_out[5] (output port clocked by clk)
Path Group: clk
Path Type: max

Fanout         Cap        Slew       Delay        Time   Description
---------------------------------------------------------------------------------------------
                                  0.000000    0.000000   clock clk (rise edge)
                                  0.000000    0.000000   clock source latency
     1    0.016623    0.080639    0.055110    0.055110 ^ clk (in)
                                                         clk (net)
                      0.080641    0.000000    0.055110 ^ clkbuf_0_clk/A (sky130_fd_sc_hd__clkbuf_16)
     2    0.018507    0.040608    0.137105    0.192215 ^ clkbuf_0_clk/X (sky130_fd_sc_hd__clkbuf_16)
                                                         clknet_0_clk (net)
                      0.040608    0.000096    0.192312 ^ clkbuf_1_1__f_clk/A (sky130_fd_sc_hd__clkbuf_16)
    12    0.037994    0.057986    0.138858    0.331170 ^ clkbuf_1_1__f_clk/X (sky130_fd_sc_hd__clkbuf_16)
                                                         clknet_1_1__leaf_clk (net)
                      0.057994    0.000621    0.331791 ^ _158_/CLK (sky130_fd_sc_hd__dfxtp_1)
     2    0.005177    0.060683    0.320343    0.652134 ^ _158_/Q (sky130_fd_sc_hd__dfxtp_1)
                                                         net8 (net)
                      0.060683    0.000050    0.652184 ^ output8/A (sky130_fd_sc_hd__buf_2)
     1    0.034028    0.169022    0.203414    0.855598 ^ output8/X (sky130_fd_sc_hd__buf_2)
                                                         adc_out[5] (net)
                      0.169022    0.000172    0.855770 ^ adc_out[5] (out)
                                              0.855770   data arrival time

                                 50.000000   50.000000   clock clk (rise edge)
                                  0.000000   50.000000   clock network delay (propagated)
                                 -0.250000   49.749996   clock uncertainty
                                  0.000000   49.749996   clock reconvergence pessimism
                                -10.000000   39.749996   output external delay
                                             39.749996   data required time
---------------------------------------------------------------------------------------------
                                             39.749996   data required time
                                             -0.855770   data arrival time
---------------------------------------------------------------------------------------------
                                             38.894226   slack (MET)


Startpoint: rst_n (input port clocked by clk)
Endpoint: _160_ (rising edge-triggered flip-flop clocked by clk)
Path Group: clk
Path Type: max

Fanout         Cap        Slew       Delay        Time   Description
---------------------------------------------------------------------------------------------
                                  0.000000    0.000000   clock clk (rise edge)
                                  0.000000    0.000000   clock network delay (propagated)
                                 10.000000   10.000000 ^ input external delay
     1    0.003446    0.022531    0.012566   10.012567 ^ rst_n (in)
                                                         rst_n (net)
                      0.022531    0.000000   10.012567 ^ input2/A (sky130_fd_sc_hd__buf_1)
     2    0.020857    0.248182    0.214655   10.227221 ^ input2/X (sky130_fd_sc_hd__buf_1)
                                                         net2 (net)
                      0.248191    0.001271   10.228492 ^ _102_/C1 (sky130_fd_sc_hd__o211a_1)
     1    0.002120    0.039002    0.178360   10.406853 ^ _102_/X (sky130_fd_sc_hd__o211a_1)
                                                         _009_ (net)
                      0.039002    0.000019   10.406871 ^ hold3/A (sky130_fd_sc_hd__dlygate4sd3_1)
     1    0.002166    0.047824    0.526931   10.933802 ^ hold3/X (sky130_fd_sc_hd__dlygate4sd3_1)
                                                         net38 (net)
                      0.047824    0.000020   10.933823 ^ _160_/D (sky130_fd_sc_hd__dfxtp_1)
                                             10.933823   data arrival time

                                 50.000000   50.000000   clock clk (rise edge)
                                  0.000000   50.000000   clock source latency
     1    0.016623    0.080639    0.055110   50.055107 ^ clk (in)
                                                         clk (net)
                      0.080641    0.000000   50.055107 ^ clkbuf_0_clk/A (sky130_fd_sc_hd__clkbuf_16)
     2    0.018507    0.040608    0.137106   50.192215 ^ clkbuf_0_clk/X (sky130_fd_sc_hd__clkbuf_16)
                                                         clknet_0_clk (net)
                      0.040608    0.000096   50.192310 ^ clkbuf_1_1__f_clk/A (sky130_fd_sc_hd__clkbuf_16)
    12    0.037994    0.057986    0.138858   50.331169 ^ clkbuf_1_1__f_clk/X (sky130_fd_sc_hd__clkbuf_16)
                                                         clknet_1_1__leaf_clk (net)
                      0.057986    0.000199   50.331367 ^ _160_/CLK (sky130_fd_sc_hd__dfxtp_1)
                                 -0.250000   50.081367   clock uncertainty
                                  0.000000   50.081367   clock reconvergence pessimism
                                 -0.052792   50.028572   library setup time
                                             50.028572   data required time
---------------------------------------------------------------------------------------------
                                             50.028572   data required time
                                            -10.933823   data arrival time
---------------------------------------------------------------------------------------------
                                             39.094753   slack (MET)


Startpoint: rst_n (input port clocked by clk)
Endpoint: _153_ (rising edge-triggered flip-flop clocked by clk)
Path Group: clk
Path Type: max

Fanout         Cap        Slew       Delay        Time   Description
---------------------------------------------------------------------------------------------
                                  0.000000    0.000000   clock clk (rise edge)
                                  0.000000    0.000000   clock network delay (propagated)
                                 10.000000   10.000000 ^ input external delay
     1    0.003446    0.022531    0.012566   10.012567 ^ rst_n (in)
                                                         rst_n (net)
                      0.022531    0.000000   10.012567 ^ input2/A (sky130_fd_sc_hd__buf_1)
     2    0.020857    0.248182    0.214655   10.227221 ^ input2/X (sky130_fd_sc_hd__buf_1)
                                                         net2 (net)
                      0.248188    0.001060   10.228281 ^ fanout34/A (sky130_fd_sc_hd__buf_2)
    10    0.036973    0.183093    0.269349   10.497630 ^ fanout34/X (sky130_fd_sc_hd__buf_2)
                                                         net34 (net)
                      0.183098    0.001190   10.498820 ^ _088_/C1 (sky130_fd_sc_hd__o211a_1)
     1    0.002223    0.039970    0.162757   10.661577 ^ _088_/X (sky130_fd_sc_hd__o211a_1)
                                                         _002_ (net)
                      0.039970    0.000022   10.661599 ^ _153_/D (sky130_fd_sc_hd__dfxtp_1)
                                             10.661599   data arrival time

                                 50.000000   50.000000   clock clk (rise edge)
                                  0.000000   50.000000   clock source latency
     1    0.016623    0.080639    0.055110   50.055107 ^ clk (in)
                                                         clk (net)
                      0.080641    0.000000   50.055107 ^ clkbuf_0_clk/A (sky130_fd_sc_hd__clkbuf_16)
     2    0.018507    0.040608    0.137106   50.192215 ^ clkbuf_0_clk/X (sky130_fd_sc_hd__clkbuf_16)
                                                         clknet_0_clk (net)
                      0.040608    0.000096   50.192310 ^ clkbuf_1_1__f_clk/A (sky130_fd_sc_hd__clkbuf_16)
    12    0.037994    0.057986    0.138858   50.331169 ^ clkbuf_1_1__f_clk/X (sky130_fd_sc_hd__clkbuf_16)
                                                         clknet_1_1__leaf_clk (net)
                      0.057988    0.000401   50.331570 ^ _153_/CLK (sky130_fd_sc_hd__dfxtp_1)
                                 -0.250000   50.081570   clock uncertainty
                                  0.000000   50.081570   clock reconvergence pessimism
                                 -0.050982   50.030586   library setup time
                                             50.030586   data required time
---------------------------------------------------------------------------------------------
                                             50.030586   data required time
                                            -10.661599   data arrival time
---------------------------------------------------------------------------------------------
                                             39.368988   slack (MET)


Startpoint: rst_n (input port clocked by clk)
Endpoint: _159_ (rising edge-triggered flip-flop clocked by clk)
Path Group: clk
Path Type: max

Fanout         Cap        Slew       Delay        Time   Description
---------------------------------------------------------------------------------------------
                                  0.000000    0.000000   clock clk (rise edge)
                                  0.000000    0.000000   clock network delay (propagated)
                                 10.000000   10.000000 ^ input external delay
     1    0.003446    0.022531    0.012566   10.012567 ^ rst_n (in)
                                                         rst_n (net)
                      0.022531    0.000000   10.012567 ^ input2/A (sky130_fd_sc_hd__buf_1)
     2    0.020857    0.248182    0.214655   10.227221 ^ input2/X (sky130_fd_sc_hd__buf_1)
                                                         net2 (net)
                      0.248188    0.001060   10.228281 ^ fanout34/A (sky130_fd_sc_hd__buf_2)
    10    0.036973    0.183093    0.269349   10.497630 ^ fanout34/X (sky130_fd_sc_hd__buf_2)
                                                         net34 (net)
                      0.183100    0.001359   10.498989 ^ _100_/C1 (sky130_fd_sc_hd__o211a_1)
     1    0.002173    0.038755    0.162368   10.661357 ^ _100_/X (sky130_fd_sc_hd__o211a_1)
                                                         _008_ (net)
                      0.038755    0.000020   10.661377 ^ _159_/D (sky130_fd_sc_hd__dfxtp_1)
                                             10.661377   data arrival time

                                 50.000000   50.000000   clock clk (rise edge)
                                  0.000000   50.000000   clock source latency
     1    0.016623    0.080639    0.055110   50.055107 ^ clk (in)
                                                         clk (net)
                      0.080641    0.000000   50.055107 ^ clkbuf_0_clk/A (sky130_fd_sc_hd__clkbuf_16)
     2    0.018507    0.040608    0.137106   50.192215 ^ clkbuf_0_clk/X (sky130_fd_sc_hd__clkbuf_16)
                                                         clknet_0_clk (net)
                      0.040608    0.000096   50.192310 ^ clkbuf_1_1__f_clk/A (sky130_fd_sc_hd__clkbuf_16)
    12    0.037994    0.057986    0.138858   50.331169 ^ clkbuf_1_1__f_clk/X (sky130_fd_sc_hd__clkbuf_16)
                                                         clknet_1_1__leaf_clk (net)
                      0.057994    0.000622   50.331791 ^ _159_/CLK (sky130_fd_sc_hd__dfxtp_1)
                                 -0.250000   50.081791   clock uncertainty
                                  0.000000   50.081791   clock reconvergence pessimism
                                 -0.050701   50.031090   library setup time
                                             50.031090   data required time
---------------------------------------------------------------------------------------------
                                             50.031090   data required time
                                            -10.661377   data arrival time
---------------------------------------------------------------------------------------------
                                             39.369709   slack (MET)


Startpoint: rst_n (input port clocked by clk)
Endpoint: _155_ (rising edge-triggered flip-flop clocked by clk)
Path Group: clk
Path Type: max

Fanout         Cap        Slew       Delay        Time   Description
---------------------------------------------------------------------------------------------
                                  0.000000    0.000000   clock clk (rise edge)
                                  0.000000    0.000000   clock network delay (propagated)
                                 10.000000   10.000000 ^ input external delay
     1    0.003446    0.022531    0.012566   10.012567 ^ rst_n (in)
                                                         rst_n (net)
                      0.022531    0.000000   10.012567 ^ input2/A (sky130_fd_sc_hd__buf_1)
     2    0.020857    0.248182    0.214655   10.227221 ^ input2/X (sky130_fd_sc_hd__buf_1)
                                                         net2 (net)
                      0.248188    0.001060   10.228281 ^ fanout34/A (sky130_fd_sc_hd__buf_2)
    10    0.036973    0.183093    0.269349   10.497630 ^ fanout34/X (sky130_fd_sc_hd__buf_2)
                                                         net34 (net)
                      0.183099    0.001271   10.498900 ^ _092_/C1 (sky130_fd_sc_hd__o211a_1)
     1    0.001995    0.038331    0.160982   10.659883 ^ _092_/X (sky130_fd_sc_hd__o211a_1)
                                                         _004_ (net)
                      0.038331    0.000017   10.659900 ^ _155_/D (sky130_fd_sc_hd__dfxtp_1)
                                             10.659900   data arrival time

                                 50.000000   50.000000   clock clk (rise edge)
                                  0.000000   50.000000   clock source latency
     1    0.016623    0.080639    0.055110   50.055107 ^ clk (in)
                                                         clk (net)
                      0.080641    0.000000   50.055107 ^ clkbuf_0_clk/A (sky130_fd_sc_hd__clkbuf_16)
     2    0.018507    0.040608    0.137106   50.192215 ^ clkbuf_0_clk/X (sky130_fd_sc_hd__clkbuf_16)
                                                         clknet_0_clk (net)
                      0.040608    0.000096   50.192310 ^ clkbuf_1_1__f_clk/A (sky130_fd_sc_hd__clkbuf_16)
    12    0.037994    0.057986    0.138858   50.331169 ^ clkbuf_1_1__f_clk/X (sky130_fd_sc_hd__clkbuf_16)
                                                         clknet_1_1__leaf_clk (net)
                      0.057991    0.000519   50.331688 ^ _155_/CLK (sky130_fd_sc_hd__dfxtp_1)
                                 -0.250000   50.081684   clock uncertainty
                                  0.000000   50.081684   clock reconvergence pessimism
                                 -0.050604   50.031082   library setup time
                                             50.031082   data required time
---------------------------------------------------------------------------------------------
                                             50.031082   data required time
                                            -10.659900   data arrival time
---------------------------------------------------------------------------------------------
                                             39.371181   slack (MET)


Startpoint: rst_n (input port clocked by clk)
Endpoint: _157_ (rising edge-triggered flip-flop clocked by clk)
Path Group: clk
Path Type: max

Fanout         Cap        Slew       Delay        Time   Description
---------------------------------------------------------------------------------------------
                                  0.000000    0.000000   clock clk (rise edge)
                                  0.000000    0.000000   clock network delay (propagated)
                                 10.000000   10.000000 ^ input external delay
     1    0.003446    0.022531    0.012566   10.012567 ^ rst_n (in)
                                                         rst_n (net)
                      0.022531    0.000000   10.012567 ^ input2/A (sky130_fd_sc_hd__buf_1)
     2    0.020857    0.248182    0.214655   10.227221 ^ input2/X (sky130_fd_sc_hd__buf_1)
                                                         net2 (net)
                      0.248188    0.001060   10.228281 ^ fanout34/A (sky130_fd_sc_hd__buf_2)
    10    0.036973    0.183093    0.269349   10.497630 ^ fanout34/X (sky130_fd_sc_hd__buf_2)
                                                         net34 (net)
                      0.183099    0.001309   10.498939 ^ _096_/C1 (sky130_fd_sc_hd__o211a_1)
     1    0.002004    0.037442    0.161050   10.659988 ^ _096_/X (sky130_fd_sc_hd__o211a_1)
                                                         _006_ (net)
                      0.037442    0.000018   10.660007 ^ _157_/D (sky130_fd_sc_hd__dfxtp_1)
                                             10.660007   data arrival time

                                 50.000000   50.000000   clock clk (rise edge)
                                  0.000000   50.000000   clock source latency
     1    0.016623    0.080639    0.055110   50.055107 ^ clk (in)
                                                         clk (net)
                      0.080641    0.000000   50.055107 ^ clkbuf_0_clk/A (sky130_fd_sc_hd__clkbuf_16)
     2    0.018507    0.040608    0.137106   50.192215 ^ clkbuf_0_clk/X (sky130_fd_sc_hd__clkbuf_16)
                                                         clknet_0_clk (net)
                      0.040608    0.000096   50.192310 ^ clkbuf_1_1__f_clk/A (sky130_fd_sc_hd__clkbuf_16)
    12    0.037994    0.057986    0.138858   50.331169 ^ clkbuf_1_1__f_clk/X (sky130_fd_sc_hd__clkbuf_16)
                                                         clknet_1_1__leaf_clk (net)
                      0.057993    0.000586   50.331753 ^ _157_/CLK (sky130_fd_sc_hd__dfxtp_1)
                                 -0.250000   50.081753   clock uncertainty
                                  0.000000   50.081753   clock reconvergence pessimism
                                 -0.050398   50.031353   library setup time
                                             50.031353   data required time
---------------------------------------------------------------------------------------------
                                             50.031353   data required time
                                            -10.660007   data arrival time
---------------------------------------------------------------------------------------------
                                             39.371349   slack (MET)


Startpoint: rst_n (input port clocked by clk)
Endpoint: _156_ (rising edge-triggered flip-flop clocked by clk)
Path Group: clk
Path Type: max

Fanout         Cap        Slew       Delay        Time   Description
---------------------------------------------------------------------------------------------
                                  0.000000    0.000000   clock clk (rise edge)
                                  0.000000    0.000000   clock network delay (propagated)
                                 10.000000   10.000000 ^ input external delay
     1    0.003446    0.022531    0.012566   10.012567 ^ rst_n (in)
                                                         rst_n (net)
                      0.022531    0.000000   10.012567 ^ input2/A (sky130_fd_sc_hd__buf_1)
     2    0.020857    0.248182    0.214655   10.227221 ^ input2/X (sky130_fd_sc_hd__buf_1)
                                                         net2 (net)
                      0.248188    0.001060   10.228281 ^ fanout34/A (sky130_fd_sc_hd__buf_2)
    10    0.036973    0.183093    0.269349   10.497630 ^ fanout34/X (sky130_fd_sc_hd__buf_2)
                                                         net34 (net)
                      0.183096    0.001060   10.498690 ^ _094_/C1 (sky130_fd_sc_hd__o211a_1)
     1    0.001982    0.037736    0.160881   10.659571 ^ _094_/X (sky130_fd_sc_hd__o211a_1)
                                                         _005_ (net)
                      0.037736    0.000017   10.659587 ^ _156_/D (sky130_fd_sc_hd__dfxtp_1)
                                             10.659587   data arrival time

                                 50.000000   50.000000   clock clk (rise edge)
                                  0.000000   50.000000   clock source latency
     1    0.016623    0.080639    0.055110   50.055107 ^ clk (in)
                                                         clk (net)
                      0.080641    0.000000   50.055107 ^ clkbuf_0_clk/A (sky130_fd_sc_hd__clkbuf_16)
     2    0.018507    0.040608    0.137106   50.192215 ^ clkbuf_0_clk/X (sky130_fd_sc_hd__clkbuf_16)
                                                         clknet_0_clk (net)
                      0.040608    0.000096   50.192310 ^ clkbuf_1_1__f_clk/A (sky130_fd_sc_hd__clkbuf_16)
    12    0.037994    0.057986    0.138858   50.331169 ^ clkbuf_1_1__f_clk/X (sky130_fd_sc_hd__clkbuf_16)
                                                         clknet_1_1__leaf_clk (net)
                      0.057988    0.000405   50.331573 ^ _156_/CLK (sky130_fd_sc_hd__dfxtp_1)
                                 -0.250000   50.081573   clock uncertainty
                                  0.000000   50.081573   clock reconvergence pessimism
                                 -0.050467   50.031105   library setup time
                                             50.031105   data required time
---------------------------------------------------------------------------------------------
                                             50.031105   data required time
                                            -10.659587   data arrival time
---------------------------------------------------------------------------------------------
                                             39.371517   slack (MET)


Startpoint: rst_n (input port clocked by clk)
Endpoint: _158_ (rising edge-triggered flip-flop clocked by clk)
Path Group: clk
Path Type: max

Fanout         Cap        Slew       Delay        Time   Description
---------------------------------------------------------------------------------------------
                                  0.000000    0.000000   clock clk (rise edge)
                                  0.000000    0.000000   clock network delay (propagated)
                                 10.000000   10.000000 ^ input external delay
     1    0.003446    0.022531    0.012566   10.012567 ^ rst_n (in)
                                                         rst_n (net)
                      0.022531    0.000000   10.012567 ^ input2/A (sky130_fd_sc_hd__buf_1)
     2    0.020857    0.248182    0.214655   10.227221 ^ input2/X (sky130_fd_sc_hd__buf_1)
                                                         net2 (net)
                      0.248188    0.001060   10.228281 ^ fanout34/A (sky130_fd_sc_hd__buf_2)
    10    0.036973    0.183093    0.269349   10.497630 ^ fanout34/X (sky130_fd_sc_hd__buf_2)
                                                         net34 (net)
                      0.183100    0.001336   10.498965 ^ _098_/C1 (sky130_fd_sc_hd__o211a_1)
     1    0.001949    0.038063    0.160632   10.659597 ^ _098_/X (sky130_fd_sc_hd__o211a_1)
                                                         _007_ (net)
                      0.038063    0.000009   10.659606 ^ _158_/D (sky130_fd_sc_hd__dfxtp_1)
                                             10.659606   data arrival time

                                 50.000000   50.000000   clock clk (rise edge)
                                  0.000000   50.000000   clock source latency
     1    0.016623    0.080639    0.055110   50.055107 ^ clk (in)
                                                         clk (net)
                      0.080641    0.000000   50.055107 ^ clkbuf_0_clk/A (sky130_fd_sc_hd__clkbuf_16)
     2    0.018507    0.040608    0.137106   50.192215 ^ clkbuf_0_clk/X (sky130_fd_sc_hd__clkbuf_16)
                                                         clknet_0_clk (net)
                      0.040608    0.000096   50.192310 ^ clkbuf_1_1__f_clk/A (sky130_fd_sc_hd__clkbuf_16)
    12    0.037994    0.057986    0.138858   50.331169 ^ clkbuf_1_1__f_clk/X (sky130_fd_sc_hd__clkbuf_16)
                                                         clknet_1_1__leaf_clk (net)
                      0.057994    0.000622   50.331791 ^ _158_/CLK (sky130_fd_sc_hd__dfxtp_1)
                                 -0.250000   50.081791   clock uncertainty
                                  0.000000   50.081791   clock reconvergence pessimism
                                 -0.050541   50.031250   library setup time
                                             50.031250   data required time
---------------------------------------------------------------------------------------------
                                             50.031250   data required time
                                            -10.659606   data arrival time
---------------------------------------------------------------------------------------------
                                             39.371643   slack (MET)


Startpoint: rst_n (input port clocked by clk)
Endpoint: _154_ (rising edge-triggered flip-flop clocked by clk)
Path Group: clk
Path Type: max

Fanout         Cap        Slew       Delay        Time   Description
---------------------------------------------------------------------------------------------
                                  0.000000    0.000000   clock clk (rise edge)
                                  0.000000    0.000000   clock network delay (propagated)
                                 10.000000   10.000000 ^ input external delay
     1    0.003446    0.022531    0.012566   10.012567 ^ rst_n (in)
                                                         rst_n (net)
                      0.022531    0.000000   10.012567 ^ input2/A (sky130_fd_sc_hd__buf_1)
     2    0.020857    0.248182    0.214655   10.227221 ^ input2/X (sky130_fd_sc_hd__buf_1)
                                                         net2 (net)
                      0.248188    0.001060   10.228281 ^ fanout34/A (sky130_fd_sc_hd__buf_2)
    10    0.036973    0.183093    0.269349   10.497630 ^ fanout34/X (sky130_fd_sc_hd__buf_2)
                                                         net34 (net)
                      0.183094    0.000780   10.498409 ^ _090_/C1 (sky130_fd_sc_hd__o211a_1)
     1    0.001891    0.036717    0.160166   10.658576 ^ _090_/X (sky130_fd_sc_hd__o211a_1)
                                                         _003_ (net)
                      0.036717    0.000016   10.658591 ^ _154_/D (sky130_fd_sc_hd__dfxtp_1)
                                             10.658591   data arrival time

                                 50.000000   50.000000   clock clk (rise edge)
                                  0.000000   50.000000   clock source latency
     1    0.016623    0.080639    0.055110   50.055107 ^ clk (in)
                                                         clk (net)
                      0.080641    0.000000   50.055107 ^ clkbuf_0_clk/A (sky130_fd_sc_hd__clkbuf_16)
     2    0.018507    0.040608    0.137106   50.192215 ^ clkbuf_0_clk/X (sky130_fd_sc_hd__clkbuf_16)
                                                         clknet_0_clk (net)
                      0.040608    0.000096   50.192310 ^ clkbuf_1_1__f_clk/A (sky130_fd_sc_hd__clkbuf_16)
    12    0.037994    0.057986    0.138858   50.331169 ^ clkbuf_1_1__f_clk/X (sky130_fd_sc_hd__clkbuf_16)
                                                         clknet_1_1__leaf_clk (net)
                      0.057987    0.000330   50.331497 ^ _154_/CLK (sky130_fd_sc_hd__dfxtp_1)
                                 -0.250000   50.081497   clock uncertainty
                                  0.000000   50.081497   clock reconvergence pessimism
                                 -0.050232   50.031265   library setup time
                                             50.031265   data required time
---------------------------------------------------------------------------------------------
                                             50.031265   data required time
                                            -10.658591   data arrival time
---------------------------------------------------------------------------------------------
                                             39.372673   slack (MET)



%OL_END_REPORT
%OL_CREATE_REPORT checks.rpt

===========================================================================
report_checks -unconstrained
===========================================================================
======================= min_tt_025C_1v80 Corner ===================================

Startpoint: _152_ (rising edge-triggered flip-flop clocked by clk')
Endpoint: comparator_clk (output port clocked by clk)
Path Group: clk
Path Type: max

Fanout         Cap        Slew       Delay        Time   Description
---------------------------------------------------------------------------------------------
                                 25.000000   25.000000   clock clk' (rise edge)
                                  0.000000   25.000000   clock source latency
     1    0.015629    0.036627    0.025322   25.025322 v clk (in)
                                                         clk (net)
                      0.036631    0.000000   25.025322 v clkbuf_0_clk/A (sky130_fd_sc_hd__clkbuf_16)
     2    0.016519    0.033145    0.140487   25.165808 v clkbuf_0_clk/X (sky130_fd_sc_hd__clkbuf_16)
                                                         clknet_0_clk (net)
                      0.033145    0.000085   25.165894 v clkbuf_1_1__f_clk/A (sky130_fd_sc_hd__clkbuf_16)
    12    0.035813    0.044066    0.152371   25.318264 v clkbuf_1_1__f_clk/X (sky130_fd_sc_hd__clkbuf_16)
                                                         clknet_1_1__leaf_clk (net)
                      0.044066    0.000206   25.318470 v _083__1/A (sky130_fd_sc_hd__inv_2)
     1    0.002306    0.021284    0.038035   25.356504 ^ _083__1/Y (sky130_fd_sc_hd__inv_2)
                                                         net35 (net)
                      0.021284    0.000021   25.356527 ^ _152_/CLK (sky130_fd_sc_hd__dfxtp_1)
     3    0.013929    0.138076    0.363622   25.720148 ^ _152_/Q (sky130_fd_sc_hd__dfxtp_1)
                                                         net11 (net)
                      0.138076    0.000203   25.720350 ^ output11/A (sky130_fd_sc_hd__buf_2)
     1    0.035238    0.175080    0.234282   25.954634 ^ output11/X (sky130_fd_sc_hd__buf_2)
                                                         comparator_clk (net)
                      0.175080    0.000366   25.954998 ^ comparator_clk (out)
                                             25.954998   data arrival time

                                 50.000000   50.000000   clock clk (rise edge)
                                  0.000000   50.000000   clock network delay (propagated)
                                 -0.250000   49.749996   clock uncertainty
                                  0.000000   49.749996   clock reconvergence pessimism
                                -10.000000   39.749996   output external delay
                                             39.749996   data required time
---------------------------------------------------------------------------------------------
                                             39.749996   data required time
                                            -25.954998   data arrival time
---------------------------------------------------------------------------------------------
                                             13.794997   slack (MET)




===========================================================================
report_checks --slack_max -0.01
============================================================================
======================= min_tt_025C_1v80 Corner ===================================

No paths found.


===========================================================================
 report_check_types -max_slew -max_cap -max_fanout -violators
============================================================================
======================= min_tt_025C_1v80 Corner ===================================

max fanout

Pin                                   Limit Fanout  Slack
---------------------------------------------------------
clkbuf_1_1__f_clk/X                      10     12     -2 (VIOLATED)



===========================================================================
report_parasitic_annotation -report_unannotated
============================================================================
Found 1 unannotated drivers.
 clkload0/Y
Found 0 partially unannotated drivers.

===========================================================================
max slew violation count 0
%OL_METRIC_I design__max_slew_violation__count__corner:min_tt_025C_1v80 0
max fanout violation count 1
%OL_METRIC_I design__max_fanout_violation__count__corner:min_tt_025C_1v80 1
max cap violation count 0
%OL_METRIC_I design__max_cap_violation__count__corner:min_tt_025C_1v80 0
============================================================================

===========================================================================
check_setup -verbose -unconstrained_endpoints -multiple_clock -no_clock -no_input_delay -loops -generated_clocks
===========================================================================
%OL_END_REPORT
%OL_CREATE_REPORT power.rpt

===========================================================================
 report_power
============================================================================
======================= min_tt_025C_1v80 Corner ===================================

Group                    Internal    Switching      Leakage        Total
                            Power        Power        Power        Power (Watts)
------------------------------------------------------------------------
Sequential           1.716535e-05 4.948876e-07 1.708741e-10 1.766041e-05  44.8%
Combinational        1.508023e-06 3.038557e-06 5.039776e-10 4.547084e-06  11.5%
Clock                1.090906e-05 6.320949e-06 4.204500e-10 1.723043e-05  43.7%
Macro                0.000000e+00 0.000000e+00 0.000000e+00 0.000000e+00   0.0%
Pad                  0.000000e+00 0.000000e+00 0.000000e+00 0.000000e+00   0.0%
------------------------------------------------------------------------
Total                2.958243e-05 9.854394e-06 1.095302e-09 3.943792e-05 100.0%
                            75.0%        25.0%         0.0%
%OL_METRIC_F power__internal__total 2.9582432034658268e-5
%OL_METRIC_F power__switching__total 9.854394193098415e-6
%OL_METRIC_F power__leakage__total 1.0953018492187994e-9
%OL_METRIC_F power__total 3.9437920349882916e-5

%OL_END_REPORT
%OL_CREATE_REPORT skew.min.rpt

===========================================================================
Clock Skew (Hold)
============================================================================
%OL_METRIC_F clock__skew__worst_hold__corner:min_tt_025C_1v80 -0.25053743122584504
======================= min_tt_025C_1v80 Corner ===================================

Clock clk
0.332056 source latency _169_/CLK ^
-0.332593 target latency _164_/CLK ^
-0.250000 clock uncertainty
0.000000 CRPR
--------------
-0.250537 hold skew

%OL_END_REPORT
%OL_CREATE_REPORT skew.max.rpt

===========================================================================
Clock Skew (Setup)
============================================================================
%OL_METRIC_F clock__skew__worst_setup__corner:min_tt_025C_1v80 0.275261848883321
======================= min_tt_025C_1v80 Corner ===================================

Clock clk
0.356527 source latency _152_/CLK ^
-0.331265 target latency _165_/CLK ^
0.250000 clock uncertainty
0.000000 CRPR
--------------
0.275262 setup skew

%OL_END_REPORT
%OL_CREATE_REPORT ws.min.rpt

===========================================================================
Worst Slack (Hold)
============================================================================
%OL_METRIC_F timing__hold__ws__corner:min_tt_025C_1v80 0.34854253802985813
min_tt_025C_1v80: 0.34854253802985813
%OL_END_REPORT
%OL_CREATE_REPORT ws.max.rpt

===========================================================================
Worst Slack (Setup)
============================================================================
%OL_METRIC_F timing__setup__ws__corner:min_tt_025C_1v80 13.794997534749704
min_tt_025C_1v80: 13.794997534749704
%OL_END_REPORT
%OL_CREATE_REPORT tns.min.rpt

===========================================================================
Total Negative Slack (Hold)
============================================================================
%OL_METRIC_F timing__hold__tns__corner:min_tt_025C_1v80 0.0
min_tt_025C_1v80: 0.0
%OL_END_REPORT
%OL_CREATE_REPORT tns.max.rpt

===========================================================================
Total Negative Slack (Setup)
============================================================================
%OL_METRIC_F timing__setup__tns__corner:min_tt_025C_1v80 0.0
min_tt_025C_1v80: 0.0
%OL_END_REPORT
%OL_CREATE_REPORT wns.min.rpt

===========================================================================
Worst Negative Slack (Hold)
============================================================================
%OL_METRIC_F timing__hold__wns__corner:min_tt_025C_1v80 0
min_tt_025C_1v80: 0
%OL_END_REPORT
%OL_CREATE_REPORT wns.max.rpt

===========================================================================
Worst Negative Slack (Setup)
============================================================================
%OL_METRIC_F timing__setup__wns__corner:min_tt_025C_1v80 0.0
min_tt_025C_1v80: 0.0
%OL_END_REPORT
%OL_CREATE_REPORT violator_list.rpt

===========================================================================
Violator List
============================================================================
%OL_METRIC_I timing__hold_vio__count__corner:min_tt_025C_1v80 0
%OL_METRIC_F timing__hold_r2r__ws__corner:min_tt_025C_1v80 0.348543
%OL_METRIC_I timing__hold_r2r_vio__count__corner:min_tt_025C_1v80 0
%OL_METRIC_I timing__setup_vio__count__corner:min_tt_025C_1v80 0
%OL_METRIC_F timing__setup_r2r__ws__corner:min_tt_025C_1v80 23.248632
%OL_METRIC_I timing__setup_r2r_vio__count__corner:min_tt_025C_1v80 0
%OL_END_REPORT
%OL_CREATE_REPORT unpropagated.rpt
%OL_END_REPORT
%OL_CREATE_REPORT clock.rpt
Clock: clk
Sources: clk 
Generated: no
Virtual: yes
Propagated: no
Period: 50.000000

===========================================================================
report_clock_properties
============================================================================
Clock                   Period          Waveform
----------------------------------------------------
clk                  50.000000    0.000000 25.000000

===========================================================================
report_clock_latency
============================================================================
Clock clk
rise -> rise
    min     max
0.000000 0.000000 source latency
0.331265         network latency _165_/CLK
        0.332593 network latency _164_/CLK
---------------
0.331265 0.332593 latency
        0.001328 skew

rise -> fall
    min     max
0.000000 0.000000 source latency
0.357949         network latency _152_/CLK
        0.357949 network latency _152_/CLK
---------------
0.357949 0.357949 latency
        0.000000 skew

fall -> rise
    min     max
0.000000 0.000000 source latency
0.356527         network latency _152_/CLK
        0.356527 network latency _152_/CLK
---------------
0.356527 0.356527 latency
        0.000000 skew

fall -> fall
    min     max
0.000000 0.000000 source latency
0.318355         network latency _165_/CLK
        0.319085 network latency _164_/CLK
---------------
0.318355 0.319085 latency
        0.000730 skew



===========================================================================
report_clock_min_period
============================================================================
clk period_min = 2.31 fmax = 433.02
%OL_END_REPORT
Writing SDF files for all corners…
Removing Clock latencies before writing libs…
Writing timing models for all corners…
Writing timing models for the min_tt_025C_1v80 corner to /home/dt/Documents/madvlsi/final/schematics/controller/librelane/runs/RUN_2025-12-16_17-02-26/54-openroad-stapostpnr/min_tt_025C_1v80/controller__min_tt_025C_1v80.lib…
