
===========================================================================
report_checks -path_delay min (Hold)
============================================================================
======================= max_ff_n40C_1v95 Corner ===================================

Startpoint: _153_ (rising edge-triggered flip-flop clocked by clk)
Endpoint: _153_ (rising edge-triggered flip-flop clocked by clk)
Path Group: clk
Path Type: min

Fanout         Cap        Slew       Delay        Time   Description
---------------------------------------------------------------------------------------------
                                  0.000000    0.000000   clock clk (rise edge)
                                  0.000000    0.000000   clock source latency
     1    0.017883    0.064704    0.044287    0.044287 ^ clk (in)
                                                         clk (net)
                      0.064720    0.000000    0.044287 ^ clkbuf_0_clk/A (sky130_fd_sc_hd__clkbuf_16)
     2    0.019173    0.030883    0.093203    0.137489 ^ clkbuf_0_clk/X (sky130_fd_sc_hd__clkbuf_16)
                                                         clknet_0_clk (net)
                      0.030893    0.000718    0.138207 ^ clkbuf_1_1__f_clk/A (sky130_fd_sc_hd__clkbuf_16)
    12    0.039427    0.044537    0.096038    0.234245 ^ clkbuf_1_1__f_clk/X (sky130_fd_sc_hd__clkbuf_16)
                                                         clknet_1_1__leaf_clk (net)
                      0.044822    0.002169    0.236414 ^ _153_/CLK (sky130_fd_sc_hd__dfxtp_1)
     2    0.008871    0.069358    0.217548    0.453962 ^ _153_/Q (sky130_fd_sc_hd__dfxtp_1)
                                                         net3 (net)
                      0.069361    0.000536    0.454498 ^ _087_/A (sky130_fd_sc_hd__or2_1)
     1    0.003738    0.035132    0.072864    0.527362 ^ _087_/X (sky130_fd_sc_hd__or2_1)
                                                         _051_ (net)
                      0.035134    0.000270    0.527632 ^ _088_/B1 (sky130_fd_sc_hd__o211a_1)
     1    0.002351    0.024629    0.064499    0.592132 ^ _088_/X (sky130_fd_sc_hd__o211a_1)
                                                         _002_ (net)
                      0.024632    0.000161    0.592293 ^ _153_/D (sky130_fd_sc_hd__dfxtp_1)
                                              0.592293   data arrival time

                                  0.000000    0.000000   clock clk (rise edge)
                                  0.000000    0.000000   clock source latency
     1    0.017883    0.064704    0.044287    0.044287 ^ clk (in)
                                                         clk (net)
                      0.064720    0.000000    0.044287 ^ clkbuf_0_clk/A (sky130_fd_sc_hd__clkbuf_16)
     2    0.019173    0.030883    0.093203    0.137489 ^ clkbuf_0_clk/X (sky130_fd_sc_hd__clkbuf_16)
                                                         clknet_0_clk (net)
                      0.030893    0.000718    0.138207 ^ clkbuf_1_1__f_clk/A (sky130_fd_sc_hd__clkbuf_16)
    12    0.039427    0.044537    0.096038    0.234245 ^ clkbuf_1_1__f_clk/X (sky130_fd_sc_hd__clkbuf_16)
                                                         clknet_1_1__leaf_clk (net)
                      0.044822    0.002169    0.236414 ^ _153_/CLK (sky130_fd_sc_hd__dfxtp_1)
                                  0.250000    0.486414   clock uncertainty
                                  0.000000    0.486414   clock reconvergence pessimism
                                 -0.016520    0.469893   library hold time
                                              0.469893   data required time
---------------------------------------------------------------------------------------------
                                              0.469893   data required time
                                             -0.592293   data arrival time
---------------------------------------------------------------------------------------------
                                              0.122400   slack (MET)


Startpoint: _154_ (rising edge-triggered flip-flop clocked by clk)
Endpoint: _154_ (rising edge-triggered flip-flop clocked by clk)
Path Group: clk
Path Type: min

Fanout         Cap        Slew       Delay        Time   Description
---------------------------------------------------------------------------------------------
                                  0.000000    0.000000   clock clk (rise edge)
                                  0.000000    0.000000   clock source latency
     1    0.017883    0.064704    0.044287    0.044287 ^ clk (in)
                                                         clk (net)
                      0.064720    0.000000    0.044287 ^ clkbuf_0_clk/A (sky130_fd_sc_hd__clkbuf_16)
     2    0.019173    0.030883    0.093203    0.137489 ^ clkbuf_0_clk/X (sky130_fd_sc_hd__clkbuf_16)
                                                         clknet_0_clk (net)
                      0.030893    0.000718    0.138207 ^ clkbuf_1_1__f_clk/A (sky130_fd_sc_hd__clkbuf_16)
    12    0.039427    0.044537    0.096038    0.234245 ^ clkbuf_1_1__f_clk/X (sky130_fd_sc_hd__clkbuf_16)
                                                         clknet_1_1__leaf_clk (net)
                      0.044794    0.001969    0.236213 ^ _154_/CLK (sky130_fd_sc_hd__dfxtp_1)
     2    0.010489    0.080153    0.225232    0.461446 ^ _154_/Q (sky130_fd_sc_hd__dfxtp_1)
                                                         net4 (net)
                      0.080157    0.000628    0.462074 ^ _089_/A (sky130_fd_sc_hd__or2_1)
     1    0.004020    0.037068    0.076056    0.538130 ^ _089_/X (sky130_fd_sc_hd__or2_1)
                                                         _052_ (net)
                      0.037069    0.000270    0.538400 ^ _090_/B1 (sky130_fd_sc_hd__o211a_1)
     1    0.002214    0.023926    0.064241    0.602641 ^ _090_/X (sky130_fd_sc_hd__o211a_1)
                                                         _003_ (net)
                      0.023927    0.000152    0.602793 ^ _154_/D (sky130_fd_sc_hd__dfxtp_1)
                                              0.602793   data arrival time

                                  0.000000    0.000000   clock clk (rise edge)
                                  0.000000    0.000000   clock source latency
     1    0.017883    0.064704    0.044287    0.044287 ^ clk (in)
                                                         clk (net)
                      0.064720    0.000000    0.044287 ^ clkbuf_0_clk/A (sky130_fd_sc_hd__clkbuf_16)
     2    0.019173    0.030883    0.093203    0.137489 ^ clkbuf_0_clk/X (sky130_fd_sc_hd__clkbuf_16)
                                                         clknet_0_clk (net)
                      0.030893    0.000718    0.138207 ^ clkbuf_1_1__f_clk/A (sky130_fd_sc_hd__clkbuf_16)
    12    0.039427    0.044537    0.096038    0.234245 ^ clkbuf_1_1__f_clk/X (sky130_fd_sc_hd__clkbuf_16)
                                                         clknet_1_1__leaf_clk (net)
                      0.044794    0.001969    0.236213 ^ _154_/CLK (sky130_fd_sc_hd__dfxtp_1)
                                  0.250000    0.486213   clock uncertainty
                                  0.000000    0.486213   clock reconvergence pessimism
                                 -0.016471    0.469742   library hold time
                                              0.469742   data required time
---------------------------------------------------------------------------------------------
                                              0.469742   data required time
                                             -0.602793   data arrival time
---------------------------------------------------------------------------------------------
                                              0.133051   slack (MET)


Startpoint: _166_ (rising edge-triggered flip-flop clocked by clk)
Endpoint: _158_ (rising edge-triggered flip-flop clocked by clk)
Path Group: clk
Path Type: min

Fanout         Cap        Slew       Delay        Time   Description
---------------------------------------------------------------------------------------------
                                  0.000000    0.000000   clock clk (rise edge)
                                  0.000000    0.000000   clock source latency
     1    0.017883    0.064704    0.044287    0.044287 ^ clk (in)
                                                         clk (net)
                      0.064720    0.000000    0.044287 ^ clkbuf_0_clk/A (sky130_fd_sc_hd__clkbuf_16)
     2    0.019173    0.030883    0.093203    0.137489 ^ clkbuf_0_clk/X (sky130_fd_sc_hd__clkbuf_16)
                                                         clknet_0_clk (net)
                      0.030893    0.000718    0.138207 ^ clkbuf_1_1__f_clk/A (sky130_fd_sc_hd__clkbuf_16)
    12    0.039427    0.044537    0.096038    0.234245 ^ clkbuf_1_1__f_clk/X (sky130_fd_sc_hd__clkbuf_16)
                                                         clknet_1_1__leaf_clk (net)
                      0.044726    0.001411    0.235656 ^ _166_/CLK (sky130_fd_sc_hd__dfxtp_1)
     3    0.020396    0.147818    0.272242    0.507898 ^ _166_/Q (sky130_fd_sc_hd__dfxtp_1)
                                                         net17 (net)
                      0.147828    0.001356    0.509254 ^ _098_/A1 (sky130_fd_sc_hd__o211a_1)
     1    0.002060    0.023113    0.097870    0.607123 ^ _098_/X (sky130_fd_sc_hd__o211a_1)
                                                         _007_ (net)
                      0.023113    0.000096    0.607220 ^ _158_/D (sky130_fd_sc_hd__dfxtp_1)
                                              0.607220   data arrival time

                                  0.000000    0.000000   clock clk (rise edge)
                                  0.000000    0.000000   clock source latency
     1    0.017883    0.064704    0.044287    0.044287 ^ clk (in)
                                                         clk (net)
                      0.064720    0.000000    0.044287 ^ clkbuf_0_clk/A (sky130_fd_sc_hd__clkbuf_16)
     2    0.019173    0.030883    0.093203    0.137489 ^ clkbuf_0_clk/X (sky130_fd_sc_hd__clkbuf_16)
                                                         clknet_0_clk (net)
                      0.030893    0.000718    0.138207 ^ clkbuf_1_1__f_clk/A (sky130_fd_sc_hd__clkbuf_16)
    12    0.039427    0.044537    0.096038    0.234245 ^ clkbuf_1_1__f_clk/X (sky130_fd_sc_hd__clkbuf_16)
                                                         clknet_1_1__leaf_clk (net)
                      0.044890    0.002614    0.236858 ^ _158_/CLK (sky130_fd_sc_hd__dfxtp_1)
                                  0.250000    0.486858   clock uncertainty
                                  0.000000    0.486858   clock reconvergence pessimism
                                 -0.016412    0.470447   library hold time
                                              0.470447   data required time
---------------------------------------------------------------------------------------------
                                              0.470447   data required time
                                             -0.607220   data arrival time
---------------------------------------------------------------------------------------------
                                              0.136773   slack (MET)


Startpoint: _165_ (rising edge-triggered flip-flop clocked by clk)
Endpoint: _157_ (rising edge-triggered flip-flop clocked by clk)
Path Group: clk
Path Type: min

Fanout         Cap        Slew       Delay        Time   Description
---------------------------------------------------------------------------------------------
                                  0.000000    0.000000   clock clk (rise edge)
                                  0.000000    0.000000   clock source latency
     1    0.017883    0.064704    0.044287    0.044287 ^ clk (in)
                                                         clk (net)
                      0.064720    0.000000    0.044287 ^ clkbuf_0_clk/A (sky130_fd_sc_hd__clkbuf_16)
     2    0.019173    0.030883    0.093203    0.137489 ^ clkbuf_0_clk/X (sky130_fd_sc_hd__clkbuf_16)
                                                         clknet_0_clk (net)
                      0.030893    0.000718    0.138207 ^ clkbuf_1_1__f_clk/A (sky130_fd_sc_hd__clkbuf_16)
    12    0.039427    0.044537    0.096038    0.234245 ^ clkbuf_1_1__f_clk/X (sky130_fd_sc_hd__clkbuf_16)
                                                         clknet_1_1__leaf_clk (net)
                      0.044685    0.001001    0.235246 ^ _165_/CLK (sky130_fd_sc_hd__dfxtp_1)
     3    0.025244    0.180981    0.295189    0.530435 ^ _165_/Q (sky130_fd_sc_hd__dfxtp_1)
                                                         net16 (net)
                      0.180981    0.000719    0.531154 ^ _096_/A1 (sky130_fd_sc_hd__o211a_1)
     1    0.002034    0.022959    0.099871    0.631025 ^ _096_/X (sky130_fd_sc_hd__o211a_1)
                                                         _006_ (net)
                      0.022959    0.000145    0.631170 ^ _157_/D (sky130_fd_sc_hd__dfxtp_1)
                                              0.631170   data arrival time

                                  0.000000    0.000000   clock clk (rise edge)
                                  0.000000    0.000000   clock source latency
     1    0.017883    0.064704    0.044287    0.044287 ^ clk (in)
                                                         clk (net)
                      0.064720    0.000000    0.044287 ^ clkbuf_0_clk/A (sky130_fd_sc_hd__clkbuf_16)
     2    0.019173    0.030883    0.093203    0.137489 ^ clkbuf_0_clk/X (sky130_fd_sc_hd__clkbuf_16)
                                                         clknet_0_clk (net)
                      0.030893    0.000718    0.138207 ^ clkbuf_1_1__f_clk/A (sky130_fd_sc_hd__clkbuf_16)
    12    0.039427    0.044537    0.096038    0.234245 ^ clkbuf_1_1__f_clk/X (sky130_fd_sc_hd__clkbuf_16)
                                                         clknet_1_1__leaf_clk (net)
                      0.044881    0.002557    0.236802 ^ _157_/CLK (sky130_fd_sc_hd__dfxtp_1)
                                  0.250000    0.486802   clock uncertainty
                                  0.000000    0.486802   clock reconvergence pessimism
                                 -0.016401    0.470401   library hold time
                                              0.470401   data required time
---------------------------------------------------------------------------------------------
                                              0.470401   data required time
                                             -0.631170   data arrival time
---------------------------------------------------------------------------------------------
                                              0.160769   slack (MET)


Startpoint: _167_ (rising edge-triggered flip-flop clocked by clk)
Endpoint: _159_ (rising edge-triggered flip-flop clocked by clk)
Path Group: clk
Path Type: min

Fanout         Cap        Slew       Delay        Time   Description
---------------------------------------------------------------------------------------------
                                  0.000000    0.000000   clock clk (rise edge)
                                  0.000000    0.000000   clock source latency
     1    0.017883    0.064704    0.044287    0.044287 ^ clk (in)
                                                         clk (net)
                      0.064720    0.000000    0.044287 ^ clkbuf_0_clk/A (sky130_fd_sc_hd__clkbuf_16)
     2    0.019173    0.030883    0.093203    0.137489 ^ clkbuf_0_clk/X (sky130_fd_sc_hd__clkbuf_16)
                                                         clknet_0_clk (net)
                      0.030894    0.000773    0.138262 ^ clkbuf_1_0__f_clk/A (sky130_fd_sc_hd__clkbuf_16)
    10    0.040130    0.045101    0.096221    0.234484 ^ clkbuf_1_0__f_clk/X (sky130_fd_sc_hd__clkbuf_16)
                                                         clknet_1_0__leaf_clk (net)
                      0.045319    0.002344    0.236828 ^ _167_/CLK (sky130_fd_sc_hd__dfxtp_1)
     4    0.025146    0.180395    0.294460    0.531288 ^ _167_/Q (sky130_fd_sc_hd__dfxtp_1)
                                                         net18 (net)
                      0.180431    0.002479    0.533767 ^ _100_/A1 (sky130_fd_sc_hd__o211a_1)
     1    0.002344    0.024581    0.101534    0.635301 ^ _100_/X (sky130_fd_sc_hd__o211a_1)
                                                         _008_ (net)
                      0.024584    0.000168    0.635469 ^ _159_/D (sky130_fd_sc_hd__dfxtp_1)
                                              0.635469   data arrival time

                                  0.000000    0.000000   clock clk (rise edge)
                                  0.000000    0.000000   clock source latency
     1    0.017883    0.064704    0.044287    0.044287 ^ clk (in)
                                                         clk (net)
                      0.064720    0.000000    0.044287 ^ clkbuf_0_clk/A (sky130_fd_sc_hd__clkbuf_16)
     2    0.019173    0.030883    0.093203    0.137489 ^ clkbuf_0_clk/X (sky130_fd_sc_hd__clkbuf_16)
                                                         clknet_0_clk (net)
                      0.030893    0.000718    0.138207 ^ clkbuf_1_1__f_clk/A (sky130_fd_sc_hd__clkbuf_16)
    12    0.039427    0.044537    0.096038    0.234245 ^ clkbuf_1_1__f_clk/X (sky130_fd_sc_hd__clkbuf_16)
                                                         clknet_1_1__leaf_clk (net)
                      0.044892    0.002627    0.236872 ^ _159_/CLK (sky130_fd_sc_hd__dfxtp_1)
                                  0.250000    0.486872   clock uncertainty
                                  0.000000    0.486872   clock reconvergence pessimism
                                 -0.016515    0.470357   library hold time
                                              0.470357   data required time
---------------------------------------------------------------------------------------------
                                              0.470357   data required time
                                             -0.635469   data arrival time
---------------------------------------------------------------------------------------------
                                              0.165112   slack (MET)


Startpoint: _164_ (rising edge-triggered flip-flop clocked by clk)
Endpoint: _156_ (rising edge-triggered flip-flop clocked by clk)
Path Group: clk
Path Type: min

Fanout         Cap        Slew       Delay        Time   Description
---------------------------------------------------------------------------------------------
                                  0.000000    0.000000   clock clk (rise edge)
                                  0.000000    0.000000   clock source latency
     1    0.017883    0.064704    0.044287    0.044287 ^ clk (in)
                                                         clk (net)
                      0.064720    0.000000    0.044287 ^ clkbuf_0_clk/A (sky130_fd_sc_hd__clkbuf_16)
     2    0.019173    0.030883    0.093203    0.137489 ^ clkbuf_0_clk/X (sky130_fd_sc_hd__clkbuf_16)
                                                         clknet_0_clk (net)
                      0.030894    0.000773    0.138262 ^ clkbuf_1_0__f_clk/A (sky130_fd_sc_hd__clkbuf_16)
    10    0.040130    0.045101    0.096221    0.234484 ^ clkbuf_1_0__f_clk/X (sky130_fd_sc_hd__clkbuf_16)
                                                         clknet_1_0__leaf_clk (net)
                      0.045356    0.002568    0.237052 ^ _164_/CLK (sky130_fd_sc_hd__dfxtp_1)
     3    0.025765    0.183980    0.297256    0.534307 ^ _164_/Q (sky130_fd_sc_hd__dfxtp_1)
                                                         net15 (net)
                      0.184048    0.003342    0.537650 ^ _094_/A1 (sky130_fd_sc_hd__o211a_1)
     1    0.002048    0.023038    0.100149    0.637798 ^ _094_/X (sky130_fd_sc_hd__o211a_1)
                                                         _005_ (net)
                      0.023038    0.000144    0.637943 ^ _156_/D (sky130_fd_sc_hd__dfxtp_1)
                                              0.637943   data arrival time

                                  0.000000    0.000000   clock clk (rise edge)
                                  0.000000    0.000000   clock source latency
     1    0.017883    0.064704    0.044287    0.044287 ^ clk (in)
                                                         clk (net)
                      0.064720    0.000000    0.044287 ^ clkbuf_0_clk/A (sky130_fd_sc_hd__clkbuf_16)
     2    0.019173    0.030883    0.093203    0.137489 ^ clkbuf_0_clk/X (sky130_fd_sc_hd__clkbuf_16)
                                                         clknet_0_clk (net)
                      0.030893    0.000718    0.138207 ^ clkbuf_1_1__f_clk/A (sky130_fd_sc_hd__clkbuf_16)
    12    0.039427    0.044537    0.096038    0.234245 ^ clkbuf_1_1__f_clk/X (sky130_fd_sc_hd__clkbuf_16)
                                                         clknet_1_1__leaf_clk (net)
                      0.044835    0.002260    0.236504 ^ _156_/CLK (sky130_fd_sc_hd__dfxtp_1)
                                  0.250000    0.486504   clock uncertainty
                                  0.000000    0.486504   clock reconvergence pessimism
                                 -0.016408    0.470097   library hold time
                                              0.470097   data required time
---------------------------------------------------------------------------------------------
                                              0.470097   data required time
                                             -0.637943   data arrival time
---------------------------------------------------------------------------------------------
                                              0.167846   slack (MET)


Startpoint: _168_ (rising edge-triggered flip-flop clocked by clk)
Endpoint: _168_ (rising edge-triggered flip-flop clocked by clk)
Path Group: clk
Path Type: min

Fanout         Cap        Slew       Delay        Time   Description
---------------------------------------------------------------------------------------------
                                  0.000000    0.000000   clock clk (rise edge)
                                  0.000000    0.000000   clock source latency
     1    0.017883    0.064704    0.044287    0.044287 ^ clk (in)
                                                         clk (net)
                      0.064720    0.000000    0.044287 ^ clkbuf_0_clk/A (sky130_fd_sc_hd__clkbuf_16)
     2    0.019173    0.030883    0.093203    0.137489 ^ clkbuf_0_clk/X (sky130_fd_sc_hd__clkbuf_16)
                                                         clknet_0_clk (net)
                      0.030894    0.000773    0.138262 ^ clkbuf_1_0__f_clk/A (sky130_fd_sc_hd__clkbuf_16)
    10    0.040130    0.045101    0.096221    0.234484 ^ clkbuf_1_0__f_clk/X (sky130_fd_sc_hd__clkbuf_16)
                                                         clknet_1_0__leaf_clk (net)
                      0.045283    0.002115    0.236599 ^ _168_/CLK (sky130_fd_sc_hd__dfxtp_1)
     3    0.013772    0.102517    0.241116    0.477715 ^ _168_/Q (sky130_fd_sc_hd__dfxtp_1)
                                                         net19 (net)
                      0.102524    0.000904    0.478619 ^ _074_/A (sky130_fd_sc_hd__inv_2)
     2    0.017452    0.044440    0.045781    0.524400 v _074_/Y (sky130_fd_sc_hd__inv_2)
                                                         net27 (net)
                      0.044463    0.000793    0.525193 v _142_/B1 (sky130_fd_sc_hd__a21oi_1)
     1    0.003808    0.057015    0.062354    0.587547 ^ _142_/Y (sky130_fd_sc_hd__a21oi_1)
                                                         _041_ (net)
                      0.057016    0.000257    0.587804 ^ _143_/B1 (sky130_fd_sc_hd__a211o_1)
     1    0.002005    0.021627    0.057624    0.645428 ^ _143_/X (sky130_fd_sc_hd__a211o_1)
                                                         _017_ (net)
                      0.021628    0.000143    0.645571 ^ _168_/D (sky130_fd_sc_hd__dfxtp_1)
                                              0.645571   data arrival time

                                  0.000000    0.000000   clock clk (rise edge)
                                  0.000000    0.000000   clock source latency
     1    0.017883    0.064704    0.044287    0.044287 ^ clk (in)
                                                         clk (net)
                      0.064720    0.000000    0.044287 ^ clkbuf_0_clk/A (sky130_fd_sc_hd__clkbuf_16)
     2    0.019173    0.030883    0.093203    0.137489 ^ clkbuf_0_clk/X (sky130_fd_sc_hd__clkbuf_16)
                                                         clknet_0_clk (net)
                      0.030894    0.000773    0.138262 ^ clkbuf_1_0__f_clk/A (sky130_fd_sc_hd__clkbuf_16)
    10    0.040130    0.045101    0.096221    0.234484 ^ clkbuf_1_0__f_clk/X (sky130_fd_sc_hd__clkbuf_16)
                                                         clknet_1_0__leaf_clk (net)
                      0.045283    0.002115    0.236599 ^ _168_/CLK (sky130_fd_sc_hd__dfxtp_1)
                                  0.250000    0.486599   clock uncertainty
                                  0.000000    0.486599   clock reconvergence pessimism
                                 -0.016297    0.470301   library hold time
                                              0.470301   data required time
---------------------------------------------------------------------------------------------
                                              0.470301   data required time
                                             -0.645571   data arrival time
---------------------------------------------------------------------------------------------
                                              0.175269   slack (MET)


Startpoint: _166_ (rising edge-triggered flip-flop clocked by clk)
Endpoint: _166_ (rising edge-triggered flip-flop clocked by clk)
Path Group: clk
Path Type: min

Fanout         Cap        Slew       Delay        Time   Description
---------------------------------------------------------------------------------------------
                                  0.000000    0.000000   clock clk (rise edge)
                                  0.000000    0.000000   clock source latency
     1    0.017883    0.064704    0.044287    0.044287 ^ clk (in)
                                                         clk (net)
                      0.064720    0.000000    0.044287 ^ clkbuf_0_clk/A (sky130_fd_sc_hd__clkbuf_16)
     2    0.019173    0.030883    0.093203    0.137489 ^ clkbuf_0_clk/X (sky130_fd_sc_hd__clkbuf_16)
                                                         clknet_0_clk (net)
                      0.030893    0.000718    0.138207 ^ clkbuf_1_1__f_clk/A (sky130_fd_sc_hd__clkbuf_16)
    12    0.039427    0.044537    0.096038    0.234245 ^ clkbuf_1_1__f_clk/X (sky130_fd_sc_hd__clkbuf_16)
                                                         clknet_1_1__leaf_clk (net)
                      0.044726    0.001411    0.235656 ^ _166_/CLK (sky130_fd_sc_hd__dfxtp_1)
     3    0.019630    0.068391    0.231574    0.467230 v _166_/Q (sky130_fd_sc_hd__dfxtp_1)
                                                         net17 (net)
                      0.068417    0.001239    0.468470 v _076_/A (sky130_fd_sc_hd__inv_2)
     2    0.014712    0.056653    0.071076    0.539545 ^ _076_/Y (sky130_fd_sc_hd__inv_2)
                                                         net25 (net)
                      0.056685    0.001086    0.540631 ^ _134_/B1 (sky130_fd_sc_hd__a21o_1)
     1    0.003015    0.026852    0.051239    0.591870 ^ _134_/X (sky130_fd_sc_hd__a21o_1)
                                                         _035_ (net)
                      0.026853    0.000143    0.592013 ^ _137_/A1 (sky130_fd_sc_hd__a31oi_1)
     1    0.003067    0.031644    0.035837    0.627850 v _137_/Y (sky130_fd_sc_hd__a31oi_1)
                                                         _015_ (net)
                      0.031645    0.000233    0.628083 v _166_/D (sky130_fd_sc_hd__dfxtp_1)
                                              0.628083   data arrival time

                                  0.000000    0.000000   clock clk (rise edge)
                                  0.000000    0.000000   clock source latency
     1    0.017883    0.064704    0.044287    0.044287 ^ clk (in)
                                                         clk (net)
                      0.064720    0.000000    0.044287 ^ clkbuf_0_clk/A (sky130_fd_sc_hd__clkbuf_16)
     2    0.019173    0.030883    0.093203    0.137489 ^ clkbuf_0_clk/X (sky130_fd_sc_hd__clkbuf_16)
                                                         clknet_0_clk (net)
                      0.030893    0.000718    0.138207 ^ clkbuf_1_1__f_clk/A (sky130_fd_sc_hd__clkbuf_16)
    12    0.039427    0.044537    0.096038    0.234245 ^ clkbuf_1_1__f_clk/X (sky130_fd_sc_hd__clkbuf_16)
                                                         clknet_1_1__leaf_clk (net)
                      0.044726    0.001411    0.235656 ^ _166_/CLK (sky130_fd_sc_hd__dfxtp_1)
                                  0.250000    0.485656   clock uncertainty
                                  0.000000    0.485656   clock reconvergence pessimism
                                 -0.038561    0.447095   library hold time
                                              0.447095   data required time
---------------------------------------------------------------------------------------------
                                              0.447095   data required time
                                             -0.628083   data arrival time
---------------------------------------------------------------------------------------------
                                              0.180988   slack (MET)


Startpoint: _172_ (rising edge-triggered flip-flop clocked by clk)
Endpoint: _167_ (rising edge-triggered flip-flop clocked by clk)
Path Group: clk
Path Type: min

Fanout         Cap        Slew       Delay        Time   Description
---------------------------------------------------------------------------------------------
                                  0.000000    0.000000   clock clk (rise edge)
                                  0.000000    0.000000   clock source latency
     1    0.017883    0.064704    0.044287    0.044287 ^ clk (in)
                                                         clk (net)
                      0.064720    0.000000    0.044287 ^ clkbuf_0_clk/A (sky130_fd_sc_hd__clkbuf_16)
     2    0.019173    0.030883    0.093203    0.137489 ^ clkbuf_0_clk/X (sky130_fd_sc_hd__clkbuf_16)
                                                         clknet_0_clk (net)
                      0.030894    0.000773    0.138262 ^ clkbuf_1_0__f_clk/A (sky130_fd_sc_hd__clkbuf_16)
    10    0.040130    0.045101    0.096221    0.234484 ^ clkbuf_1_0__f_clk/X (sky130_fd_sc_hd__clkbuf_16)
                                                         clknet_1_0__leaf_clk (net)
                      0.045428    0.002973    0.237456 ^ _172_/CLK (sky130_fd_sc_hd__dfxtp_1)
     3    0.013977    0.103972    0.241825    0.479281 ^ _172_/Q (sky130_fd_sc_hd__dfxtp_1)
                                                         count[3] (net)
                      0.103990    0.001358    0.480639 ^ _138_/A1 (sky130_fd_sc_hd__o41a_1)
     1    0.003083    0.035828    0.101629    0.582268 ^ _138_/X (sky130_fd_sc_hd__o41a_1)
                                                         _038_ (net)
                      0.035832    0.000215    0.582483 ^ _141_/A1 (sky130_fd_sc_hd__o31a_1)
     1    0.002206    0.027646    0.075222    0.657705 ^ _141_/X (sky130_fd_sc_hd__o31a_1)
                                                         _016_ (net)
                      0.027646    0.000160    0.657865 ^ _167_/D (sky130_fd_sc_hd__dfxtp_1)
                                              0.657865   data arrival time

                                  0.000000    0.000000   clock clk (rise edge)
                                  0.000000    0.000000   clock source latency
     1    0.017883    0.064704    0.044287    0.044287 ^ clk (in)
                                                         clk (net)
                      0.064720    0.000000    0.044287 ^ clkbuf_0_clk/A (sky130_fd_sc_hd__clkbuf_16)
     2    0.019173    0.030883    0.093203    0.137489 ^ clkbuf_0_clk/X (sky130_fd_sc_hd__clkbuf_16)
                                                         clknet_0_clk (net)
                      0.030894    0.000773    0.138262 ^ clkbuf_1_0__f_clk/A (sky130_fd_sc_hd__clkbuf_16)
    10    0.040130    0.045101    0.096221    0.234484 ^ clkbuf_1_0__f_clk/X (sky130_fd_sc_hd__clkbuf_16)
                                                         clknet_1_0__leaf_clk (net)
                      0.045319    0.002344    0.236828 ^ _167_/CLK (sky130_fd_sc_hd__dfxtp_1)
                                  0.250000    0.486828   clock uncertainty
                                  0.000000    0.486828   clock reconvergence pessimism
                                 -0.016721    0.470106   library hold time
                                              0.470106   data required time
---------------------------------------------------------------------------------------------
                                              0.470106   data required time
                                             -0.657865   data arrival time
---------------------------------------------------------------------------------------------
                                              0.187759   slack (MET)


Startpoint: _162_ (rising edge-triggered flip-flop clocked by clk)
Endpoint: _162_ (rising edge-triggered flip-flop clocked by clk)
Path Group: clk
Path Type: min

Fanout         Cap        Slew       Delay        Time   Description
---------------------------------------------------------------------------------------------
                                  0.000000    0.000000   clock clk (rise edge)
                                  0.000000    0.000000   clock source latency
     1    0.017883    0.064704    0.044287    0.044287 ^ clk (in)
                                                         clk (net)
                      0.064720    0.000000    0.044287 ^ clkbuf_0_clk/A (sky130_fd_sc_hd__clkbuf_16)
     2    0.019173    0.030883    0.093203    0.137489 ^ clkbuf_0_clk/X (sky130_fd_sc_hd__clkbuf_16)
                                                         clknet_0_clk (net)
                      0.030893    0.000718    0.138207 ^ clkbuf_1_1__f_clk/A (sky130_fd_sc_hd__clkbuf_16)
    12    0.039427    0.044537    0.096038    0.234245 ^ clkbuf_1_1__f_clk/X (sky130_fd_sc_hd__clkbuf_16)
                                                         clknet_1_1__leaf_clk (net)
                      0.044753    0.001650    0.235895 ^ _162_/CLK (sky130_fd_sc_hd__dfxtp_1)
     3    0.026825    0.089994    0.248230    0.484124 v _162_/Q (sky130_fd_sc_hd__dfxtp_1)
                                                         net13 (net)
                      0.090049    0.002027    0.486151 v _080_/A (sky130_fd_sc_hd__inv_2)
     2    0.007651    0.040857    0.060633    0.546784 ^ _080_/Y (sky130_fd_sc_hd__inv_2)
                                                         net21 (net)
                      0.040862    0.000445    0.547229 ^ _116_/B1 (sky130_fd_sc_hd__a21o_1)
     1    0.003916    0.032026    0.052933    0.600162 ^ _116_/X (sky130_fd_sc_hd__a21o_1)
                                                         _071_ (net)
                      0.032027    0.000251    0.600413 ^ _120_/A1 (sky130_fd_sc_hd__a31oi_1)
     1    0.003311    0.032941    0.038064    0.638477 v _120_/Y (sky130_fd_sc_hd__a31oi_1)
                                                         _011_ (net)
                      0.032942    0.000256    0.638733 v _162_/D (sky130_fd_sc_hd__dfxtp_1)
                                              0.638733   data arrival time

                                  0.000000    0.000000   clock clk (rise edge)
                                  0.000000    0.000000   clock source latency
     1    0.017883    0.064704    0.044287    0.044287 ^ clk (in)
                                                         clk (net)
                      0.064720    0.000000    0.044287 ^ clkbuf_0_clk/A (sky130_fd_sc_hd__clkbuf_16)
     2    0.019173    0.030883    0.093203    0.137489 ^ clkbuf_0_clk/X (sky130_fd_sc_hd__clkbuf_16)
                                                         clknet_0_clk (net)
                      0.030893    0.000718    0.138207 ^ clkbuf_1_1__f_clk/A (sky130_fd_sc_hd__clkbuf_16)
    12    0.039427    0.044537    0.096038    0.234245 ^ clkbuf_1_1__f_clk/X (sky130_fd_sc_hd__clkbuf_16)
                                                         clknet_1_1__leaf_clk (net)
                      0.044753    0.001650    0.235895 ^ _162_/CLK (sky130_fd_sc_hd__dfxtp_1)
                                  0.250000    0.485895   clock uncertainty
                                  0.000000    0.485895   clock reconvergence pessimism
                                 -0.038999    0.446896   library hold time
                                              0.446896   data required time
---------------------------------------------------------------------------------------------
                                              0.446896   data required time
                                             -0.638733   data arrival time
---------------------------------------------------------------------------------------------
                                              0.191837   slack (MET)


Startpoint: _169_ (rising edge-triggered flip-flop clocked by clk)
Endpoint: _169_ (rising edge-triggered flip-flop clocked by clk)
Path Group: clk
Path Type: min

Fanout         Cap        Slew       Delay        Time   Description
---------------------------------------------------------------------------------------------
                                  0.000000    0.000000   clock clk (rise edge)
                                  0.000000    0.000000   clock source latency
     1    0.017883    0.064704    0.044287    0.044287 ^ clk (in)
                                                         clk (net)
                      0.064720    0.000000    0.044287 ^ clkbuf_0_clk/A (sky130_fd_sc_hd__clkbuf_16)
     2    0.019173    0.030883    0.093203    0.137489 ^ clkbuf_0_clk/X (sky130_fd_sc_hd__clkbuf_16)
                                                         clknet_0_clk (net)
                      0.030894    0.000773    0.138262 ^ clkbuf_1_0__f_clk/A (sky130_fd_sc_hd__clkbuf_16)
    10    0.040130    0.045101    0.096221    0.234484 ^ clkbuf_1_0__f_clk/X (sky130_fd_sc_hd__clkbuf_16)
                                                         clknet_1_0__leaf_clk (net)
                      0.045234    0.001768    0.236251 ^ _169_/CLK (sky130_fd_sc_hd__dfxtp_1)
     4    0.011116    0.042464    0.211786    0.448038 v _169_/Q (sky130_fd_sc_hd__dfxtp_1)
                                                         count[0] (net)
                      0.042474    0.000635    0.448673 v _105_/B (sky130_fd_sc_hd__nand2_1)
     5    0.017452    0.124313    0.114594    0.563267 ^ _105_/Y (sky130_fd_sc_hd__nand2_1)
                                                         _061_ (net)
                      0.124320    0.000776    0.564043 ^ _145_/B (sky130_fd_sc_hd__and3_1)
     1    0.002162    0.030158    0.099712    0.663755 ^ _145_/X (sky130_fd_sc_hd__and3_1)
                                                         _018_ (net)
                      0.030158    0.000156    0.663911 ^ _169_/D (sky130_fd_sc_hd__dfxtp_1)
                                              0.663911   data arrival time

                                  0.000000    0.000000   clock clk (rise edge)
                                  0.000000    0.000000   clock source latency
     1    0.017883    0.064704    0.044287    0.044287 ^ clk (in)
                                                         clk (net)
                      0.064720    0.000000    0.044287 ^ clkbuf_0_clk/A (sky130_fd_sc_hd__clkbuf_16)
     2    0.019173    0.030883    0.093203    0.137489 ^ clkbuf_0_clk/X (sky130_fd_sc_hd__clkbuf_16)
                                                         clknet_0_clk (net)
                      0.030894    0.000773    0.138262 ^ clkbuf_1_0__f_clk/A (sky130_fd_sc_hd__clkbuf_16)
    10    0.040130    0.045101    0.096221    0.234484 ^ clkbuf_1_0__f_clk/X (sky130_fd_sc_hd__clkbuf_16)
                                                         clknet_1_0__leaf_clk (net)
                      0.045234    0.001768    0.236251 ^ _169_/CLK (sky130_fd_sc_hd__dfxtp_1)
                                  0.250000    0.486251   clock uncertainty
                                  0.000000    0.486251   clock reconvergence pessimism
                                 -0.016901    0.469351   library hold time
                                              0.469351   data required time
---------------------------------------------------------------------------------------------
                                              0.469351   data required time
                                             -0.663911   data arrival time
---------------------------------------------------------------------------------------------
                                              0.194560   slack (MET)


Startpoint: _163_ (rising edge-triggered flip-flop clocked by clk)
Endpoint: _155_ (rising edge-triggered flip-flop clocked by clk)
Path Group: clk
Path Type: min

Fanout         Cap        Slew       Delay        Time   Description
---------------------------------------------------------------------------------------------
                                  0.000000    0.000000   clock clk (rise edge)
                                  0.000000    0.000000   clock source latency
     1    0.017883    0.064704    0.044287    0.044287 ^ clk (in)
                                                         clk (net)
                      0.064720    0.000000    0.044287 ^ clkbuf_0_clk/A (sky130_fd_sc_hd__clkbuf_16)
     2    0.019173    0.030883    0.093203    0.137489 ^ clkbuf_0_clk/X (sky130_fd_sc_hd__clkbuf_16)
                                                         clknet_0_clk (net)
                      0.030894    0.000773    0.138262 ^ clkbuf_1_0__f_clk/A (sky130_fd_sc_hd__clkbuf_16)
    10    0.040130    0.045101    0.096221    0.234484 ^ clkbuf_1_0__f_clk/X (sky130_fd_sc_hd__clkbuf_16)
                                                         clknet_1_0__leaf_clk (net)
                      0.045409    0.002873    0.237356 ^ _163_/CLK (sky130_fd_sc_hd__dfxtp_1)
     4    0.031925    0.227033    0.326450    0.563806 ^ _163_/Q (sky130_fd_sc_hd__dfxtp_1)
                                                         net14 (net)
                      0.227207    0.003913    0.567719 ^ _092_/A1 (sky130_fd_sc_hd__o211a_1)
     1    0.002150    0.023560    0.103526    0.671245 ^ _092_/X (sky130_fd_sc_hd__o211a_1)
                                                         _004_ (net)
                      0.023560    0.000148    0.671393 ^ _155_/D (sky130_fd_sc_hd__dfxtp_1)
                                              0.671393   data arrival time

                                  0.000000    0.000000   clock clk (rise edge)
                                  0.000000    0.000000   clock source latency
     1    0.017883    0.064704    0.044287    0.044287 ^ clk (in)
                                                         clk (net)
                      0.064720    0.000000    0.044287 ^ clkbuf_0_clk/A (sky130_fd_sc_hd__clkbuf_16)
     2    0.019173    0.030883    0.093203    0.137489 ^ clkbuf_0_clk/X (sky130_fd_sc_hd__clkbuf_16)
                                                         clknet_0_clk (net)
                      0.030893    0.000718    0.138207 ^ clkbuf_1_1__f_clk/A (sky130_fd_sc_hd__clkbuf_16)
    12    0.039427    0.044537    0.096038    0.234245 ^ clkbuf_1_1__f_clk/X (sky130_fd_sc_hd__clkbuf_16)
                                                         clknet_1_1__leaf_clk (net)
                      0.044845    0.002327    0.236572 ^ _155_/CLK (sky130_fd_sc_hd__dfxtp_1)
                                  0.250000    0.486572   clock uncertainty
                                  0.000000    0.486572   clock reconvergence pessimism
                                 -0.016444    0.470128   library hold time
                                              0.470128   data required time
---------------------------------------------------------------------------------------------
                                              0.470128   data required time
                                             -0.671393   data arrival time
---------------------------------------------------------------------------------------------
                                              0.201265   slack (MET)


Startpoint: _165_ (rising edge-triggered flip-flop clocked by clk)
Endpoint: _165_ (rising edge-triggered flip-flop clocked by clk)
Path Group: clk
Path Type: min

Fanout         Cap        Slew       Delay        Time   Description
---------------------------------------------------------------------------------------------
                                  0.000000    0.000000   clock clk (rise edge)
                                  0.000000    0.000000   clock source latency
     1    0.017883    0.064704    0.044287    0.044287 ^ clk (in)
                                                         clk (net)
                      0.064720    0.000000    0.044287 ^ clkbuf_0_clk/A (sky130_fd_sc_hd__clkbuf_16)
     2    0.019173    0.030883    0.093203    0.137489 ^ clkbuf_0_clk/X (sky130_fd_sc_hd__clkbuf_16)
                                                         clknet_0_clk (net)
                      0.030893    0.000718    0.138207 ^ clkbuf_1_1__f_clk/A (sky130_fd_sc_hd__clkbuf_16)
    12    0.039427    0.044537    0.096038    0.234245 ^ clkbuf_1_1__f_clk/X (sky130_fd_sc_hd__clkbuf_16)
                                                         clknet_1_1__leaf_clk (net)
                      0.044685    0.001001    0.235246 ^ _165_/CLK (sky130_fd_sc_hd__dfxtp_1)
     3    0.024478    0.083206    0.242917    0.478163 v _165_/Q (sky130_fd_sc_hd__dfxtp_1)
                                                         net16 (net)
                      0.083226    0.001243    0.479406 v _077_/A (sky130_fd_sc_hd__inv_2)
     2    0.010166    0.046607    0.065073    0.544479 ^ _077_/Y (sky130_fd_sc_hd__inv_2)
                                                         net24 (net)
                      0.046626    0.000752    0.545231 ^ _132_/B1 (sky130_fd_sc_hd__a21o_1)
     1    0.004146    0.033504    0.055003    0.600234 ^ _132_/X (sky130_fd_sc_hd__a21o_1)
                                                         _034_ (net)
                      0.033505    0.000267    0.600501 ^ _133_/A3 (sky130_fd_sc_hd__a31oi_1)
     1    0.004163    0.035350    0.048131    0.648632 v _133_/Y (sky130_fd_sc_hd__a31oi_1)
                                                         _014_ (net)
                      0.035351    0.000166    0.648798 v _165_/D (sky130_fd_sc_hd__dfxtp_1)
                                              0.648798   data arrival time

                                  0.000000    0.000000   clock clk (rise edge)
                                  0.000000    0.000000   clock source latency
     1    0.017883    0.064704    0.044287    0.044287 ^ clk (in)
                                                         clk (net)
                      0.064720    0.000000    0.044287 ^ clkbuf_0_clk/A (sky130_fd_sc_hd__clkbuf_16)
     2    0.019173    0.030883    0.093203    0.137489 ^ clkbuf_0_clk/X (sky130_fd_sc_hd__clkbuf_16)
                                                         clknet_0_clk (net)
                      0.030893    0.000718    0.138207 ^ clkbuf_1_1__f_clk/A (sky130_fd_sc_hd__clkbuf_16)
    12    0.039427    0.044537    0.096038    0.234245 ^ clkbuf_1_1__f_clk/X (sky130_fd_sc_hd__clkbuf_16)
                                                         clknet_1_1__leaf_clk (net)
                      0.044685    0.001001    0.235246 ^ _165_/CLK (sky130_fd_sc_hd__dfxtp_1)
                                  0.250000    0.485246   clock uncertainty
                                  0.000000    0.485246   clock reconvergence pessimism
                                 -0.039824    0.445421   library hold time
                                              0.445421   data required time
---------------------------------------------------------------------------------------------
                                              0.445421   data required time
                                             -0.648798   data arrival time
---------------------------------------------------------------------------------------------
                                              0.203376   slack (MET)


Startpoint: _171_ (rising edge-triggered flip-flop clocked by clk)
Endpoint: _171_ (rising edge-triggered flip-flop clocked by clk)
Path Group: clk
Path Type: min

Fanout         Cap        Slew       Delay        Time   Description
---------------------------------------------------------------------------------------------
                                  0.000000    0.000000   clock clk (rise edge)
                                  0.000000    0.000000   clock source latency
     1    0.017883    0.064704    0.044287    0.044287 ^ clk (in)
                                                         clk (net)
                      0.064720    0.000000    0.044287 ^ clkbuf_0_clk/A (sky130_fd_sc_hd__clkbuf_16)
     2    0.019173    0.030883    0.093203    0.137489 ^ clkbuf_0_clk/X (sky130_fd_sc_hd__clkbuf_16)
                                                         clknet_0_clk (net)
                      0.030894    0.000773    0.138262 ^ clkbuf_1_0__f_clk/A (sky130_fd_sc_hd__clkbuf_16)
    10    0.040130    0.045101    0.096221    0.234484 ^ clkbuf_1_0__f_clk/X (sky130_fd_sc_hd__clkbuf_16)
                                                         clknet_1_0__leaf_clk (net)
                      0.045438    0.003028    0.237511 ^ _171_/CLK (sky130_fd_sc_hd__dfxtp_2)
     9    0.036508    0.067764    0.241990    0.479501 v _171_/Q (sky130_fd_sc_hd__dfxtp_2)
                                                         count[2] (net)
                      0.067802    0.001564    0.481066 v _109_/B (sky130_fd_sc_hd__nand4_1)
     4    0.010571    0.091746    0.112358    0.593423 ^ _109_/Y (sky130_fd_sc_hd__nand4_1)
                                                         _065_ (net)
                      0.091748    0.000311    0.593734 ^ _149_/B (sky130_fd_sc_hd__and3_1)
     1    0.002068    0.029568    0.092960    0.686695 ^ _149_/X (sky130_fd_sc_hd__and3_1)
                                                         _020_ (net)
                      0.029569    0.000150    0.686844 ^ _171_/D (sky130_fd_sc_hd__dfxtp_2)
                                              0.686844   data arrival time

                                  0.000000    0.000000   clock clk (rise edge)
                                  0.000000    0.000000   clock source latency
     1    0.017883    0.064704    0.044287    0.044287 ^ clk (in)
                                                         clk (net)
                      0.064720    0.000000    0.044287 ^ clkbuf_0_clk/A (sky130_fd_sc_hd__clkbuf_16)
     2    0.019173    0.030883    0.093203    0.137489 ^ clkbuf_0_clk/X (sky130_fd_sc_hd__clkbuf_16)
                                                         clknet_0_clk (net)
                      0.030894    0.000773    0.138262 ^ clkbuf_1_0__f_clk/A (sky130_fd_sc_hd__clkbuf_16)
    10    0.040130    0.045101    0.096221    0.234484 ^ clkbuf_1_0__f_clk/X (sky130_fd_sc_hd__clkbuf_16)
                                                         clknet_1_0__leaf_clk (net)
                      0.045438    0.003028    0.237511 ^ _171_/CLK (sky130_fd_sc_hd__dfxtp_2)
                                  0.250000    0.487511   clock uncertainty
                                  0.000000    0.487511   clock reconvergence pessimism
                                 -0.016854    0.470657   library hold time
                                              0.470657   data required time
---------------------------------------------------------------------------------------------
                                              0.470657   data required time
                                             -0.686844   data arrival time
---------------------------------------------------------------------------------------------
                                              0.216188   slack (MET)


Startpoint: _172_ (rising edge-triggered flip-flop clocked by clk)
Endpoint: _172_ (rising edge-triggered flip-flop clocked by clk)
Path Group: clk
Path Type: min

Fanout         Cap        Slew       Delay        Time   Description
---------------------------------------------------------------------------------------------
                                  0.000000    0.000000   clock clk (rise edge)
                                  0.000000    0.000000   clock source latency
     1    0.017883    0.064704    0.044287    0.044287 ^ clk (in)
                                                         clk (net)
                      0.064720    0.000000    0.044287 ^ clkbuf_0_clk/A (sky130_fd_sc_hd__clkbuf_16)
     2    0.019173    0.030883    0.093203    0.137489 ^ clkbuf_0_clk/X (sky130_fd_sc_hd__clkbuf_16)
                                                         clknet_0_clk (net)
                      0.030894    0.000773    0.138262 ^ clkbuf_1_0__f_clk/A (sky130_fd_sc_hd__clkbuf_16)
    10    0.040130    0.045101    0.096221    0.234484 ^ clkbuf_1_0__f_clk/X (sky130_fd_sc_hd__clkbuf_16)
                                                         clknet_1_0__leaf_clk (net)
                      0.045428    0.002973    0.237456 ^ _172_/CLK (sky130_fd_sc_hd__dfxtp_1)
     3    0.013409    0.049348    0.216976    0.454432 v _172_/Q (sky130_fd_sc_hd__dfxtp_1)
                                                         count[3] (net)
                      0.049362    0.000790    0.455222 v fanout31/A (sky130_fd_sc_hd__clkbuf_2)
    10    0.032418    0.087076    0.130344    0.585566 v fanout31/X (sky130_fd_sc_hd__clkbuf_2)
                                                         net31 (net)
                      0.087093    0.001211    0.586777 v _150_/A (sky130_fd_sc_hd__nand2_1)
     1    0.002687    0.037148    0.056471    0.643248 ^ _150_/Y (sky130_fd_sc_hd__nand2_1)
                                                         _045_ (net)
                      0.037149    0.000126    0.643374 ^ _151_/A2 (sky130_fd_sc_hd__a21oi_1)
     1    0.002597    0.024531    0.035395    0.678769 v _151_/Y (sky130_fd_sc_hd__a21oi_1)
                                                         _021_ (net)
                      0.024531    0.000178    0.678947 v _172_/D (sky130_fd_sc_hd__dfxtp_1)
                                              0.678947   data arrival time

                                  0.000000    0.000000   clock clk (rise edge)
                                  0.000000    0.000000   clock source latency
     1    0.017883    0.064704    0.044287    0.044287 ^ clk (in)
                                                         clk (net)
                      0.064720    0.000000    0.044287 ^ clkbuf_0_clk/A (sky130_fd_sc_hd__clkbuf_16)
     2    0.019173    0.030883    0.093203    0.137489 ^ clkbuf_0_clk/X (sky130_fd_sc_hd__clkbuf_16)
                                                         clknet_0_clk (net)
                      0.030894    0.000773    0.138262 ^ clkbuf_1_0__f_clk/A (sky130_fd_sc_hd__clkbuf_16)
    10    0.040130    0.045101    0.096221    0.234484 ^ clkbuf_1_0__f_clk/X (sky130_fd_sc_hd__clkbuf_16)
                                                         clknet_1_0__leaf_clk (net)
                      0.045428    0.002973    0.237456 ^ _172_/CLK (sky130_fd_sc_hd__dfxtp_1)
                                  0.250000    0.487456   clock uncertainty
                                  0.000000    0.487456   clock reconvergence pessimism
                                 -0.036074    0.451382   library hold time
                                              0.451382   data required time
---------------------------------------------------------------------------------------------
                                              0.451382   data required time
                                             -0.678947   data arrival time
---------------------------------------------------------------------------------------------
                                              0.227565   slack (MET)


Startpoint: _161_ (rising edge-triggered flip-flop clocked by clk)
Endpoint: _161_ (rising edge-triggered flip-flop clocked by clk)
Path Group: clk
Path Type: min

Fanout         Cap        Slew       Delay        Time   Description
---------------------------------------------------------------------------------------------
                                  0.000000    0.000000   clock clk (rise edge)
                                  0.000000    0.000000   clock source latency
     1    0.017883    0.064704    0.044287    0.044287 ^ clk (in)
                                                         clk (net)
                      0.064720    0.000000    0.044287 ^ clkbuf_0_clk/A (sky130_fd_sc_hd__clkbuf_16)
     2    0.019173    0.030883    0.093203    0.137489 ^ clkbuf_0_clk/X (sky130_fd_sc_hd__clkbuf_16)
                                                         clknet_0_clk (net)
                      0.030894    0.000773    0.138262 ^ clkbuf_1_0__f_clk/A (sky130_fd_sc_hd__clkbuf_16)
    10    0.040130    0.045101    0.096221    0.234484 ^ clkbuf_1_0__f_clk/X (sky130_fd_sc_hd__clkbuf_16)
                                                         clknet_1_0__leaf_clk (net)
                      0.045418    0.002922    0.237406 ^ _161_/CLK (sky130_fd_sc_hd__dfxtp_1)
     4    0.032164    0.228564    0.328287    0.565693 ^ _161_/Q (sky130_fd_sc_hd__dfxtp_1)
                                                         net12 (net)
                      0.228573    0.001659    0.567352 ^ _111_/B1 (sky130_fd_sc_hd__o21a_1)
     1    0.003420    0.032556    0.067056    0.634408 ^ _111_/X (sky130_fd_sc_hd__o21a_1)
                                                         _067_ (net)
                      0.032557    0.000229    0.634637 ^ _115_/A1 (sky130_fd_sc_hd__o21a_1)
     1    0.002353    0.025330    0.068141    0.702778 ^ _115_/X (sky130_fd_sc_hd__o21a_1)
                                                         _010_ (net)
                      0.025331    0.000113    0.702891 ^ _161_/D (sky130_fd_sc_hd__dfxtp_1)
                                              0.702891   data arrival time

                                  0.000000    0.000000   clock clk (rise edge)
                                  0.000000    0.000000   clock source latency
     1    0.017883    0.064704    0.044287    0.044287 ^ clk (in)
                                                         clk (net)
                      0.064720    0.000000    0.044287 ^ clkbuf_0_clk/A (sky130_fd_sc_hd__clkbuf_16)
     2    0.019173    0.030883    0.093203    0.137489 ^ clkbuf_0_clk/X (sky130_fd_sc_hd__clkbuf_16)
                                                         clknet_0_clk (net)
                      0.030894    0.000773    0.138262 ^ clkbuf_1_0__f_clk/A (sky130_fd_sc_hd__clkbuf_16)
    10    0.040130    0.045101    0.096221    0.234484 ^ clkbuf_1_0__f_clk/X (sky130_fd_sc_hd__clkbuf_16)
                                                         clknet_1_0__leaf_clk (net)
                      0.045418    0.002922    0.237406 ^ _161_/CLK (sky130_fd_sc_hd__dfxtp_1)
                                  0.250000    0.487406   clock uncertainty
                                  0.000000    0.487406   clock reconvergence pessimism
                                 -0.016556    0.470850   library hold time
                                              0.470850   data required time
---------------------------------------------------------------------------------------------
                                              0.470850   data required time
                                             -0.702891   data arrival time
---------------------------------------------------------------------------------------------
                                              0.232041   slack (MET)


Startpoint: _163_ (rising edge-triggered flip-flop clocked by clk)
Endpoint: _163_ (rising edge-triggered flip-flop clocked by clk)
Path Group: clk
Path Type: min

Fanout         Cap        Slew       Delay        Time   Description
---------------------------------------------------------------------------------------------
                                  0.000000    0.000000   clock clk (rise edge)
                                  0.000000    0.000000   clock source latency
     1    0.017883    0.064704    0.044287    0.044287 ^ clk (in)
                                                         clk (net)
                      0.064720    0.000000    0.044287 ^ clkbuf_0_clk/A (sky130_fd_sc_hd__clkbuf_16)
     2    0.019173    0.030883    0.093203    0.137489 ^ clkbuf_0_clk/X (sky130_fd_sc_hd__clkbuf_16)
                                                         clknet_0_clk (net)
                      0.030894    0.000773    0.138262 ^ clkbuf_1_0__f_clk/A (sky130_fd_sc_hd__clkbuf_16)
    10    0.040130    0.045101    0.096221    0.234484 ^ clkbuf_1_0__f_clk/X (sky130_fd_sc_hd__clkbuf_16)
                                                         clknet_1_0__leaf_clk (net)
                      0.045409    0.002873    0.237356 ^ _163_/CLK (sky130_fd_sc_hd__dfxtp_1)
     4    0.031925    0.227033    0.326450    0.563806 ^ _163_/Q (sky130_fd_sc_hd__dfxtp_1)
                                                         net14 (net)
                      0.227049    0.002126    0.565932 ^ _121_/B1 (sky130_fd_sc_hd__o41a_1)
     1    0.003910    0.041726    0.072366    0.638298 ^ _121_/X (sky130_fd_sc_hd__o41a_1)
                                                         _025_ (net)
                      0.041726    0.000169    0.638467 ^ _125_/A1 (sky130_fd_sc_hd__o31a_1)
     1    0.003867    0.038952    0.085959    0.724426 ^ _125_/X (sky130_fd_sc_hd__o31a_1)
                                                         _012_ (net)
                      0.038953    0.000278    0.724704 ^ _163_/D (sky130_fd_sc_hd__dfxtp_1)
                                              0.724704   data arrival time

                                  0.000000    0.000000   clock clk (rise edge)
                                  0.000000    0.000000   clock source latency
     1    0.017883    0.064704    0.044287    0.044287 ^ clk (in)
                                                         clk (net)
                      0.064720    0.000000    0.044287 ^ clkbuf_0_clk/A (sky130_fd_sc_hd__clkbuf_16)
     2    0.019173    0.030883    0.093203    0.137489 ^ clkbuf_0_clk/X (sky130_fd_sc_hd__clkbuf_16)
                                                         clknet_0_clk (net)
                      0.030894    0.000773    0.138262 ^ clkbuf_1_0__f_clk/A (sky130_fd_sc_hd__clkbuf_16)
    10    0.040130    0.045101    0.096221    0.234484 ^ clkbuf_1_0__f_clk/X (sky130_fd_sc_hd__clkbuf_16)
                                                         clknet_1_0__leaf_clk (net)
                      0.045409    0.002873    0.237356 ^ _163_/CLK (sky130_fd_sc_hd__dfxtp_1)
                                  0.250000    0.487356   clock uncertainty
                                  0.000000    0.487356   clock reconvergence pessimism
                                 -0.017518    0.469838   library hold time
                                              0.469838   data required time
---------------------------------------------------------------------------------------------
                                              0.469838   data required time
                                             -0.724704   data arrival time
---------------------------------------------------------------------------------------------
                                              0.254866   slack (MET)


Startpoint: _170_ (rising edge-triggered flip-flop clocked by clk)
Endpoint: _170_ (rising edge-triggered flip-flop clocked by clk)
Path Group: clk
Path Type: min

Fanout         Cap        Slew       Delay        Time   Description
---------------------------------------------------------------------------------------------
                                  0.000000    0.000000   clock clk (rise edge)
                                  0.000000    0.000000   clock source latency
     1    0.017883    0.064704    0.044287    0.044287 ^ clk (in)
                                                         clk (net)
                      0.064720    0.000000    0.044287 ^ clkbuf_0_clk/A (sky130_fd_sc_hd__clkbuf_16)
     2    0.019173    0.030883    0.093203    0.137489 ^ clkbuf_0_clk/X (sky130_fd_sc_hd__clkbuf_16)
                                                         clknet_0_clk (net)
                      0.030894    0.000773    0.138262 ^ clkbuf_1_0__f_clk/A (sky130_fd_sc_hd__clkbuf_16)
    10    0.040130    0.045101    0.096221    0.234484 ^ clkbuf_1_0__f_clk/X (sky130_fd_sc_hd__clkbuf_16)
                                                         clknet_1_0__leaf_clk (net)
                      0.045234    0.001767    0.236251 ^ _170_/CLK (sky130_fd_sc_hd__dfxtp_1)
     2    0.007499    0.060146    0.211241    0.447492 ^ _170_/Q (sky130_fd_sc_hd__dfxtp_1)
                                                         count[1] (net)
                      0.060147    0.000308    0.447800 ^ fanout32/A (sky130_fd_sc_hd__buf_2)
    10    0.036250    0.134890    0.149665    0.597465 ^ fanout32/X (sky130_fd_sc_hd__buf_2)
                                                         net32 (net)
                      0.134903    0.001122    0.598587 ^ _146_/B1 (sky130_fd_sc_hd__a21o_1)
     1    0.002046    0.022779    0.049623    0.648211 ^ _146_/X (sky130_fd_sc_hd__a21o_1)
                                                         _043_ (net)
                      0.022779    0.000093    0.648304 ^ _147_/C (sky130_fd_sc_hd__and3_1)
     1    0.002201    0.030404    0.082401    0.730705 ^ _147_/X (sky130_fd_sc_hd__and3_1)
                                                         _019_ (net)
                      0.030404    0.000150    0.730855 ^ _170_/D (sky130_fd_sc_hd__dfxtp_1)
                                              0.730855   data arrival time

                                  0.000000    0.000000   clock clk (rise edge)
                                  0.000000    0.000000   clock source latency
     1    0.017883    0.064704    0.044287    0.044287 ^ clk (in)
                                                         clk (net)
                      0.064720    0.000000    0.044287 ^ clkbuf_0_clk/A (sky130_fd_sc_hd__clkbuf_16)
     2    0.019173    0.030883    0.093203    0.137489 ^ clkbuf_0_clk/X (sky130_fd_sc_hd__clkbuf_16)
                                                         clknet_0_clk (net)
                      0.030894    0.000773    0.138262 ^ clkbuf_1_0__f_clk/A (sky130_fd_sc_hd__clkbuf_16)
    10    0.040130    0.045101    0.096221    0.234484 ^ clkbuf_1_0__f_clk/X (sky130_fd_sc_hd__clkbuf_16)
                                                         clknet_1_0__leaf_clk (net)
                      0.045234    0.001767    0.236251 ^ _170_/CLK (sky130_fd_sc_hd__dfxtp_1)
                                  0.250000    0.486251   clock uncertainty
                                  0.000000    0.486251   clock reconvergence pessimism
                                 -0.016918    0.469333   library hold time
                                              0.469333   data required time
---------------------------------------------------------------------------------------------
                                              0.469333   data required time
                                             -0.730855   data arrival time
---------------------------------------------------------------------------------------------
                                              0.261522   slack (MET)


Startpoint: _164_ (rising edge-triggered flip-flop clocked by clk)
Endpoint: _164_ (rising edge-triggered flip-flop clocked by clk)
Path Group: clk
Path Type: min

Fanout         Cap        Slew       Delay        Time   Description
---------------------------------------------------------------------------------------------
                                  0.000000    0.000000   clock clk (rise edge)
                                  0.000000    0.000000   clock source latency
     1    0.017883    0.064704    0.044287    0.044287 ^ clk (in)
                                                         clk (net)
                      0.064720    0.000000    0.044287 ^ clkbuf_0_clk/A (sky130_fd_sc_hd__clkbuf_16)
     2    0.019173    0.030883    0.093203    0.137489 ^ clkbuf_0_clk/X (sky130_fd_sc_hd__clkbuf_16)
                                                         clknet_0_clk (net)
                      0.030894    0.000773    0.138262 ^ clkbuf_1_0__f_clk/A (sky130_fd_sc_hd__clkbuf_16)
    10    0.040130    0.045101    0.096221    0.234484 ^ clkbuf_1_0__f_clk/X (sky130_fd_sc_hd__clkbuf_16)
                                                         clknet_1_0__leaf_clk (net)
                      0.045356    0.002568    0.237052 ^ _164_/CLK (sky130_fd_sc_hd__dfxtp_1)
     3    0.024999    0.084508    0.243647    0.480699 v _164_/Q (sky130_fd_sc_hd__dfxtp_1)
                                                         net15 (net)
                      0.084662    0.003165    0.483865 v _078_/A (sky130_fd_sc_hd__inv_2)
     2    0.011641    0.051247    0.069577    0.553441 ^ _078_/Y (sky130_fd_sc_hd__inv_2)
                                                         net23 (net)
                      0.051273    0.000935    0.554376 ^ _126_/B1 (sky130_fd_sc_hd__a21oi_1)
     1    0.003510    0.022155    0.026927    0.581304 v _126_/Y (sky130_fd_sc_hd__a21oi_1)
                                                         _029_ (net)
                      0.022158    0.000146    0.581450 v _129_/A1 (sky130_fd_sc_hd__o21a_1)
     1    0.008030    0.033165    0.127739    0.709188 v _129_/X (sky130_fd_sc_hd__o21a_1)
                                                         _013_ (net)
                      0.033182    0.000687    0.709875 v _164_/D (sky130_fd_sc_hd__dfxtp_1)
                                              0.709875   data arrival time

                                  0.000000    0.000000   clock clk (rise edge)
                                  0.000000    0.000000   clock source latency
     1    0.017883    0.064704    0.044287    0.044287 ^ clk (in)
                                                         clk (net)
                      0.064720    0.000000    0.044287 ^ clkbuf_0_clk/A (sky130_fd_sc_hd__clkbuf_16)
     2    0.019173    0.030883    0.093203    0.137489 ^ clkbuf_0_clk/X (sky130_fd_sc_hd__clkbuf_16)
                                                         clknet_0_clk (net)
                      0.030894    0.000773    0.138262 ^ clkbuf_1_0__f_clk/A (sky130_fd_sc_hd__clkbuf_16)
    10    0.040130    0.045101    0.096221    0.234484 ^ clkbuf_1_0__f_clk/X (sky130_fd_sc_hd__clkbuf_16)
                                                         clknet_1_0__leaf_clk (net)
                      0.045356    0.002568    0.237052 ^ _164_/CLK (sky130_fd_sc_hd__dfxtp_1)
                                  0.250000    0.487052   clock uncertainty
                                  0.000000    0.487052   clock reconvergence pessimism
                                 -0.039021    0.448031   library hold time
                                              0.448031   data required time
---------------------------------------------------------------------------------------------
                                              0.448031   data required time
                                             -0.709875   data arrival time
---------------------------------------------------------------------------------------------
                                              0.261845   slack (MET)


Startpoint: _152_ (rising edge-triggered flip-flop clocked by clk')
Endpoint: _152_ (rising edge-triggered flip-flop clocked by clk')
Path Group: clk
Path Type: min

Fanout         Cap        Slew       Delay        Time   Description
---------------------------------------------------------------------------------------------
                                125.000000  125.000000   clock clk' (rise edge)
                                  0.000000  125.000000   clock source latency
     1    0.016920    0.027208    0.017991  125.017998 v clk (in)
                                                         clk (net)
                      0.027239    0.000000  125.017998 v clkbuf_0_clk/A (sky130_fd_sc_hd__clkbuf_16)
     2    0.017247    0.025657    0.095469  125.113464 v clkbuf_0_clk/X (sky130_fd_sc_hd__clkbuf_16)
                                                         clknet_0_clk (net)
                      0.025657    0.000639  125.114105 v clkbuf_1_1__f_clk/A (sky130_fd_sc_hd__clkbuf_16)
    12    0.037322    0.034204    0.105047  125.219147 v clkbuf_1_1__f_clk/X (sky130_fd_sc_hd__clkbuf_16)
                                                         clknet_1_1__leaf_clk (net)
                      0.034239    0.001293  125.220444 v _083__1/A (sky130_fd_sc_hd__inv_2)
     1    0.002972    0.018110    0.028791  125.249229 ^ _083__1/Y (sky130_fd_sc_hd__inv_2)
                                                         net36 (net)
                      0.018111    0.000227  125.249458 ^ _152_/CLK (sky130_fd_sc_hd__dfxtp_1)
     3    0.014730    0.053491    0.212211  125.461670 v _152_/Q (sky130_fd_sc_hd__dfxtp_1)
                                                         net11 (net)
                      0.053498    0.000639  125.462311 v hold1/A (sky130_fd_sc_hd__dlygate4sd3_1)
     1    0.003038    0.038946    0.369852  125.832161 v hold1/X (sky130_fd_sc_hd__dlygate4sd3_1)
                                                         net37 (net)
                      0.038946    0.000227  125.832390 v _084_/A_N (sky130_fd_sc_hd__and2b_1)
     1    0.002154    0.025774    0.115108  125.947495 ^ _084_/X (sky130_fd_sc_hd__and2b_1)
                                                         _001_ (net)
                      0.025774    0.000099  125.947594 ^ _152_/D (sky130_fd_sc_hd__dfxtp_1)
                                            125.947594   data arrival time

                                125.000000  125.000000   clock clk' (rise edge)
                                  0.000000  125.000000   clock source latency
     1    0.016920    0.027208    0.017991  125.017998 v clk (in)
                                                         clk (net)
                      0.027239    0.000000  125.017998 v clkbuf_0_clk/A (sky130_fd_sc_hd__clkbuf_16)
     2    0.017247    0.025657    0.095469  125.113464 v clkbuf_0_clk/X (sky130_fd_sc_hd__clkbuf_16)
                                                         clknet_0_clk (net)
                      0.025657    0.000639  125.114105 v clkbuf_1_1__f_clk/A (sky130_fd_sc_hd__clkbuf_16)
    12    0.037322    0.034204    0.105047  125.219147 v clkbuf_1_1__f_clk/X (sky130_fd_sc_hd__clkbuf_16)
                                                         clknet_1_1__leaf_clk (net)
                      0.034239    0.001293  125.220444 v _083__1/A (sky130_fd_sc_hd__inv_2)
     1    0.002972    0.018110    0.028791  125.249229 ^ _083__1/Y (sky130_fd_sc_hd__inv_2)
                                                         net36 (net)
                      0.018111    0.000227  125.249458 ^ _152_/CLK (sky130_fd_sc_hd__dfxtp_1)
                                  0.250000  125.499458   clock uncertainty
                                  0.000000  125.499458   clock reconvergence pessimism
                                 -0.017237  125.482224   library hold time
                                            125.482224   data required time
---------------------------------------------------------------------------------------------
                                            125.482224   data required time
                                           -125.947594   data arrival time
---------------------------------------------------------------------------------------------
                                              0.465377   slack (MET)


Startpoint: _160_ (rising edge-triggered flip-flop clocked by clk)
Endpoint: _160_ (rising edge-triggered flip-flop clocked by clk)
Path Group: clk
Path Type: min

Fanout         Cap        Slew       Delay        Time   Description
---------------------------------------------------------------------------------------------
                                  0.000000    0.000000   clock clk (rise edge)
                                  0.000000    0.000000   clock source latency
     1    0.017883    0.064704    0.044287    0.044287 ^ clk (in)
                                                         clk (net)
                      0.064720    0.000000    0.044287 ^ clkbuf_0_clk/A (sky130_fd_sc_hd__clkbuf_16)
     2    0.019173    0.030883    0.093203    0.137489 ^ clkbuf_0_clk/X (sky130_fd_sc_hd__clkbuf_16)
                                                         clknet_0_clk (net)
                      0.030893    0.000718    0.138207 ^ clkbuf_1_1__f_clk/A (sky130_fd_sc_hd__clkbuf_16)
    12    0.039427    0.044537    0.096038    0.234245 ^ clkbuf_1_1__f_clk/X (sky130_fd_sc_hd__clkbuf_16)
                                                         clknet_1_1__leaf_clk (net)
                      0.044722    0.001380    0.235625 ^ _160_/CLK (sky130_fd_sc_hd__dfxtp_1)
     2    0.009412    0.072961    0.220257    0.455882 ^ _160_/Q (sky130_fd_sc_hd__dfxtp_1)
                                                         net10 (net)
                      0.072961    0.000321    0.456203 ^ _101_/A (sky130_fd_sc_hd__or2_1)
     1    0.003993    0.036807    0.074707    0.530910 ^ _101_/X (sky130_fd_sc_hd__or2_1)
                                                         _058_ (net)
                      0.036808    0.000262    0.531171 ^ _102_/B1 (sky130_fd_sc_hd__o211a_1)
     1    0.002293    0.024336    0.064574    0.595746 ^ _102_/X (sky130_fd_sc_hd__o211a_1)
                                                         _009_ (net)
                      0.024336    0.000156    0.595902 ^ hold3/A (sky130_fd_sc_hd__dlygate4sd3_1)
     1    0.002528    0.035637    0.367554    0.963457 ^ hold3/X (sky130_fd_sc_hd__dlygate4sd3_1)
                                                         net39 (net)
                      0.035637    0.000187    0.963644 ^ _160_/D (sky130_fd_sc_hd__dfxtp_1)
                                              0.963644   data arrival time

                                  0.000000    0.000000   clock clk (rise edge)
                                  0.000000    0.000000   clock source latency
     1    0.017883    0.064704    0.044287    0.044287 ^ clk (in)
                                                         clk (net)
                      0.064720    0.000000    0.044287 ^ clkbuf_0_clk/A (sky130_fd_sc_hd__clkbuf_16)
     2    0.019173    0.030883    0.093203    0.137489 ^ clkbuf_0_clk/X (sky130_fd_sc_hd__clkbuf_16)
                                                         clknet_0_clk (net)
                      0.030893    0.000718    0.138207 ^ clkbuf_1_1__f_clk/A (sky130_fd_sc_hd__clkbuf_16)
    12    0.039427    0.044537    0.096038    0.234245 ^ clkbuf_1_1__f_clk/X (sky130_fd_sc_hd__clkbuf_16)
                                                         clknet_1_1__leaf_clk (net)
                      0.044722    0.001380    0.235625 ^ _160_/CLK (sky130_fd_sc_hd__dfxtp_1)
                                  0.250000    0.485625   clock uncertainty
                                  0.000000    0.485625   clock reconvergence pessimism
                                 -0.017300    0.468325   library hold time
                                              0.468325   data required time
---------------------------------------------------------------------------------------------
                                              0.468325   data required time
                                             -0.963644   data arrival time
---------------------------------------------------------------------------------------------
                                              0.495319   slack (MET)


Startpoint: _158_ (rising edge-triggered flip-flop clocked by clk)
Endpoint: adc_out[5] (output port clocked by clk)
Path Group: clk
Path Type: min

Fanout         Cap        Slew       Delay        Time   Description
---------------------------------------------------------------------------------------------
                                  0.000000    0.000000   clock clk (rise edge)
                                  0.000000    0.000000   clock source latency
     1    0.017883    0.064704    0.044287    0.044287 ^ clk (in)
                                                         clk (net)
                      0.064720    0.000000    0.044287 ^ clkbuf_0_clk/A (sky130_fd_sc_hd__clkbuf_16)
     2    0.019173    0.030883    0.093203    0.137489 ^ clkbuf_0_clk/X (sky130_fd_sc_hd__clkbuf_16)
                                                         clknet_0_clk (net)
                      0.030893    0.000718    0.138207 ^ clkbuf_1_1__f_clk/A (sky130_fd_sc_hd__clkbuf_16)
    12    0.039427    0.044537    0.096038    0.234245 ^ clkbuf_1_1__f_clk/X (sky130_fd_sc_hd__clkbuf_16)
                                                         clknet_1_1__leaf_clk (net)
                      0.044890    0.002614    0.236858 ^ _158_/CLK (sky130_fd_sc_hd__dfxtp_1)
     2    0.005223    0.026035    0.195730    0.432588 v _158_/Q (sky130_fd_sc_hd__dfxtp_1)
                                                         net8 (net)
                      0.026035    0.000229    0.432818 v output8/A (sky130_fd_sc_hd__buf_2)
     1    0.034106    0.062539    0.114753    0.547570 v output8/X (sky130_fd_sc_hd__buf_2)
                                                         adc_out[5] (net)
                      0.062589    0.001598    0.549168 v adc_out[5] (out)
                                              0.549168   data arrival time

                                  0.000000    0.000000   clock clk (rise edge)
                                  0.000000    0.000000   clock network delay (propagated)
                                  0.250000    0.250000   clock uncertainty
                                  0.000000    0.250000   clock reconvergence pessimism
                                -50.000000  -49.749996   output external delay
                                            -49.749996   data required time
---------------------------------------------------------------------------------------------
                                            -49.749996   data required time
                                             -0.549168   data arrival time
---------------------------------------------------------------------------------------------
                                             50.299164   slack (MET)


Startpoint: _157_ (rising edge-triggered flip-flop clocked by clk)
Endpoint: adc_out[4] (output port clocked by clk)
Path Group: clk
Path Type: min

Fanout         Cap        Slew       Delay        Time   Description
---------------------------------------------------------------------------------------------
                                  0.000000    0.000000   clock clk (rise edge)
                                  0.000000    0.000000   clock source latency
     1    0.017883    0.064704    0.044287    0.044287 ^ clk (in)
                                                         clk (net)
                      0.064720    0.000000    0.044287 ^ clkbuf_0_clk/A (sky130_fd_sc_hd__clkbuf_16)
     2    0.019173    0.030883    0.093203    0.137489 ^ clkbuf_0_clk/X (sky130_fd_sc_hd__clkbuf_16)
                                                         clknet_0_clk (net)
                      0.030893    0.000718    0.138207 ^ clkbuf_1_1__f_clk/A (sky130_fd_sc_hd__clkbuf_16)
    12    0.039427    0.044537    0.096038    0.234245 ^ clkbuf_1_1__f_clk/X (sky130_fd_sc_hd__clkbuf_16)
                                                         clknet_1_1__leaf_clk (net)
                      0.044881    0.002557    0.236802 ^ _157_/CLK (sky130_fd_sc_hd__dfxtp_1)
     2    0.005383    0.026478    0.196100    0.432902 v _157_/Q (sky130_fd_sc_hd__dfxtp_1)
                                                         net7 (net)
                      0.026478    0.000388    0.433290 v output7/A (sky130_fd_sc_hd__buf_2)
     1    0.034105    0.062537    0.114929    0.548219 v output7/X (sky130_fd_sc_hd__buf_2)
                                                         adc_out[4] (net)
                      0.062588    0.001598    0.549816 v adc_out[4] (out)
                                              0.549816   data arrival time

                                  0.000000    0.000000   clock clk (rise edge)
                                  0.000000    0.000000   clock network delay (propagated)
                                  0.250000    0.250000   clock uncertainty
                                  0.000000    0.250000   clock reconvergence pessimism
                                -50.000000  -49.749996   output external delay
                                            -49.749996   data required time
---------------------------------------------------------------------------------------------
                                            -49.749996   data required time
                                             -0.549816   data arrival time
---------------------------------------------------------------------------------------------
                                             50.299816   slack (MET)


Startpoint: _155_ (rising edge-triggered flip-flop clocked by clk)
Endpoint: adc_out[2] (output port clocked by clk)
Path Group: clk
Path Type: min

Fanout         Cap        Slew       Delay        Time   Description
---------------------------------------------------------------------------------------------
                                  0.000000    0.000000   clock clk (rise edge)
                                  0.000000    0.000000   clock source latency
     1    0.017883    0.064704    0.044287    0.044287 ^ clk (in)
                                                         clk (net)
                      0.064720    0.000000    0.044287 ^ clkbuf_0_clk/A (sky130_fd_sc_hd__clkbuf_16)
     2    0.019173    0.030883    0.093203    0.137489 ^ clkbuf_0_clk/X (sky130_fd_sc_hd__clkbuf_16)
                                                         clknet_0_clk (net)
                      0.030893    0.000718    0.138207 ^ clkbuf_1_1__f_clk/A (sky130_fd_sc_hd__clkbuf_16)
    12    0.039427    0.044537    0.096038    0.234245 ^ clkbuf_1_1__f_clk/X (sky130_fd_sc_hd__clkbuf_16)
                                                         clknet_1_1__leaf_clk (net)
                      0.044845    0.002327    0.236572 ^ _155_/CLK (sky130_fd_sc_hd__dfxtp_1)
     2    0.005694    0.027347    0.196988    0.433560 v _155_/Q (sky130_fd_sc_hd__dfxtp_1)
                                                         net5 (net)
                      0.027347    0.000333    0.433893 v output5/A (sky130_fd_sc_hd__buf_2)
     1    0.034095    0.062523    0.115264    0.549158 v output5/X (sky130_fd_sc_hd__buf_2)
                                                         adc_out[2] (net)
                      0.062573    0.001597    0.550755 v adc_out[2] (out)
                                              0.550755   data arrival time

                                  0.000000    0.000000   clock clk (rise edge)
                                  0.000000    0.000000   clock network delay (propagated)
                                  0.250000    0.250000   clock uncertainty
                                  0.000000    0.250000   clock reconvergence pessimism
                                -50.000000  -49.749996   output external delay
                                            -49.749996   data required time
---------------------------------------------------------------------------------------------
                                            -49.749996   data required time
                                             -0.550755   data arrival time
---------------------------------------------------------------------------------------------
                                             50.300755   slack (MET)


Startpoint: _159_ (rising edge-triggered flip-flop clocked by clk)
Endpoint: adc_out[6] (output port clocked by clk)
Path Group: clk
Path Type: min

Fanout         Cap        Slew       Delay        Time   Description
---------------------------------------------------------------------------------------------
                                  0.000000    0.000000   clock clk (rise edge)
                                  0.000000    0.000000   clock source latency
     1    0.017883    0.064704    0.044287    0.044287 ^ clk (in)
                                                         clk (net)
                      0.064720    0.000000    0.044287 ^ clkbuf_0_clk/A (sky130_fd_sc_hd__clkbuf_16)
     2    0.019173    0.030883    0.093203    0.137489 ^ clkbuf_0_clk/X (sky130_fd_sc_hd__clkbuf_16)
                                                         clknet_0_clk (net)
                      0.030893    0.000718    0.138207 ^ clkbuf_1_1__f_clk/A (sky130_fd_sc_hd__clkbuf_16)
    12    0.039427    0.044537    0.096038    0.234245 ^ clkbuf_1_1__f_clk/X (sky130_fd_sc_hd__clkbuf_16)
                                                         clknet_1_1__leaf_clk (net)
                      0.044892    0.002627    0.236872 ^ _159_/CLK (sky130_fd_sc_hd__dfxtp_1)
     2    0.006660    0.030201    0.199641    0.436513 v _159_/Q (sky130_fd_sc_hd__dfxtp_1)
                                                         net9 (net)
                      0.030201    0.000407    0.436920 v output9/A (sky130_fd_sc_hd__buf_2)
     1    0.034485    0.063109    0.116868    0.553788 v output9/X (sky130_fd_sc_hd__buf_2)
                                                         adc_out[6] (net)
                      0.063162    0.001646    0.555434 v adc_out[6] (out)
                                              0.555434   data arrival time

                                  0.000000    0.000000   clock clk (rise edge)
                                  0.000000    0.000000   clock network delay (propagated)
                                  0.250000    0.250000   clock uncertainty
                                  0.000000    0.250000   clock reconvergence pessimism
                                -50.000000  -49.749996   output external delay
                                            -49.749996   data required time
---------------------------------------------------------------------------------------------
                                            -49.749996   data required time
                                             -0.555434   data arrival time
---------------------------------------------------------------------------------------------
                                             50.305431   slack (MET)


Startpoint: _156_ (rising edge-triggered flip-flop clocked by clk)
Endpoint: adc_out[3] (output port clocked by clk)
Path Group: clk
Path Type: min

Fanout         Cap        Slew       Delay        Time   Description
---------------------------------------------------------------------------------------------
                                  0.000000    0.000000   clock clk (rise edge)
                                  0.000000    0.000000   clock source latency
     1    0.017883    0.064704    0.044287    0.044287 ^ clk (in)
                                                         clk (net)
                      0.064720    0.000000    0.044287 ^ clkbuf_0_clk/A (sky130_fd_sc_hd__clkbuf_16)
     2    0.019173    0.030883    0.093203    0.137489 ^ clkbuf_0_clk/X (sky130_fd_sc_hd__clkbuf_16)
                                                         clknet_0_clk (net)
                      0.030893    0.000718    0.138207 ^ clkbuf_1_1__f_clk/A (sky130_fd_sc_hd__clkbuf_16)
    12    0.039427    0.044537    0.096038    0.234245 ^ clkbuf_1_1__f_clk/X (sky130_fd_sc_hd__clkbuf_16)
                                                         clknet_1_1__leaf_clk (net)
                      0.044835    0.002260    0.236504 ^ _156_/CLK (sky130_fd_sc_hd__dfxtp_1)
     2    0.007158    0.031710    0.200922    0.437426 v _156_/Q (sky130_fd_sc_hd__dfxtp_1)
                                                         net6 (net)
                      0.031756    0.000563    0.437989 v output6/A (sky130_fd_sc_hd__buf_2)
     1    0.034097    0.062526    0.117033    0.555022 v output6/X (sky130_fd_sc_hd__buf_2)
                                                         adc_out[3] (net)
                      0.062576    0.001597    0.556619 v adc_out[3] (out)
                                              0.556619   data arrival time

                                  0.000000    0.000000   clock clk (rise edge)
                                  0.000000    0.000000   clock network delay (propagated)
                                  0.250000    0.250000   clock uncertainty
                                  0.000000    0.250000   clock reconvergence pessimism
                                -50.000000  -49.749996   output external delay
                                            -49.749996   data required time
---------------------------------------------------------------------------------------------
                                            -49.749996   data required time
                                             -0.556619   data arrival time
---------------------------------------------------------------------------------------------
                                             50.306614   slack (MET)


Startpoint: _153_ (rising edge-triggered flip-flop clocked by clk)
Endpoint: adc_out[0] (output port clocked by clk)
Path Group: clk
Path Type: min

Fanout         Cap        Slew       Delay        Time   Description
---------------------------------------------------------------------------------------------
                                  0.000000    0.000000   clock clk (rise edge)
                                  0.000000    0.000000   clock source latency
     1    0.017883    0.064704    0.044287    0.044287 ^ clk (in)
                                                         clk (net)
                      0.064720    0.000000    0.044287 ^ clkbuf_0_clk/A (sky130_fd_sc_hd__clkbuf_16)
     2    0.019173    0.030883    0.093203    0.137489 ^ clkbuf_0_clk/X (sky130_fd_sc_hd__clkbuf_16)
                                                         clknet_0_clk (net)
                      0.030893    0.000718    0.138207 ^ clkbuf_1_1__f_clk/A (sky130_fd_sc_hd__clkbuf_16)
    12    0.039427    0.044537    0.096038    0.234245 ^ clkbuf_1_1__f_clk/X (sky130_fd_sc_hd__clkbuf_16)
                                                         clknet_1_1__leaf_clk (net)
                      0.044822    0.002169    0.236414 ^ _153_/CLK (sky130_fd_sc_hd__dfxtp_1)
     2    0.008563    0.035992    0.204750    0.441164 v _153_/Q (sky130_fd_sc_hd__dfxtp_1)
                                                         net3 (net)
                      0.036005    0.000654    0.441818 v output3/A (sky130_fd_sc_hd__buf_2)
     1    0.035152    0.064512    0.119759    0.561577 v output3/X (sky130_fd_sc_hd__buf_2)
                                                         adc_out[0] (net)
                      0.064586    0.001947    0.563524 v adc_out[0] (out)
                                              0.563524   data arrival time

                                  0.000000    0.000000   clock clk (rise edge)
                                  0.000000    0.000000   clock network delay (propagated)
                                  0.250000    0.250000   clock uncertainty
                                  0.000000    0.250000   clock reconvergence pessimism
                                -50.000000  -49.749996   output external delay
                                            -49.749996   data required time
---------------------------------------------------------------------------------------------
                                            -49.749996   data required time
                                             -0.563524   data arrival time
---------------------------------------------------------------------------------------------
                                             50.313522   slack (MET)


Startpoint: _160_ (rising edge-triggered flip-flop clocked by clk)
Endpoint: adc_out[7] (output port clocked by clk)
Path Group: clk
Path Type: min

Fanout         Cap        Slew       Delay        Time   Description
---------------------------------------------------------------------------------------------
                                  0.000000    0.000000   clock clk (rise edge)
                                  0.000000    0.000000   clock source latency
     1    0.017883    0.064704    0.044287    0.044287 ^ clk (in)
                                                         clk (net)
                      0.064720    0.000000    0.044287 ^ clkbuf_0_clk/A (sky130_fd_sc_hd__clkbuf_16)
     2    0.019173    0.030883    0.093203    0.137489 ^ clkbuf_0_clk/X (sky130_fd_sc_hd__clkbuf_16)
                                                         clknet_0_clk (net)
                      0.030893    0.000718    0.138207 ^ clkbuf_1_1__f_clk/A (sky130_fd_sc_hd__clkbuf_16)
    12    0.039427    0.044537    0.096038    0.234245 ^ clkbuf_1_1__f_clk/X (sky130_fd_sc_hd__clkbuf_16)
                                                         clknet_1_1__leaf_clk (net)
                      0.044722    0.001380    0.235625 ^ _160_/CLK (sky130_fd_sc_hd__dfxtp_1)
     2    0.009104    0.037551    0.206370    0.441995 v _160_/Q (sky130_fd_sc_hd__dfxtp_1)
                                                         net10 (net)
                      0.037556    0.000439    0.442434 v output10/A (sky130_fd_sc_hd__buf_2)
     1    0.035143    0.064473    0.120423    0.562857 v output10/X (sky130_fd_sc_hd__buf_2)
                                                         adc_out[7] (net)
                      0.064540    0.001866    0.564722 v adc_out[7] (out)
                                              0.564722   data arrival time

                                  0.000000    0.000000   clock clk (rise edge)
                                  0.000000    0.000000   clock network delay (propagated)
                                  0.250000    0.250000   clock uncertainty
                                  0.000000    0.250000   clock reconvergence pessimism
                                -50.000000  -49.749996   output external delay
                                            -49.749996   data required time
---------------------------------------------------------------------------------------------
                                            -49.749996   data required time
                                             -0.564722   data arrival time
---------------------------------------------------------------------------------------------
                                             50.314720   slack (MET)


Startpoint: _154_ (rising edge-triggered flip-flop clocked by clk)
Endpoint: adc_out[1] (output port clocked by clk)
Path Group: clk
Path Type: min

Fanout         Cap        Slew       Delay        Time   Description
---------------------------------------------------------------------------------------------
                                  0.000000    0.000000   clock clk (rise edge)
                                  0.000000    0.000000   clock source latency
     1    0.017883    0.064704    0.044287    0.044287 ^ clk (in)
                                                         clk (net)
                      0.064720    0.000000    0.044287 ^ clkbuf_0_clk/A (sky130_fd_sc_hd__clkbuf_16)
     2    0.019173    0.030883    0.093203    0.137489 ^ clkbuf_0_clk/X (sky130_fd_sc_hd__clkbuf_16)
                                                         clknet_0_clk (net)
                      0.030893    0.000718    0.138207 ^ clkbuf_1_1__f_clk/A (sky130_fd_sc_hd__clkbuf_16)
    12    0.039427    0.044537    0.096038    0.234245 ^ clkbuf_1_1__f_clk/X (sky130_fd_sc_hd__clkbuf_16)
                                                         clknet_1_1__leaf_clk (net)
                      0.044794    0.001969    0.236213 ^ _154_/CLK (sky130_fd_sc_hd__dfxtp_1)
     2    0.010181    0.039929    0.209161    0.445375 v _154_/Q (sky130_fd_sc_hd__dfxtp_1)
                                                         net4 (net)
                      0.039949    0.000839    0.446213 v output4/A (sky130_fd_sc_hd__buf_2)
     1    0.034988    0.063864    0.121379    0.567593 v output4/X (sky130_fd_sc_hd__buf_2)
                                                         adc_out[1] (net)
                      0.063921    0.001705    0.569298 v adc_out[1] (out)
                                              0.569298   data arrival time

                                  0.000000    0.000000   clock clk (rise edge)
                                  0.000000    0.000000   clock network delay (propagated)
                                  0.250000    0.250000   clock uncertainty
                                  0.000000    0.250000   clock reconvergence pessimism
                                -50.000000  -49.749996   output external delay
                                            -49.749996   data required time
---------------------------------------------------------------------------------------------
                                            -49.749996   data required time
                                             -0.569298   data arrival time
---------------------------------------------------------------------------------------------
                                             50.319294   slack (MET)


Startpoint: _168_ (rising edge-triggered flip-flop clocked by clk)
Endpoint: dac_in[7] (output port clocked by clk)
Path Group: clk
Path Type: min

Fanout         Cap        Slew       Delay        Time   Description
---------------------------------------------------------------------------------------------
                                  0.000000    0.000000   clock clk (rise edge)
                                  0.000000    0.000000   clock source latency
     1    0.017883    0.064704    0.044287    0.044287 ^ clk (in)
                                                         clk (net)
                      0.064720    0.000000    0.044287 ^ clkbuf_0_clk/A (sky130_fd_sc_hd__clkbuf_16)
     2    0.019173    0.030883    0.093203    0.137489 ^ clkbuf_0_clk/X (sky130_fd_sc_hd__clkbuf_16)
                                                         clknet_0_clk (net)
                      0.030894    0.000773    0.138262 ^ clkbuf_1_0__f_clk/A (sky130_fd_sc_hd__clkbuf_16)
    10    0.040130    0.045101    0.096221    0.234484 ^ clkbuf_1_0__f_clk/X (sky130_fd_sc_hd__clkbuf_16)
                                                         clknet_1_0__leaf_clk (net)
                      0.045283    0.002115    0.236599 ^ _168_/CLK (sky130_fd_sc_hd__dfxtp_1)
     3    0.013076    0.048454    0.216436    0.453035 v _168_/Q (sky130_fd_sc_hd__dfxtp_1)
                                                         net19 (net)
                      0.048457    0.000402    0.453437 v output19/A (sky130_fd_sc_hd__buf_2)
     1    0.034608    0.063309    0.124284    0.577721 v output19/X (sky130_fd_sc_hd__buf_2)
                                                         dac_in[7] (net)
                      0.063366    0.001718    0.579439 v dac_in[7] (out)
                                              0.579439   data arrival time

                                  0.000000    0.000000   clock clk (rise edge)
                                  0.000000    0.000000   clock network delay (propagated)
                                  0.250000    0.250000   clock uncertainty
                                  0.000000    0.250000   clock reconvergence pessimism
                                -50.000000  -49.749996   output external delay
                                            -49.749996   data required time
---------------------------------------------------------------------------------------------
                                            -49.749996   data required time
                                             -0.579439   data arrival time
---------------------------------------------------------------------------------------------
                                             50.329433   slack (MET)


Startpoint: _166_ (rising edge-triggered flip-flop clocked by clk)
Endpoint: dac_in[5] (output port clocked by clk)
Path Group: clk
Path Type: min

Fanout         Cap        Slew       Delay        Time   Description
---------------------------------------------------------------------------------------------
                                  0.000000    0.000000   clock clk (rise edge)
                                  0.000000    0.000000   clock source latency
     1    0.017883    0.064704    0.044287    0.044287 ^ clk (in)
                                                         clk (net)
                      0.064720    0.000000    0.044287 ^ clkbuf_0_clk/A (sky130_fd_sc_hd__clkbuf_16)
     2    0.019173    0.030883    0.093203    0.137489 ^ clkbuf_0_clk/X (sky130_fd_sc_hd__clkbuf_16)
                                                         clknet_0_clk (net)
                      0.030893    0.000718    0.138207 ^ clkbuf_1_1__f_clk/A (sky130_fd_sc_hd__clkbuf_16)
    12    0.039427    0.044537    0.096038    0.234245 ^ clkbuf_1_1__f_clk/X (sky130_fd_sc_hd__clkbuf_16)
                                                         clknet_1_1__leaf_clk (net)
                      0.044726    0.001411    0.235656 ^ _166_/CLK (sky130_fd_sc_hd__dfxtp_1)
     3    0.019630    0.068391    0.231574    0.467230 v _166_/Q (sky130_fd_sc_hd__dfxtp_1)
                                                         net17 (net)
                      0.068415    0.001202    0.468432 v output17/A (sky130_fd_sc_hd__buf_2)
     1    0.034608    0.063352    0.132367    0.600800 v output17/X (sky130_fd_sc_hd__buf_2)
                                                         dac_in[5] (net)
                      0.063410    0.001718    0.602518 v dac_in[5] (out)
                                              0.602518   data arrival time

                                  0.000000    0.000000   clock clk (rise edge)
                                  0.000000    0.000000   clock network delay (propagated)
                                  0.250000    0.250000   clock uncertainty
                                  0.000000    0.250000   clock reconvergence pessimism
                                -50.000000  -49.749996   output external delay
                                            -49.749996   data required time
---------------------------------------------------------------------------------------------
                                            -49.749996   data required time
                                             -0.602518   data arrival time
---------------------------------------------------------------------------------------------
                                             50.352516   slack (MET)


Startpoint: _167_ (rising edge-triggered flip-flop clocked by clk)
Endpoint: dac_in[6] (output port clocked by clk)
Path Group: clk
Path Type: min

Fanout         Cap        Slew       Delay        Time   Description
---------------------------------------------------------------------------------------------
                                  0.000000    0.000000   clock clk (rise edge)
                                  0.000000    0.000000   clock source latency
     1    0.017883    0.064704    0.044287    0.044287 ^ clk (in)
                                                         clk (net)
                      0.064720    0.000000    0.044287 ^ clkbuf_0_clk/A (sky130_fd_sc_hd__clkbuf_16)
     2    0.019173    0.030883    0.093203    0.137489 ^ clkbuf_0_clk/X (sky130_fd_sc_hd__clkbuf_16)
                                                         clknet_0_clk (net)
                      0.030894    0.000773    0.138262 ^ clkbuf_1_0__f_clk/A (sky130_fd_sc_hd__clkbuf_16)
    10    0.040130    0.045101    0.096221    0.234484 ^ clkbuf_1_0__f_clk/X (sky130_fd_sc_hd__clkbuf_16)
                                                         clknet_1_0__leaf_clk (net)
                      0.045319    0.002344    0.236828 ^ _167_/CLK (sky130_fd_sc_hd__dfxtp_1)
     4    0.024142    0.081862    0.241896    0.478724 v _167_/Q (sky130_fd_sc_hd__dfxtp_1)
                                                         net18 (net)
                      0.081890    0.001448    0.480172 v output18/A (sky130_fd_sc_hd__buf_2)
     1    0.034608    0.063390    0.137843    0.618014 v output18/X (sky130_fd_sc_hd__buf_2)
                                                         dac_in[6] (net)
                      0.063448    0.001718    0.619732 v dac_in[6] (out)
                                              0.619732   data arrival time

                                  0.000000    0.000000   clock clk (rise edge)
                                  0.000000    0.000000   clock network delay (propagated)
                                  0.250000    0.250000   clock uncertainty
                                  0.000000    0.250000   clock reconvergence pessimism
                                -50.000000  -49.749996   output external delay
                                            -49.749996   data required time
---------------------------------------------------------------------------------------------
                                            -49.749996   data required time
                                             -0.619732   data arrival time
---------------------------------------------------------------------------------------------
                                             50.369728   slack (MET)


Startpoint: _165_ (rising edge-triggered flip-flop clocked by clk)
Endpoint: dac_in[4] (output port clocked by clk)
Path Group: clk
Path Type: min

Fanout         Cap        Slew       Delay        Time   Description
---------------------------------------------------------------------------------------------
                                  0.000000    0.000000   clock clk (rise edge)
                                  0.000000    0.000000   clock source latency
     1    0.017883    0.064704    0.044287    0.044287 ^ clk (in)
                                                         clk (net)
                      0.064720    0.000000    0.044287 ^ clkbuf_0_clk/A (sky130_fd_sc_hd__clkbuf_16)
     2    0.019173    0.030883    0.093203    0.137489 ^ clkbuf_0_clk/X (sky130_fd_sc_hd__clkbuf_16)
                                                         clknet_0_clk (net)
                      0.030893    0.000718    0.138207 ^ clkbuf_1_1__f_clk/A (sky130_fd_sc_hd__clkbuf_16)
    12    0.039427    0.044537    0.096038    0.234245 ^ clkbuf_1_1__f_clk/X (sky130_fd_sc_hd__clkbuf_16)
                                                         clknet_1_1__leaf_clk (net)
                      0.044685    0.001001    0.235246 ^ _165_/CLK (sky130_fd_sc_hd__dfxtp_1)
     3    0.024478    0.083206    0.242917    0.478163 v _165_/Q (sky130_fd_sc_hd__dfxtp_1)
                                                         net16 (net)
                      0.083265    0.001998    0.480161 v output16/A (sky130_fd_sc_hd__buf_2)
     1    0.034608    0.063394    0.138401    0.618562 v output16/X (sky130_fd_sc_hd__buf_2)
                                                         dac_in[4] (net)
                      0.063452    0.001718    0.620280 v dac_in[4] (out)
                                              0.620280   data arrival time

                                  0.000000    0.000000   clock clk (rise edge)
                                  0.000000    0.000000   clock network delay (propagated)
                                  0.250000    0.250000   clock uncertainty
                                  0.000000    0.250000   clock reconvergence pessimism
                                -50.000000  -49.749996   output external delay
                                            -49.749996   data required time
---------------------------------------------------------------------------------------------
                                            -49.749996   data required time
                                             -0.620280   data arrival time
---------------------------------------------------------------------------------------------
                                             50.370277   slack (MET)


Startpoint: _164_ (rising edge-triggered flip-flop clocked by clk)
Endpoint: dac_in[3] (output port clocked by clk)
Path Group: clk
Path Type: min

Fanout         Cap        Slew       Delay        Time   Description
---------------------------------------------------------------------------------------------
                                  0.000000    0.000000   clock clk (rise edge)
                                  0.000000    0.000000   clock source latency
     1    0.017883    0.064704    0.044287    0.044287 ^ clk (in)
                                                         clk (net)
                      0.064720    0.000000    0.044287 ^ clkbuf_0_clk/A (sky130_fd_sc_hd__clkbuf_16)
     2    0.019173    0.030883    0.093203    0.137489 ^ clkbuf_0_clk/X (sky130_fd_sc_hd__clkbuf_16)
                                                         clknet_0_clk (net)
                      0.030894    0.000773    0.138262 ^ clkbuf_1_0__f_clk/A (sky130_fd_sc_hd__clkbuf_16)
    10    0.040130    0.045101    0.096221    0.234484 ^ clkbuf_1_0__f_clk/X (sky130_fd_sc_hd__clkbuf_16)
                                                         clknet_1_0__leaf_clk (net)
                      0.045356    0.002568    0.237052 ^ _164_/CLK (sky130_fd_sc_hd__dfxtp_1)
     3    0.024999    0.084508    0.243647    0.480699 v _164_/Q (sky130_fd_sc_hd__dfxtp_1)
                                                         net15 (net)
                      0.084524    0.001138    0.481837 v output15/A (sky130_fd_sc_hd__buf_2)
     1    0.034608    0.063398    0.138913    0.620750 v output15/X (sky130_fd_sc_hd__buf_2)
                                                         dac_in[3] (net)
                      0.063456    0.001718    0.622468 v dac_in[3] (out)
                                              0.622468   data arrival time

                                  0.000000    0.000000   clock clk (rise edge)
                                  0.000000    0.000000   clock network delay (propagated)
                                  0.250000    0.250000   clock uncertainty
                                  0.000000    0.250000   clock reconvergence pessimism
                                -50.000000  -49.749996   output external delay
                                            -49.749996   data required time
---------------------------------------------------------------------------------------------
                                            -49.749996   data required time
                                             -0.622468   data arrival time
---------------------------------------------------------------------------------------------
                                             50.372463   slack (MET)


Startpoint: _162_ (rising edge-triggered flip-flop clocked by clk)
Endpoint: dac_in[1] (output port clocked by clk)
Path Group: clk
Path Type: min

Fanout         Cap        Slew       Delay        Time   Description
---------------------------------------------------------------------------------------------
                                  0.000000    0.000000   clock clk (rise edge)
                                  0.000000    0.000000   clock source latency
     1    0.017883    0.064704    0.044287    0.044287 ^ clk (in)
                                                         clk (net)
                      0.064720    0.000000    0.044287 ^ clkbuf_0_clk/A (sky130_fd_sc_hd__clkbuf_16)
     2    0.019173    0.030883    0.093203    0.137489 ^ clkbuf_0_clk/X (sky130_fd_sc_hd__clkbuf_16)
                                                         clknet_0_clk (net)
                      0.030893    0.000718    0.138207 ^ clkbuf_1_1__f_clk/A (sky130_fd_sc_hd__clkbuf_16)
    12    0.039427    0.044537    0.096038    0.234245 ^ clkbuf_1_1__f_clk/X (sky130_fd_sc_hd__clkbuf_16)
                                                         clknet_1_1__leaf_clk (net)
                      0.044753    0.001650    0.235895 ^ _162_/CLK (sky130_fd_sc_hd__dfxtp_1)
     3    0.026825    0.089994    0.248230    0.484124 v _162_/Q (sky130_fd_sc_hd__dfxtp_1)
                                                         net13 (net)
                      0.090083    0.002515    0.486639 v output13/A (sky130_fd_sc_hd__buf_2)
     1    0.034608    0.063414    0.141172    0.627811 v output13/X (sky130_fd_sc_hd__buf_2)
                                                         dac_in[1] (net)
                      0.063471    0.001718    0.629529 v dac_in[1] (out)
                                              0.629529   data arrival time

                                  0.000000    0.000000   clock clk (rise edge)
                                  0.000000    0.000000   clock network delay (propagated)
                                  0.250000    0.250000   clock uncertainty
                                  0.000000    0.250000   clock reconvergence pessimism
                                -50.000000  -49.749996   output external delay
                                            -49.749996   data required time
---------------------------------------------------------------------------------------------
                                            -49.749996   data required time
                                             -0.629529   data arrival time
---------------------------------------------------------------------------------------------
                                             50.379528   slack (MET)


Startpoint: _163_ (rising edge-triggered flip-flop clocked by clk)
Endpoint: dac_in[2] (output port clocked by clk)
Path Group: clk
Path Type: min

Fanout         Cap        Slew       Delay        Time   Description
---------------------------------------------------------------------------------------------
                                  0.000000    0.000000   clock clk (rise edge)
                                  0.000000    0.000000   clock source latency
     1    0.017883    0.064704    0.044287    0.044287 ^ clk (in)
                                                         clk (net)
                      0.064720    0.000000    0.044287 ^ clkbuf_0_clk/A (sky130_fd_sc_hd__clkbuf_16)
     2    0.019173    0.030883    0.093203    0.137489 ^ clkbuf_0_clk/X (sky130_fd_sc_hd__clkbuf_16)
                                                         clknet_0_clk (net)
                      0.030894    0.000773    0.138262 ^ clkbuf_1_0__f_clk/A (sky130_fd_sc_hd__clkbuf_16)
    10    0.040130    0.045101    0.096221    0.234484 ^ clkbuf_1_0__f_clk/X (sky130_fd_sc_hd__clkbuf_16)
                                                         clknet_1_0__leaf_clk (net)
                      0.045409    0.002873    0.237356 ^ _163_/CLK (sky130_fd_sc_hd__dfxtp_1)
     4    0.030921    0.101909    0.257553    0.494909 v _163_/Q (sky130_fd_sc_hd__dfxtp_1)
                                                         net14 (net)
                      0.101916    0.000903    0.495812 v output14/A (sky130_fd_sc_hd__buf_2)
     1    0.034874    0.063857    0.146254    0.642066 v output14/X (sky130_fd_sc_hd__buf_2)
                                                         dac_in[2] (net)
                      0.063919    0.001782    0.643848 v dac_in[2] (out)
                                              0.643848   data arrival time

                                  0.000000    0.000000   clock clk (rise edge)
                                  0.000000    0.000000   clock network delay (propagated)
                                  0.250000    0.250000   clock uncertainty
                                  0.000000    0.250000   clock reconvergence pessimism
                                -50.000000  -49.749996   output external delay
                                            -49.749996   data required time
---------------------------------------------------------------------------------------------
                                            -49.749996   data required time
                                             -0.643848   data arrival time
---------------------------------------------------------------------------------------------
                                             50.393845   slack (MET)


Startpoint: _161_ (rising edge-triggered flip-flop clocked by clk)
Endpoint: dac_in[0] (output port clocked by clk)
Path Group: clk
Path Type: min

Fanout         Cap        Slew       Delay        Time   Description
---------------------------------------------------------------------------------------------
                                  0.000000    0.000000   clock clk (rise edge)
                                  0.000000    0.000000   clock source latency
     1    0.017883    0.064704    0.044287    0.044287 ^ clk (in)
                                                         clk (net)
                      0.064720    0.000000    0.044287 ^ clkbuf_0_clk/A (sky130_fd_sc_hd__clkbuf_16)
     2    0.019173    0.030883    0.093203    0.137489 ^ clkbuf_0_clk/X (sky130_fd_sc_hd__clkbuf_16)
                                                         clknet_0_clk (net)
                      0.030894    0.000773    0.138262 ^ clkbuf_1_0__f_clk/A (sky130_fd_sc_hd__clkbuf_16)
    10    0.040130    0.045101    0.096221    0.234484 ^ clkbuf_1_0__f_clk/X (sky130_fd_sc_hd__clkbuf_16)
                                                         clknet_1_0__leaf_clk (net)
                      0.045418    0.002922    0.237406 ^ _161_/CLK (sky130_fd_sc_hd__dfxtp_1)
     4    0.031193    0.103221    0.258882    0.496287 v _161_/Q (sky130_fd_sc_hd__dfxtp_1)
                                                         net12 (net)
                      0.103230    0.001026    0.497314 v output12/A (sky130_fd_sc_hd__buf_2)
     1    0.034882    0.063873    0.146796    0.644110 v output12/X (sky130_fd_sc_hd__buf_2)
                                                         dac_in[0] (net)
                      0.063935    0.001784    0.645894 v dac_in[0] (out)
                                              0.645894   data arrival time

                                  0.000000    0.000000   clock clk (rise edge)
                                  0.000000    0.000000   clock network delay (propagated)
                                  0.250000    0.250000   clock uncertainty
                                  0.000000    0.250000   clock reconvergence pessimism
                                -50.000000  -49.749996   output external delay
                                            -49.749996   data required time
---------------------------------------------------------------------------------------------
                                            -49.749996   data required time
                                             -0.645894   data arrival time
---------------------------------------------------------------------------------------------
                                             50.395893   slack (MET)


Startpoint: _168_ (rising edge-triggered flip-flop clocked by clk)
Endpoint: dac_in_n[7] (output port clocked by clk)
Path Group: clk
Path Type: min

Fanout         Cap        Slew       Delay        Time   Description
---------------------------------------------------------------------------------------------
                                  0.000000    0.000000   clock clk (rise edge)
                                  0.000000    0.000000   clock source latency
     1    0.017883    0.064704    0.044287    0.044287 ^ clk (in)
                                                         clk (net)
                      0.064720    0.000000    0.044287 ^ clkbuf_0_clk/A (sky130_fd_sc_hd__clkbuf_16)
     2    0.019173    0.030883    0.093203    0.137489 ^ clkbuf_0_clk/X (sky130_fd_sc_hd__clkbuf_16)
                                                         clknet_0_clk (net)
                      0.030894    0.000773    0.138262 ^ clkbuf_1_0__f_clk/A (sky130_fd_sc_hd__clkbuf_16)
    10    0.040130    0.045101    0.096221    0.234484 ^ clkbuf_1_0__f_clk/X (sky130_fd_sc_hd__clkbuf_16)
                                                         clknet_1_0__leaf_clk (net)
                      0.045283    0.002115    0.236599 ^ _168_/CLK (sky130_fd_sc_hd__dfxtp_1)
     3    0.013772    0.102517    0.241116    0.477715 ^ _168_/Q (sky130_fd_sc_hd__dfxtp_1)
                                                         net19 (net)
                      0.102524    0.000904    0.478619 ^ _074_/A (sky130_fd_sc_hd__inv_2)
     2    0.017452    0.044440    0.045781    0.524400 v _074_/Y (sky130_fd_sc_hd__inv_2)
                                                         net27 (net)
                      0.044466    0.000830    0.525230 v output27/A (sky130_fd_sc_hd__buf_2)
     1    0.034608    0.063306    0.122697    0.647927 v output27/X (sky130_fd_sc_hd__buf_2)
                                                         dac_in_n[7] (net)
                      0.063362    0.001703    0.649630 v dac_in_n[7] (out)
                                              0.649630   data arrival time

                                  0.000000    0.000000   clock clk (rise edge)
                                  0.000000    0.000000   clock network delay (propagated)
                                  0.250000    0.250000   clock uncertainty
                                  0.000000    0.250000   clock reconvergence pessimism
                                -50.000000  -49.749996   output external delay
                                            -49.749996   data required time
---------------------------------------------------------------------------------------------
                                            -49.749996   data required time
                                             -0.649630   data arrival time
---------------------------------------------------------------------------------------------
                                             50.399628   slack (MET)


Startpoint: _167_ (rising edge-triggered flip-flop clocked by clk)
Endpoint: dac_in_n[6] (output port clocked by clk)
Path Group: clk
Path Type: min

Fanout         Cap        Slew       Delay        Time   Description
---------------------------------------------------------------------------------------------
                                  0.000000    0.000000   clock clk (rise edge)
                                  0.000000    0.000000   clock source latency
     1    0.017883    0.064704    0.044287    0.044287 ^ clk (in)
                                                         clk (net)
                      0.064720    0.000000    0.044287 ^ clkbuf_0_clk/A (sky130_fd_sc_hd__clkbuf_16)
     2    0.019173    0.030883    0.093203    0.137489 ^ clkbuf_0_clk/X (sky130_fd_sc_hd__clkbuf_16)
                                                         clknet_0_clk (net)
                      0.030894    0.000773    0.138262 ^ clkbuf_1_0__f_clk/A (sky130_fd_sc_hd__clkbuf_16)
    10    0.040130    0.045101    0.096221    0.234484 ^ clkbuf_1_0__f_clk/X (sky130_fd_sc_hd__clkbuf_16)
                                                         clknet_1_0__leaf_clk (net)
                      0.045319    0.002344    0.236828 ^ _167_/CLK (sky130_fd_sc_hd__dfxtp_1)
     4    0.025146    0.180395    0.294460    0.531288 ^ _167_/Q (sky130_fd_sc_hd__dfxtp_1)
                                                         net18 (net)
                      0.180442    0.002795    0.534083 ^ _075_/A (sky130_fd_sc_hd__inv_2)
     1    0.002563    0.029668    0.007616    0.541699 v _075_/Y (sky130_fd_sc_hd__inv_2)
                                                         net26 (net)
                      0.029669    0.000161    0.541860 v output26/A (sky130_fd_sc_hd__buf_2)
     1    0.034629    0.063341    0.116770    0.658630 v output26/X (sky130_fd_sc_hd__buf_2)
                                                         dac_in_n[6] (net)
                      0.063400    0.001735    0.660366 v dac_in_n[6] (out)
                                              0.660366   data arrival time

                                  0.000000    0.000000   clock clk (rise edge)
                                  0.000000    0.000000   clock network delay (propagated)
                                  0.250000    0.250000   clock uncertainty
                                  0.000000    0.250000   clock reconvergence pessimism
                                -50.000000  -49.749996   output external delay
                                            -49.749996   data required time
---------------------------------------------------------------------------------------------
                                            -49.749996   data required time
                                             -0.660366   data arrival time
---------------------------------------------------------------------------------------------
                                             50.410362   slack (MET)


Startpoint: _166_ (rising edge-triggered flip-flop clocked by clk)
Endpoint: dac_in_n[5] (output port clocked by clk)
Path Group: clk
Path Type: min

Fanout         Cap        Slew       Delay        Time   Description
---------------------------------------------------------------------------------------------
                                  0.000000    0.000000   clock clk (rise edge)
                                  0.000000    0.000000   clock source latency
     1    0.017883    0.064704    0.044287    0.044287 ^ clk (in)
                                                         clk (net)
                      0.064720    0.000000    0.044287 ^ clkbuf_0_clk/A (sky130_fd_sc_hd__clkbuf_16)
     2    0.019173    0.030883    0.093203    0.137489 ^ clkbuf_0_clk/X (sky130_fd_sc_hd__clkbuf_16)
                                                         clknet_0_clk (net)
                      0.030893    0.000718    0.138207 ^ clkbuf_1_1__f_clk/A (sky130_fd_sc_hd__clkbuf_16)
    12    0.039427    0.044537    0.096038    0.234245 ^ clkbuf_1_1__f_clk/X (sky130_fd_sc_hd__clkbuf_16)
                                                         clknet_1_1__leaf_clk (net)
                      0.044726    0.001411    0.235656 ^ _166_/CLK (sky130_fd_sc_hd__dfxtp_1)
     3    0.020396    0.147818    0.272242    0.507898 ^ _166_/Q (sky130_fd_sc_hd__dfxtp_1)
                                                         net17 (net)
                      0.147827    0.001302    0.509200 ^ _076_/A (sky130_fd_sc_hd__inv_2)
     2    0.014253    0.049686    0.043095    0.552296 v _076_/Y (sky130_fd_sc_hd__inv_2)
                                                         net25 (net)
                      0.049697    0.000616    0.552911 v output25/A (sky130_fd_sc_hd__buf_2)
     1    0.035510    0.065057    0.125681    0.678592 v output25/X (sky130_fd_sc_hd__buf_2)
                                                         dac_in_n[5] (net)
                      0.065131    0.001965    0.680557 v dac_in_n[5] (out)
                                              0.680557   data arrival time

                                  0.000000    0.000000   clock clk (rise edge)
                                  0.000000    0.000000   clock network delay (propagated)
                                  0.250000    0.250000   clock uncertainty
                                  0.000000    0.250000   clock reconvergence pessimism
                                -50.000000  -49.749996   output external delay
                                            -49.749996   data required time
---------------------------------------------------------------------------------------------
                                            -49.749996   data required time
                                             -0.680557   data arrival time
---------------------------------------------------------------------------------------------
                                             50.430557   slack (MET)


Startpoint: _161_ (rising edge-triggered flip-flop clocked by clk)
Endpoint: dac_in_n[0] (output port clocked by clk)
Path Group: clk
Path Type: min

Fanout         Cap        Slew       Delay        Time   Description
---------------------------------------------------------------------------------------------
                                  0.000000    0.000000   clock clk (rise edge)
                                  0.000000    0.000000   clock source latency
     1    0.017883    0.064704    0.044287    0.044287 ^ clk (in)
                                                         clk (net)
                      0.064720    0.000000    0.044287 ^ clkbuf_0_clk/A (sky130_fd_sc_hd__clkbuf_16)
     2    0.019173    0.030883    0.093203    0.137489 ^ clkbuf_0_clk/X (sky130_fd_sc_hd__clkbuf_16)
                                                         clknet_0_clk (net)
                      0.030894    0.000773    0.138262 ^ clkbuf_1_0__f_clk/A (sky130_fd_sc_hd__clkbuf_16)
    10    0.040130    0.045101    0.096221    0.234484 ^ clkbuf_1_0__f_clk/X (sky130_fd_sc_hd__clkbuf_16)
                                                         clknet_1_0__leaf_clk (net)
                      0.045418    0.002922    0.237406 ^ _161_/CLK (sky130_fd_sc_hd__dfxtp_1)
     4    0.031193    0.103221    0.258882    0.496287 v _161_/Q (sky130_fd_sc_hd__dfxtp_1)
                                                         net12 (net)
                      0.103280    0.002270    0.498557 v _081_/A (sky130_fd_sc_hd__inv_2)
     1    0.002177    0.027732    0.044964    0.543521 ^ _081_/Y (sky130_fd_sc_hd__inv_2)
                                                         net20 (net)
                      0.027732    0.000153    0.543674 ^ output20/A (sky130_fd_sc_hd__buf_2)
     1    0.034629    0.129216    0.136445    0.680119 ^ output20/X (sky130_fd_sc_hd__buf_2)
                                                         dac_in_n[0] (net)
                      0.129250    0.001739    0.681858 ^ dac_in_n[0] (out)
                                              0.681858   data arrival time

                                  0.000000    0.000000   clock clk (rise edge)
                                  0.000000    0.000000   clock network delay (propagated)
                                  0.250000    0.250000   clock uncertainty
                                  0.000000    0.250000   clock reconvergence pessimism
                                -50.000000  -49.749996   output external delay
                                            -49.749996   data required time
---------------------------------------------------------------------------------------------
                                            -49.749996   data required time
                                             -0.681858   data arrival time
---------------------------------------------------------------------------------------------
                                             50.431854   slack (MET)


Startpoint: _163_ (rising edge-triggered flip-flop clocked by clk)
Endpoint: dac_in_n[2] (output port clocked by clk)
Path Group: clk
Path Type: min

Fanout         Cap        Slew       Delay        Time   Description
---------------------------------------------------------------------------------------------
                                  0.000000    0.000000   clock clk (rise edge)
                                  0.000000    0.000000   clock source latency
     1    0.017883    0.064704    0.044287    0.044287 ^ clk (in)
                                                         clk (net)
                      0.064720    0.000000    0.044287 ^ clkbuf_0_clk/A (sky130_fd_sc_hd__clkbuf_16)
     2    0.019173    0.030883    0.093203    0.137489 ^ clkbuf_0_clk/X (sky130_fd_sc_hd__clkbuf_16)
                                                         clknet_0_clk (net)
                      0.030894    0.000773    0.138262 ^ clkbuf_1_0__f_clk/A (sky130_fd_sc_hd__clkbuf_16)
    10    0.040130    0.045101    0.096221    0.234484 ^ clkbuf_1_0__f_clk/X (sky130_fd_sc_hd__clkbuf_16)
                                                         clknet_1_0__leaf_clk (net)
                      0.045409    0.002873    0.237356 ^ _163_/CLK (sky130_fd_sc_hd__dfxtp_1)
     4    0.030921    0.101909    0.257553    0.494909 v _163_/Q (sky130_fd_sc_hd__dfxtp_1)
                                                         net14 (net)
                      0.102071    0.003594    0.498503 v _079_/A (sky130_fd_sc_hd__inv_2)
     1    0.002552    0.028656    0.046338    0.544841 ^ _079_/Y (sky130_fd_sc_hd__inv_2)
                                                         net22 (net)
                      0.028656    0.000167    0.545008 ^ output22/A (sky130_fd_sc_hd__buf_2)
     1    0.034989    0.130487    0.137534    0.682542 ^ output22/X (sky130_fd_sc_hd__buf_2)
                                                         dac_in_n[2] (net)
                      0.130525    0.001839    0.684381 ^ dac_in_n[2] (out)
                                              0.684381   data arrival time

                                  0.000000    0.000000   clock clk (rise edge)
                                  0.000000    0.000000   clock network delay (propagated)
                                  0.250000    0.250000   clock uncertainty
                                  0.000000    0.250000   clock reconvergence pessimism
                                -50.000000  -49.749996   output external delay
                                            -49.749996   data required time
---------------------------------------------------------------------------------------------
                                            -49.749996   data required time
                                             -0.684381   data arrival time
---------------------------------------------------------------------------------------------
                                             50.434380   slack (MET)


Startpoint: _165_ (rising edge-triggered flip-flop clocked by clk)
Endpoint: dac_in_n[4] (output port clocked by clk)
Path Group: clk
Path Type: min

Fanout         Cap        Slew       Delay        Time   Description
---------------------------------------------------------------------------------------------
                                  0.000000    0.000000   clock clk (rise edge)
                                  0.000000    0.000000   clock source latency
     1    0.017883    0.064704    0.044287    0.044287 ^ clk (in)
                                                         clk (net)
                      0.064720    0.000000    0.044287 ^ clkbuf_0_clk/A (sky130_fd_sc_hd__clkbuf_16)
     2    0.019173    0.030883    0.093203    0.137489 ^ clkbuf_0_clk/X (sky130_fd_sc_hd__clkbuf_16)
                                                         clknet_0_clk (net)
                      0.030893    0.000718    0.138207 ^ clkbuf_1_1__f_clk/A (sky130_fd_sc_hd__clkbuf_16)
    12    0.039427    0.044537    0.096038    0.234245 ^ clkbuf_1_1__f_clk/X (sky130_fd_sc_hd__clkbuf_16)
                                                         clknet_1_1__leaf_clk (net)
                      0.044685    0.001001    0.235246 ^ _165_/CLK (sky130_fd_sc_hd__dfxtp_1)
     3    0.025244    0.180981    0.295189    0.530435 ^ _165_/Q (sky130_fd_sc_hd__dfxtp_1)
                                                         net16 (net)
                      0.180987    0.001291    0.531725 ^ _077_/A (sky130_fd_sc_hd__inv_2)
     2    0.009707    0.045875    0.030510    0.562235 v _077_/Y (sky130_fd_sc_hd__inv_2)
                                                         net24 (net)
                      0.045880    0.000365    0.562601 v output24/A (sky130_fd_sc_hd__buf_2)
     1    0.034629    0.063344    0.123265    0.685865 v output24/X (sky130_fd_sc_hd__buf_2)
                                                         dac_in_n[4] (net)
                      0.063403    0.001735    0.687601 v dac_in_n[4] (out)
                                              0.687601   data arrival time

                                  0.000000    0.000000   clock clk (rise edge)
                                  0.000000    0.000000   clock network delay (propagated)
                                  0.250000    0.250000   clock uncertainty
                                  0.000000    0.250000   clock reconvergence pessimism
                                -50.000000  -49.749996   output external delay
                                            -49.749996   data required time
---------------------------------------------------------------------------------------------
                                            -49.749996   data required time
                                             -0.687601   data arrival time
---------------------------------------------------------------------------------------------
                                             50.437595   slack (MET)


Startpoint: _162_ (rising edge-triggered flip-flop clocked by clk)
Endpoint: dac_in_n[1] (output port clocked by clk)
Path Group: clk
Path Type: min

Fanout         Cap        Slew       Delay        Time   Description
---------------------------------------------------------------------------------------------
                                  0.000000    0.000000   clock clk (rise edge)
                                  0.000000    0.000000   clock source latency
     1    0.017883    0.064704    0.044287    0.044287 ^ clk (in)
                                                         clk (net)
                      0.064720    0.000000    0.044287 ^ clkbuf_0_clk/A (sky130_fd_sc_hd__clkbuf_16)
     2    0.019173    0.030883    0.093203    0.137489 ^ clkbuf_0_clk/X (sky130_fd_sc_hd__clkbuf_16)
                                                         clknet_0_clk (net)
                      0.030893    0.000718    0.138207 ^ clkbuf_1_1__f_clk/A (sky130_fd_sc_hd__clkbuf_16)
    12    0.039427    0.044537    0.096038    0.234245 ^ clkbuf_1_1__f_clk/X (sky130_fd_sc_hd__clkbuf_16)
                                                         clknet_1_1__leaf_clk (net)
                      0.044753    0.001650    0.235895 ^ _162_/CLK (sky130_fd_sc_hd__dfxtp_1)
     3    0.026825    0.089994    0.248230    0.484124 v _162_/Q (sky130_fd_sc_hd__dfxtp_1)
                                                         net13 (net)
                      0.090049    0.002027    0.486151 v _080_/A (sky130_fd_sc_hd__inv_2)
     2    0.007651    0.040857    0.060633    0.546784 ^ _080_/Y (sky130_fd_sc_hd__inv_2)
                                                         net21 (net)
                      0.040858    0.000289    0.547073 ^ output21/A (sky130_fd_sc_hd__buf_2)
     1    0.034635    0.129204    0.140435    0.687508 ^ output21/X (sky130_fd_sc_hd__buf_2)
                                                         dac_in_n[1] (net)
                      0.129238    0.001739    0.689247 ^ dac_in_n[1] (out)
                                              0.689247   data arrival time

                                  0.000000    0.000000   clock clk (rise edge)
                                  0.000000    0.000000   clock network delay (propagated)
                                  0.250000    0.250000   clock uncertainty
                                  0.000000    0.250000   clock reconvergence pessimism
                                -50.000000  -49.749996   output external delay
                                            -49.749996   data required time
---------------------------------------------------------------------------------------------
                                            -49.749996   data required time
                                             -0.689247   data arrival time
---------------------------------------------------------------------------------------------
                                             50.439247   slack (MET)


Startpoint: _164_ (rising edge-triggered flip-flop clocked by clk)
Endpoint: dac_in_n[3] (output port clocked by clk)
Path Group: clk
Path Type: min

Fanout         Cap        Slew       Delay        Time   Description
---------------------------------------------------------------------------------------------
                                  0.000000    0.000000   clock clk (rise edge)
                                  0.000000    0.000000   clock source latency
     1    0.017883    0.064704    0.044287    0.044287 ^ clk (in)
                                                         clk (net)
                      0.064720    0.000000    0.044287 ^ clkbuf_0_clk/A (sky130_fd_sc_hd__clkbuf_16)
     2    0.019173    0.030883    0.093203    0.137489 ^ clkbuf_0_clk/X (sky130_fd_sc_hd__clkbuf_16)
                                                         clknet_0_clk (net)
                      0.030894    0.000773    0.138262 ^ clkbuf_1_0__f_clk/A (sky130_fd_sc_hd__clkbuf_16)
    10    0.040130    0.045101    0.096221    0.234484 ^ clkbuf_1_0__f_clk/X (sky130_fd_sc_hd__clkbuf_16)
                                                         clknet_1_0__leaf_clk (net)
                      0.045356    0.002568    0.237052 ^ _164_/CLK (sky130_fd_sc_hd__dfxtp_1)
     3    0.025765    0.183980    0.297256    0.534307 ^ _164_/Q (sky130_fd_sc_hd__dfxtp_1)
                                                         net15 (net)
                      0.184046    0.003296    0.537604 ^ _078_/A (sky130_fd_sc_hd__inv_2)
     2    0.011207    0.049867    0.034665    0.572269 v _078_/Y (sky130_fd_sc_hd__inv_2)
                                                         net23 (net)
                      0.049872    0.000424    0.572693 v output23/A (sky130_fd_sc_hd__buf_2)
     1    0.034750    0.063534    0.124982    0.697675 v output23/X (sky130_fd_sc_hd__buf_2)
                                                         dac_in_n[3] (net)
                      0.063595    0.001762    0.699437 v dac_in_n[3] (out)
                                              0.699437   data arrival time

                                  0.000000    0.000000   clock clk (rise edge)
                                  0.000000    0.000000   clock network delay (propagated)
                                  0.250000    0.250000   clock uncertainty
                                  0.000000    0.250000   clock reconvergence pessimism
                                -50.000000  -49.749996   output external delay
                                            -49.749996   data required time
---------------------------------------------------------------------------------------------
                                            -49.749996   data required time
                                             -0.699437   data arrival time
---------------------------------------------------------------------------------------------
                                             50.449436   slack (MET)


Startpoint: _152_ (rising edge-triggered flip-flop clocked by clk')
Endpoint: comparator_clk (output port clocked by clk)
Path Group: clk
Path Type: min

Fanout         Cap        Slew       Delay        Time   Description
---------------------------------------------------------------------------------------------
                                125.000000  125.000000   clock clk' (rise edge)
                                  0.000000  125.000000   clock source latency
     1    0.016920    0.027208    0.017991  125.017998 v clk (in)
                                                         clk (net)
                      0.027239    0.000000  125.017998 v clkbuf_0_clk/A (sky130_fd_sc_hd__clkbuf_16)
     2    0.017247    0.025657    0.095469  125.113464 v clkbuf_0_clk/X (sky130_fd_sc_hd__clkbuf_16)
                                                         clknet_0_clk (net)
                      0.025657    0.000639  125.114105 v clkbuf_1_1__f_clk/A (sky130_fd_sc_hd__clkbuf_16)
    12    0.037322    0.034204    0.105047  125.219147 v clkbuf_1_1__f_clk/X (sky130_fd_sc_hd__clkbuf_16)
                                                         clknet_1_1__leaf_clk (net)
                      0.034239    0.001293  125.220444 v _083__1/A (sky130_fd_sc_hd__inv_2)
     1    0.002972    0.018110    0.028791  125.249229 ^ _083__1/Y (sky130_fd_sc_hd__inv_2)
                                                         net36 (net)
                      0.018111    0.000227  125.249458 ^ _152_/CLK (sky130_fd_sc_hd__dfxtp_1)
     3    0.014730    0.053491    0.212211  125.461670 v _152_/Q (sky130_fd_sc_hd__dfxtp_1)
                                                         net11 (net)
                      0.053508    0.000895  125.462570 v output11/A (sky130_fd_sc_hd__buf_2)
     1    0.035467    0.064980    0.127187  125.589752 v output11/X (sky130_fd_sc_hd__buf_2)
                                                         comparator_clk (net)
                      0.065051    0.001918  125.591675 v comparator_clk (out)
                                            125.591675   data arrival time

                                  0.000000    0.000000   clock clk (rise edge)
                                  0.000000    0.000000   clock network delay (propagated)
                                  0.250000    0.250000   clock uncertainty
                                  0.000000    0.250000   clock reconvergence pessimism
                                -50.000000  -49.749996   output external delay
                                            -49.749996   data required time
---------------------------------------------------------------------------------------------
                                            -49.749996   data required time
                                           -125.591675   data arrival time
---------------------------------------------------------------------------------------------
                                            175.341675   slack (MET)



