Reading timing models for corner nom_ss_100C_1v60…
Reading cell library for the 'nom_ss_100C_1v60' corner at '/usr/local/share/pdk/ciel/sky130/versions/0fe599b2afb6708d281543108caf8310912f54af/sky130A/libs.ref/sky130_fd_sc_hd/lib/sky130_fd_sc_hd__ss_100C_1v60.lib'…
Reading top-level netlist at '/home/dt/Documents/madvlsi/final/schematics/controller/librelane/runs/RUN_2025-12-16_17-02-26/51-openroad-fillinsertion/controller.nl.v'…
Linking design 'controller' from netlist…
Warning: /home/dt/Documents/madvlsi/final/schematics/controller/librelane/runs/RUN_2025-12-16_17-02-26/51-openroad-fillinsertion/controller.nl.v line 525, module sky130_fd_sc_hd__tapvpwrvgnd_1 not found. Creating black box for TAP_TAPCELL_ROW_0_20.
Warning: /home/dt/Documents/madvlsi/final/schematics/controller/librelane/runs/RUN_2025-12-16_17-02-26/51-openroad-fillinsertion/controller.nl.v line 676, module sky130_ef_sc_hd__decap_12 not found. Creating black box for FILLER_0_3.
Warning: /home/dt/Documents/madvlsi/final/schematics/controller/librelane/runs/RUN_2025-12-16_17-02-26/51-openroad-fillinsertion/controller.nl.v line 678, module sky130_fd_sc_hd__fill_1 not found. Creating black box for FILLER_0_27.
Warning: /home/dt/Documents/madvlsi/final/schematics/controller/librelane/runs/RUN_2025-12-16_17-02-26/51-openroad-fillinsertion/controller.nl.v line 714, module sky130_fd_sc_hd__fill_2 not found. Creating black box for FILLER_1_73.
Reading design constraints file at '/nix/store/pqxyc4xmydcs5adig47yyc29r3svp5nx-python3-3.11.9-env/lib/python3.11/site-packages/librelane/scripts/base.sdc'…
[INFO] Using clock clk…
[INFO] Setting output delay to: 10
[INFO] Setting input delay to: 10
[INFO] Setting load to: 0.033442
[INFO] Setting clock uncertainty to: 0.25
[INFO] Setting clock transition to: 0.1499999999999999944488848768742172978818416595458984375
[INFO] Setting timing derate to: 5%
Reading top-level design parasitics for the 'nom_ss_100C_1v60' corner at '/home/dt/Documents/madvlsi/final/schematics/controller/librelane/runs/RUN_2025-12-16_17-02-26/53-openroad-rcx/nom/controller.nom.spef'…
%OL_CREATE_REPORT min.rpt

===========================================================================
report_checks -path_delay min (Hold)
============================================================================
======================= nom_ss_100C_1v60 Corner ===================================

Startpoint: _166_ (rising edge-triggered flip-flop clocked by clk)
Endpoint: _158_ (rising edge-triggered flip-flop clocked by clk)
Path Group: clk
Path Type: min

Fanout         Cap        Slew       Delay        Time   Description
---------------------------------------------------------------------------------------------
                                  0.000000    0.000000   clock clk (rise edge)
                                  0.000000    0.000000   clock source latency
     1    0.017250    0.130942    0.088565    0.088565 ^ clk (in)
                                                         clk (net)
                      0.130946    0.000000    0.088565 ^ clkbuf_0_clk/A (sky130_fd_sc_hd__clkbuf_16)
     2    0.018808    0.065939    0.247801    0.336366 ^ clkbuf_0_clk/X (sky130_fd_sc_hd__clkbuf_16)
                                                         clknet_0_clk (net)
                      0.065939    0.000320    0.336687 ^ clkbuf_1_1__f_clk/A (sky130_fd_sc_hd__clkbuf_16)
    12    0.037572    0.091122    0.244491    0.581178 ^ clkbuf_1_1__f_clk/X (sky130_fd_sc_hd__clkbuf_16)
                                                         clknet_1_1__leaf_clk (net)
                      0.091124    0.000667    0.581845 ^ _166_/CLK (sky130_fd_sc_hd__dfxtp_1)
     3    0.020518    0.190863    0.704071    1.285916 v _166_/Q (sky130_fd_sc_hd__dfxtp_1)
                                                         net17 (net)
                      0.190863    0.000551    1.286467 v _098_/A1 (sky130_fd_sc_hd__o211a_1)
     1    0.001930    0.050326    0.438722    1.725189 v _098_/X (sky130_fd_sc_hd__o211a_1)
                                                         _007_ (net)
                      0.050326    0.000038    1.725227 v _158_/D (sky130_fd_sc_hd__dfxtp_1)
                                              1.725227   data arrival time

                                  0.000000    0.000000   clock clk (rise edge)
                                  0.000000    0.000000   clock source latency
     1    0.017250    0.130942    0.088565    0.088565 ^ clk (in)
                                                         clk (net)
                      0.130946    0.000000    0.088565 ^ clkbuf_0_clk/A (sky130_fd_sc_hd__clkbuf_16)
     2    0.018808    0.065939    0.247801    0.336366 ^ clkbuf_0_clk/X (sky130_fd_sc_hd__clkbuf_16)
                                                         clknet_0_clk (net)
                      0.065939    0.000320    0.336687 ^ clkbuf_1_1__f_clk/A (sky130_fd_sc_hd__clkbuf_16)
    12    0.037572    0.091122    0.244491    0.581178 ^ clkbuf_1_1__f_clk/X (sky130_fd_sc_hd__clkbuf_16)
                                                         clknet_1_1__leaf_clk (net)
                      0.091135    0.001123    0.582301 ^ _158_/CLK (sky130_fd_sc_hd__dfxtp_1)
                                  0.250000    0.832301   clock uncertainty
                                  0.000000    0.832301   clock reconvergence pessimism
                                 -0.092623    0.739679   library hold time
                                              0.739679   data required time
---------------------------------------------------------------------------------------------
                                              0.739679   data required time
                                             -1.725227   data arrival time
---------------------------------------------------------------------------------------------
                                              0.985549   slack (MET)


Startpoint: _154_ (rising edge-triggered flip-flop clocked by clk)
Endpoint: _154_ (rising edge-triggered flip-flop clocked by clk)
Path Group: clk
Path Type: min

Fanout         Cap        Slew       Delay        Time   Description
---------------------------------------------------------------------------------------------
                                  0.000000    0.000000   clock clk (rise edge)
                                  0.000000    0.000000   clock source latency
     1    0.017250    0.130942    0.088565    0.088565 ^ clk (in)
                                                         clk (net)
                      0.130946    0.000000    0.088565 ^ clkbuf_0_clk/A (sky130_fd_sc_hd__clkbuf_16)
     2    0.018808    0.065939    0.247801    0.336366 ^ clkbuf_0_clk/X (sky130_fd_sc_hd__clkbuf_16)
                                                         clknet_0_clk (net)
                      0.065939    0.000320    0.336687 ^ clkbuf_1_1__f_clk/A (sky130_fd_sc_hd__clkbuf_16)
    12    0.037572    0.091122    0.244491    0.581178 ^ clkbuf_1_1__f_clk/X (sky130_fd_sc_hd__clkbuf_16)
                                                         clknet_1_1__leaf_clk (net)
                      0.091126    0.000765    0.581943 ^ _154_/CLK (sky130_fd_sc_hd__dfxtp_1)
     2    0.007964    0.137953    0.689517    1.271460 ^ _154_/Q (sky130_fd_sc_hd__dfxtp_1)
                                                         net4 (net)
                      0.137953    0.000186    1.271646 ^ _089_/A (sky130_fd_sc_hd__or2_1)
     1    0.003300    0.072088    0.198422    1.470068 ^ _089_/X (sky130_fd_sc_hd__or2_1)
                                                         _052_ (net)
                      0.072088    0.000097    1.470165 ^ _090_/B1 (sky130_fd_sc_hd__o211a_1)
     1    0.001778    0.062320    0.282474    1.752639 ^ _090_/X (sky130_fd_sc_hd__o211a_1)
                                                         _003_ (net)
                      0.062320    0.000049    1.752688 ^ _154_/D (sky130_fd_sc_hd__dfxtp_1)
                                              1.752688   data arrival time

                                  0.000000    0.000000   clock clk (rise edge)
                                  0.000000    0.000000   clock source latency
     1    0.017250    0.130942    0.088565    0.088565 ^ clk (in)
                                                         clk (net)
                      0.130946    0.000000    0.088565 ^ clkbuf_0_clk/A (sky130_fd_sc_hd__clkbuf_16)
     2    0.018808    0.065939    0.247801    0.336366 ^ clkbuf_0_clk/X (sky130_fd_sc_hd__clkbuf_16)
                                                         clknet_0_clk (net)
                      0.065939    0.000320    0.336687 ^ clkbuf_1_1__f_clk/A (sky130_fd_sc_hd__clkbuf_16)
    12    0.037572    0.091122    0.244491    0.581178 ^ clkbuf_1_1__f_clk/X (sky130_fd_sc_hd__clkbuf_16)
                                                         clknet_1_1__leaf_clk (net)
                      0.091126    0.000765    0.581943 ^ _154_/CLK (sky130_fd_sc_hd__dfxtp_1)
                                  0.250000    0.831943   clock uncertainty
                                  0.000000    0.831943   clock reconvergence pessimism
                                 -0.066877    0.765067   library hold time
                                              0.765067   data required time
---------------------------------------------------------------------------------------------
                                              0.765067   data required time
                                             -1.752688   data arrival time
---------------------------------------------------------------------------------------------
                                              0.987621   slack (MET)


Startpoint: _165_ (rising edge-triggered flip-flop clocked by clk)
Endpoint: _157_ (rising edge-triggered flip-flop clocked by clk)
Path Group: clk
Path Type: min

Fanout         Cap        Slew       Delay        Time   Description
---------------------------------------------------------------------------------------------
                                  0.000000    0.000000   clock clk (rise edge)
                                  0.000000    0.000000   clock source latency
     1    0.017250    0.130942    0.088565    0.088565 ^ clk (in)
                                                         clk (net)
                      0.130946    0.000000    0.088565 ^ clkbuf_0_clk/A (sky130_fd_sc_hd__clkbuf_16)
     2    0.018808    0.065939    0.247801    0.336366 ^ clkbuf_0_clk/X (sky130_fd_sc_hd__clkbuf_16)
                                                         clknet_0_clk (net)
                      0.065939    0.000320    0.336687 ^ clkbuf_1_1__f_clk/A (sky130_fd_sc_hd__clkbuf_16)
    12    0.037572    0.091122    0.244491    0.581178 ^ clkbuf_1_1__f_clk/X (sky130_fd_sc_hd__clkbuf_16)
                                                         clknet_1_1__leaf_clk (net)
                      0.091122    0.000403    0.581582 ^ _165_/CLK (sky130_fd_sc_hd__dfxtp_1)
     3    0.020723    0.192640    0.705199    1.286781 v _165_/Q (sky130_fd_sc_hd__dfxtp_1)
                                                         net16 (net)
                      0.192640    0.000358    1.287139 v _096_/A1 (sky130_fd_sc_hd__o211a_1)
     1    0.001983    0.050780    0.440088    1.727226 v _096_/X (sky130_fd_sc_hd__o211a_1)
                                                         _006_ (net)
                      0.050780    0.000056    1.727282 v _157_/D (sky130_fd_sc_hd__dfxtp_1)
                                              1.727282   data arrival time

                                  0.000000    0.000000   clock clk (rise edge)
                                  0.000000    0.000000   clock source latency
     1    0.017250    0.130942    0.088565    0.088565 ^ clk (in)
                                                         clk (net)
                      0.130946    0.000000    0.088565 ^ clkbuf_0_clk/A (sky130_fd_sc_hd__clkbuf_16)
     2    0.018808    0.065939    0.247801    0.336366 ^ clkbuf_0_clk/X (sky130_fd_sc_hd__clkbuf_16)
                                                         clknet_0_clk (net)
                      0.065939    0.000320    0.336687 ^ clkbuf_1_1__f_clk/A (sky130_fd_sc_hd__clkbuf_16)
    12    0.037572    0.091122    0.244491    0.581178 ^ clkbuf_1_1__f_clk/X (sky130_fd_sc_hd__clkbuf_16)
                                                         clknet_1_1__leaf_clk (net)
                      0.091134    0.001082    0.582260 ^ _157_/CLK (sky130_fd_sc_hd__dfxtp_1)
                                  0.250000    0.832260   clock uncertainty
                                  0.000000    0.832260   clock reconvergence pessimism
                                 -0.092795    0.739466   library hold time
                                              0.739466   data required time
---------------------------------------------------------------------------------------------
                                              0.739466   data required time
                                             -1.727282   data arrival time
---------------------------------------------------------------------------------------------
                                              0.987816   slack (MET)


Startpoint: _153_ (rising edge-triggered flip-flop clocked by clk)
Endpoint: _153_ (rising edge-triggered flip-flop clocked by clk)
Path Group: clk
Path Type: min

Fanout         Cap        Slew       Delay        Time   Description
---------------------------------------------------------------------------------------------
                                  0.000000    0.000000   clock clk (rise edge)
                                  0.000000    0.000000   clock source latency
     1    0.017250    0.130942    0.088565    0.088565 ^ clk (in)
                                                         clk (net)
                      0.130946    0.000000    0.088565 ^ clkbuf_0_clk/A (sky130_fd_sc_hd__clkbuf_16)
     2    0.018808    0.065939    0.247801    0.336366 ^ clkbuf_0_clk/X (sky130_fd_sc_hd__clkbuf_16)
                                                         clknet_0_clk (net)
                      0.065939    0.000320    0.336687 ^ clkbuf_1_1__f_clk/A (sky130_fd_sc_hd__clkbuf_16)
    12    0.037572    0.091122    0.244491    0.581178 ^ clkbuf_1_1__f_clk/X (sky130_fd_sc_hd__clkbuf_16)
                                                         clknet_1_1__leaf_clk (net)
                      0.091128    0.000849    0.582027 ^ _153_/CLK (sky130_fd_sc_hd__dfxtp_1)
     2    0.007634    0.133388    0.686075    1.268101 ^ _153_/Q (sky130_fd_sc_hd__dfxtp_1)
                                                         net3 (net)
                      0.133388    0.000091    1.268192 ^ _087_/A (sky130_fd_sc_hd__or2_1)
     1    0.003890    0.079748    0.202743    1.470935 ^ _087_/X (sky130_fd_sc_hd__or2_1)
                                                         _051_ (net)
                      0.079748    0.000121    1.471056 ^ _088_/B1 (sky130_fd_sc_hd__o211a_1)
     1    0.002143    0.066247    0.290169    1.761226 ^ _088_/X (sky130_fd_sc_hd__o211a_1)
                                                         _002_ (net)
                      0.066247    0.000061    1.761287 ^ _153_/D (sky130_fd_sc_hd__dfxtp_1)
                                              1.761287   data arrival time

                                  0.000000    0.000000   clock clk (rise edge)
                                  0.000000    0.000000   clock source latency
     1    0.017250    0.130942    0.088565    0.088565 ^ clk (in)
                                                         clk (net)
                      0.130946    0.000000    0.088565 ^ clkbuf_0_clk/A (sky130_fd_sc_hd__clkbuf_16)
     2    0.018808    0.065939    0.247801    0.336366 ^ clkbuf_0_clk/X (sky130_fd_sc_hd__clkbuf_16)
                                                         clknet_0_clk (net)
                      0.065939    0.000320    0.336687 ^ clkbuf_1_1__f_clk/A (sky130_fd_sc_hd__clkbuf_16)
    12    0.037572    0.091122    0.244491    0.581178 ^ clkbuf_1_1__f_clk/X (sky130_fd_sc_hd__clkbuf_16)
                                                         clknet_1_1__leaf_clk (net)
                      0.091128    0.000849    0.582027 ^ _153_/CLK (sky130_fd_sc_hd__dfxtp_1)
                                  0.250000    0.832027   clock uncertainty
                                  0.000000    0.832027   clock reconvergence pessimism
                                 -0.067789    0.764237   library hold time
                                              0.764237   data required time
---------------------------------------------------------------------------------------------
                                              0.764237   data required time
                                             -1.761287   data arrival time
---------------------------------------------------------------------------------------------
                                              0.997049   slack (MET)


Startpoint: _167_ (rising edge-triggered flip-flop clocked by clk)
Endpoint: _159_ (rising edge-triggered flip-flop clocked by clk)
Path Group: clk
Path Type: min

Fanout         Cap        Slew       Delay        Time   Description
---------------------------------------------------------------------------------------------
                                  0.000000    0.000000   clock clk (rise edge)
                                  0.000000    0.000000   clock source latency
     1    0.017250    0.130942    0.088565    0.088565 ^ clk (in)
                                                         clk (net)
                      0.130946    0.000000    0.088565 ^ clkbuf_0_clk/A (sky130_fd_sc_hd__clkbuf_16)
     2    0.018808    0.065939    0.247801    0.336366 ^ clkbuf_0_clk/X (sky130_fd_sc_hd__clkbuf_16)
                                                         clknet_0_clk (net)
                      0.065939    0.000361    0.336727 ^ clkbuf_1_0__f_clk/A (sky130_fd_sc_hd__clkbuf_16)
    10    0.038423    0.092411    0.245562    0.582289 ^ clkbuf_1_0__f_clk/X (sky130_fd_sc_hd__clkbuf_16)
                                                         clknet_1_0__leaf_clk (net)
                      0.092413    0.000663    0.582953 ^ _167_/CLK (sky130_fd_sc_hd__dfxtp_1)
     4    0.021836    0.202070    0.712632    1.295585 v _167_/Q (sky130_fd_sc_hd__dfxtp_1)
                                                         net18 (net)
                      0.202074    0.001179    1.296764 v _100_/A1 (sky130_fd_sc_hd__o211a_1)
     1    0.002171    0.052379    0.446180    1.742944 v _100_/X (sky130_fd_sc_hd__o211a_1)
                                                         _008_ (net)
                      0.052379    0.000063    1.743007 v _159_/D (sky130_fd_sc_hd__dfxtp_1)
                                              1.743007   data arrival time

                                  0.000000    0.000000   clock clk (rise edge)
                                  0.000000    0.000000   clock source latency
     1    0.017250    0.130942    0.088565    0.088565 ^ clk (in)
                                                         clk (net)
                      0.130946    0.000000    0.088565 ^ clkbuf_0_clk/A (sky130_fd_sc_hd__clkbuf_16)
     2    0.018808    0.065939    0.247801    0.336366 ^ clkbuf_0_clk/X (sky130_fd_sc_hd__clkbuf_16)
                                                         clknet_0_clk (net)
                      0.065939    0.000320    0.336687 ^ clkbuf_1_1__f_clk/A (sky130_fd_sc_hd__clkbuf_16)
    12    0.037572    0.091122    0.244491    0.581178 ^ clkbuf_1_1__f_clk/X (sky130_fd_sc_hd__clkbuf_16)
                                                         clknet_1_1__leaf_clk (net)
                      0.091135    0.001127    0.582305 ^ _159_/CLK (sky130_fd_sc_hd__dfxtp_1)
                                  0.250000    0.832305   clock uncertainty
                                  0.000000    0.832305   clock reconvergence pessimism
                                 -0.093399    0.738906   library hold time
                                              0.738906   data required time
---------------------------------------------------------------------------------------------
                                              0.738906   data required time
                                             -1.743007   data arrival time
---------------------------------------------------------------------------------------------
                                              1.004101   slack (MET)


Startpoint: _162_ (rising edge-triggered flip-flop clocked by clk)
Endpoint: _162_ (rising edge-triggered flip-flop clocked by clk)
Path Group: clk
Path Type: min

Fanout         Cap        Slew       Delay        Time   Description
---------------------------------------------------------------------------------------------
                                  0.000000    0.000000   clock clk (rise edge)
                                  0.000000    0.000000   clock source latency
     1    0.017250    0.130942    0.088565    0.088565 ^ clk (in)
                                                         clk (net)
                      0.130946    0.000000    0.088565 ^ clkbuf_0_clk/A (sky130_fd_sc_hd__clkbuf_16)
     2    0.018808    0.065939    0.247801    0.336366 ^ clkbuf_0_clk/X (sky130_fd_sc_hd__clkbuf_16)
                                                         clknet_0_clk (net)
                      0.065939    0.000320    0.336687 ^ clkbuf_1_1__f_clk/A (sky130_fd_sc_hd__clkbuf_16)
    12    0.037572    0.091122    0.244491    0.581178 ^ clkbuf_1_1__f_clk/X (sky130_fd_sc_hd__clkbuf_16)
                                                         clknet_1_1__leaf_clk (net)
                      0.091127    0.000786    0.581964 ^ _162_/CLK (sky130_fd_sc_hd__dfxtp_1)
     3    0.021101    0.195875    0.707422    1.289386 v _162_/Q (sky130_fd_sc_hd__dfxtp_1)
                                                         net13 (net)
                      0.195876    0.000863    1.290249 v _080_/A (sky130_fd_sc_hd__inv_2)
     2    0.006285    0.080455    0.138367    1.428617 ^ _080_/Y (sky130_fd_sc_hd__inv_2)
                                                         net21 (net)
                      0.080455    0.000159    1.428776 ^ _116_/B1 (sky130_fd_sc_hd__a21o_1)
     1    0.003742    0.068892    0.152386    1.581161 ^ _116_/X (sky130_fd_sc_hd__a21o_1)
                                                         _071_ (net)
                      0.068892    0.000119    1.581280 ^ _120_/A1 (sky130_fd_sc_hd__a31oi_1)
     1    0.003051    0.075977    0.159747    1.741027 v _120_/Y (sky130_fd_sc_hd__a31oi_1)
                                                         _011_ (net)
                      0.075977    0.000089    1.741116 v _162_/D (sky130_fd_sc_hd__dfxtp_1)
                                              1.741116   data arrival time

                                  0.000000    0.000000   clock clk (rise edge)
                                  0.000000    0.000000   clock source latency
     1    0.017250    0.130942    0.088565    0.088565 ^ clk (in)
                                                         clk (net)
                      0.130946    0.000000    0.088565 ^ clkbuf_0_clk/A (sky130_fd_sc_hd__clkbuf_16)
     2    0.018808    0.065939    0.247801    0.336366 ^ clkbuf_0_clk/X (sky130_fd_sc_hd__clkbuf_16)
                                                         clknet_0_clk (net)
                      0.065939    0.000320    0.336687 ^ clkbuf_1_1__f_clk/A (sky130_fd_sc_hd__clkbuf_16)
    12    0.037572    0.091122    0.244491    0.581178 ^ clkbuf_1_1__f_clk/X (sky130_fd_sc_hd__clkbuf_16)
                                                         clknet_1_1__leaf_clk (net)
                      0.091127    0.000786    0.581964 ^ _162_/CLK (sky130_fd_sc_hd__dfxtp_1)
                                  0.250000    0.831964   clock uncertainty
                                  0.000000    0.831964   clock reconvergence pessimism
                                 -0.102320    0.729644   library hold time
                                              0.729644   data required time
---------------------------------------------------------------------------------------------
                                              0.729644   data required time
                                             -1.741116   data arrival time
---------------------------------------------------------------------------------------------
                                              1.011472   slack (MET)


Startpoint: _164_ (rising edge-triggered flip-flop clocked by clk)
Endpoint: _156_ (rising edge-triggered flip-flop clocked by clk)
Path Group: clk
Path Type: min

Fanout         Cap        Slew       Delay        Time   Description
---------------------------------------------------------------------------------------------
                                  0.000000    0.000000   clock clk (rise edge)
                                  0.000000    0.000000   clock source latency
     1    0.017250    0.130942    0.088565    0.088565 ^ clk (in)
                                                         clk (net)
                      0.130946    0.000000    0.088565 ^ clkbuf_0_clk/A (sky130_fd_sc_hd__clkbuf_16)
     2    0.018808    0.065939    0.247801    0.336366 ^ clkbuf_0_clk/X (sky130_fd_sc_hd__clkbuf_16)
                                                         clknet_0_clk (net)
                      0.065939    0.000361    0.336727 ^ clkbuf_1_0__f_clk/A (sky130_fd_sc_hd__clkbuf_16)
    10    0.038423    0.092411    0.245562    0.582289 ^ clkbuf_1_0__f_clk/X (sky130_fd_sc_hd__clkbuf_16)
                                                         clknet_1_0__leaf_clk (net)
                      0.092440    0.001559    0.583848 ^ _164_/CLK (sky130_fd_sc_hd__dfxtp_1)
     3    0.025205    0.230608    0.733359    1.317207 v _164_/Q (sky130_fd_sc_hd__dfxtp_1)
                                                         net15 (net)
                      0.230626    0.002150    1.319357 v _094_/A1 (sky130_fd_sc_hd__o211a_1)
     1    0.001960    0.050585    0.454822    1.774180 v _094_/X (sky130_fd_sc_hd__o211a_1)
                                                         _005_ (net)
                      0.050585    0.000056    1.774235 v _156_/D (sky130_fd_sc_hd__dfxtp_1)
                                              1.774235   data arrival time

                                  0.000000    0.000000   clock clk (rise edge)
                                  0.000000    0.000000   clock source latency
     1    0.017250    0.130942    0.088565    0.088565 ^ clk (in)
                                                         clk (net)
                      0.130946    0.000000    0.088565 ^ clkbuf_0_clk/A (sky130_fd_sc_hd__clkbuf_16)
     2    0.018808    0.065939    0.247801    0.336366 ^ clkbuf_0_clk/X (sky130_fd_sc_hd__clkbuf_16)
                                                         clknet_0_clk (net)
                      0.065939    0.000320    0.336687 ^ clkbuf_1_1__f_clk/A (sky130_fd_sc_hd__clkbuf_16)
    12    0.037572    0.091122    0.244491    0.581178 ^ clkbuf_1_1__f_clk/X (sky130_fd_sc_hd__clkbuf_16)
                                                         clknet_1_1__leaf_clk (net)
                      0.091128    0.000863    0.582041 ^ _156_/CLK (sky130_fd_sc_hd__dfxtp_1)
                                  0.250000    0.832041   clock uncertainty
                                  0.000000    0.832041   clock reconvergence pessimism
                                 -0.092722    0.739319   library hold time
                                              0.739319   data required time
---------------------------------------------------------------------------------------------
                                              0.739319   data required time
                                             -1.774235   data arrival time
---------------------------------------------------------------------------------------------
                                              1.034917   slack (MET)


Startpoint: _166_ (rising edge-triggered flip-flop clocked by clk)
Endpoint: _166_ (rising edge-triggered flip-flop clocked by clk)
Path Group: clk
Path Type: min

Fanout         Cap        Slew       Delay        Time   Description
---------------------------------------------------------------------------------------------
                                  0.000000    0.000000   clock clk (rise edge)
                                  0.000000    0.000000   clock source latency
     1    0.017250    0.130942    0.088565    0.088565 ^ clk (in)
                                                         clk (net)
                      0.130946    0.000000    0.088565 ^ clkbuf_0_clk/A (sky130_fd_sc_hd__clkbuf_16)
     2    0.018808    0.065939    0.247801    0.336366 ^ clkbuf_0_clk/X (sky130_fd_sc_hd__clkbuf_16)
                                                         clknet_0_clk (net)
                      0.065939    0.000320    0.336687 ^ clkbuf_1_1__f_clk/A (sky130_fd_sc_hd__clkbuf_16)
    12    0.037572    0.091122    0.244491    0.581178 ^ clkbuf_1_1__f_clk/X (sky130_fd_sc_hd__clkbuf_16)
                                                         clknet_1_1__leaf_clk (net)
                      0.091124    0.000667    0.581845 ^ _166_/CLK (sky130_fd_sc_hd__dfxtp_1)
     3    0.020518    0.190863    0.704071    1.285916 v _166_/Q (sky130_fd_sc_hd__dfxtp_1)
                                                         net17 (net)
                      0.190863    0.000615    1.286531 v _076_/A (sky130_fd_sc_hd__inv_2)
     2    0.013857    0.120660    0.177654    1.464184 ^ _076_/Y (sky130_fd_sc_hd__inv_2)
                                                         net25 (net)
                      0.120660    0.000510    1.464694 ^ _134_/B1 (sky130_fd_sc_hd__a21o_1)
     1    0.002828    0.058734    0.159618    1.624312 ^ _134_/X (sky130_fd_sc_hd__a21o_1)
                                                         _035_ (net)
                      0.058734    0.000057    1.624370 ^ _137_/A1 (sky130_fd_sc_hd__a31oi_1)
     1    0.002799    0.074396    0.151702    1.776071 v _137_/Y (sky130_fd_sc_hd__a31oi_1)
                                                         _015_ (net)
                      0.074396    0.000089    1.776160 v _166_/D (sky130_fd_sc_hd__dfxtp_1)
                                              1.776160   data arrival time

                                  0.000000    0.000000   clock clk (rise edge)
                                  0.000000    0.000000   clock source latency
     1    0.017250    0.130942    0.088565    0.088565 ^ clk (in)
                                                         clk (net)
                      0.130946    0.000000    0.088565 ^ clkbuf_0_clk/A (sky130_fd_sc_hd__clkbuf_16)
     2    0.018808    0.065939    0.247801    0.336366 ^ clkbuf_0_clk/X (sky130_fd_sc_hd__clkbuf_16)
                                                         clknet_0_clk (net)
                      0.065939    0.000320    0.336687 ^ clkbuf_1_1__f_clk/A (sky130_fd_sc_hd__clkbuf_16)
    12    0.037572    0.091122    0.244491    0.581178 ^ clkbuf_1_1__f_clk/X (sky130_fd_sc_hd__clkbuf_16)
                                                         clknet_1_1__leaf_clk (net)
                      0.091124    0.000667    0.581845 ^ _166_/CLK (sky130_fd_sc_hd__dfxtp_1)
                                  0.250000    0.831845   clock uncertainty
                                  0.000000    0.831845   clock reconvergence pessimism
                                 -0.101723    0.730122   library hold time
                                              0.730122   data required time
---------------------------------------------------------------------------------------------
                                              0.730122   data required time
                                             -1.776160   data arrival time
---------------------------------------------------------------------------------------------
                                              1.046039   slack (MET)


Startpoint: _169_ (rising edge-triggered flip-flop clocked by clk)
Endpoint: _169_ (rising edge-triggered flip-flop clocked by clk)
Path Group: clk
Path Type: min

Fanout         Cap        Slew       Delay        Time   Description
---------------------------------------------------------------------------------------------
                                  0.000000    0.000000   clock clk (rise edge)
                                  0.000000    0.000000   clock source latency
     1    0.017250    0.130942    0.088565    0.088565 ^ clk (in)
                                                         clk (net)
                      0.130946    0.000000    0.088565 ^ clkbuf_0_clk/A (sky130_fd_sc_hd__clkbuf_16)
     2    0.018808    0.065939    0.247801    0.336366 ^ clkbuf_0_clk/X (sky130_fd_sc_hd__clkbuf_16)
                                                         clknet_0_clk (net)
                      0.065939    0.000361    0.336727 ^ clkbuf_1_0__f_clk/A (sky130_fd_sc_hd__clkbuf_16)
    10    0.038423    0.092411    0.245562    0.582289 ^ clkbuf_1_0__f_clk/X (sky130_fd_sc_hd__clkbuf_16)
                                                         clknet_1_0__leaf_clk (net)
                      0.092417    0.000864    0.583153 ^ _169_/CLK (sky130_fd_sc_hd__dfxtp_1)
     4    0.011251    0.115618    0.645147    1.228299 v _169_/Q (sky130_fd_sc_hd__dfxtp_1)
                                                         count[0] (net)
                      0.115618    0.000356    1.228656 v _105_/B (sky130_fd_sc_hd__nand2_1)
     5    0.016350    0.247817    0.256295    1.484951 ^ _105_/Y (sky130_fd_sc_hd__nand2_1)
                                                         _061_ (net)
                      0.247817    0.000349    1.485300 ^ _145_/B (sky130_fd_sc_hd__and3_1)
     1    0.001904    0.075536    0.339565    1.824865 ^ _145_/X (sky130_fd_sc_hd__and3_1)
                                                         _018_ (net)
                      0.075536    0.000054    1.824919 ^ _169_/D (sky130_fd_sc_hd__dfxtp_1)
                                              1.824919   data arrival time

                                  0.000000    0.000000   clock clk (rise edge)
                                  0.000000    0.000000   clock source latency
     1    0.017250    0.130942    0.088565    0.088565 ^ clk (in)
                                                         clk (net)
                      0.130946    0.000000    0.088565 ^ clkbuf_0_clk/A (sky130_fd_sc_hd__clkbuf_16)
     2    0.018808    0.065939    0.247801    0.336366 ^ clkbuf_0_clk/X (sky130_fd_sc_hd__clkbuf_16)
                                                         clknet_0_clk (net)
                      0.065939    0.000361    0.336727 ^ clkbuf_1_0__f_clk/A (sky130_fd_sc_hd__clkbuf_16)
    10    0.038423    0.092411    0.245562    0.582289 ^ clkbuf_1_0__f_clk/X (sky130_fd_sc_hd__clkbuf_16)
                                                         clknet_1_0__leaf_clk (net)
                      0.092417    0.000864    0.583153 ^ _169_/CLK (sky130_fd_sc_hd__dfxtp_1)
                                  0.250000    0.833153   clock uncertainty
                                  0.000000    0.833153   clock reconvergence pessimism
                                 -0.069745    0.763408   library hold time
                                              0.763408   data required time
---------------------------------------------------------------------------------------------
                                              0.763408   data required time
                                             -1.824919   data arrival time
---------------------------------------------------------------------------------------------
                                              1.061511   slack (MET)


Startpoint: _165_ (rising edge-triggered flip-flop clocked by clk)
Endpoint: _165_ (rising edge-triggered flip-flop clocked by clk)
Path Group: clk
Path Type: min

Fanout         Cap        Slew       Delay        Time   Description
---------------------------------------------------------------------------------------------
                                  0.000000    0.000000   clock clk (rise edge)
                                  0.000000    0.000000   clock source latency
     1    0.017250    0.130942    0.088565    0.088565 ^ clk (in)
                                                         clk (net)
                      0.130946    0.000000    0.088565 ^ clkbuf_0_clk/A (sky130_fd_sc_hd__clkbuf_16)
     2    0.018808    0.065939    0.247801    0.336366 ^ clkbuf_0_clk/X (sky130_fd_sc_hd__clkbuf_16)
                                                         clknet_0_clk (net)
                      0.065939    0.000320    0.336687 ^ clkbuf_1_1__f_clk/A (sky130_fd_sc_hd__clkbuf_16)
    12    0.037572    0.091122    0.244491    0.581178 ^ clkbuf_1_1__f_clk/X (sky130_fd_sc_hd__clkbuf_16)
                                                         clknet_1_1__leaf_clk (net)
                      0.091122    0.000403    0.581582 ^ _165_/CLK (sky130_fd_sc_hd__dfxtp_1)
     3    0.020723    0.192640    0.705199    1.286781 v _165_/Q (sky130_fd_sc_hd__dfxtp_1)
                                                         net16 (net)
                      0.192640    0.000554    1.287334 v _077_/A (sky130_fd_sc_hd__inv_2)
     2    0.009677    0.097302    0.155584    1.442919 ^ _077_/Y (sky130_fd_sc_hd__inv_2)
                                                         net24 (net)
                      0.097302    0.000297    1.443216 ^ _132_/B1 (sky130_fd_sc_hd__a21o_1)
     1    0.003802    0.069787    0.159909    1.603124 ^ _132_/X (sky130_fd_sc_hd__a21o_1)
                                                         _034_ (net)
                      0.069787    0.000118    1.603243 ^ _133_/A3 (sky130_fd_sc_hd__a31oi_1)
     1    0.003731    0.079546    0.198528    1.801771 v _133_/Y (sky130_fd_sc_hd__a31oi_1)
                                                         _014_ (net)
                      0.079546    0.000089    1.801860 v _165_/D (sky130_fd_sc_hd__dfxtp_1)
                                              1.801860   data arrival time

                                  0.000000    0.000000   clock clk (rise edge)
                                  0.000000    0.000000   clock source latency
     1    0.017250    0.130942    0.088565    0.088565 ^ clk (in)
                                                         clk (net)
                      0.130946    0.000000    0.088565 ^ clkbuf_0_clk/A (sky130_fd_sc_hd__clkbuf_16)
     2    0.018808    0.065939    0.247801    0.336366 ^ clkbuf_0_clk/X (sky130_fd_sc_hd__clkbuf_16)
                                                         clknet_0_clk (net)
                      0.065939    0.000320    0.336687 ^ clkbuf_1_1__f_clk/A (sky130_fd_sc_hd__clkbuf_16)
    12    0.037572    0.091122    0.244491    0.581178 ^ clkbuf_1_1__f_clk/X (sky130_fd_sc_hd__clkbuf_16)
                                                         clknet_1_1__leaf_clk (net)
                      0.091122    0.000403    0.581582 ^ _165_/CLK (sky130_fd_sc_hd__dfxtp_1)
                                  0.250000    0.831582   clock uncertainty
                                  0.000000    0.831582   clock reconvergence pessimism
                                 -0.103671    0.727911   library hold time
                                              0.727911   data required time
---------------------------------------------------------------------------------------------
                                              0.727911   data required time
                                             -1.801860   data arrival time
---------------------------------------------------------------------------------------------
                                              1.073949   slack (MET)


Startpoint: _163_ (rising edge-triggered flip-flop clocked by clk)
Endpoint: _155_ (rising edge-triggered flip-flop clocked by clk)
Path Group: clk
Path Type: min

Fanout         Cap        Slew       Delay        Time   Description
---------------------------------------------------------------------------------------------
                                  0.000000    0.000000   clock clk (rise edge)
                                  0.000000    0.000000   clock source latency
     1    0.017250    0.130942    0.088565    0.088565 ^ clk (in)
                                                         clk (net)
                      0.130946    0.000000    0.088565 ^ clkbuf_0_clk/A (sky130_fd_sc_hd__clkbuf_16)
     2    0.018808    0.065939    0.247801    0.336366 ^ clkbuf_0_clk/X (sky130_fd_sc_hd__clkbuf_16)
                                                         clknet_0_clk (net)
                      0.065939    0.000361    0.336727 ^ clkbuf_1_0__f_clk/A (sky130_fd_sc_hd__clkbuf_16)
    10    0.038423    0.092411    0.245562    0.582289 ^ clkbuf_1_0__f_clk/X (sky130_fd_sc_hd__clkbuf_16)
                                                         clknet_1_0__leaf_clk (net)
                      0.092439    0.001529    0.583818 ^ _163_/CLK (sky130_fd_sc_hd__dfxtp_1)
     4    0.029492    0.266754    0.760323    1.344141 v _163_/Q (sky130_fd_sc_hd__dfxtp_1)
                                                         net14 (net)
                      0.266771    0.002293    1.346434 v _092_/A1 (sky130_fd_sc_hd__o211a_1)
     1    0.001978    0.050739    0.468631    1.815065 v _092_/X (sky130_fd_sc_hd__o211a_1)
                                                         _004_ (net)
                      0.050739    0.000056    1.815120 v _155_/D (sky130_fd_sc_hd__dfxtp_1)
                                              1.815120   data arrival time

                                  0.000000    0.000000   clock clk (rise edge)
                                  0.000000    0.000000   clock source latency
     1    0.017250    0.130942    0.088565    0.088565 ^ clk (in)
                                                         clk (net)
                      0.130946    0.000000    0.088565 ^ clkbuf_0_clk/A (sky130_fd_sc_hd__clkbuf_16)
     2    0.018808    0.065939    0.247801    0.336366 ^ clkbuf_0_clk/X (sky130_fd_sc_hd__clkbuf_16)
                                                         clknet_0_clk (net)
                      0.065939    0.000320    0.336687 ^ clkbuf_1_1__f_clk/A (sky130_fd_sc_hd__clkbuf_16)
    12    0.037572    0.091122    0.244491    0.581178 ^ clkbuf_1_1__f_clk/X (sky130_fd_sc_hd__clkbuf_16)
                                                         clknet_1_1__leaf_clk (net)
                      0.091131    0.000984    0.582163 ^ _155_/CLK (sky130_fd_sc_hd__dfxtp_1)
                                  0.250000    0.832163   clock uncertainty
                                  0.000000    0.832163   clock reconvergence pessimism
                                 -0.092780    0.739383   library hold time
                                              0.739383   data required time
---------------------------------------------------------------------------------------------
                                              0.739383   data required time
                                             -1.815120   data arrival time
---------------------------------------------------------------------------------------------
                                              1.075738   slack (MET)


Startpoint: _171_ (rising edge-triggered flip-flop clocked by clk)
Endpoint: _171_ (rising edge-triggered flip-flop clocked by clk)
Path Group: clk
Path Type: min

Fanout         Cap        Slew       Delay        Time   Description
---------------------------------------------------------------------------------------------
                                  0.000000    0.000000   clock clk (rise edge)
                                  0.000000    0.000000   clock source latency
     1    0.017250    0.130942    0.088565    0.088565 ^ clk (in)
                                                         clk (net)
                      0.130946    0.000000    0.088565 ^ clkbuf_0_clk/A (sky130_fd_sc_hd__clkbuf_16)
     2    0.018808    0.065939    0.247801    0.336366 ^ clkbuf_0_clk/X (sky130_fd_sc_hd__clkbuf_16)
                                                         clknet_0_clk (net)
                      0.065939    0.000361    0.336727 ^ clkbuf_1_0__f_clk/A (sky130_fd_sc_hd__clkbuf_16)
    10    0.038423    0.092411    0.245562    0.582289 ^ clkbuf_1_0__f_clk/X (sky130_fd_sc_hd__clkbuf_16)
                                                         clknet_1_0__leaf_clk (net)
                      0.092430    0.001310    0.583599 ^ _171_/CLK (sky130_fd_sc_hd__dfxtp_2)
     9    0.034040    0.161127    0.721172    1.304770 v _171_/Q (sky130_fd_sc_hd__dfxtp_2)
                                                         count[2] (net)
                      0.161127    0.000581    1.305352 v _109_/B (sky130_fd_sc_hd__nand4_1)
     4    0.010088    0.189382    0.260517    1.565869 ^ _109_/Y (sky130_fd_sc_hd__nand4_1)
                                                         _065_ (net)
                      0.189382    0.000135    1.566004 ^ _149_/B (sky130_fd_sc_hd__and3_1)
     1    0.002101    0.077926    0.321929    1.887933 ^ _149_/X (sky130_fd_sc_hd__and3_1)
                                                         _020_ (net)
                      0.077926    0.000060    1.887993 ^ _171_/D (sky130_fd_sc_hd__dfxtp_2)
                                              1.887993   data arrival time

                                  0.000000    0.000000   clock clk (rise edge)
                                  0.000000    0.000000   clock source latency
     1    0.017250    0.130942    0.088565    0.088565 ^ clk (in)
                                                         clk (net)
                      0.130946    0.000000    0.088565 ^ clkbuf_0_clk/A (sky130_fd_sc_hd__clkbuf_16)
     2    0.018808    0.065939    0.247801    0.336366 ^ clkbuf_0_clk/X (sky130_fd_sc_hd__clkbuf_16)
                                                         clknet_0_clk (net)
                      0.065939    0.000361    0.336727 ^ clkbuf_1_0__f_clk/A (sky130_fd_sc_hd__clkbuf_16)
    10    0.038423    0.092411    0.245562    0.582289 ^ clkbuf_1_0__f_clk/X (sky130_fd_sc_hd__clkbuf_16)
                                                         clknet_1_0__leaf_clk (net)
                      0.092430    0.001310    0.583599 ^ _171_/CLK (sky130_fd_sc_hd__dfxtp_2)
                                  0.250000    0.833599   clock uncertainty
                                  0.000000    0.833599   clock reconvergence pessimism
                                 -0.070201    0.763398   library hold time
                                              0.763398   data required time
---------------------------------------------------------------------------------------------
                                              0.763398   data required time
                                             -1.887993   data arrival time
---------------------------------------------------------------------------------------------
                                              1.124595   slack (MET)


Startpoint: _168_ (rising edge-triggered flip-flop clocked by clk)
Endpoint: _168_ (rising edge-triggered flip-flop clocked by clk)
Path Group: clk
Path Type: min

Fanout         Cap        Slew       Delay        Time   Description
---------------------------------------------------------------------------------------------
                                  0.000000    0.000000   clock clk (rise edge)
                                  0.000000    0.000000   clock source latency
     1    0.017250    0.130942    0.088565    0.088565 ^ clk (in)
                                                         clk (net)
                      0.130946    0.000000    0.088565 ^ clkbuf_0_clk/A (sky130_fd_sc_hd__clkbuf_16)
     2    0.018808    0.065939    0.247801    0.336366 ^ clkbuf_0_clk/X (sky130_fd_sc_hd__clkbuf_16)
                                                         clknet_0_clk (net)
                      0.065939    0.000361    0.336727 ^ clkbuf_1_0__f_clk/A (sky130_fd_sc_hd__clkbuf_16)
    10    0.038423    0.092411    0.245562    0.582289 ^ clkbuf_1_0__f_clk/X (sky130_fd_sc_hd__clkbuf_16)
                                                         clknet_1_0__leaf_clk (net)
                      0.092413    0.000620    0.582910 ^ _168_/CLK (sky130_fd_sc_hd__dfxtp_1)
     3    0.013937    0.220498    0.752672    1.335581 ^ _168_/Q (sky130_fd_sc_hd__dfxtp_1)
                                                         net19 (net)
                      0.220498    0.000540    1.336121 ^ _074_/A (sky130_fd_sc_hd__inv_2)
     2    0.016930    0.096822    0.167483    1.503604 v _074_/Y (sky130_fd_sc_hd__inv_2)
                                                         net27 (net)
                      0.096823    0.000441    1.504044 v _142_/B1 (sky130_fd_sc_hd__a21oi_1)
     1    0.003846    0.175996    0.218091    1.722135 ^ _142_/Y (sky130_fd_sc_hd__a21oi_1)
                                                         _041_ (net)
                      0.175996    0.000126    1.722262 ^ _143_/B1 (sky130_fd_sc_hd__a211o_1)
     1    0.001813    0.050343    0.199170    1.921432 ^ _143_/X (sky130_fd_sc_hd__a211o_1)
                                                         _017_ (net)
                      0.050343    0.000050    1.921482 ^ _168_/D (sky130_fd_sc_hd__dfxtp_1)
                                              1.921482   data arrival time

                                  0.000000    0.000000   clock clk (rise edge)
                                  0.000000    0.000000   clock source latency
     1    0.017250    0.130942    0.088565    0.088565 ^ clk (in)
                                                         clk (net)
                      0.130946    0.000000    0.088565 ^ clkbuf_0_clk/A (sky130_fd_sc_hd__clkbuf_16)
     2    0.018808    0.065939    0.247801    0.336366 ^ clkbuf_0_clk/X (sky130_fd_sc_hd__clkbuf_16)
                                                         clknet_0_clk (net)
                      0.065939    0.000361    0.336727 ^ clkbuf_1_0__f_clk/A (sky130_fd_sc_hd__clkbuf_16)
    10    0.038423    0.092411    0.245562    0.582289 ^ clkbuf_1_0__f_clk/X (sky130_fd_sc_hd__clkbuf_16)
                                                         clknet_1_0__leaf_clk (net)
                      0.092413    0.000620    0.582910 ^ _168_/CLK (sky130_fd_sc_hd__dfxtp_1)
                                  0.250000    0.832910   clock uncertainty
                                  0.000000    0.832910   clock reconvergence pessimism
                                 -0.063886    0.769023   library hold time
                                              0.769023   data required time
---------------------------------------------------------------------------------------------
                                              0.769023   data required time
                                             -1.921482   data arrival time
---------------------------------------------------------------------------------------------
                                              1.152459   slack (MET)


Startpoint: _171_ (rising edge-triggered flip-flop clocked by clk)
Endpoint: _172_ (rising edge-triggered flip-flop clocked by clk)
Path Group: clk
Path Type: min

Fanout         Cap        Slew       Delay        Time   Description
---------------------------------------------------------------------------------------------
                                  0.000000    0.000000   clock clk (rise edge)
                                  0.000000    0.000000   clock source latency
     1    0.017250    0.130942    0.088565    0.088565 ^ clk (in)
                                                         clk (net)
                      0.130946    0.000000    0.088565 ^ clkbuf_0_clk/A (sky130_fd_sc_hd__clkbuf_16)
     2    0.018808    0.065939    0.247801    0.336366 ^ clkbuf_0_clk/X (sky130_fd_sc_hd__clkbuf_16)
                                                         clknet_0_clk (net)
                      0.065939    0.000361    0.336727 ^ clkbuf_1_0__f_clk/A (sky130_fd_sc_hd__clkbuf_16)
    10    0.038423    0.092411    0.245562    0.582289 ^ clkbuf_1_0__f_clk/X (sky130_fd_sc_hd__clkbuf_16)
                                                         clknet_1_0__leaf_clk (net)
                      0.092430    0.001310    0.583599 ^ _171_/CLK (sky130_fd_sc_hd__dfxtp_2)
     9    0.034040    0.161127    0.721172    1.304770 v _171_/Q (sky130_fd_sc_hd__dfxtp_2)
                                                         count[2] (net)
                      0.161127    0.000581    1.305352 v _109_/B (sky130_fd_sc_hd__nand4_1)
     4    0.010088    0.189382    0.260517    1.565869 ^ _109_/Y (sky130_fd_sc_hd__nand4_1)
                                                         _065_ (net)
                      0.189382    0.000182    1.566051 ^ _110_/B (sky130_fd_sc_hd__or2_1)
     1    0.002790    0.065694    0.212259    1.778310 ^ _110_/X (sky130_fd_sc_hd__or2_1)
                                                         _066_ (net)
                      0.065694    0.000080    1.778390 ^ _151_/A1 (sky130_fd_sc_hd__a21oi_1)
     1    0.003222    0.076172    0.121815    1.900205 v _151_/Y (sky130_fd_sc_hd__a21oi_1)
                                                         _021_ (net)
                      0.076172    0.000106    1.900310 v _172_/D (sky130_fd_sc_hd__dfxtp_1)
                                              1.900310   data arrival time

                                  0.000000    0.000000   clock clk (rise edge)
                                  0.000000    0.000000   clock source latency
     1    0.017250    0.130942    0.088565    0.088565 ^ clk (in)
                                                         clk (net)
                      0.130946    0.000000    0.088565 ^ clkbuf_0_clk/A (sky130_fd_sc_hd__clkbuf_16)
     2    0.018808    0.065939    0.247801    0.336366 ^ clkbuf_0_clk/X (sky130_fd_sc_hd__clkbuf_16)
                                                         clknet_0_clk (net)
                      0.065939    0.000361    0.336727 ^ clkbuf_1_0__f_clk/A (sky130_fd_sc_hd__clkbuf_16)
    10    0.038423    0.092411    0.245562    0.582289 ^ clkbuf_1_0__f_clk/X (sky130_fd_sc_hd__clkbuf_16)
                                                         clknet_1_0__leaf_clk (net)
                      0.092433    0.001390    0.583679 ^ _172_/CLK (sky130_fd_sc_hd__dfxtp_1)
                                  0.250000    0.833679   clock uncertainty
                                  0.000000    0.833679   clock reconvergence pessimism
                                 -0.102081    0.731599   library hold time
                                              0.731599   data required time
---------------------------------------------------------------------------------------------
                                              0.731599   data required time
                                             -1.900310   data arrival time
---------------------------------------------------------------------------------------------
                                              1.168711   slack (MET)


Startpoint: _172_ (rising edge-triggered flip-flop clocked by clk)
Endpoint: _167_ (rising edge-triggered flip-flop clocked by clk)
Path Group: clk
Path Type: min

Fanout         Cap        Slew       Delay        Time   Description
---------------------------------------------------------------------------------------------
                                  0.000000    0.000000   clock clk (rise edge)
                                  0.000000    0.000000   clock source latency
     1    0.017250    0.130942    0.088565    0.088565 ^ clk (in)
                                                         clk (net)
                      0.130946    0.000000    0.088565 ^ clkbuf_0_clk/A (sky130_fd_sc_hd__clkbuf_16)
     2    0.018808    0.065939    0.247801    0.336366 ^ clkbuf_0_clk/X (sky130_fd_sc_hd__clkbuf_16)
                                                         clknet_0_clk (net)
                      0.065939    0.000361    0.336727 ^ clkbuf_1_0__f_clk/A (sky130_fd_sc_hd__clkbuf_16)
    10    0.038423    0.092411    0.245562    0.582289 ^ clkbuf_1_0__f_clk/X (sky130_fd_sc_hd__clkbuf_16)
                                                         clknet_1_0__leaf_clk (net)
                      0.092433    0.001390    0.583679 ^ _172_/CLK (sky130_fd_sc_hd__dfxtp_1)
     3    0.015234    0.238988    0.765848    1.349527 ^ _172_/Q (sky130_fd_sc_hd__dfxtp_1)
                                                         count[3] (net)
                      0.238988    0.000699    1.350226 ^ _138_/A1 (sky130_fd_sc_hd__o41a_1)
     1    0.003000    0.083929    0.351351    1.701576 ^ _138_/X (sky130_fd_sc_hd__o41a_1)
                                                         _038_ (net)
                      0.083929    0.000088    1.701665 ^ _141_/A1 (sky130_fd_sc_hd__o31a_1)
     1    0.001861    0.063688    0.247721    1.949386 ^ _141_/X (sky130_fd_sc_hd__o31a_1)
                                                         _016_ (net)
                      0.063688    0.000052    1.949438 ^ _167_/D (sky130_fd_sc_hd__dfxtp_1)
                                              1.949438   data arrival time

                                  0.000000    0.000000   clock clk (rise edge)
                                  0.000000    0.000000   clock source latency
     1    0.017250    0.130942    0.088565    0.088565 ^ clk (in)
                                                         clk (net)
                      0.130946    0.000000    0.088565 ^ clkbuf_0_clk/A (sky130_fd_sc_hd__clkbuf_16)
     2    0.018808    0.065939    0.247801    0.336366 ^ clkbuf_0_clk/X (sky130_fd_sc_hd__clkbuf_16)
                                                         clknet_0_clk (net)
                      0.065939    0.000361    0.336727 ^ clkbuf_1_0__f_clk/A (sky130_fd_sc_hd__clkbuf_16)
    10    0.038423    0.092411    0.245562    0.582289 ^ clkbuf_1_0__f_clk/X (sky130_fd_sc_hd__clkbuf_16)
                                                         clknet_1_0__leaf_clk (net)
                      0.092413    0.000663    0.582953 ^ _167_/CLK (sky130_fd_sc_hd__dfxtp_1)
                                  0.250000    0.832953   clock uncertainty
                                  0.000000    0.832953   clock reconvergence pessimism
                                 -0.066990    0.765963   library hold time
                                              0.765963   data required time
---------------------------------------------------------------------------------------------
                                              0.765963   data required time
                                             -1.949438   data arrival time
---------------------------------------------------------------------------------------------
                                              1.183476   slack (MET)


Startpoint: _161_ (rising edge-triggered flip-flop clocked by clk)
Endpoint: _161_ (rising edge-triggered flip-flop clocked by clk)
Path Group: clk
Path Type: min

Fanout         Cap        Slew       Delay        Time   Description
---------------------------------------------------------------------------------------------
                                  0.000000    0.000000   clock clk (rise edge)
                                  0.000000    0.000000   clock source latency
     1    0.017250    0.130942    0.088565    0.088565 ^ clk (in)
                                                         clk (net)
                      0.130946    0.000000    0.088565 ^ clkbuf_0_clk/A (sky130_fd_sc_hd__clkbuf_16)
     2    0.018808    0.065939    0.247801    0.336366 ^ clkbuf_0_clk/X (sky130_fd_sc_hd__clkbuf_16)
                                                         clknet_0_clk (net)
                      0.065939    0.000361    0.336727 ^ clkbuf_1_0__f_clk/A (sky130_fd_sc_hd__clkbuf_16)
    10    0.038423    0.092411    0.245562    0.582289 ^ clkbuf_1_0__f_clk/X (sky130_fd_sc_hd__clkbuf_16)
                                                         clknet_1_0__leaf_clk (net)
                      0.092438    0.001505    0.583794 ^ _161_/CLK (sky130_fd_sc_hd__dfxtp_1)
     4    0.030026    0.271035    0.764284    1.348079 v _161_/Q (sky130_fd_sc_hd__dfxtp_1)
                                                         net12 (net)
                      0.271035    0.000821    1.348900 v _111_/B1 (sky130_fd_sc_hd__o21a_1)
     1    0.003038    0.061780    0.283481    1.632380 v _111_/X (sky130_fd_sc_hd__o21a_1)
                                                         _067_ (net)
                      0.061780    0.000091    1.632472 v _115_/A1 (sky130_fd_sc_hd__o21a_1)
     1    0.002205    0.052339    0.322705    1.955176 v _115_/X (sky130_fd_sc_hd__o21a_1)
                                                         _010_ (net)
                      0.052339    0.000047    1.955223 v _161_/D (sky130_fd_sc_hd__dfxtp_1)
                                              1.955223   data arrival time

                                  0.000000    0.000000   clock clk (rise edge)
                                  0.000000    0.000000   clock source latency
     1    0.017250    0.130942    0.088565    0.088565 ^ clk (in)
                                                         clk (net)
                      0.130946    0.000000    0.088565 ^ clkbuf_0_clk/A (sky130_fd_sc_hd__clkbuf_16)
     2    0.018808    0.065939    0.247801    0.336366 ^ clkbuf_0_clk/X (sky130_fd_sc_hd__clkbuf_16)
                                                         clknet_0_clk (net)
                      0.065939    0.000361    0.336727 ^ clkbuf_1_0__f_clk/A (sky130_fd_sc_hd__clkbuf_16)
    10    0.038423    0.092411    0.245562    0.582289 ^ clkbuf_1_0__f_clk/X (sky130_fd_sc_hd__clkbuf_16)
                                                         clknet_1_0__leaf_clk (net)
                      0.092438    0.001505    0.583794 ^ _161_/CLK (sky130_fd_sc_hd__dfxtp_1)
                                  0.250000    0.833794   clock uncertainty
                                  0.000000    0.833794   clock reconvergence pessimism
                                 -0.093071    0.740724   library hold time
                                              0.740724   data required time
---------------------------------------------------------------------------------------------
                                              0.740724   data required time
                                             -1.955223   data arrival time
---------------------------------------------------------------------------------------------
                                              1.214499   slack (MET)


Startpoint: _164_ (rising edge-triggered flip-flop clocked by clk)
Endpoint: _164_ (rising edge-triggered flip-flop clocked by clk)
Path Group: clk
Path Type: min

Fanout         Cap        Slew       Delay        Time   Description
---------------------------------------------------------------------------------------------
                                  0.000000    0.000000   clock clk (rise edge)
                                  0.000000    0.000000   clock source latency
     1    0.017250    0.130942    0.088565    0.088565 ^ clk (in)
                                                         clk (net)
                      0.130946    0.000000    0.088565 ^ clkbuf_0_clk/A (sky130_fd_sc_hd__clkbuf_16)
     2    0.018808    0.065939    0.247801    0.336366 ^ clkbuf_0_clk/X (sky130_fd_sc_hd__clkbuf_16)
                                                         clknet_0_clk (net)
                      0.065939    0.000361    0.336727 ^ clkbuf_1_0__f_clk/A (sky130_fd_sc_hd__clkbuf_16)
    10    0.038423    0.092411    0.245562    0.582289 ^ clkbuf_1_0__f_clk/X (sky130_fd_sc_hd__clkbuf_16)
                                                         clknet_1_0__leaf_clk (net)
                      0.092440    0.001559    0.583848 ^ _164_/CLK (sky130_fd_sc_hd__dfxtp_1)
     3    0.025205    0.230608    0.733359    1.317207 v _164_/Q (sky130_fd_sc_hd__dfxtp_1)
                                                         net15 (net)
                      0.230626    0.002153    1.319360 v _078_/A (sky130_fd_sc_hd__inv_2)
     2    0.010413    0.107296    0.175462    1.494822 ^ _078_/Y (sky130_fd_sc_hd__inv_2)
                                                         net23 (net)
                      0.107296    0.000436    1.495258 ^ _126_/B1 (sky130_fd_sc_hd__a21oi_1)
     1    0.003242    0.053827    0.088079    1.583337 v _126_/Y (sky130_fd_sc_hd__a21oi_1)
                                                         _029_ (net)
                      0.053827    0.000074    1.583410 v _129_/A1 (sky130_fd_sc_hd__o21a_1)
     1    0.008085    0.103671    0.375876    1.959286 v _129_/X (sky130_fd_sc_hd__o21a_1)
                                                         _013_ (net)
                      0.103671    0.000339    1.959625 v _164_/D (sky130_fd_sc_hd__dfxtp_1)
                                              1.959625   data arrival time

                                  0.000000    0.000000   clock clk (rise edge)
                                  0.000000    0.000000   clock source latency
     1    0.017250    0.130942    0.088565    0.088565 ^ clk (in)
                                                         clk (net)
                      0.130946    0.000000    0.088565 ^ clkbuf_0_clk/A (sky130_fd_sc_hd__clkbuf_16)
     2    0.018808    0.065939    0.247801    0.336366 ^ clkbuf_0_clk/X (sky130_fd_sc_hd__clkbuf_16)
                                                         clknet_0_clk (net)
                      0.065939    0.000361    0.336727 ^ clkbuf_1_0__f_clk/A (sky130_fd_sc_hd__clkbuf_16)
    10    0.038423    0.092411    0.245562    0.582289 ^ clkbuf_1_0__f_clk/X (sky130_fd_sc_hd__clkbuf_16)
                                                         clknet_1_0__leaf_clk (net)
                      0.092440    0.001559    0.583848 ^ _164_/CLK (sky130_fd_sc_hd__dfxtp_1)
                                  0.250000    0.833848   clock uncertainty
                                  0.000000    0.833848   clock reconvergence pessimism
                                 -0.112473    0.721375   library hold time
                                              0.721375   data required time
---------------------------------------------------------------------------------------------
                                              0.721375   data required time
                                             -1.959625   data arrival time
---------------------------------------------------------------------------------------------
                                              1.238250   slack (MET)


Startpoint: _171_ (rising edge-triggered flip-flop clocked by clk)
Endpoint: _163_ (rising edge-triggered flip-flop clocked by clk)
Path Group: clk
Path Type: min

Fanout         Cap        Slew       Delay        Time   Description
---------------------------------------------------------------------------------------------
                                  0.000000    0.000000   clock clk (rise edge)
                                  0.000000    0.000000   clock source latency
     1    0.017250    0.130942    0.088565    0.088565 ^ clk (in)
                                                         clk (net)
                      0.130946    0.000000    0.088565 ^ clkbuf_0_clk/A (sky130_fd_sc_hd__clkbuf_16)
     2    0.018808    0.065939    0.247801    0.336366 ^ clkbuf_0_clk/X (sky130_fd_sc_hd__clkbuf_16)
                                                         clknet_0_clk (net)
                      0.065939    0.000361    0.336727 ^ clkbuf_1_0__f_clk/A (sky130_fd_sc_hd__clkbuf_16)
    10    0.038423    0.092411    0.245562    0.582289 ^ clkbuf_1_0__f_clk/X (sky130_fd_sc_hd__clkbuf_16)
                                                         clknet_1_0__leaf_clk (net)
                      0.092430    0.001310    0.583599 ^ _171_/CLK (sky130_fd_sc_hd__dfxtp_2)
     9    0.034040    0.161127    0.721172    1.304770 v _171_/Q (sky130_fd_sc_hd__dfxtp_2)
                                                         count[2] (net)
                      0.161150    0.001919    1.306690 v _072_/A (sky130_fd_sc_hd__inv_2)
     4    0.014759    0.122970    0.169024    1.475714 ^ _072_/Y (sky130_fd_sc_hd__inv_2)
                                                         _046_ (net)
                      0.122970    0.000393    1.476107 ^ _121_/A2 (sky130_fd_sc_hd__o41a_1)
     1    0.003858    0.096312    0.302716    1.778823 ^ _121_/X (sky130_fd_sc_hd__o41a_1)
                                                         _025_ (net)
                      0.096312    0.000120    1.778944 ^ _125_/A1 (sky130_fd_sc_hd__o31a_1)
     1    0.003199    0.081998    0.270651    2.049594 ^ _125_/X (sky130_fd_sc_hd__o31a_1)
                                                         _012_ (net)
                      0.081998    0.000105    2.049699 ^ _163_/D (sky130_fd_sc_hd__dfxtp_1)
                                              2.049699   data arrival time

                                  0.000000    0.000000   clock clk (rise edge)
                                  0.000000    0.000000   clock source latency
     1    0.017250    0.130942    0.088565    0.088565 ^ clk (in)
                                                         clk (net)
                      0.130946    0.000000    0.088565 ^ clkbuf_0_clk/A (sky130_fd_sc_hd__clkbuf_16)
     2    0.018808    0.065939    0.247801    0.336366 ^ clkbuf_0_clk/X (sky130_fd_sc_hd__clkbuf_16)
                                                         clknet_0_clk (net)
                      0.065939    0.000361    0.336727 ^ clkbuf_1_0__f_clk/A (sky130_fd_sc_hd__clkbuf_16)
    10    0.038423    0.092411    0.245562    0.582289 ^ clkbuf_1_0__f_clk/X (sky130_fd_sc_hd__clkbuf_16)
                                                         clknet_1_0__leaf_clk (net)
                      0.092439    0.001529    0.583818 ^ _163_/CLK (sky130_fd_sc_hd__dfxtp_1)
                                  0.250000    0.833818   clock uncertainty
                                  0.000000    0.833818   clock reconvergence pessimism
                                 -0.071244    0.762574   library hold time
                                              0.762574   data required time
---------------------------------------------------------------------------------------------
                                              0.762574   data required time
                                             -2.049699   data arrival time
---------------------------------------------------------------------------------------------
                                              1.287126   slack (MET)


Startpoint: _170_ (rising edge-triggered flip-flop clocked by clk)
Endpoint: _170_ (rising edge-triggered flip-flop clocked by clk)
Path Group: clk
Path Type: min

Fanout         Cap        Slew       Delay        Time   Description
---------------------------------------------------------------------------------------------
                                  0.000000    0.000000   clock clk (rise edge)
                                  0.000000    0.000000   clock source latency
     1    0.017250    0.130942    0.088565    0.088565 ^ clk (in)
                                                         clk (net)
                      0.130946    0.000000    0.088565 ^ clkbuf_0_clk/A (sky130_fd_sc_hd__clkbuf_16)
     2    0.018808    0.065939    0.247801    0.336366 ^ clkbuf_0_clk/X (sky130_fd_sc_hd__clkbuf_16)
                                                         clknet_0_clk (net)
                      0.065939    0.000361    0.336727 ^ clkbuf_1_0__f_clk/A (sky130_fd_sc_hd__clkbuf_16)
    10    0.038423    0.092411    0.245562    0.582289 ^ clkbuf_1_0__f_clk/X (sky130_fd_sc_hd__clkbuf_16)
                                                         clknet_1_0__leaf_clk (net)
                      0.092419    0.000976    0.583265 ^ _170_/CLK (sky130_fd_sc_hd__dfxtp_1)
     2    0.008052    0.089375    0.623002    1.206267 v _170_/Q (sky130_fd_sc_hd__dfxtp_1)
                                                         count[1] (net)
                      0.089375    0.000134    1.206401 v fanout31/A (sky130_fd_sc_hd__buf_2)
    10    0.033813    0.164048    0.352305    1.558706 v fanout31/X (sky130_fd_sc_hd__buf_2)
                                                         net31 (net)
                      0.164048    0.000387    1.559093 v _107_/B (sky130_fd_sc_hd__nand3_1)
     3    0.008194    0.159315    0.230686    1.789779 ^ _107_/Y (sky130_fd_sc_hd__nand3_1)
                                                         _063_ (net)
                      0.159315    0.000174    1.789954 ^ _147_/B (sky130_fd_sc_hd__and3_1)
     1    0.002045    0.077256    0.310111    2.100065 ^ _147_/X (sky130_fd_sc_hd__and3_1)
                                                         _019_ (net)
                      0.077256    0.000042    2.100106 ^ _170_/D (sky130_fd_sc_hd__dfxtp_1)
                                              2.100106   data arrival time

                                  0.000000    0.000000   clock clk (rise edge)
                                  0.000000    0.000000   clock source latency
     1    0.017250    0.130942    0.088565    0.088565 ^ clk (in)
                                                         clk (net)
                      0.130946    0.000000    0.088565 ^ clkbuf_0_clk/A (sky130_fd_sc_hd__clkbuf_16)
     2    0.018808    0.065939    0.247801    0.336366 ^ clkbuf_0_clk/X (sky130_fd_sc_hd__clkbuf_16)
                                                         clknet_0_clk (net)
                      0.065939    0.000361    0.336727 ^ clkbuf_1_0__f_clk/A (sky130_fd_sc_hd__clkbuf_16)
    10    0.038423    0.092411    0.245562    0.582289 ^ clkbuf_1_0__f_clk/X (sky130_fd_sc_hd__clkbuf_16)
                                                         clknet_1_0__leaf_clk (net)
                      0.092419    0.000976    0.583265 ^ _170_/CLK (sky130_fd_sc_hd__dfxtp_1)
                                  0.250000    0.833265   clock uncertainty
                                  0.000000    0.833265   clock reconvergence pessimism
                                 -0.070145    0.763120   library hold time
                                              0.763120   data required time
---------------------------------------------------------------------------------------------
                                              0.763120   data required time
                                             -2.100106   data arrival time
---------------------------------------------------------------------------------------------
                                              1.336986   slack (MET)


Startpoint: _152_ (rising edge-triggered flip-flop clocked by clk')
Endpoint: _152_ (rising edge-triggered flip-flop clocked by clk')
Path Group: clk
Path Type: min

Fanout         Cap        Slew       Delay        Time   Description
---------------------------------------------------------------------------------------------
                                 25.000000   25.000000   clock clk' (rise edge)
                                  0.000000   25.000000   clock source latency
     1    0.016364    0.073471    0.050745   25.050745 v clk (in)
                                                         clk (net)
                      0.073477    0.000000   25.050745 v clkbuf_0_clk/A (sky130_fd_sc_hd__clkbuf_16)
     2    0.017036    0.054600    0.255234   25.305979 v clkbuf_0_clk/X (sky130_fd_sc_hd__clkbuf_16)
                                                         clknet_0_clk (net)
                      0.054600    0.000290   25.306269 v clkbuf_1_1__f_clk/A (sky130_fd_sc_hd__clkbuf_16)
    12    0.035921    0.072464    0.268720   25.574987 v clkbuf_1_1__f_clk/X (sky130_fd_sc_hd__clkbuf_16)
                                                         clknet_1_1__leaf_clk (net)
                      0.072467    0.000599   25.575586 v _083__1/A (sky130_fd_sc_hd__inv_2)
     1    0.002202    0.032677    0.064468   25.640055 ^ _083__1/Y (sky130_fd_sc_hd__inv_2)
                                                         net35 (net)
                      0.032677    0.000062   25.640116 ^ _152_/CLK (sky130_fd_sc_hd__dfxtp_1)
     3    0.014077    0.136956    0.636813   26.276930 v _152_/Q (sky130_fd_sc_hd__dfxtp_1)
                                                         net11 (net)
                      0.136956    0.000238   26.277168 v hold1/A (sky130_fd_sc_hd__dlygate4sd3_1)
     1    0.002789    0.105694    1.155241   27.432409 v hold1/X (sky130_fd_sc_hd__dlygate4sd3_1)
                                                         net36 (net)
                      0.105694    0.000087   27.432497 v _084_/A_N (sky130_fd_sc_hd__and2b_1)
     1    0.001918    0.061658    0.369742   27.802238 ^ _084_/X (sky130_fd_sc_hd__and2b_1)
                                                         _001_ (net)
                      0.061658    0.000037   27.802275 ^ _152_/D (sky130_fd_sc_hd__dfxtp_1)
                                             27.802275   data arrival time

                                 25.000000   25.000000   clock clk' (rise edge)
                                  0.000000   25.000000   clock source latency
     1    0.016364    0.073471    0.050745   25.050745 v clk (in)
                                                         clk (net)
                      0.073477    0.000000   25.050745 v clkbuf_0_clk/A (sky130_fd_sc_hd__clkbuf_16)
     2    0.017036    0.054600    0.255234   25.305979 v clkbuf_0_clk/X (sky130_fd_sc_hd__clkbuf_16)
                                                         clknet_0_clk (net)
                      0.054600    0.000290   25.306269 v clkbuf_1_1__f_clk/A (sky130_fd_sc_hd__clkbuf_16)
    12    0.035921    0.072464    0.268720   25.574987 v clkbuf_1_1__f_clk/X (sky130_fd_sc_hd__clkbuf_16)
                                                         clknet_1_1__leaf_clk (net)
                      0.072467    0.000599   25.575586 v _083__1/A (sky130_fd_sc_hd__inv_2)
     1    0.002202    0.032677    0.064468   25.640055 ^ _083__1/Y (sky130_fd_sc_hd__inv_2)
                                                         net35 (net)
                      0.032677    0.000062   25.640116 ^ _152_/CLK (sky130_fd_sc_hd__dfxtp_1)
                                  0.250000   25.890116   clock uncertainty
                                  0.000000   25.890116   clock reconvergence pessimism
                                 -0.076010   25.814106   library hold time
                                             25.814106   data required time
---------------------------------------------------------------------------------------------
                                             25.814106   data required time
                                            -27.802275   data arrival time
---------------------------------------------------------------------------------------------
                                              1.988170   slack (MET)


Startpoint: _160_ (rising edge-triggered flip-flop clocked by clk)
Endpoint: _160_ (rising edge-triggered flip-flop clocked by clk)
Path Group: clk
Path Type: min

Fanout         Cap        Slew       Delay        Time   Description
---------------------------------------------------------------------------------------------
                                  0.000000    0.000000   clock clk (rise edge)
                                  0.000000    0.000000   clock source latency
     1    0.017250    0.130942    0.088565    0.088565 ^ clk (in)
                                                         clk (net)
                      0.130946    0.000000    0.088565 ^ clkbuf_0_clk/A (sky130_fd_sc_hd__clkbuf_16)
     2    0.018808    0.065939    0.247801    0.336366 ^ clkbuf_0_clk/X (sky130_fd_sc_hd__clkbuf_16)
                                                         clknet_0_clk (net)
                      0.065939    0.000320    0.336687 ^ clkbuf_1_1__f_clk/A (sky130_fd_sc_hd__clkbuf_16)
    12    0.037572    0.091122    0.244491    0.581178 ^ clkbuf_1_1__f_clk/X (sky130_fd_sc_hd__clkbuf_16)
                                                         clknet_1_1__leaf_clk (net)
                      0.091123    0.000566    0.581744 ^ _160_/CLK (sky130_fd_sc_hd__dfxtp_1)
     2    0.008924    0.151258    0.699636    1.281380 ^ _160_/Q (sky130_fd_sc_hd__dfxtp_1)
                                                         net10 (net)
                      0.151258    0.000130    1.281510 ^ _101_/A (sky130_fd_sc_hd__or2_1)
     1    0.003906    0.080018    0.211049    1.492560 ^ _101_/X (sky130_fd_sc_hd__or2_1)
                                                         _058_ (net)
                      0.080018    0.000132    1.492692 ^ _102_/B1 (sky130_fd_sc_hd__o211a_1)
     1    0.002075    0.065518    0.289366    1.782058 ^ _102_/X (sky130_fd_sc_hd__o211a_1)
                                                         _009_ (net)
                      0.065518    0.000058    1.782116 ^ hold3/A (sky130_fd_sc_hd__dlygate4sd3_1)
     1    0.002082    0.083736    1.027847    2.809963 ^ hold3/X (sky130_fd_sc_hd__dlygate4sd3_1)
                                                         net38 (net)
                      0.083736    0.000058    2.810021 ^ _160_/D (sky130_fd_sc_hd__dfxtp_1)
                                              2.810021   data arrival time

                                  0.000000    0.000000   clock clk (rise edge)
                                  0.000000    0.000000   clock source latency
     1    0.017250    0.130942    0.088565    0.088565 ^ clk (in)
                                                         clk (net)
                      0.130946    0.000000    0.088565 ^ clkbuf_0_clk/A (sky130_fd_sc_hd__clkbuf_16)
     2    0.018808    0.065939    0.247801    0.336366 ^ clkbuf_0_clk/X (sky130_fd_sc_hd__clkbuf_16)
                                                         clknet_0_clk (net)
                      0.065939    0.000320    0.336687 ^ clkbuf_1_1__f_clk/A (sky130_fd_sc_hd__clkbuf_16)
    12    0.037572    0.091122    0.244491    0.581178 ^ clkbuf_1_1__f_clk/X (sky130_fd_sc_hd__clkbuf_16)
                                                         clknet_1_1__leaf_clk (net)
                      0.091123    0.000566    0.581744 ^ _160_/CLK (sky130_fd_sc_hd__dfxtp_1)
                                  0.250000    0.831744   clock uncertainty
                                  0.000000    0.831744   clock reconvergence pessimism
                                 -0.071858    0.759886   library hold time
                                              0.759886   data required time
---------------------------------------------------------------------------------------------
                                              0.759886   data required time
                                             -2.810021   data arrival time
---------------------------------------------------------------------------------------------
                                              2.050135   slack (MET)


Startpoint: _158_ (rising edge-triggered flip-flop clocked by clk)
Endpoint: adc_out[5] (output port clocked by clk)
Path Group: clk
Path Type: min

Fanout         Cap        Slew       Delay        Time   Description
---------------------------------------------------------------------------------------------
                                  0.000000    0.000000   clock clk (rise edge)
                                  0.000000    0.000000   clock source latency
     1    0.017250    0.130942    0.088565    0.088565 ^ clk (in)
                                                         clk (net)
                      0.130946    0.000000    0.088565 ^ clkbuf_0_clk/A (sky130_fd_sc_hd__clkbuf_16)
     2    0.018808    0.065939    0.247801    0.336366 ^ clkbuf_0_clk/X (sky130_fd_sc_hd__clkbuf_16)
                                                         clknet_0_clk (net)
                      0.065939    0.000320    0.336687 ^ clkbuf_1_1__f_clk/A (sky130_fd_sc_hd__clkbuf_16)
    12    0.037572    0.091122    0.244491    0.581178 ^ clkbuf_1_1__f_clk/X (sky130_fd_sc_hd__clkbuf_16)
                                                         clknet_1_1__leaf_clk (net)
                      0.091135    0.001123    0.582301 ^ _158_/CLK (sky130_fd_sc_hd__dfxtp_1)
     2    0.004885    0.064479    0.600444    1.182745 v _158_/Q (sky130_fd_sc_hd__dfxtp_1)
                                                         net8 (net)
                      0.064479    0.000110    1.182855 v output8/A (sky130_fd_sc_hd__buf_2)
     1    0.034067    0.165129    0.341426    1.524281 v output8/X (sky130_fd_sc_hd__buf_2)
                                                         adc_out[5] (net)
                      0.165129    0.000622    1.524903 v adc_out[5] (out)
                                              1.524903   data arrival time

                                  0.000000    0.000000   clock clk (rise edge)
                                  0.000000    0.000000   clock network delay (propagated)
                                  0.250000    0.250000   clock uncertainty
                                  0.000000    0.250000   clock reconvergence pessimism
                                -10.000000   -9.750000   output external delay
                                             -9.750000   data required time
---------------------------------------------------------------------------------------------
                                             -9.750000   data required time
                                             -1.524903   data arrival time
---------------------------------------------------------------------------------------------
                                             11.274904   slack (MET)


Startpoint: _157_ (rising edge-triggered flip-flop clocked by clk)
Endpoint: adc_out[4] (output port clocked by clk)
Path Group: clk
Path Type: min

Fanout         Cap        Slew       Delay        Time   Description
---------------------------------------------------------------------------------------------
                                  0.000000    0.000000   clock clk (rise edge)
                                  0.000000    0.000000   clock source latency
     1    0.017250    0.130942    0.088565    0.088565 ^ clk (in)
                                                         clk (net)
                      0.130946    0.000000    0.088565 ^ clkbuf_0_clk/A (sky130_fd_sc_hd__clkbuf_16)
     2    0.018808    0.065939    0.247801    0.336366 ^ clkbuf_0_clk/X (sky130_fd_sc_hd__clkbuf_16)
                                                         clknet_0_clk (net)
                      0.065939    0.000320    0.336687 ^ clkbuf_1_1__f_clk/A (sky130_fd_sc_hd__clkbuf_16)
    12    0.037572    0.091122    0.244491    0.581178 ^ clkbuf_1_1__f_clk/X (sky130_fd_sc_hd__clkbuf_16)
                                                         clknet_1_1__leaf_clk (net)
                      0.091134    0.001082    0.582260 ^ _157_/CLK (sky130_fd_sc_hd__dfxtp_1)
     2    0.005138    0.066408    0.602198    1.184458 v _157_/Q (sky130_fd_sc_hd__dfxtp_1)
                                                         net7 (net)
                      0.066408    0.000139    1.184597 v output7/A (sky130_fd_sc_hd__buf_2)
     1    0.034064    0.165110    0.342303    1.526900 v output7/X (sky130_fd_sc_hd__buf_2)
                                                         adc_out[4] (net)
                      0.165110    0.000622    1.527522 v adc_out[4] (out)
                                              1.527522   data arrival time

                                  0.000000    0.000000   clock clk (rise edge)
                                  0.000000    0.000000   clock network delay (propagated)
                                  0.250000    0.250000   clock uncertainty
                                  0.000000    0.250000   clock reconvergence pessimism
                                -10.000000   -9.750000   output external delay
                                             -9.750000   data required time
---------------------------------------------------------------------------------------------
                                             -9.750000   data required time
                                             -1.527522   data arrival time
---------------------------------------------------------------------------------------------
                                             11.277522   slack (MET)


Startpoint: _155_ (rising edge-triggered flip-flop clocked by clk)
Endpoint: adc_out[2] (output port clocked by clk)
Path Group: clk
Path Type: min

Fanout         Cap        Slew       Delay        Time   Description
---------------------------------------------------------------------------------------------
                                  0.000000    0.000000   clock clk (rise edge)
                                  0.000000    0.000000   clock source latency
     1    0.017250    0.130942    0.088565    0.088565 ^ clk (in)
                                                         clk (net)
                      0.130946    0.000000    0.088565 ^ clkbuf_0_clk/A (sky130_fd_sc_hd__clkbuf_16)
     2    0.018808    0.065939    0.247801    0.336366 ^ clkbuf_0_clk/X (sky130_fd_sc_hd__clkbuf_16)
                                                         clknet_0_clk (net)
                      0.065939    0.000320    0.336687 ^ clkbuf_1_1__f_clk/A (sky130_fd_sc_hd__clkbuf_16)
    12    0.037572    0.091122    0.244491    0.581178 ^ clkbuf_1_1__f_clk/X (sky130_fd_sc_hd__clkbuf_16)
                                                         clknet_1_1__leaf_clk (net)
                      0.091131    0.000984    0.582163 ^ _155_/CLK (sky130_fd_sc_hd__dfxtp_1)
     2    0.005477    0.069015    0.604537    1.186699 v _155_/Q (sky130_fd_sc_hd__dfxtp_1)
                                                         net5 (net)
                      0.069015    0.000157    1.186856 v output5/A (sky130_fd_sc_hd__buf_2)
     1    0.034059    0.165076    0.343479    1.530336 v output5/X (sky130_fd_sc_hd__buf_2)
                                                         adc_out[2] (net)
                      0.165076    0.000622    1.530958 v adc_out[2] (out)
                                              1.530958   data arrival time

                                  0.000000    0.000000   clock clk (rise edge)
                                  0.000000    0.000000   clock network delay (propagated)
                                  0.250000    0.250000   clock uncertainty
                                  0.000000    0.250000   clock reconvergence pessimism
                                -10.000000   -9.750000   output external delay
                                             -9.750000   data required time
---------------------------------------------------------------------------------------------
                                             -9.750000   data required time
                                             -1.530958   data arrival time
---------------------------------------------------------------------------------------------
                                             11.280958   slack (MET)


Startpoint: _159_ (rising edge-triggered flip-flop clocked by clk)
Endpoint: adc_out[6] (output port clocked by clk)
Path Group: clk
Path Type: min

Fanout         Cap        Slew       Delay        Time   Description
---------------------------------------------------------------------------------------------
                                  0.000000    0.000000   clock clk (rise edge)
                                  0.000000    0.000000   clock source latency
     1    0.017250    0.130942    0.088565    0.088565 ^ clk (in)
                                                         clk (net)
                      0.130946    0.000000    0.088565 ^ clkbuf_0_clk/A (sky130_fd_sc_hd__clkbuf_16)
     2    0.018808    0.065939    0.247801    0.336366 ^ clkbuf_0_clk/X (sky130_fd_sc_hd__clkbuf_16)
                                                         clknet_0_clk (net)
                      0.065939    0.000320    0.336687 ^ clkbuf_1_1__f_clk/A (sky130_fd_sc_hd__clkbuf_16)
    12    0.037572    0.091122    0.244491    0.581178 ^ clkbuf_1_1__f_clk/X (sky130_fd_sc_hd__clkbuf_16)
                                                         clknet_1_1__leaf_clk (net)
                      0.091135    0.001127    0.582305 ^ _159_/CLK (sky130_fd_sc_hd__dfxtp_1)
     2    0.006292    0.075367    0.610193    1.192498 v _159_/Q (sky130_fd_sc_hd__dfxtp_1)
                                                         net9 (net)
                      0.075367    0.000171    1.192669 v output9/A (sky130_fd_sc_hd__buf_2)
     1    0.034401    0.166408    0.347460    1.540130 v output9/X (sky130_fd_sc_hd__buf_2)
                                                         adc_out[6] (net)
                      0.166409    0.000657    1.540787 v adc_out[6] (out)
                                              1.540787   data arrival time

                                  0.000000    0.000000   clock clk (rise edge)
                                  0.000000    0.000000   clock network delay (propagated)
                                  0.250000    0.250000   clock uncertainty
                                  0.000000    0.250000   clock reconvergence pessimism
                                -10.000000   -9.750000   output external delay
                                             -9.750000   data required time
---------------------------------------------------------------------------------------------
                                             -9.750000   data required time
                                             -1.540787   data arrival time
---------------------------------------------------------------------------------------------
                                             11.290788   slack (MET)


Startpoint: _156_ (rising edge-triggered flip-flop clocked by clk)
Endpoint: adc_out[3] (output port clocked by clk)
Path Group: clk
Path Type: min

Fanout         Cap        Slew       Delay        Time   Description
---------------------------------------------------------------------------------------------
                                  0.000000    0.000000   clock clk (rise edge)
                                  0.000000    0.000000   clock source latency
     1    0.017250    0.130942    0.088565    0.088565 ^ clk (in)
                                                         clk (net)
                      0.130946    0.000000    0.088565 ^ clkbuf_0_clk/A (sky130_fd_sc_hd__clkbuf_16)
     2    0.018808    0.065939    0.247801    0.336366 ^ clkbuf_0_clk/X (sky130_fd_sc_hd__clkbuf_16)
                                                         clknet_0_clk (net)
                      0.065939    0.000320    0.336687 ^ clkbuf_1_1__f_clk/A (sky130_fd_sc_hd__clkbuf_16)
    12    0.037572    0.091122    0.244491    0.581178 ^ clkbuf_1_1__f_clk/X (sky130_fd_sc_hd__clkbuf_16)
                                                         clknet_1_1__leaf_clk (net)
                      0.091128    0.000863    0.582041 ^ _156_/CLK (sky130_fd_sc_hd__dfxtp_1)
     2    0.006997    0.080950    0.615047    1.197088 v _156_/Q (sky130_fd_sc_hd__dfxtp_1)
                                                         net6 (net)
                      0.080950    0.000265    1.197353 v output6/A (sky130_fd_sc_hd__buf_2)
     1    0.034072    0.165081    0.349030    1.546383 v output6/X (sky130_fd_sc_hd__buf_2)
                                                         adc_out[3] (net)
                      0.165081    0.000622    1.547005 v adc_out[3] (out)
                                              1.547005   data arrival time

                                  0.000000    0.000000   clock clk (rise edge)
                                  0.000000    0.000000   clock network delay (propagated)
                                  0.250000    0.250000   clock uncertainty
                                  0.000000    0.250000   clock reconvergence pessimism
                                -10.000000   -9.750000   output external delay
                                             -9.750000   data required time
---------------------------------------------------------------------------------------------
                                             -9.750000   data required time
                                             -1.547005   data arrival time
---------------------------------------------------------------------------------------------
                                             11.297006   slack (MET)


Startpoint: _153_ (rising edge-triggered flip-flop clocked by clk)
Endpoint: adc_out[0] (output port clocked by clk)
Path Group: clk
Path Type: min

Fanout         Cap        Slew       Delay        Time   Description
---------------------------------------------------------------------------------------------
                                  0.000000    0.000000   clock clk (rise edge)
                                  0.000000    0.000000   clock source latency
     1    0.017250    0.130942    0.088565    0.088565 ^ clk (in)
                                                         clk (net)
                      0.130946    0.000000    0.088565 ^ clkbuf_0_clk/A (sky130_fd_sc_hd__clkbuf_16)
     2    0.018808    0.065939    0.247801    0.336366 ^ clkbuf_0_clk/X (sky130_fd_sc_hd__clkbuf_16)
                                                         clknet_0_clk (net)
                      0.065939    0.000320    0.336687 ^ clkbuf_1_1__f_clk/A (sky130_fd_sc_hd__clkbuf_16)
    12    0.037572    0.091122    0.244491    0.581178 ^ clkbuf_1_1__f_clk/X (sky130_fd_sc_hd__clkbuf_16)
                                                         clknet_1_1__leaf_clk (net)
                      0.091128    0.000849    0.582027 ^ _153_/CLK (sky130_fd_sc_hd__dfxtp_1)
     2    0.007400    0.084150    0.617862    1.199889 v _153_/Q (sky130_fd_sc_hd__dfxtp_1)
                                                         net3 (net)
                      0.084150    0.000262    1.200151 v output3/A (sky130_fd_sc_hd__buf_2)
     1    0.035068    0.169107    0.353569    1.553720 v output3/X (sky130_fd_sc_hd__buf_2)
                                                         adc_out[0] (net)
                      0.169110    0.000903    1.554624 v adc_out[0] (out)
                                              1.554624   data arrival time

                                  0.000000    0.000000   clock clk (rise edge)
                                  0.000000    0.000000   clock network delay (propagated)
                                  0.250000    0.250000   clock uncertainty
                                  0.000000    0.250000   clock reconvergence pessimism
                                -10.000000   -9.750000   output external delay
                                             -9.750000   data required time
---------------------------------------------------------------------------------------------
                                             -9.750000   data required time
                                             -1.554624   data arrival time
---------------------------------------------------------------------------------------------
                                             11.304624   slack (MET)


Startpoint: _154_ (rising edge-triggered flip-flop clocked by clk)
Endpoint: adc_out[1] (output port clocked by clk)
Path Group: clk
Path Type: min

Fanout         Cap        Slew       Delay        Time   Description
---------------------------------------------------------------------------------------------
                                  0.000000    0.000000   clock clk (rise edge)
                                  0.000000    0.000000   clock source latency
     1    0.017250    0.130942    0.088565    0.088565 ^ clk (in)
                                                         clk (net)
                      0.130946    0.000000    0.088565 ^ clkbuf_0_clk/A (sky130_fd_sc_hd__clkbuf_16)
     2    0.018808    0.065939    0.247801    0.336366 ^ clkbuf_0_clk/X (sky130_fd_sc_hd__clkbuf_16)
                                                         clknet_0_clk (net)
                      0.065939    0.000320    0.336687 ^ clkbuf_1_1__f_clk/A (sky130_fd_sc_hd__clkbuf_16)
    12    0.037572    0.091122    0.244491    0.581178 ^ clkbuf_1_1__f_clk/X (sky130_fd_sc_hd__clkbuf_16)
                                                         clknet_1_1__leaf_clk (net)
                      0.091126    0.000765    0.581943 ^ _154_/CLK (sky130_fd_sc_hd__dfxtp_1)
     2    0.007730    0.086803    0.620124    1.202067 v _154_/Q (sky130_fd_sc_hd__dfxtp_1)
                                                         net4 (net)
                      0.086803    0.000302    1.202369 v output4/A (sky130_fd_sc_hd__buf_2)
     1    0.034754    0.167809    0.353980    1.556349 v output4/X (sky130_fd_sc_hd__buf_2)
                                                         adc_out[1] (net)
                      0.167809    0.000702    1.557051 v adc_out[1] (out)
                                              1.557051   data arrival time

                                  0.000000    0.000000   clock clk (rise edge)
                                  0.000000    0.000000   clock network delay (propagated)
                                  0.250000    0.250000   clock uncertainty
                                  0.000000    0.250000   clock reconvergence pessimism
                                -10.000000   -9.750000   output external delay
                                             -9.750000   data required time
---------------------------------------------------------------------------------------------
                                             -9.750000   data required time
                                             -1.557051   data arrival time
---------------------------------------------------------------------------------------------
                                             11.307052   slack (MET)


Startpoint: _160_ (rising edge-triggered flip-flop clocked by clk)
Endpoint: adc_out[7] (output port clocked by clk)
Path Group: clk
Path Type: min

Fanout         Cap        Slew       Delay        Time   Description
---------------------------------------------------------------------------------------------
                                  0.000000    0.000000   clock clk (rise edge)
                                  0.000000    0.000000   clock source latency
     1    0.017250    0.130942    0.088565    0.088565 ^ clk (in)
                                                         clk (net)
                      0.130946    0.000000    0.088565 ^ clkbuf_0_clk/A (sky130_fd_sc_hd__clkbuf_16)
     2    0.018808    0.065939    0.247801    0.336366 ^ clkbuf_0_clk/X (sky130_fd_sc_hd__clkbuf_16)
                                                         clknet_0_clk (net)
                      0.065939    0.000320    0.336687 ^ clkbuf_1_1__f_clk/A (sky130_fd_sc_hd__clkbuf_16)
    12    0.037572    0.091122    0.244491    0.581178 ^ clkbuf_1_1__f_clk/X (sky130_fd_sc_hd__clkbuf_16)
                                                         clknet_1_1__leaf_clk (net)
                      0.091123    0.000566    0.581744 ^ _160_/CLK (sky130_fd_sc_hd__dfxtp_1)
     2    0.008690    0.094537    0.626803    1.208547 v _160_/Q (sky130_fd_sc_hd__dfxtp_1)
                                                         net10 (net)
                      0.094537    0.000285    1.208832 v output10/A (sky130_fd_sc_hd__buf_2)
     1    0.035019    0.168907    0.358472    1.567305 v output10/X (sky130_fd_sc_hd__buf_2)
                                                         adc_out[7] (net)
                      0.168909    0.000826    1.568131 v adc_out[7] (out)
                                              1.568131   data arrival time

                                  0.000000    0.000000   clock clk (rise edge)
                                  0.000000    0.000000   clock network delay (propagated)
                                  0.250000    0.250000   clock uncertainty
                                  0.000000    0.250000   clock reconvergence pessimism
                                -10.000000   -9.750000   output external delay
                                             -9.750000   data required time
---------------------------------------------------------------------------------------------
                                             -9.750000   data required time
                                             -1.568131   data arrival time
---------------------------------------------------------------------------------------------
                                             11.318131   slack (MET)


Startpoint: _168_ (rising edge-triggered flip-flop clocked by clk)
Endpoint: dac_in[7] (output port clocked by clk)
Path Group: clk
Path Type: min

Fanout         Cap        Slew       Delay        Time   Description
---------------------------------------------------------------------------------------------
                                  0.000000    0.000000   clock clk (rise edge)
                                  0.000000    0.000000   clock source latency
     1    0.017250    0.130942    0.088565    0.088565 ^ clk (in)
                                                         clk (net)
                      0.130946    0.000000    0.088565 ^ clkbuf_0_clk/A (sky130_fd_sc_hd__clkbuf_16)
     2    0.018808    0.065939    0.247801    0.336366 ^ clkbuf_0_clk/X (sky130_fd_sc_hd__clkbuf_16)
                                                         clknet_0_clk (net)
                      0.065939    0.000361    0.336727 ^ clkbuf_1_0__f_clk/A (sky130_fd_sc_hd__clkbuf_16)
    10    0.038423    0.092411    0.245562    0.582289 ^ clkbuf_1_0__f_clk/X (sky130_fd_sc_hd__clkbuf_16)
                                                         clknet_1_0__leaf_clk (net)
                      0.092413    0.000620    0.582910 ^ _168_/CLK (sky130_fd_sc_hd__dfxtp_1)
     3    0.013382    0.130988    0.659774    1.242683 v _168_/Q (sky130_fd_sc_hd__dfxtp_1)
                                                         net19 (net)
                      0.130988    0.000161    1.242844 v output19/A (sky130_fd_sc_hd__buf_2)
     1    0.034784    0.168044    0.375250    1.618094 v output19/X (sky130_fd_sc_hd__buf_2)
                                                         dac_in[7] (net)
                      0.168047    0.000895    1.618989 v dac_in[7] (out)
                                              1.618989   data arrival time

                                  0.000000    0.000000   clock clk (rise edge)
                                  0.000000    0.000000   clock network delay (propagated)
                                  0.250000    0.250000   clock uncertainty
                                  0.000000    0.250000   clock reconvergence pessimism
                                -10.000000   -9.750000   output external delay
                                             -9.750000   data required time
---------------------------------------------------------------------------------------------
                                             -9.750000   data required time
                                             -1.618989   data arrival time
---------------------------------------------------------------------------------------------
                                             11.368990   slack (MET)


Startpoint: _166_ (rising edge-triggered flip-flop clocked by clk)
Endpoint: dac_in[5] (output port clocked by clk)
Path Group: clk
Path Type: min

Fanout         Cap        Slew       Delay        Time   Description
---------------------------------------------------------------------------------------------
                                  0.000000    0.000000   clock clk (rise edge)
                                  0.000000    0.000000   clock source latency
     1    0.017250    0.130942    0.088565    0.088565 ^ clk (in)
                                                         clk (net)
                      0.130946    0.000000    0.088565 ^ clkbuf_0_clk/A (sky130_fd_sc_hd__clkbuf_16)
     2    0.018808    0.065939    0.247801    0.336366 ^ clkbuf_0_clk/X (sky130_fd_sc_hd__clkbuf_16)
                                                         clknet_0_clk (net)
                      0.065939    0.000320    0.336687 ^ clkbuf_1_1__f_clk/A (sky130_fd_sc_hd__clkbuf_16)
    12    0.037572    0.091122    0.244491    0.581178 ^ clkbuf_1_1__f_clk/X (sky130_fd_sc_hd__clkbuf_16)
                                                         clknet_1_1__leaf_clk (net)
                      0.091124    0.000667    0.581845 ^ _166_/CLK (sky130_fd_sc_hd__dfxtp_1)
     3    0.020518    0.190863    0.704071    1.285916 v _166_/Q (sky130_fd_sc_hd__dfxtp_1)
                                                         net17 (net)
                      0.190863    0.000515    1.286431 v output17/A (sky130_fd_sc_hd__buf_2)
     1    0.034545    0.167162    0.403396    1.689827 v output17/X (sky130_fd_sc_hd__buf_2)
                                                         dac_in[5] (net)
                      0.167164    0.000838    1.690666 v dac_in[5] (out)
                                              1.690666   data arrival time

                                  0.000000    0.000000   clock clk (rise edge)
                                  0.000000    0.000000   clock network delay (propagated)
                                  0.250000    0.250000   clock uncertainty
                                  0.000000    0.250000   clock reconvergence pessimism
                                -10.000000   -9.750000   output external delay
                                             -9.750000   data required time
---------------------------------------------------------------------------------------------
                                             -9.750000   data required time
                                             -1.690666   data arrival time
---------------------------------------------------------------------------------------------
                                             11.440665   slack (MET)


Startpoint: _165_ (rising edge-triggered flip-flop clocked by clk)
Endpoint: dac_in[4] (output port clocked by clk)
Path Group: clk
Path Type: min

Fanout         Cap        Slew       Delay        Time   Description
---------------------------------------------------------------------------------------------
                                  0.000000    0.000000   clock clk (rise edge)
                                  0.000000    0.000000   clock source latency
     1    0.017250    0.130942    0.088565    0.088565 ^ clk (in)
                                                         clk (net)
                      0.130946    0.000000    0.088565 ^ clkbuf_0_clk/A (sky130_fd_sc_hd__clkbuf_16)
     2    0.018808    0.065939    0.247801    0.336366 ^ clkbuf_0_clk/X (sky130_fd_sc_hd__clkbuf_16)
                                                         clknet_0_clk (net)
                      0.065939    0.000320    0.336687 ^ clkbuf_1_1__f_clk/A (sky130_fd_sc_hd__clkbuf_16)
    12    0.037572    0.091122    0.244491    0.581178 ^ clkbuf_1_1__f_clk/X (sky130_fd_sc_hd__clkbuf_16)
                                                         clknet_1_1__leaf_clk (net)
                      0.091122    0.000403    0.581582 ^ _165_/CLK (sky130_fd_sc_hd__dfxtp_1)
     3    0.020723    0.192640    0.705199    1.286781 v _165_/Q (sky130_fd_sc_hd__dfxtp_1)
                                                         net16 (net)
                      0.192644    0.001101    1.287882 v output16/A (sky130_fd_sc_hd__buf_2)
     1    0.034545    0.167165    0.404255    1.692137 v output16/X (sky130_fd_sc_hd__buf_2)
                                                         dac_in[4] (net)
                      0.167166    0.000838    1.692976 v dac_in[4] (out)
                                              1.692976   data arrival time

                                  0.000000    0.000000   clock clk (rise edge)
                                  0.000000    0.000000   clock network delay (propagated)
                                  0.250000    0.250000   clock uncertainty
                                  0.000000    0.250000   clock reconvergence pessimism
                                -10.000000   -9.750000   output external delay
                                             -9.750000   data required time
---------------------------------------------------------------------------------------------
                                             -9.750000   data required time
                                             -1.692976   data arrival time
---------------------------------------------------------------------------------------------
                                             11.442976   slack (MET)


Startpoint: _162_ (rising edge-triggered flip-flop clocked by clk)
Endpoint: dac_in[1] (output port clocked by clk)
Path Group: clk
Path Type: min

Fanout         Cap        Slew       Delay        Time   Description
---------------------------------------------------------------------------------------------
                                  0.000000    0.000000   clock clk (rise edge)
                                  0.000000    0.000000   clock source latency
     1    0.017250    0.130942    0.088565    0.088565 ^ clk (in)
                                                         clk (net)
                      0.130946    0.000000    0.088565 ^ clkbuf_0_clk/A (sky130_fd_sc_hd__clkbuf_16)
     2    0.018808    0.065939    0.247801    0.336366 ^ clkbuf_0_clk/X (sky130_fd_sc_hd__clkbuf_16)
                                                         clknet_0_clk (net)
                      0.065939    0.000320    0.336687 ^ clkbuf_1_1__f_clk/A (sky130_fd_sc_hd__clkbuf_16)
    12    0.037572    0.091122    0.244491    0.581178 ^ clkbuf_1_1__f_clk/X (sky130_fd_sc_hd__clkbuf_16)
                                                         clknet_1_1__leaf_clk (net)
                      0.091127    0.000786    0.581964 ^ _162_/CLK (sky130_fd_sc_hd__dfxtp_1)
     3    0.021101    0.195875    0.707422    1.289386 v _162_/Q (sky130_fd_sc_hd__dfxtp_1)
                                                         net13 (net)
                      0.195881    0.001301    1.290687 v output13/A (sky130_fd_sc_hd__buf_2)
     1    0.034545    0.167169    0.405816    1.696504 v output13/X (sky130_fd_sc_hd__buf_2)
                                                         dac_in[1] (net)
                      0.167171    0.000838    1.697342 v dac_in[1] (out)
                                              1.697342   data arrival time

                                  0.000000    0.000000   clock clk (rise edge)
                                  0.000000    0.000000   clock network delay (propagated)
                                  0.250000    0.250000   clock uncertainty
                                  0.000000    0.250000   clock reconvergence pessimism
                                -10.000000   -9.750000   output external delay
                                             -9.750000   data required time
---------------------------------------------------------------------------------------------
                                             -9.750000   data required time
                                             -1.697342   data arrival time
---------------------------------------------------------------------------------------------
                                             11.447342   slack (MET)


Startpoint: _167_ (rising edge-triggered flip-flop clocked by clk)
Endpoint: dac_in[6] (output port clocked by clk)
Path Group: clk
Path Type: min

Fanout         Cap        Slew       Delay        Time   Description
---------------------------------------------------------------------------------------------
                                  0.000000    0.000000   clock clk (rise edge)
                                  0.000000    0.000000   clock source latency
     1    0.017250    0.130942    0.088565    0.088565 ^ clk (in)
                                                         clk (net)
                      0.130946    0.000000    0.088565 ^ clkbuf_0_clk/A (sky130_fd_sc_hd__clkbuf_16)
     2    0.018808    0.065939    0.247801    0.336366 ^ clkbuf_0_clk/X (sky130_fd_sc_hd__clkbuf_16)
                                                         clknet_0_clk (net)
                      0.065939    0.000361    0.336727 ^ clkbuf_1_0__f_clk/A (sky130_fd_sc_hd__clkbuf_16)
    10    0.038423    0.092411    0.245562    0.582289 ^ clkbuf_1_0__f_clk/X (sky130_fd_sc_hd__clkbuf_16)
                                                         clknet_1_0__leaf_clk (net)
                      0.092413    0.000663    0.582953 ^ _167_/CLK (sky130_fd_sc_hd__dfxtp_1)
     4    0.021836    0.202070    0.712632    1.295585 v _167_/Q (sky130_fd_sc_hd__dfxtp_1)
                                                         net18 (net)
                      0.202070    0.000486    1.296070 v output18/A (sky130_fd_sc_hd__buf_2)
     1    0.034545    0.167177    0.408801    1.704871 v output18/X (sky130_fd_sc_hd__buf_2)
                                                         dac_in[6] (net)
                      0.167179    0.000838    1.705709 v dac_in[6] (out)
                                              1.705709   data arrival time

                                  0.000000    0.000000   clock clk (rise edge)
                                  0.000000    0.000000   clock network delay (propagated)
                                  0.250000    0.250000   clock uncertainty
                                  0.000000    0.250000   clock reconvergence pessimism
                                -10.000000   -9.750000   output external delay
                                             -9.750000   data required time
---------------------------------------------------------------------------------------------
                                             -9.750000   data required time
                                             -1.705709   data arrival time
---------------------------------------------------------------------------------------------
                                             11.455709   slack (MET)


Startpoint: _164_ (rising edge-triggered flip-flop clocked by clk)
Endpoint: dac_in[3] (output port clocked by clk)
Path Group: clk
Path Type: min

Fanout         Cap        Slew       Delay        Time   Description
---------------------------------------------------------------------------------------------
                                  0.000000    0.000000   clock clk (rise edge)
                                  0.000000    0.000000   clock source latency
     1    0.017250    0.130942    0.088565    0.088565 ^ clk (in)
                                                         clk (net)
                      0.130946    0.000000    0.088565 ^ clkbuf_0_clk/A (sky130_fd_sc_hd__clkbuf_16)
     2    0.018808    0.065939    0.247801    0.336366 ^ clkbuf_0_clk/X (sky130_fd_sc_hd__clkbuf_16)
                                                         clknet_0_clk (net)
                      0.065939    0.000361    0.336727 ^ clkbuf_1_0__f_clk/A (sky130_fd_sc_hd__clkbuf_16)
    10    0.038423    0.092411    0.245562    0.582289 ^ clkbuf_1_0__f_clk/X (sky130_fd_sc_hd__clkbuf_16)
                                                         clknet_1_0__leaf_clk (net)
                      0.092440    0.001559    0.583848 ^ _164_/CLK (sky130_fd_sc_hd__dfxtp_1)
     3    0.025205    0.230608    0.733359    1.317207 v _164_/Q (sky130_fd_sc_hd__dfxtp_1)
                                                         net15 (net)
                      0.230608    0.000565    1.317772 v output15/A (sky130_fd_sc_hd__buf_2)
     1    0.034545    0.167240    0.422501    1.740273 v output15/X (sky130_fd_sc_hd__buf_2)
                                                         dac_in[3] (net)
                      0.167241    0.000838    1.741111 v dac_in[3] (out)
                                              1.741111   data arrival time

                                  0.000000    0.000000   clock clk (rise edge)
                                  0.000000    0.000000   clock network delay (propagated)
                                  0.250000    0.250000   clock uncertainty
                                  0.000000    0.250000   clock reconvergence pessimism
                                -10.000000   -9.750000   output external delay
                                             -9.750000   data required time
---------------------------------------------------------------------------------------------
                                             -9.750000   data required time
                                             -1.741111   data arrival time
---------------------------------------------------------------------------------------------
                                             11.491112   slack (MET)


Startpoint: _167_ (rising edge-triggered flip-flop clocked by clk)
Endpoint: dac_in_n[6] (output port clocked by clk)
Path Group: clk
Path Type: min

Fanout         Cap        Slew       Delay        Time   Description
---------------------------------------------------------------------------------------------
                                  0.000000    0.000000   clock clk (rise edge)
                                  0.000000    0.000000   clock source latency
     1    0.017250    0.130942    0.088565    0.088565 ^ clk (in)
                                                         clk (net)
                      0.130946    0.000000    0.088565 ^ clkbuf_0_clk/A (sky130_fd_sc_hd__clkbuf_16)
     2    0.018808    0.065939    0.247801    0.336366 ^ clkbuf_0_clk/X (sky130_fd_sc_hd__clkbuf_16)
                                                         clknet_0_clk (net)
                      0.065939    0.000361    0.336727 ^ clkbuf_1_0__f_clk/A (sky130_fd_sc_hd__clkbuf_16)
    10    0.038423    0.092411    0.245562    0.582289 ^ clkbuf_1_0__f_clk/X (sky130_fd_sc_hd__clkbuf_16)
                                                         clknet_1_0__leaf_clk (net)
                      0.092413    0.000663    0.582953 ^ _167_/CLK (sky130_fd_sc_hd__dfxtp_1)
     4    0.021836    0.202070    0.712632    1.295585 v _167_/Q (sky130_fd_sc_hd__dfxtp_1)
                                                         net18 (net)
                      0.202076    0.001329    1.296914 v _075_/A (sky130_fd_sc_hd__inv_2)
     1    0.002543    0.059841    0.110122    1.407037 ^ _075_/Y (sky130_fd_sc_hd__inv_2)
                                                         net26 (net)
                      0.059841    0.000072    1.407108 ^ output26/A (sky130_fd_sc_hd__buf_2)
     1    0.034572    0.274425    0.340331    1.747439 ^ output26/X (sky130_fd_sc_hd__buf_2)
                                                         dac_in_n[6] (net)
                      0.274425    0.000853    1.748292 ^ dac_in_n[6] (out)
                                              1.748292   data arrival time

                                  0.000000    0.000000   clock clk (rise edge)
                                  0.000000    0.000000   clock network delay (propagated)
                                  0.250000    0.250000   clock uncertainty
                                  0.000000    0.250000   clock reconvergence pessimism
                                -10.000000   -9.750000   output external delay
                                             -9.750000   data required time
---------------------------------------------------------------------------------------------
                                             -9.750000   data required time
                                             -1.748292   data arrival time
---------------------------------------------------------------------------------------------
                                             11.498292   slack (MET)


Startpoint: _162_ (rising edge-triggered flip-flop clocked by clk)
Endpoint: dac_in_n[1] (output port clocked by clk)
Path Group: clk
Path Type: min

Fanout         Cap        Slew       Delay        Time   Description
---------------------------------------------------------------------------------------------
                                  0.000000    0.000000   clock clk (rise edge)
                                  0.000000    0.000000   clock source latency
     1    0.017250    0.130942    0.088565    0.088565 ^ clk (in)
                                                         clk (net)
                      0.130946    0.000000    0.088565 ^ clkbuf_0_clk/A (sky130_fd_sc_hd__clkbuf_16)
     2    0.018808    0.065939    0.247801    0.336366 ^ clkbuf_0_clk/X (sky130_fd_sc_hd__clkbuf_16)
                                                         clknet_0_clk (net)
                      0.065939    0.000320    0.336687 ^ clkbuf_1_1__f_clk/A (sky130_fd_sc_hd__clkbuf_16)
    12    0.037572    0.091122    0.244491    0.581178 ^ clkbuf_1_1__f_clk/X (sky130_fd_sc_hd__clkbuf_16)
                                                         clknet_1_1__leaf_clk (net)
                      0.091127    0.000786    0.581964 ^ _162_/CLK (sky130_fd_sc_hd__dfxtp_1)
     3    0.021101    0.195875    0.707422    1.289386 v _162_/Q (sky130_fd_sc_hd__dfxtp_1)
                                                         net13 (net)
                      0.195876    0.000863    1.290249 v _080_/A (sky130_fd_sc_hd__inv_2)
     2    0.006285    0.080455    0.138367    1.428617 ^ _080_/Y (sky130_fd_sc_hd__inv_2)
                                                         net21 (net)
                      0.080455    0.000099    1.428716 ^ output21/A (sky130_fd_sc_hd__buf_2)
     1    0.034585    0.274553    0.349859    1.778575 ^ output21/X (sky130_fd_sc_hd__buf_2)
                                                         dac_in_n[1] (net)
                      0.274553    0.000853    1.779428 ^ dac_in_n[1] (out)
                                              1.779428   data arrival time

                                  0.000000    0.000000   clock clk (rise edge)
                                  0.000000    0.000000   clock network delay (propagated)
                                  0.250000    0.250000   clock uncertainty
                                  0.000000    0.250000   clock reconvergence pessimism
                                -10.000000   -9.750000   output external delay
                                             -9.750000   data required time
---------------------------------------------------------------------------------------------
                                             -9.750000   data required time
                                             -1.779428   data arrival time
---------------------------------------------------------------------------------------------
                                             11.529428   slack (MET)


Startpoint: _163_ (rising edge-triggered flip-flop clocked by clk)
Endpoint: dac_in[2] (output port clocked by clk)
Path Group: clk
Path Type: min

Fanout         Cap        Slew       Delay        Time   Description
---------------------------------------------------------------------------------------------
                                  0.000000    0.000000   clock clk (rise edge)
                                  0.000000    0.000000   clock source latency
     1    0.017250    0.130942    0.088565    0.088565 ^ clk (in)
                                                         clk (net)
                      0.130946    0.000000    0.088565 ^ clkbuf_0_clk/A (sky130_fd_sc_hd__clkbuf_16)
     2    0.018808    0.065939    0.247801    0.336366 ^ clkbuf_0_clk/X (sky130_fd_sc_hd__clkbuf_16)
                                                         clknet_0_clk (net)
                      0.065939    0.000361    0.336727 ^ clkbuf_1_0__f_clk/A (sky130_fd_sc_hd__clkbuf_16)
    10    0.038423    0.092411    0.245562    0.582289 ^ clkbuf_1_0__f_clk/X (sky130_fd_sc_hd__clkbuf_16)
                                                         clknet_1_0__leaf_clk (net)
                      0.092439    0.001529    0.583818 ^ _163_/CLK (sky130_fd_sc_hd__dfxtp_1)
     4    0.029492    0.266754    0.760323    1.344141 v _163_/Q (sky130_fd_sc_hd__dfxtp_1)
                                                         net14 (net)
                      0.266754    0.000387    1.344528 v output14/A (sky130_fd_sc_hd__buf_2)
     1    0.034842    0.168598    0.440538    1.785066 v output14/X (sky130_fd_sc_hd__buf_2)
                                                         dac_in[2] (net)
                      0.168600    0.000876    1.785942 v dac_in[2] (out)
                                              1.785942   data arrival time

                                  0.000000    0.000000   clock clk (rise edge)
                                  0.000000    0.000000   clock network delay (propagated)
                                  0.250000    0.250000   clock uncertainty
                                  0.000000    0.250000   clock reconvergence pessimism
                                -10.000000   -9.750000   output external delay
                                             -9.750000   data required time
---------------------------------------------------------------------------------------------
                                             -9.750000   data required time
                                             -1.785942   data arrival time
---------------------------------------------------------------------------------------------
                                             11.535942   slack (MET)


Startpoint: _168_ (rising edge-triggered flip-flop clocked by clk)
Endpoint: dac_in_n[7] (output port clocked by clk)
Path Group: clk
Path Type: min

Fanout         Cap        Slew       Delay        Time   Description
---------------------------------------------------------------------------------------------
                                  0.000000    0.000000   clock clk (rise edge)
                                  0.000000    0.000000   clock source latency
     1    0.017250    0.130942    0.088565    0.088565 ^ clk (in)
                                                         clk (net)
                      0.130946    0.000000    0.088565 ^ clkbuf_0_clk/A (sky130_fd_sc_hd__clkbuf_16)
     2    0.018808    0.065939    0.247801    0.336366 ^ clkbuf_0_clk/X (sky130_fd_sc_hd__clkbuf_16)
                                                         clknet_0_clk (net)
                      0.065939    0.000361    0.336727 ^ clkbuf_1_0__f_clk/A (sky130_fd_sc_hd__clkbuf_16)
    10    0.038423    0.092411    0.245562    0.582289 ^ clkbuf_1_0__f_clk/X (sky130_fd_sc_hd__clkbuf_16)
                                                         clknet_1_0__leaf_clk (net)
                      0.092413    0.000620    0.582910 ^ _168_/CLK (sky130_fd_sc_hd__dfxtp_1)
     3    0.013382    0.130988    0.659774    1.242683 v _168_/Q (sky130_fd_sc_hd__dfxtp_1)
                                                         net19 (net)
                      0.130988    0.000518    1.243201 v _074_/A (sky130_fd_sc_hd__inv_2)
     2    0.017317    0.136525    0.168608    1.411809 ^ _074_/Y (sky130_fd_sc_hd__inv_2)
                                                         net27 (net)
                      0.136526    0.000510    1.412319 ^ output27/A (sky130_fd_sc_hd__buf_2)
     1    0.034542    0.274338    0.375953    1.788273 ^ output27/X (sky130_fd_sc_hd__buf_2)
                                                         dac_in_n[7] (net)
                      0.274338    0.000825    1.789098 ^ dac_in_n[7] (out)
                                              1.789098   data arrival time

                                  0.000000    0.000000   clock clk (rise edge)
                                  0.000000    0.000000   clock network delay (propagated)
                                  0.250000    0.250000   clock uncertainty
                                  0.000000    0.250000   clock reconvergence pessimism
                                -10.000000   -9.750000   output external delay
                                             -9.750000   data required time
---------------------------------------------------------------------------------------------
                                             -9.750000   data required time
                                             -1.789098   data arrival time
---------------------------------------------------------------------------------------------
                                             11.539098   slack (MET)


Startpoint: _161_ (rising edge-triggered flip-flop clocked by clk)
Endpoint: dac_in[0] (output port clocked by clk)
Path Group: clk
Path Type: min

Fanout         Cap        Slew       Delay        Time   Description
---------------------------------------------------------------------------------------------
                                  0.000000    0.000000   clock clk (rise edge)
                                  0.000000    0.000000   clock source latency
     1    0.017250    0.130942    0.088565    0.088565 ^ clk (in)
                                                         clk (net)
                      0.130946    0.000000    0.088565 ^ clkbuf_0_clk/A (sky130_fd_sc_hd__clkbuf_16)
     2    0.018808    0.065939    0.247801    0.336366 ^ clkbuf_0_clk/X (sky130_fd_sc_hd__clkbuf_16)
                                                         clknet_0_clk (net)
                      0.065939    0.000361    0.336727 ^ clkbuf_1_0__f_clk/A (sky130_fd_sc_hd__clkbuf_16)
    10    0.038423    0.092411    0.245562    0.582289 ^ clkbuf_1_0__f_clk/X (sky130_fd_sc_hd__clkbuf_16)
                                                         clknet_1_0__leaf_clk (net)
                      0.092438    0.001505    0.583794 ^ _161_/CLK (sky130_fd_sc_hd__dfxtp_1)
     4    0.030026    0.271035    0.764284    1.348079 v _161_/Q (sky130_fd_sc_hd__dfxtp_1)
                                                         net12 (net)
                      0.271035    0.000416    1.348495 v output12/A (sky130_fd_sc_hd__buf_2)
     1    0.034825    0.168555    0.442511    1.791006 v output12/X (sky130_fd_sc_hd__buf_2)
                                                         dac_in[0] (net)
                      0.168557    0.000877    1.791883 v dac_in[0] (out)
                                              1.791883   data arrival time

                                  0.000000    0.000000   clock clk (rise edge)
                                  0.000000    0.000000   clock network delay (propagated)
                                  0.250000    0.250000   clock uncertainty
                                  0.000000    0.250000   clock reconvergence pessimism
                                -10.000000   -9.750000   output external delay
                                             -9.750000   data required time
---------------------------------------------------------------------------------------------
                                             -9.750000   data required time
                                             -1.791883   data arrival time
---------------------------------------------------------------------------------------------
                                             11.541883   slack (MET)


Startpoint: _165_ (rising edge-triggered flip-flop clocked by clk)
Endpoint: dac_in_n[4] (output port clocked by clk)
Path Group: clk
Path Type: min

Fanout         Cap        Slew       Delay        Time   Description
---------------------------------------------------------------------------------------------
                                  0.000000    0.000000   clock clk (rise edge)
                                  0.000000    0.000000   clock source latency
     1    0.017250    0.130942    0.088565    0.088565 ^ clk (in)
                                                         clk (net)
                      0.130946    0.000000    0.088565 ^ clkbuf_0_clk/A (sky130_fd_sc_hd__clkbuf_16)
     2    0.018808    0.065939    0.247801    0.336366 ^ clkbuf_0_clk/X (sky130_fd_sc_hd__clkbuf_16)
                                                         clknet_0_clk (net)
                      0.065939    0.000320    0.336687 ^ clkbuf_1_1__f_clk/A (sky130_fd_sc_hd__clkbuf_16)
    12    0.037572    0.091122    0.244491    0.581178 ^ clkbuf_1_1__f_clk/X (sky130_fd_sc_hd__clkbuf_16)
                                                         clknet_1_1__leaf_clk (net)
                      0.091122    0.000403    0.581582 ^ _165_/CLK (sky130_fd_sc_hd__dfxtp_1)
     3    0.020723    0.192640    0.705199    1.286781 v _165_/Q (sky130_fd_sc_hd__dfxtp_1)
                                                         net16 (net)
                      0.192640    0.000554    1.287334 v _077_/A (sky130_fd_sc_hd__inv_2)
     2    0.009677    0.097302    0.155584    1.442919 ^ _077_/Y (sky130_fd_sc_hd__inv_2)
                                                         net24 (net)
                      0.097302    0.000152    1.443071 ^ output24/A (sky130_fd_sc_hd__buf_2)
     1    0.034577    0.274524    0.357718    1.800788 ^ output24/X (sky130_fd_sc_hd__buf_2)
                                                         dac_in_n[4] (net)
                      0.274524    0.000853    1.801641 ^ dac_in_n[4] (out)
                                              1.801641   data arrival time

                                  0.000000    0.000000   clock clk (rise edge)
                                  0.000000    0.000000   clock network delay (propagated)
                                  0.250000    0.250000   clock uncertainty
                                  0.000000    0.250000   clock reconvergence pessimism
                                -10.000000   -9.750000   output external delay
                                             -9.750000   data required time
---------------------------------------------------------------------------------------------
                                             -9.750000   data required time
                                             -1.801641   data arrival time
---------------------------------------------------------------------------------------------
                                             11.551641   slack (MET)


Startpoint: _161_ (rising edge-triggered flip-flop clocked by clk)
Endpoint: dac_in_n[0] (output port clocked by clk)
Path Group: clk
Path Type: min

Fanout         Cap        Slew       Delay        Time   Description
---------------------------------------------------------------------------------------------
                                  0.000000    0.000000   clock clk (rise edge)
                                  0.000000    0.000000   clock source latency
     1    0.017250    0.130942    0.088565    0.088565 ^ clk (in)
                                                         clk (net)
                      0.130946    0.000000    0.088565 ^ clkbuf_0_clk/A (sky130_fd_sc_hd__clkbuf_16)
     2    0.018808    0.065939    0.247801    0.336366 ^ clkbuf_0_clk/X (sky130_fd_sc_hd__clkbuf_16)
                                                         clknet_0_clk (net)
                      0.065939    0.000361    0.336727 ^ clkbuf_1_0__f_clk/A (sky130_fd_sc_hd__clkbuf_16)
    10    0.038423    0.092411    0.245562    0.582289 ^ clkbuf_1_0__f_clk/X (sky130_fd_sc_hd__clkbuf_16)
                                                         clknet_1_0__leaf_clk (net)
                      0.092438    0.001505    0.583794 ^ _161_/CLK (sky130_fd_sc_hd__dfxtp_1)
     4    0.030026    0.271035    0.764284    1.348079 v _161_/Q (sky130_fd_sc_hd__dfxtp_1)
                                                         net12 (net)
                      0.271037    0.001168    1.349246 v _081_/A (sky130_fd_sc_hd__inv_2)
     1    0.001995    0.068360    0.120625    1.469871 ^ _081_/Y (sky130_fd_sc_hd__inv_2)
                                                         net20 (net)
                      0.068360    0.000055    1.469927 ^ output20/A (sky130_fd_sc_hd__buf_2)
     1    0.034585    0.274534    0.344304    1.814230 ^ output20/X (sky130_fd_sc_hd__buf_2)
                                                         dac_in_n[0] (net)
                      0.274534    0.000853    1.815083 ^ dac_in_n[0] (out)
                                              1.815083   data arrival time

                                  0.000000    0.000000   clock clk (rise edge)
                                  0.000000    0.000000   clock network delay (propagated)
                                  0.250000    0.250000   clock uncertainty
                                  0.000000    0.250000   clock reconvergence pessimism
                                -10.000000   -9.750000   output external delay
                                             -9.750000   data required time
---------------------------------------------------------------------------------------------
                                             -9.750000   data required time
                                             -1.815083   data arrival time
---------------------------------------------------------------------------------------------
                                             11.565084   slack (MET)


Startpoint: _163_ (rising edge-triggered flip-flop clocked by clk)
Endpoint: dac_in_n[2] (output port clocked by clk)
Path Group: clk
Path Type: min

Fanout         Cap        Slew       Delay        Time   Description
---------------------------------------------------------------------------------------------
                                  0.000000    0.000000   clock clk (rise edge)
                                  0.000000    0.000000   clock source latency
     1    0.017250    0.130942    0.088565    0.088565 ^ clk (in)
                                                         clk (net)
                      0.130946    0.000000    0.088565 ^ clkbuf_0_clk/A (sky130_fd_sc_hd__clkbuf_16)
     2    0.018808    0.065939    0.247801    0.336366 ^ clkbuf_0_clk/X (sky130_fd_sc_hd__clkbuf_16)
                                                         clknet_0_clk (net)
                      0.065939    0.000361    0.336727 ^ clkbuf_1_0__f_clk/A (sky130_fd_sc_hd__clkbuf_16)
    10    0.038423    0.092411    0.245562    0.582289 ^ clkbuf_1_0__f_clk/X (sky130_fd_sc_hd__clkbuf_16)
                                                         clknet_1_0__leaf_clk (net)
                      0.092439    0.001529    0.583818 ^ _163_/CLK (sky130_fd_sc_hd__dfxtp_1)
     4    0.029492    0.266754    0.760323    1.344141 v _163_/Q (sky130_fd_sc_hd__dfxtp_1)
                                                         net14 (net)
                      0.266769    0.002231    1.346372 v _079_/A (sky130_fd_sc_hd__inv_2)
     1    0.002491    0.070541    0.125027    1.471399 ^ _079_/Y (sky130_fd_sc_hd__inv_2)
                                                         net22 (net)
                      0.070541    0.000072    1.471471 ^ output22/A (sky130_fd_sc_hd__buf_2)
     1    0.034940    0.277187    0.347144    1.818614 ^ output22/X (sky130_fd_sc_hd__buf_2)
                                                         dac_in_n[2] (net)
                      0.277187    0.000919    1.819533 ^ dac_in_n[2] (out)
                                              1.819533   data arrival time

                                  0.000000    0.000000   clock clk (rise edge)
                                  0.000000    0.000000   clock network delay (propagated)
                                  0.250000    0.250000   clock uncertainty
                                  0.000000    0.250000   clock reconvergence pessimism
                                -10.000000   -9.750000   output external delay
                                             -9.750000   data required time
---------------------------------------------------------------------------------------------
                                             -9.750000   data required time
                                             -1.819533   data arrival time
---------------------------------------------------------------------------------------------
                                             11.569533   slack (MET)


Startpoint: _166_ (rising edge-triggered flip-flop clocked by clk)
Endpoint: dac_in_n[5] (output port clocked by clk)
Path Group: clk
Path Type: min

Fanout         Cap        Slew       Delay        Time   Description
---------------------------------------------------------------------------------------------
                                  0.000000    0.000000   clock clk (rise edge)
                                  0.000000    0.000000   clock source latency
     1    0.017250    0.130942    0.088565    0.088565 ^ clk (in)
                                                         clk (net)
                      0.130946    0.000000    0.088565 ^ clkbuf_0_clk/A (sky130_fd_sc_hd__clkbuf_16)
     2    0.018808    0.065939    0.247801    0.336366 ^ clkbuf_0_clk/X (sky130_fd_sc_hd__clkbuf_16)
                                                         clknet_0_clk (net)
                      0.065939    0.000320    0.336687 ^ clkbuf_1_1__f_clk/A (sky130_fd_sc_hd__clkbuf_16)
    12    0.037572    0.091122    0.244491    0.581178 ^ clkbuf_1_1__f_clk/X (sky130_fd_sc_hd__clkbuf_16)
                                                         clknet_1_1__leaf_clk (net)
                      0.091124    0.000667    0.581845 ^ _166_/CLK (sky130_fd_sc_hd__dfxtp_1)
     3    0.020518    0.190863    0.704071    1.285916 v _166_/Q (sky130_fd_sc_hd__dfxtp_1)
                                                         net17 (net)
                      0.190863    0.000615    1.286531 v _076_/A (sky130_fd_sc_hd__inv_2)
     2    0.013857    0.120660    0.177654    1.464184 ^ _076_/Y (sky130_fd_sc_hd__inv_2)
                                                         net25 (net)
                      0.120660    0.000296    1.464480 ^ output25/A (sky130_fd_sc_hd__buf_2)
     1    0.035420    0.280866    0.373035    1.837515 ^ output25/X (sky130_fd_sc_hd__buf_2)
                                                         dac_in_n[5] (net)
                      0.280866    0.001026    1.838541 ^ dac_in_n[5] (out)
                                              1.838541   data arrival time

                                  0.000000    0.000000   clock clk (rise edge)
                                  0.000000    0.000000   clock network delay (propagated)
                                  0.250000    0.250000   clock uncertainty
                                  0.000000    0.250000   clock reconvergence pessimism
                                -10.000000   -9.750000   output external delay
                                             -9.750000   data required time
---------------------------------------------------------------------------------------------
                                             -9.750000   data required time
                                             -1.838541   data arrival time
---------------------------------------------------------------------------------------------
                                             11.588541   slack (MET)


Startpoint: _164_ (rising edge-triggered flip-flop clocked by clk)
Endpoint: dac_in_n[3] (output port clocked by clk)
Path Group: clk
Path Type: min

Fanout         Cap        Slew       Delay        Time   Description
---------------------------------------------------------------------------------------------
                                  0.000000    0.000000   clock clk (rise edge)
                                  0.000000    0.000000   clock source latency
     1    0.017250    0.130942    0.088565    0.088565 ^ clk (in)
                                                         clk (net)
                      0.130946    0.000000    0.088565 ^ clkbuf_0_clk/A (sky130_fd_sc_hd__clkbuf_16)
     2    0.018808    0.065939    0.247801    0.336366 ^ clkbuf_0_clk/X (sky130_fd_sc_hd__clkbuf_16)
                                                         clknet_0_clk (net)
                      0.065939    0.000361    0.336727 ^ clkbuf_1_0__f_clk/A (sky130_fd_sc_hd__clkbuf_16)
    10    0.038423    0.092411    0.245562    0.582289 ^ clkbuf_1_0__f_clk/X (sky130_fd_sc_hd__clkbuf_16)
                                                         clknet_1_0__leaf_clk (net)
                      0.092440    0.001559    0.583848 ^ _164_/CLK (sky130_fd_sc_hd__dfxtp_1)
     3    0.025205    0.230608    0.733359    1.317207 v _164_/Q (sky130_fd_sc_hd__dfxtp_1)
                                                         net15 (net)
                      0.230626    0.002153    1.319360 v _078_/A (sky130_fd_sc_hd__inv_2)
     2    0.010413    0.107296    0.175462    1.494822 ^ _078_/Y (sky130_fd_sc_hd__inv_2)
                                                         net23 (net)
                      0.107296    0.000214    1.495036 ^ output23/A (sky130_fd_sc_hd__buf_2)
     1    0.034690    0.275389    0.363006    1.858041 ^ output23/X (sky130_fd_sc_hd__buf_2)
                                                         dac_in_n[3] (net)
                      0.275389    0.000859    1.858900 ^ dac_in_n[3] (out)
                                              1.858900   data arrival time

                                  0.000000    0.000000   clock clk (rise edge)
                                  0.000000    0.000000   clock network delay (propagated)
                                  0.250000    0.250000   clock uncertainty
                                  0.000000    0.250000   clock reconvergence pessimism
                                -10.000000   -9.750000   output external delay
                                             -9.750000   data required time
---------------------------------------------------------------------------------------------
                                             -9.750000   data required time
                                             -1.858900   data arrival time
---------------------------------------------------------------------------------------------
                                             11.608901   slack (MET)


Startpoint: _152_ (rising edge-triggered flip-flop clocked by clk')
Endpoint: comparator_clk (output port clocked by clk)
Path Group: clk
Path Type: min

Fanout         Cap        Slew       Delay        Time   Description
---------------------------------------------------------------------------------------------
                                 25.000000   25.000000   clock clk' (rise edge)
                                  0.000000   25.000000   clock source latency
     1    0.016364    0.073471    0.050745   25.050745 v clk (in)
                                                         clk (net)
                      0.073477    0.000000   25.050745 v clkbuf_0_clk/A (sky130_fd_sc_hd__clkbuf_16)
     2    0.017036    0.054600    0.255234   25.305979 v clkbuf_0_clk/X (sky130_fd_sc_hd__clkbuf_16)
                                                         clknet_0_clk (net)
                      0.054600    0.000290   25.306269 v clkbuf_1_1__f_clk/A (sky130_fd_sc_hd__clkbuf_16)
    12    0.035921    0.072464    0.268720   25.574987 v clkbuf_1_1__f_clk/X (sky130_fd_sc_hd__clkbuf_16)
                                                         clknet_1_1__leaf_clk (net)
                      0.072467    0.000599   25.575586 v _083__1/A (sky130_fd_sc_hd__inv_2)
     1    0.002202    0.032677    0.064468   25.640055 ^ _083__1/Y (sky130_fd_sc_hd__inv_2)
                                                         net35 (net)
                      0.032677    0.000062   25.640116 ^ _152_/CLK (sky130_fd_sc_hd__dfxtp_1)
     3    0.014077    0.136956    0.636813   26.276930 v _152_/Q (sky130_fd_sc_hd__dfxtp_1)
                                                         net11 (net)
                      0.136956    0.000410   26.277340 v output11/A (sky130_fd_sc_hd__buf_2)
     1    0.035357    0.170310    0.379988   26.657328 v output11/X (sky130_fd_sc_hd__buf_2)
                                                         comparator_clk (net)
                      0.170312    0.000862   26.658190 v comparator_clk (out)
                                             26.658190   data arrival time

                                  0.000000    0.000000   clock clk (rise edge)
                                  0.000000    0.000000   clock network delay (propagated)
                                  0.250000    0.250000   clock uncertainty
                                  0.000000    0.250000   clock reconvergence pessimism
                                -10.000000   -9.750000   output external delay
                                             -9.750000   data required time
---------------------------------------------------------------------------------------------
                                             -9.750000   data required time
                                            -26.658190   data arrival time
---------------------------------------------------------------------------------------------
                                             36.408188   slack (MET)



%OL_END_REPORT
%OL_CREATE_REPORT max.rpt

===========================================================================
report_checks -path_delay max (Setup)
============================================================================
======================= nom_ss_100C_1v60 Corner ===================================

Startpoint: _152_ (rising edge-triggered flip-flop clocked by clk')
Endpoint: comparator_clk (output port clocked by clk)
Path Group: clk
Path Type: max

Fanout         Cap        Slew       Delay        Time   Description
---------------------------------------------------------------------------------------------
                                 25.000000   25.000000   clock clk' (rise edge)
                                  0.000000   25.000000   clock source latency
     1    0.016364    0.073471    0.050745   25.050745 v clk (in)
                                                         clk (net)
                      0.073477    0.000000   25.050745 v clkbuf_0_clk/A (sky130_fd_sc_hd__clkbuf_16)
     2    0.017036    0.054600    0.255234   25.305979 v clkbuf_0_clk/X (sky130_fd_sc_hd__clkbuf_16)
                                                         clknet_0_clk (net)
                      0.054600    0.000290   25.306269 v clkbuf_1_1__f_clk/A (sky130_fd_sc_hd__clkbuf_16)
    12    0.035921    0.072464    0.268720   25.574987 v clkbuf_1_1__f_clk/X (sky130_fd_sc_hd__clkbuf_16)
                                                         clknet_1_1__leaf_clk (net)
                      0.072467    0.000599   25.575586 v _083__1/A (sky130_fd_sc_hd__inv_2)
     1    0.002202    0.032677    0.064468   25.640055 ^ _083__1/Y (sky130_fd_sc_hd__inv_2)
                                                         net35 (net)
                      0.032677    0.000062   25.640116 ^ _152_/CLK (sky130_fd_sc_hd__dfxtp_1)
     3    0.014508    0.228659    0.731397   26.371513 ^ _152_/Q (sky130_fd_sc_hd__dfxtp_1)
                                                         net11 (net)
                      0.228659    0.000423   26.371937 ^ output11/A (sky130_fd_sc_hd__buf_2)
     1    0.035357    0.280583    0.423073   26.795010 ^ output11/X (sky130_fd_sc_hd__buf_2)
                                                         comparator_clk (net)
                      0.280583    0.000862   26.795872 ^ comparator_clk (out)
                                             26.795872   data arrival time

                                 50.000000   50.000000   clock clk (rise edge)
                                  0.000000   50.000000   clock network delay (propagated)
                                 -0.250000   49.749996   clock uncertainty
                                  0.000000   49.749996   clock reconvergence pessimism
                                -10.000000   39.749996   output external delay
                                             39.749996   data required time
---------------------------------------------------------------------------------------------
                                             39.749996   data required time
                                            -26.795872   data arrival time
---------------------------------------------------------------------------------------------
                                             12.954125   slack (MET)


Startpoint: rst_n (input port clocked by clk)
Endpoint: _152_ (rising edge-triggered flip-flop clocked by clk')
Path Group: clk
Path Type: max

Fanout         Cap        Slew       Delay        Time   Description
---------------------------------------------------------------------------------------------
                                  0.000000    0.000000   clock clk (rise edge)
                                  0.000000    0.000000   clock network delay (propagated)
                                 10.000000   10.000000 v input external delay
     1    0.003346    0.020565    0.010962   10.010962 v rst_n (in)
                                                         rst_n (net)
                      0.020565    0.000000   10.010962 v input2/A (sky130_fd_sc_hd__buf_1)
     2    0.022687    0.261244    0.299444   10.310406 v input2/X (sky130_fd_sc_hd__buf_1)
                                                         net2 (net)
                      0.261328    0.001655   10.312060 v fanout34/A (sky130_fd_sc_hd__buf_2)
    10    0.037248    0.178338    0.445088   10.757150 v fanout34/X (sky130_fd_sc_hd__buf_2)
                                                         net34 (net)
                      0.178354    0.001783   10.758932 v _084_/B (sky130_fd_sc_hd__and2b_1)
     1    0.002002    0.059707    0.359294   11.118226 v _084_/X (sky130_fd_sc_hd__and2b_1)
                                                         _001_ (net)
                      0.059707    0.000039   11.118265 v _152_/D (sky130_fd_sc_hd__dfxtp_1)
                                             11.118265   data arrival time

                                 25.000000   25.000000   clock clk' (rise edge)
                                  0.000000   25.000000   clock source latency
     1    0.016364    0.073471    0.050745   25.050745 v clk (in)
                                                         clk (net)
                      0.073477    0.000000   25.050745 v clkbuf_0_clk/A (sky130_fd_sc_hd__clkbuf_16)
     2    0.017036    0.054600    0.255234   25.305979 v clkbuf_0_clk/X (sky130_fd_sc_hd__clkbuf_16)
                                                         clknet_0_clk (net)
                      0.054600    0.000290   25.306269 v clkbuf_1_1__f_clk/A (sky130_fd_sc_hd__clkbuf_16)
    12    0.035921    0.072464    0.268720   25.574987 v clkbuf_1_1__f_clk/X (sky130_fd_sc_hd__clkbuf_16)
                                                         clknet_1_1__leaf_clk (net)
                      0.072467    0.000599   25.575586 v _083__1/A (sky130_fd_sc_hd__inv_2)
     1    0.002202    0.032677    0.064468   25.640055 ^ _083__1/Y (sky130_fd_sc_hd__inv_2)
                                                         net35 (net)
                      0.032677    0.000062   25.640116 ^ _152_/CLK (sky130_fd_sc_hd__dfxtp_1)
                                 -0.250000   25.390118   clock uncertainty
                                  0.000000   25.390118   clock reconvergence pessimism
                                 -0.274753   25.115364   library setup time
                                             25.115364   data required time
---------------------------------------------------------------------------------------------
                                             25.115364   data required time
                                            -11.118265   data arrival time
---------------------------------------------------------------------------------------------
                                             13.997100   slack (MET)


Startpoint: _152_ (rising edge-triggered flip-flop clocked by clk')
Endpoint: _166_ (rising edge-triggered flip-flop clocked by clk)
Path Group: clk
Path Type: max

Fanout         Cap        Slew       Delay        Time   Description
---------------------------------------------------------------------------------------------
                                 25.000000   25.000000   clock clk' (rise edge)
                                  0.000000   25.000000   clock source latency
     1    0.016364    0.073471    0.050745   25.050745 v clk (in)
                                                         clk (net)
                      0.073477    0.000000   25.050745 v clkbuf_0_clk/A (sky130_fd_sc_hd__clkbuf_16)
     2    0.017036    0.054600    0.255234   25.305979 v clkbuf_0_clk/X (sky130_fd_sc_hd__clkbuf_16)
                                                         clknet_0_clk (net)
                      0.054600    0.000290   25.306269 v clkbuf_1_1__f_clk/A (sky130_fd_sc_hd__clkbuf_16)
    12    0.035921    0.072464    0.268720   25.574987 v clkbuf_1_1__f_clk/X (sky130_fd_sc_hd__clkbuf_16)
                                                         clknet_1_1__leaf_clk (net)
                      0.072467    0.000599   25.575586 v _083__1/A (sky130_fd_sc_hd__inv_2)
     1    0.002202    0.032677    0.064468   25.640055 ^ _083__1/Y (sky130_fd_sc_hd__inv_2)
                                                         net35 (net)
                      0.032677    0.000062   25.640116 ^ _152_/CLK (sky130_fd_sc_hd__dfxtp_1)
     3    0.014508    0.228659    0.731397   26.371513 ^ _152_/Q (sky130_fd_sc_hd__dfxtp_1)
                                                         net11 (net)
                      0.228659    0.000430   26.371944 ^ fanout28/A (sky130_fd_sc_hd__clkbuf_2)
    10    0.031789    0.274801    0.411303   26.783247 ^ fanout28/X (sky130_fd_sc_hd__clkbuf_2)
                                                         net28 (net)
                      0.274803    0.001227   26.784473 ^ _105_/A (sky130_fd_sc_hd__nand2_1)
     5    0.015396    0.268931    0.330605   27.115080 v _105_/Y (sky130_fd_sc_hd__nand2_1)
                                                         _061_ (net)
                      0.268931    0.000522   27.115601 v _135_/D (sky130_fd_sc_hd__or4_1)
     1    0.004506    0.205531    1.061180   28.176781 v _135_/X (sky130_fd_sc_hd__or4_1)
                                                         _036_ (net)
                      0.205531    0.000153   28.176933 v _137_/A2 (sky130_fd_sc_hd__a31oi_1)
     1    0.002715    0.193163    0.312767   28.489700 ^ _137_/Y (sky130_fd_sc_hd__a31oi_1)
                                                         _015_ (net)
                      0.193163    0.000087   28.489788 ^ _166_/D (sky130_fd_sc_hd__dfxtp_1)
                                             28.489788   data arrival time

                                 50.000000   50.000000   clock clk (rise edge)
                                  0.000000   50.000000   clock source latency
     1    0.017250    0.130942    0.088566   50.088566 ^ clk (in)
                                                         clk (net)
                      0.130946    0.000000   50.088566 ^ clkbuf_0_clk/A (sky130_fd_sc_hd__clkbuf_16)
     2    0.018808    0.065939    0.247802   50.336365 ^ clkbuf_0_clk/X (sky130_fd_sc_hd__clkbuf_16)
                                                         clknet_0_clk (net)
                      0.065939    0.000320   50.336685 ^ clkbuf_1_1__f_clk/A (sky130_fd_sc_hd__clkbuf_16)
    12    0.037572    0.091122    0.244491   50.581177 ^ clkbuf_1_1__f_clk/X (sky130_fd_sc_hd__clkbuf_16)
                                                         clknet_1_1__leaf_clk (net)
                      0.091124    0.000668   50.581844 ^ _166_/CLK (sky130_fd_sc_hd__dfxtp_1)
                                 -0.250000   50.331844   clock uncertainty
                                  0.000000   50.331844   clock reconvergence pessimism
                                 -0.156811   50.175034   library setup time
                                             50.175034   data required time
---------------------------------------------------------------------------------------------
                                             50.175034   data required time
                                            -28.489788   data arrival time
---------------------------------------------------------------------------------------------
                                             21.685246   slack (MET)


Startpoint: _152_ (rising edge-triggered flip-flop clocked by clk')
Endpoint: _163_ (rising edge-triggered flip-flop clocked by clk)
Path Group: clk
Path Type: max

Fanout         Cap        Slew       Delay        Time   Description
---------------------------------------------------------------------------------------------
                                 25.000000   25.000000   clock clk' (rise edge)
                                  0.000000   25.000000   clock source latency
     1    0.016364    0.073471    0.050745   25.050745 v clk (in)
                                                         clk (net)
                      0.073477    0.000000   25.050745 v clkbuf_0_clk/A (sky130_fd_sc_hd__clkbuf_16)
     2    0.017036    0.054600    0.255234   25.305979 v clkbuf_0_clk/X (sky130_fd_sc_hd__clkbuf_16)
                                                         clknet_0_clk (net)
                      0.054600    0.000290   25.306269 v clkbuf_1_1__f_clk/A (sky130_fd_sc_hd__clkbuf_16)
    12    0.035921    0.072464    0.268720   25.574987 v clkbuf_1_1__f_clk/X (sky130_fd_sc_hd__clkbuf_16)
                                                         clknet_1_1__leaf_clk (net)
                      0.072467    0.000599   25.575586 v _083__1/A (sky130_fd_sc_hd__inv_2)
     1    0.002202    0.032677    0.064468   25.640055 ^ _083__1/Y (sky130_fd_sc_hd__inv_2)
                                                         net35 (net)
                      0.032677    0.000062   25.640116 ^ _152_/CLK (sky130_fd_sc_hd__dfxtp_1)
     3    0.014508    0.228659    0.731397   26.371513 ^ _152_/Q (sky130_fd_sc_hd__dfxtp_1)
                                                         net11 (net)
                      0.228659    0.000430   26.371944 ^ fanout28/A (sky130_fd_sc_hd__clkbuf_2)
    10    0.031789    0.274801    0.411303   26.783247 ^ fanout28/X (sky130_fd_sc_hd__clkbuf_2)
                                                         net28 (net)
                      0.274803    0.001227   26.784473 ^ _105_/A (sky130_fd_sc_hd__nand2_1)
     5    0.015396    0.268931    0.330605   27.115080 v _105_/Y (sky130_fd_sc_hd__nand2_1)
                                                         _061_ (net)
                      0.268931    0.000661   27.115740 v _121_/A4 (sky130_fd_sc_hd__o41a_1)
     1    0.003654    0.121591    0.679096   27.794836 v _121_/X (sky130_fd_sc_hd__o41a_1)
                                                         _025_ (net)
                      0.121591    0.000114   27.794949 v _125_/A1 (sky130_fd_sc_hd__o31a_1)
     1    0.003283    0.089478    0.576435   28.371384 v _125_/X (sky130_fd_sc_hd__o31a_1)
                                                         _012_ (net)
                      0.089478    0.000108   28.371492 v _163_/D (sky130_fd_sc_hd__dfxtp_1)
                                             28.371492   data arrival time

                                 50.000000   50.000000   clock clk (rise edge)
                                  0.000000   50.000000   clock source latency
     1    0.017250    0.130942    0.088566   50.088566 ^ clk (in)
                                                         clk (net)
                      0.130946    0.000000   50.088566 ^ clkbuf_0_clk/A (sky130_fd_sc_hd__clkbuf_16)
     2    0.018808    0.065939    0.247802   50.336365 ^ clkbuf_0_clk/X (sky130_fd_sc_hd__clkbuf_16)
                                                         clknet_0_clk (net)
                      0.065939    0.000359   50.336723 ^ clkbuf_1_0__f_clk/A (sky130_fd_sc_hd__clkbuf_16)
    10    0.038423    0.092411    0.245564   50.582287 ^ clkbuf_1_0__f_clk/X (sky130_fd_sc_hd__clkbuf_16)
                                                         clknet_1_0__leaf_clk (net)
                      0.092439    0.001528   50.583817 ^ _163_/CLK (sky130_fd_sc_hd__dfxtp_1)
                                 -0.250000   50.333817   clock uncertainty
                                  0.000000   50.333817   clock reconvergence pessimism
                                 -0.271029   50.062786   library setup time
                                             50.062786   data required time
---------------------------------------------------------------------------------------------
                                             50.062786   data required time
                                            -28.371492   data arrival time
---------------------------------------------------------------------------------------------
                                             21.691294   slack (MET)


Startpoint: _152_ (rising edge-triggered flip-flop clocked by clk')
Endpoint: _162_ (rising edge-triggered flip-flop clocked by clk)
Path Group: clk
Path Type: max

Fanout         Cap        Slew       Delay        Time   Description
---------------------------------------------------------------------------------------------
                                 25.000000   25.000000   clock clk' (rise edge)
                                  0.000000   25.000000   clock source latency
     1    0.016364    0.073471    0.050745   25.050745 v clk (in)
                                                         clk (net)
                      0.073477    0.000000   25.050745 v clkbuf_0_clk/A (sky130_fd_sc_hd__clkbuf_16)
     2    0.017036    0.054600    0.255234   25.305979 v clkbuf_0_clk/X (sky130_fd_sc_hd__clkbuf_16)
                                                         clknet_0_clk (net)
                      0.054600    0.000290   25.306269 v clkbuf_1_1__f_clk/A (sky130_fd_sc_hd__clkbuf_16)
    12    0.035921    0.072464    0.268720   25.574987 v clkbuf_1_1__f_clk/X (sky130_fd_sc_hd__clkbuf_16)
                                                         clknet_1_1__leaf_clk (net)
                      0.072467    0.000599   25.575586 v _083__1/A (sky130_fd_sc_hd__inv_2)
     1    0.002202    0.032677    0.064468   25.640055 ^ _083__1/Y (sky130_fd_sc_hd__inv_2)
                                                         net35 (net)
                      0.032677    0.000062   25.640116 ^ _152_/CLK (sky130_fd_sc_hd__dfxtp_1)
     3    0.014508    0.228659    0.731397   26.371513 ^ _152_/Q (sky130_fd_sc_hd__dfxtp_1)
                                                         net11 (net)
                      0.228659    0.000430   26.371944 ^ fanout28/A (sky130_fd_sc_hd__clkbuf_2)
    10    0.031789    0.274801    0.411303   26.783247 ^ fanout28/X (sky130_fd_sc_hd__clkbuf_2)
                                                         net28 (net)
                      0.274803    0.001227   26.784473 ^ _105_/A (sky130_fd_sc_hd__nand2_1)
     5    0.015396    0.268931    0.330605   27.115080 v _105_/Y (sky130_fd_sc_hd__nand2_1)
                                                         _061_ (net)
                      0.268931    0.000446   27.115524 v _118_/D (sky130_fd_sc_hd__or4_1)
     1    0.004026    0.196304    1.048790   28.164314 v _118_/X (sky130_fd_sc_hd__or4_1)
                                                         _023_ (net)
                      0.196304    0.000096   28.164410 v _120_/A2 (sky130_fd_sc_hd__a31oi_1)
     1    0.002967    0.200767    0.315447   28.479858 ^ _120_/Y (sky130_fd_sc_hd__a31oi_1)
                                                         _011_ (net)
                      0.200767    0.000085   28.479942 ^ _162_/D (sky130_fd_sc_hd__dfxtp_1)
                                             28.479942   data arrival time

                                 50.000000   50.000000   clock clk (rise edge)
                                  0.000000   50.000000   clock source latency
     1    0.017250    0.130942    0.088566   50.088566 ^ clk (in)
                                                         clk (net)
                      0.130946    0.000000   50.088566 ^ clkbuf_0_clk/A (sky130_fd_sc_hd__clkbuf_16)
     2    0.018808    0.065939    0.247802   50.336365 ^ clkbuf_0_clk/X (sky130_fd_sc_hd__clkbuf_16)
                                                         clknet_0_clk (net)
                      0.065939    0.000320   50.336685 ^ clkbuf_1_1__f_clk/A (sky130_fd_sc_hd__clkbuf_16)
    12    0.037572    0.091122    0.244491   50.581177 ^ clkbuf_1_1__f_clk/X (sky130_fd_sc_hd__clkbuf_16)
                                                         clknet_1_1__leaf_clk (net)
                      0.091127    0.000785   50.581963 ^ _162_/CLK (sky130_fd_sc_hd__dfxtp_1)
                                 -0.250000   50.331959   clock uncertainty
                                  0.000000   50.331959   clock reconvergence pessimism
                                 -0.158787   50.173172   library setup time
                                             50.173172   data required time
---------------------------------------------------------------------------------------------
                                             50.173172   data required time
                                            -28.479942   data arrival time
---------------------------------------------------------------------------------------------
                                             21.693230   slack (MET)


Startpoint: _152_ (rising edge-triggered flip-flop clocked by clk')
Endpoint: _167_ (rising edge-triggered flip-flop clocked by clk)
Path Group: clk
Path Type: max

Fanout         Cap        Slew       Delay        Time   Description
---------------------------------------------------------------------------------------------
                                 25.000000   25.000000   clock clk' (rise edge)
                                  0.000000   25.000000   clock source latency
     1    0.016364    0.073471    0.050745   25.050745 v clk (in)
                                                         clk (net)
                      0.073477    0.000000   25.050745 v clkbuf_0_clk/A (sky130_fd_sc_hd__clkbuf_16)
     2    0.017036    0.054600    0.255234   25.305979 v clkbuf_0_clk/X (sky130_fd_sc_hd__clkbuf_16)
                                                         clknet_0_clk (net)
                      0.054600    0.000290   25.306269 v clkbuf_1_1__f_clk/A (sky130_fd_sc_hd__clkbuf_16)
    12    0.035921    0.072464    0.268720   25.574987 v clkbuf_1_1__f_clk/X (sky130_fd_sc_hd__clkbuf_16)
                                                         clknet_1_1__leaf_clk (net)
                      0.072467    0.000599   25.575586 v _083__1/A (sky130_fd_sc_hd__inv_2)
     1    0.002202    0.032677    0.064468   25.640055 ^ _083__1/Y (sky130_fd_sc_hd__inv_2)
                                                         net35 (net)
                      0.032677    0.000062   25.640116 ^ _152_/CLK (sky130_fd_sc_hd__dfxtp_1)
     3    0.014508    0.228659    0.731397   26.371513 ^ _152_/Q (sky130_fd_sc_hd__dfxtp_1)
                                                         net11 (net)
                      0.228659    0.000430   26.371944 ^ fanout28/A (sky130_fd_sc_hd__clkbuf_2)
    10    0.031789    0.274801    0.411303   26.783247 ^ fanout28/X (sky130_fd_sc_hd__clkbuf_2)
                                                         net28 (net)
                      0.274803    0.001227   26.784473 ^ _105_/A (sky130_fd_sc_hd__nand2_1)
     5    0.015396    0.268931    0.330605   27.115080 v _105_/Y (sky130_fd_sc_hd__nand2_1)
                                                         _061_ (net)
                      0.268931    0.000655   27.115734 v _138_/A4 (sky130_fd_sc_hd__o41a_1)
     1    0.002796    0.110598    0.664524   27.780258 v _138_/X (sky130_fd_sc_hd__o41a_1)
                                                         _038_ (net)
                      0.110598    0.000082   27.780340 v _141_/A1 (sky130_fd_sc_hd__o31a_1)
     1    0.001945    0.077993    0.553680   28.334021 v _141_/X (sky130_fd_sc_hd__o31a_1)
                                                         _016_ (net)
                      0.077993    0.000055   28.334076 v _167_/D (sky130_fd_sc_hd__dfxtp_1)
                                             28.334076   data arrival time

                                 50.000000   50.000000   clock clk (rise edge)
                                  0.000000   50.000000   clock source latency
     1    0.017250    0.130942    0.088566   50.088566 ^ clk (in)
                                                         clk (net)
                      0.130946    0.000000   50.088566 ^ clkbuf_0_clk/A (sky130_fd_sc_hd__clkbuf_16)
     2    0.018808    0.065939    0.247802   50.336365 ^ clkbuf_0_clk/X (sky130_fd_sc_hd__clkbuf_16)
                                                         clknet_0_clk (net)
                      0.065939    0.000359   50.336723 ^ clkbuf_1_0__f_clk/A (sky130_fd_sc_hd__clkbuf_16)
    10    0.038423    0.092411    0.245564   50.582287 ^ clkbuf_1_0__f_clk/X (sky130_fd_sc_hd__clkbuf_16)
                                                         clknet_1_0__leaf_clk (net)
                      0.092413    0.000664   50.582954 ^ _167_/CLK (sky130_fd_sc_hd__dfxtp_1)
                                 -0.250000   50.332951   clock uncertainty
                                  0.000000   50.332951   clock reconvergence pessimism
                                 -0.266263   50.066689   library setup time
                                             50.066689   data required time
---------------------------------------------------------------------------------------------
                                             50.066689   data required time
                                            -28.334076   data arrival time
---------------------------------------------------------------------------------------------
                                             21.732615   slack (MET)


Startpoint: _152_ (rising edge-triggered flip-flop clocked by clk')
Endpoint: _168_ (rising edge-triggered flip-flop clocked by clk)
Path Group: clk
Path Type: max

Fanout         Cap        Slew       Delay        Time   Description
---------------------------------------------------------------------------------------------
                                 25.000000   25.000000   clock clk' (rise edge)
                                  0.000000   25.000000   clock source latency
     1    0.016364    0.073471    0.050745   25.050745 v clk (in)
                                                         clk (net)
                      0.073477    0.000000   25.050745 v clkbuf_0_clk/A (sky130_fd_sc_hd__clkbuf_16)
     2    0.017036    0.054600    0.255234   25.305979 v clkbuf_0_clk/X (sky130_fd_sc_hd__clkbuf_16)
                                                         clknet_0_clk (net)
                      0.054600    0.000290   25.306269 v clkbuf_1_1__f_clk/A (sky130_fd_sc_hd__clkbuf_16)
    12    0.035921    0.072464    0.268720   25.574987 v clkbuf_1_1__f_clk/X (sky130_fd_sc_hd__clkbuf_16)
                                                         clknet_1_1__leaf_clk (net)
                      0.072467    0.000599   25.575586 v _083__1/A (sky130_fd_sc_hd__inv_2)
     1    0.002202    0.032677    0.064468   25.640055 ^ _083__1/Y (sky130_fd_sc_hd__inv_2)
                                                         net35 (net)
                      0.032677    0.000062   25.640116 ^ _152_/CLK (sky130_fd_sc_hd__dfxtp_1)
     3    0.014508    0.228659    0.731397   26.371513 ^ _152_/Q (sky130_fd_sc_hd__dfxtp_1)
                                                         net11 (net)
                      0.228659    0.000430   26.371944 ^ fanout28/A (sky130_fd_sc_hd__clkbuf_2)
    10    0.031789    0.274801    0.411303   26.783247 ^ fanout28/X (sky130_fd_sc_hd__clkbuf_2)
                                                         net28 (net)
                      0.274808    0.001783   26.785030 ^ _122_/C_N (sky130_fd_sc_hd__nor3b_2)
     5    0.017048    0.526031    0.614820   27.399851 ^ _122_/Y (sky130_fd_sc_hd__nor3b_2)
                                                         _026_ (net)
                      0.526033    0.000748   27.400599 ^ _142_/A1 (sky130_fd_sc_hd__a21oi_1)
     1    0.003585    0.157320    0.292955   27.693554 v _142_/Y (sky130_fd_sc_hd__a21oi_1)
                                                         _041_ (net)
                      0.157320    0.000117   27.693670 v _143_/B1 (sky130_fd_sc_hd__a211o_1)
     1    0.001897    0.076933    0.515009   28.208679 v _143_/X (sky130_fd_sc_hd__a211o_1)
                                                         _017_ (net)
                      0.076933    0.000053   28.208733 v _168_/D (sky130_fd_sc_hd__dfxtp_1)
                                             28.208733   data arrival time

                                 50.000000   50.000000   clock clk (rise edge)
                                  0.000000   50.000000   clock source latency
     1    0.017250    0.130942    0.088566   50.088566 ^ clk (in)
                                                         clk (net)
                      0.130946    0.000000   50.088566 ^ clkbuf_0_clk/A (sky130_fd_sc_hd__clkbuf_16)
     2    0.018808    0.065939    0.247802   50.336365 ^ clkbuf_0_clk/X (sky130_fd_sc_hd__clkbuf_16)
                                                         clknet_0_clk (net)
                      0.065939    0.000359   50.336723 ^ clkbuf_1_0__f_clk/A (sky130_fd_sc_hd__clkbuf_16)
    10    0.038423    0.092411    0.245564   50.582287 ^ clkbuf_1_0__f_clk/X (sky130_fd_sc_hd__clkbuf_16)
                                                         clknet_1_0__leaf_clk (net)
                      0.092413    0.000618   50.582905 ^ _168_/CLK (sky130_fd_sc_hd__dfxtp_1)
                                 -0.250000   50.332905   clock uncertainty
                                  0.000000   50.332905   clock reconvergence pessimism
                                 -0.265823   50.067081   library setup time
                                             50.067081   data required time
---------------------------------------------------------------------------------------------
                                             50.067081   data required time
                                            -28.208733   data arrival time
---------------------------------------------------------------------------------------------
                                             21.858349   slack (MET)


Startpoint: _152_ (rising edge-triggered flip-flop clocked by clk')
Endpoint: _165_ (rising edge-triggered flip-flop clocked by clk)
Path Group: clk
Path Type: max

Fanout         Cap        Slew       Delay        Time   Description
---------------------------------------------------------------------------------------------
                                 25.000000   25.000000   clock clk' (rise edge)
                                  0.000000   25.000000   clock source latency
     1    0.016364    0.073471    0.050745   25.050745 v clk (in)
                                                         clk (net)
                      0.073477    0.000000   25.050745 v clkbuf_0_clk/A (sky130_fd_sc_hd__clkbuf_16)
     2    0.017036    0.054600    0.255234   25.305979 v clkbuf_0_clk/X (sky130_fd_sc_hd__clkbuf_16)
                                                         clknet_0_clk (net)
                      0.054600    0.000290   25.306269 v clkbuf_1_1__f_clk/A (sky130_fd_sc_hd__clkbuf_16)
    12    0.035921    0.072464    0.268720   25.574987 v clkbuf_1_1__f_clk/X (sky130_fd_sc_hd__clkbuf_16)
                                                         clknet_1_1__leaf_clk (net)
                      0.072467    0.000599   25.575586 v _083__1/A (sky130_fd_sc_hd__inv_2)
     1    0.002202    0.032677    0.064468   25.640055 ^ _083__1/Y (sky130_fd_sc_hd__inv_2)
                                                         net35 (net)
                      0.032677    0.000062   25.640116 ^ _152_/CLK (sky130_fd_sc_hd__dfxtp_1)
     3    0.014508    0.228659    0.731397   26.371513 ^ _152_/Q (sky130_fd_sc_hd__dfxtp_1)
                                                         net11 (net)
                      0.228659    0.000430   26.371944 ^ fanout28/A (sky130_fd_sc_hd__clkbuf_2)
    10    0.031789    0.274801    0.411303   26.783247 ^ fanout28/X (sky130_fd_sc_hd__clkbuf_2)
                                                         net28 (net)
                      0.274804    0.001412   26.784658 ^ _107_/A (sky130_fd_sc_hd__nand3_1)
     3    0.007823    0.237845    0.301801   27.086460 v _107_/Y (sky130_fd_sc_hd__nand3_1)
                                                         _063_ (net)
                      0.237845    0.000137   27.086597 v _130_/B (sky130_fd_sc_hd__or3b_1)
     1    0.007394    0.184615    0.933138   28.019735 v _130_/X (sky130_fd_sc_hd__or3b_1)
                                                         _032_ (net)
                      0.184615    0.000277   28.020012 v _133_/A1 (sky130_fd_sc_hd__a31oi_1)
     1    0.003647    0.221440    0.282048   28.302061 ^ _133_/Y (sky130_fd_sc_hd__a31oi_1)
                                                         _014_ (net)
                      0.221440    0.000087   28.302147 ^ _165_/D (sky130_fd_sc_hd__dfxtp_1)
                                             28.302147   data arrival time

                                 50.000000   50.000000   clock clk (rise edge)
                                  0.000000   50.000000   clock source latency
     1    0.017250    0.130942    0.088566   50.088566 ^ clk (in)
                                                         clk (net)
                      0.130946    0.000000   50.088566 ^ clkbuf_0_clk/A (sky130_fd_sc_hd__clkbuf_16)
     2    0.018808    0.065939    0.247802   50.336365 ^ clkbuf_0_clk/X (sky130_fd_sc_hd__clkbuf_16)
                                                         clknet_0_clk (net)
                      0.065939    0.000320   50.336685 ^ clkbuf_1_1__f_clk/A (sky130_fd_sc_hd__clkbuf_16)
    12    0.037572    0.091122    0.244491   50.581177 ^ clkbuf_1_1__f_clk/X (sky130_fd_sc_hd__clkbuf_16)
                                                         clknet_1_1__leaf_clk (net)
                      0.091122    0.000405   50.581581 ^ _165_/CLK (sky130_fd_sc_hd__dfxtp_1)
                                 -0.250000   50.331581   clock uncertainty
                                  0.000000   50.331581   clock reconvergence pessimism
                                 -0.164162   50.167419   library setup time
                                             50.167419   data required time
---------------------------------------------------------------------------------------------
                                             50.167419   data required time
                                            -28.302147   data arrival time
---------------------------------------------------------------------------------------------
                                             21.865273   slack (MET)


Startpoint: _152_ (rising edge-triggered flip-flop clocked by clk')
Endpoint: _164_ (rising edge-triggered flip-flop clocked by clk)
Path Group: clk
Path Type: max

Fanout         Cap        Slew       Delay        Time   Description
---------------------------------------------------------------------------------------------
                                 25.000000   25.000000   clock clk' (rise edge)
                                  0.000000   25.000000   clock source latency
     1    0.016364    0.073471    0.050745   25.050745 v clk (in)
                                                         clk (net)
                      0.073477    0.000000   25.050745 v clkbuf_0_clk/A (sky130_fd_sc_hd__clkbuf_16)
     2    0.017036    0.054600    0.255234   25.305979 v clkbuf_0_clk/X (sky130_fd_sc_hd__clkbuf_16)
                                                         clknet_0_clk (net)
                      0.054600    0.000290   25.306269 v clkbuf_1_1__f_clk/A (sky130_fd_sc_hd__clkbuf_16)
    12    0.035921    0.072464    0.268720   25.574987 v clkbuf_1_1__f_clk/X (sky130_fd_sc_hd__clkbuf_16)
                                                         clknet_1_1__leaf_clk (net)
                      0.072467    0.000599   25.575586 v _083__1/A (sky130_fd_sc_hd__inv_2)
     1    0.002202    0.032677    0.064468   25.640055 ^ _083__1/Y (sky130_fd_sc_hd__inv_2)
                                                         net35 (net)
                      0.032677    0.000062   25.640116 ^ _152_/CLK (sky130_fd_sc_hd__dfxtp_1)
     3    0.014508    0.228659    0.731397   26.371513 ^ _152_/Q (sky130_fd_sc_hd__dfxtp_1)
                                                         net11 (net)
                      0.228659    0.000430   26.371944 ^ fanout28/A (sky130_fd_sc_hd__clkbuf_2)
    10    0.031789    0.274801    0.411303   26.783247 ^ fanout28/X (sky130_fd_sc_hd__clkbuf_2)
                                                         net28 (net)
                      0.274808    0.001783   26.785030 ^ _122_/C_N (sky130_fd_sc_hd__nor3b_2)
     5    0.017048    0.526031    0.614820   27.399851 ^ _122_/Y (sky130_fd_sc_hd__nor3b_2)
                                                         _026_ (net)
                      0.526033    0.000831   27.400682 ^ _126_/A2 (sky130_fd_sc_hd__a21oi_1)
     1    0.003242    0.131888    0.291921   27.692602 v _126_/Y (sky130_fd_sc_hd__a21oi_1)
                                                         _029_ (net)
                      0.131888    0.000073   27.692677 v _129_/A1 (sky130_fd_sc_hd__o21a_1)
     1    0.008085    0.111173    0.408201   28.100878 v _129_/X (sky130_fd_sc_hd__o21a_1)
                                                         _013_ (net)
                      0.111173    0.000339   28.101217 v _164_/D (sky130_fd_sc_hd__dfxtp_1)
                                             28.101217   data arrival time

                                 50.000000   50.000000   clock clk (rise edge)
                                  0.000000   50.000000   clock source latency
     1    0.017250    0.130942    0.088566   50.088566 ^ clk (in)
                                                         clk (net)
                      0.130946    0.000000   50.088566 ^ clkbuf_0_clk/A (sky130_fd_sc_hd__clkbuf_16)
     2    0.018808    0.065939    0.247802   50.336365 ^ clkbuf_0_clk/X (sky130_fd_sc_hd__clkbuf_16)
                                                         clknet_0_clk (net)
                      0.065939    0.000359   50.336723 ^ clkbuf_1_0__f_clk/A (sky130_fd_sc_hd__clkbuf_16)
    10    0.038423    0.092411    0.245564   50.582287 ^ clkbuf_1_0__f_clk/X (sky130_fd_sc_hd__clkbuf_16)
                                                         clknet_1_0__leaf_clk (net)
                      0.092440    0.001560   50.583847 ^ _164_/CLK (sky130_fd_sc_hd__dfxtp_1)
                                 -0.250000   50.333847   clock uncertainty
                                  0.000000   50.333847   clock reconvergence pessimism
                                 -0.280043   50.053802   library setup time
                                             50.053802   data required time
---------------------------------------------------------------------------------------------
                                             50.053802   data required time
                                            -28.101217   data arrival time
---------------------------------------------------------------------------------------------
                                             21.952587   slack (MET)


Startpoint: _152_ (rising edge-triggered flip-flop clocked by clk')
Endpoint: _161_ (rising edge-triggered flip-flop clocked by clk)
Path Group: clk
Path Type: max

Fanout         Cap        Slew       Delay        Time   Description
---------------------------------------------------------------------------------------------
                                 25.000000   25.000000   clock clk' (rise edge)
                                  0.000000   25.000000   clock source latency
     1    0.016364    0.073471    0.050745   25.050745 v clk (in)
                                                         clk (net)
                      0.073477    0.000000   25.050745 v clkbuf_0_clk/A (sky130_fd_sc_hd__clkbuf_16)
     2    0.017036    0.054600    0.255234   25.305979 v clkbuf_0_clk/X (sky130_fd_sc_hd__clkbuf_16)
                                                         clknet_0_clk (net)
                      0.054600    0.000290   25.306269 v clkbuf_1_1__f_clk/A (sky130_fd_sc_hd__clkbuf_16)
    12    0.035921    0.072464    0.268720   25.574987 v clkbuf_1_1__f_clk/X (sky130_fd_sc_hd__clkbuf_16)
                                                         clknet_1_1__leaf_clk (net)
                      0.072467    0.000599   25.575586 v _083__1/A (sky130_fd_sc_hd__inv_2)
     1    0.002202    0.032677    0.064468   25.640055 ^ _083__1/Y (sky130_fd_sc_hd__inv_2)
                                                         net35 (net)
                      0.032677    0.000062   25.640116 ^ _152_/CLK (sky130_fd_sc_hd__dfxtp_1)
     3    0.014508    0.228659    0.731397   26.371513 ^ _152_/Q (sky130_fd_sc_hd__dfxtp_1)
                                                         net11 (net)
                      0.228659    0.000430   26.371944 ^ fanout28/A (sky130_fd_sc_hd__clkbuf_2)
    10    0.031789    0.274801    0.411303   26.783247 ^ fanout28/X (sky130_fd_sc_hd__clkbuf_2)
                                                         net28 (net)
                      0.274807    0.001688   26.784935 ^ _109_/A (sky130_fd_sc_hd__nand4_1)
     4    0.009465    0.349812    0.386864   27.171799 v _109_/Y (sky130_fd_sc_hd__nand4_1)
                                                         _065_ (net)
                      0.349812    0.000203   27.172001 v _111_/A2 (sky130_fd_sc_hd__o21a_1)
     1    0.003038    0.067579    0.428278   27.600279 v _111_/X (sky130_fd_sc_hd__o21a_1)
                                                         _067_ (net)
                      0.067579    0.000091   27.600368 v _115_/A1 (sky130_fd_sc_hd__o21a_1)
     1    0.002205    0.059978    0.325292   27.925661 v _115_/X (sky130_fd_sc_hd__o21a_1)
                                                         _010_ (net)
                      0.059978    0.000046   27.925707 v _161_/D (sky130_fd_sc_hd__dfxtp_1)
                                             27.925707   data arrival time

                                 50.000000   50.000000   clock clk (rise edge)
                                  0.000000   50.000000   clock source latency
     1    0.017250    0.130942    0.088566   50.088566 ^ clk (in)
                                                         clk (net)
                      0.130946    0.000000   50.088566 ^ clkbuf_0_clk/A (sky130_fd_sc_hd__clkbuf_16)
     2    0.018808    0.065939    0.247802   50.336365 ^ clkbuf_0_clk/X (sky130_fd_sc_hd__clkbuf_16)
                                                         clknet_0_clk (net)
                      0.065939    0.000359   50.336723 ^ clkbuf_1_0__f_clk/A (sky130_fd_sc_hd__clkbuf_16)
    10    0.038423    0.092411    0.245564   50.582287 ^ clkbuf_1_0__f_clk/X (sky130_fd_sc_hd__clkbuf_16)
                                                         clknet_1_0__leaf_clk (net)
                      0.092438    0.001506   50.583794 ^ _161_/CLK (sky130_fd_sc_hd__dfxtp_1)
                                 -0.250000   50.333794   clock uncertainty
                                  0.000000   50.333794   clock reconvergence pessimism
                                 -0.258771   50.075020   library setup time
                                             50.075020   data required time
---------------------------------------------------------------------------------------------
                                             50.075020   data required time
                                            -27.925707   data arrival time
---------------------------------------------------------------------------------------------
                                             22.149315   slack (MET)


Startpoint: _152_ (rising edge-triggered flip-flop clocked by clk')
Endpoint: _172_ (rising edge-triggered flip-flop clocked by clk)
Path Group: clk
Path Type: max

Fanout         Cap        Slew       Delay        Time   Description
---------------------------------------------------------------------------------------------
                                 25.000000   25.000000   clock clk' (rise edge)
                                  0.000000   25.000000   clock source latency
     1    0.016364    0.073471    0.050745   25.050745 v clk (in)
                                                         clk (net)
                      0.073477    0.000000   25.050745 v clkbuf_0_clk/A (sky130_fd_sc_hd__clkbuf_16)
     2    0.017036    0.054600    0.255234   25.305979 v clkbuf_0_clk/X (sky130_fd_sc_hd__clkbuf_16)
                                                         clknet_0_clk (net)
                      0.054600    0.000290   25.306269 v clkbuf_1_1__f_clk/A (sky130_fd_sc_hd__clkbuf_16)
    12    0.035921    0.072464    0.268720   25.574987 v clkbuf_1_1__f_clk/X (sky130_fd_sc_hd__clkbuf_16)
                                                         clknet_1_1__leaf_clk (net)
                      0.072467    0.000599   25.575586 v _083__1/A (sky130_fd_sc_hd__inv_2)
     1    0.002202    0.032677    0.064468   25.640055 ^ _083__1/Y (sky130_fd_sc_hd__inv_2)
                                                         net35 (net)
                      0.032677    0.000062   25.640116 ^ _152_/CLK (sky130_fd_sc_hd__dfxtp_1)
     3    0.014508    0.228659    0.731397   26.371513 ^ _152_/Q (sky130_fd_sc_hd__dfxtp_1)
                                                         net11 (net)
                      0.228659    0.000430   26.371944 ^ fanout28/A (sky130_fd_sc_hd__clkbuf_2)
    10    0.031789    0.274801    0.411303   26.783247 ^ fanout28/X (sky130_fd_sc_hd__clkbuf_2)
                                                         net28 (net)
                      0.274807    0.001688   26.784935 ^ _109_/A (sky130_fd_sc_hd__nand4_1)
     4    0.009465    0.349812    0.386864   27.171799 v _109_/Y (sky130_fd_sc_hd__nand4_1)
                                                         _065_ (net)
                      0.349812    0.000171   27.171968 v _110_/B (sky130_fd_sc_hd__or2_1)
     1    0.002675    0.095814    0.571111   27.743080 v _110_/X (sky130_fd_sc_hd__or2_1)
                                                         _066_ (net)
                      0.095814    0.000076   27.743156 v _151_/A1 (sky130_fd_sc_hd__a21oi_1)
     1    0.003138    0.178937    0.219361   27.962517 ^ _151_/Y (sky130_fd_sc_hd__a21oi_1)
                                                         _021_ (net)
                      0.178937    0.000103   27.962620 ^ _172_/D (sky130_fd_sc_hd__dfxtp_1)
                                             27.962620   data arrival time

                                 50.000000   50.000000   clock clk (rise edge)
                                  0.000000   50.000000   clock source latency
     1    0.017250    0.130942    0.088566   50.088566 ^ clk (in)
                                                         clk (net)
                      0.130946    0.000000   50.088566 ^ clkbuf_0_clk/A (sky130_fd_sc_hd__clkbuf_16)
     2    0.018808    0.065939    0.247802   50.336365 ^ clkbuf_0_clk/X (sky130_fd_sc_hd__clkbuf_16)
                                                         clknet_0_clk (net)
                      0.065939    0.000359   50.336723 ^ clkbuf_1_0__f_clk/A (sky130_fd_sc_hd__clkbuf_16)
    10    0.038423    0.092411    0.245564   50.582287 ^ clkbuf_1_0__f_clk/X (sky130_fd_sc_hd__clkbuf_16)
                                                         clknet_1_0__leaf_clk (net)
                      0.092433    0.001389   50.583679 ^ _172_/CLK (sky130_fd_sc_hd__dfxtp_1)
                                 -0.250000   50.333675   clock uncertainty
                                  0.000000   50.333675   clock reconvergence pessimism
                                 -0.152891   50.180786   library setup time
                                             50.180786   data required time
---------------------------------------------------------------------------------------------
                                             50.180786   data required time
                                            -27.962620   data arrival time
---------------------------------------------------------------------------------------------
                                             22.218166   slack (MET)


Startpoint: _152_ (rising edge-triggered flip-flop clocked by clk')
Endpoint: _171_ (rising edge-triggered flip-flop clocked by clk)
Path Group: clk
Path Type: max

Fanout         Cap        Slew       Delay        Time   Description
---------------------------------------------------------------------------------------------
                                 25.000000   25.000000   clock clk' (rise edge)
                                  0.000000   25.000000   clock source latency
     1    0.016364    0.073471    0.050745   25.050745 v clk (in)
                                                         clk (net)
                      0.073477    0.000000   25.050745 v clkbuf_0_clk/A (sky130_fd_sc_hd__clkbuf_16)
     2    0.017036    0.054600    0.255234   25.305979 v clkbuf_0_clk/X (sky130_fd_sc_hd__clkbuf_16)
                                                         clknet_0_clk (net)
                      0.054600    0.000290   25.306269 v clkbuf_1_1__f_clk/A (sky130_fd_sc_hd__clkbuf_16)
    12    0.035921    0.072464    0.268720   25.574987 v clkbuf_1_1__f_clk/X (sky130_fd_sc_hd__clkbuf_16)
                                                         clknet_1_1__leaf_clk (net)
                      0.072467    0.000599   25.575586 v _083__1/A (sky130_fd_sc_hd__inv_2)
     1    0.002202    0.032677    0.064468   25.640055 ^ _083__1/Y (sky130_fd_sc_hd__inv_2)
                                                         net35 (net)
                      0.032677    0.000062   25.640116 ^ _152_/CLK (sky130_fd_sc_hd__dfxtp_1)
     3    0.014508    0.228659    0.731397   26.371513 ^ _152_/Q (sky130_fd_sc_hd__dfxtp_1)
                                                         net11 (net)
                      0.228659    0.000430   26.371944 ^ fanout28/A (sky130_fd_sc_hd__clkbuf_2)
    10    0.031789    0.274801    0.411303   26.783247 ^ fanout28/X (sky130_fd_sc_hd__clkbuf_2)
                                                         net28 (net)
                      0.274807    0.001688   26.784935 ^ _109_/A (sky130_fd_sc_hd__nand4_1)
     4    0.009465    0.349812    0.386864   27.171799 v _109_/Y (sky130_fd_sc_hd__nand4_1)
                                                         _065_ (net)
                      0.349812    0.000128   27.171926 v _149_/B (sky130_fd_sc_hd__and3_1)
     1    0.002141    0.065004    0.461927   27.633854 v _149_/X (sky130_fd_sc_hd__and3_1)
                                                         _020_ (net)
                      0.065004    0.000060   27.633913 v _171_/D (sky130_fd_sc_hd__dfxtp_2)
                                             27.633913   data arrival time

                                 50.000000   50.000000   clock clk (rise edge)
                                  0.000000   50.000000   clock source latency
     1    0.017250    0.130942    0.088566   50.088566 ^ clk (in)
                                                         clk (net)
                      0.130946    0.000000   50.088566 ^ clkbuf_0_clk/A (sky130_fd_sc_hd__clkbuf_16)
     2    0.018808    0.065939    0.247802   50.336365 ^ clkbuf_0_clk/X (sky130_fd_sc_hd__clkbuf_16)
                                                         clknet_0_clk (net)
                      0.065939    0.000359   50.336723 ^ clkbuf_1_0__f_clk/A (sky130_fd_sc_hd__clkbuf_16)
    10    0.038423    0.092411    0.245564   50.582287 ^ clkbuf_1_0__f_clk/X (sky130_fd_sc_hd__clkbuf_16)
                                                         clknet_1_0__leaf_clk (net)
                      0.092430    0.001307   50.583595 ^ _171_/CLK (sky130_fd_sc_hd__dfxtp_2)
                                 -0.250000   50.333595   clock uncertainty
                                  0.000000   50.333595   clock reconvergence pessimism
                                 -0.266235   50.067356   library setup time
                                             50.067356   data required time
---------------------------------------------------------------------------------------------
                                             50.067356   data required time
                                            -27.633913   data arrival time
---------------------------------------------------------------------------------------------
                                             22.433445   slack (MET)


Startpoint: _152_ (rising edge-triggered flip-flop clocked by clk')
Endpoint: _169_ (rising edge-triggered flip-flop clocked by clk)
Path Group: clk
Path Type: max

Fanout         Cap        Slew       Delay        Time   Description
---------------------------------------------------------------------------------------------
                                 25.000000   25.000000   clock clk' (rise edge)
                                  0.000000   25.000000   clock source latency
     1    0.016364    0.073471    0.050745   25.050745 v clk (in)
                                                         clk (net)
                      0.073477    0.000000   25.050745 v clkbuf_0_clk/A (sky130_fd_sc_hd__clkbuf_16)
     2    0.017036    0.054600    0.255234   25.305979 v clkbuf_0_clk/X (sky130_fd_sc_hd__clkbuf_16)
                                                         clknet_0_clk (net)
                      0.054600    0.000290   25.306269 v clkbuf_1_1__f_clk/A (sky130_fd_sc_hd__clkbuf_16)
    12    0.035921    0.072464    0.268720   25.574987 v clkbuf_1_1__f_clk/X (sky130_fd_sc_hd__clkbuf_16)
                                                         clknet_1_1__leaf_clk (net)
                      0.072467    0.000599   25.575586 v _083__1/A (sky130_fd_sc_hd__inv_2)
     1    0.002202    0.032677    0.064468   25.640055 ^ _083__1/Y (sky130_fd_sc_hd__inv_2)
                                                         net35 (net)
                      0.032677    0.000062   25.640116 ^ _152_/CLK (sky130_fd_sc_hd__dfxtp_1)
     3    0.014508    0.228659    0.731397   26.371513 ^ _152_/Q (sky130_fd_sc_hd__dfxtp_1)
                                                         net11 (net)
                      0.228659    0.000430   26.371944 ^ fanout28/A (sky130_fd_sc_hd__clkbuf_2)
    10    0.031789    0.274801    0.411303   26.783247 ^ fanout28/X (sky130_fd_sc_hd__clkbuf_2)
                                                         net28 (net)
                      0.274803    0.001227   26.784473 ^ _105_/A (sky130_fd_sc_hd__nand2_1)
     5    0.015396    0.268931    0.330605   27.115080 v _105_/Y (sky130_fd_sc_hd__nand2_1)
                                                         _061_ (net)
                      0.268931    0.000329   27.115408 v _145_/B (sky130_fd_sc_hd__and3_1)
     1    0.001988    0.063837    0.418732   27.534140 v _145_/X (sky130_fd_sc_hd__and3_1)
                                                         _018_ (net)
                      0.063837    0.000057   27.534197 v _169_/D (sky130_fd_sc_hd__dfxtp_1)
                                             27.534197   data arrival time

                                 50.000000   50.000000   clock clk (rise edge)
                                  0.000000   50.000000   clock source latency
     1    0.017250    0.130942    0.088566   50.088566 ^ clk (in)
                                                         clk (net)
                      0.130946    0.000000   50.088566 ^ clkbuf_0_clk/A (sky130_fd_sc_hd__clkbuf_16)
     2    0.018808    0.065939    0.247802   50.336365 ^ clkbuf_0_clk/X (sky130_fd_sc_hd__clkbuf_16)
                                                         clknet_0_clk (net)
                      0.065939    0.000359   50.336723 ^ clkbuf_1_0__f_clk/A (sky130_fd_sc_hd__clkbuf_16)
    10    0.038423    0.092411    0.245564   50.582287 ^ clkbuf_1_0__f_clk/X (sky130_fd_sc_hd__clkbuf_16)
                                                         clknet_1_0__leaf_clk (net)
                      0.092417    0.000863   50.583153 ^ _169_/CLK (sky130_fd_sc_hd__dfxtp_1)
                                 -0.250000   50.333149   clock uncertainty
                                  0.000000   50.333149   clock reconvergence pessimism
                                 -0.260380   50.072769   library setup time
                                             50.072769   data required time
---------------------------------------------------------------------------------------------
                                             50.072769   data required time
                                            -27.534197   data arrival time
---------------------------------------------------------------------------------------------
                                             22.538572   slack (MET)


Startpoint: _152_ (rising edge-triggered flip-flop clocked by clk')
Endpoint: _170_ (rising edge-triggered flip-flop clocked by clk)
Path Group: clk
Path Type: max

Fanout         Cap        Slew       Delay        Time   Description
---------------------------------------------------------------------------------------------
                                 25.000000   25.000000   clock clk' (rise edge)
                                  0.000000   25.000000   clock source latency
     1    0.016364    0.073471    0.050745   25.050745 v clk (in)
                                                         clk (net)
                      0.073477    0.000000   25.050745 v clkbuf_0_clk/A (sky130_fd_sc_hd__clkbuf_16)
     2    0.017036    0.054600    0.255234   25.305979 v clkbuf_0_clk/X (sky130_fd_sc_hd__clkbuf_16)
                                                         clknet_0_clk (net)
                      0.054600    0.000290   25.306269 v clkbuf_1_1__f_clk/A (sky130_fd_sc_hd__clkbuf_16)
    12    0.035921    0.072464    0.268720   25.574987 v clkbuf_1_1__f_clk/X (sky130_fd_sc_hd__clkbuf_16)
                                                         clknet_1_1__leaf_clk (net)
                      0.072467    0.000599   25.575586 v _083__1/A (sky130_fd_sc_hd__inv_2)
     1    0.002202    0.032677    0.064468   25.640055 ^ _083__1/Y (sky130_fd_sc_hd__inv_2)
                                                         net35 (net)
                      0.032677    0.000062   25.640116 ^ _152_/CLK (sky130_fd_sc_hd__dfxtp_1)
     3    0.014508    0.228659    0.731397   26.371513 ^ _152_/Q (sky130_fd_sc_hd__dfxtp_1)
                                                         net11 (net)
                      0.228659    0.000430   26.371944 ^ fanout28/A (sky130_fd_sc_hd__clkbuf_2)
    10    0.031789    0.274801    0.411303   26.783247 ^ fanout28/X (sky130_fd_sc_hd__clkbuf_2)
                                                         net28 (net)
                      0.274804    0.001412   26.784658 ^ _107_/A (sky130_fd_sc_hd__nand3_1)
     3    0.007823    0.237845    0.301801   27.086460 v _107_/Y (sky130_fd_sc_hd__nand3_1)
                                                         _063_ (net)
                      0.237845    0.000167   27.086628 v _147_/B (sky130_fd_sc_hd__and3_1)
     1    0.002129    0.064786    0.404466   27.491093 v _147_/X (sky130_fd_sc_hd__and3_1)
                                                         _019_ (net)
                      0.064786    0.000044   27.491137 v _170_/D (sky130_fd_sc_hd__dfxtp_1)
                                             27.491137   data arrival time

                                 50.000000   50.000000   clock clk (rise edge)
                                  0.000000   50.000000   clock source latency
     1    0.017250    0.130942    0.088566   50.088566 ^ clk (in)
                                                         clk (net)
                      0.130946    0.000000   50.088566 ^ clkbuf_0_clk/A (sky130_fd_sc_hd__clkbuf_16)
     2    0.018808    0.065939    0.247802   50.336365 ^ clkbuf_0_clk/X (sky130_fd_sc_hd__clkbuf_16)
                                                         clknet_0_clk (net)
                      0.065939    0.000359   50.336723 ^ clkbuf_1_0__f_clk/A (sky130_fd_sc_hd__clkbuf_16)
    10    0.038423    0.092411    0.245564   50.582287 ^ clkbuf_1_0__f_clk/X (sky130_fd_sc_hd__clkbuf_16)
                                                         clknet_1_0__leaf_clk (net)
                      0.092419    0.000977   50.583263 ^ _170_/CLK (sky130_fd_sc_hd__dfxtp_1)
                                 -0.250000   50.333263   clock uncertainty
                                  0.000000   50.333263   clock reconvergence pessimism
                                 -0.260774   50.072491   library setup time
                                             50.072491   data required time
---------------------------------------------------------------------------------------------
                                             50.072491   data required time
                                            -27.491137   data arrival time
---------------------------------------------------------------------------------------------
                                             22.581354   slack (MET)


Startpoint: _161_ (rising edge-triggered flip-flop clocked by clk)
Endpoint: dac_in[0] (output port clocked by clk)
Path Group: clk
Path Type: max

Fanout         Cap        Slew       Delay        Time   Description
---------------------------------------------------------------------------------------------
                                  0.000000    0.000000   clock clk (rise edge)
                                  0.000000    0.000000   clock source latency
     1    0.017250    0.130942    0.088565    0.088565 ^ clk (in)
                                                         clk (net)
                      0.130946    0.000000    0.088565 ^ clkbuf_0_clk/A (sky130_fd_sc_hd__clkbuf_16)
     2    0.018808    0.065939    0.247801    0.336366 ^ clkbuf_0_clk/X (sky130_fd_sc_hd__clkbuf_16)
                                                         clknet_0_clk (net)
                      0.065939    0.000361    0.336727 ^ clkbuf_1_0__f_clk/A (sky130_fd_sc_hd__clkbuf_16)
    10    0.038423    0.092411    0.245562    0.582289 ^ clkbuf_1_0__f_clk/X (sky130_fd_sc_hd__clkbuf_16)
                                                         clknet_1_0__leaf_clk (net)
                      0.092438    0.001505    0.583794 ^ _161_/CLK (sky130_fd_sc_hd__dfxtp_1)
     4    0.030768    0.460868    0.924526    1.508321 ^ _161_/Q (sky130_fd_sc_hd__dfxtp_1)
                                                         net12 (net)
                      0.460868    0.000429    1.508749 ^ output12/A (sky130_fd_sc_hd__buf_2)
     1    0.034825    0.277693    0.510370    2.019119 ^ output12/X (sky130_fd_sc_hd__buf_2)
                                                         dac_in[0] (net)
                      0.277693    0.000878    2.019997 ^ dac_in[0] (out)
                                              2.019997   data arrival time

                                 50.000000   50.000000   clock clk (rise edge)
                                  0.000000   50.000000   clock network delay (propagated)
                                 -0.250000   49.749996   clock uncertainty
                                  0.000000   49.749996   clock reconvergence pessimism
                                -10.000000   39.749996   output external delay
                                             39.749996   data required time
---------------------------------------------------------------------------------------------
                                             39.749996   data required time
                                             -2.019997   data arrival time
---------------------------------------------------------------------------------------------
                                             37.730000   slack (MET)


Startpoint: _163_ (rising edge-triggered flip-flop clocked by clk)
Endpoint: dac_in[2] (output port clocked by clk)
Path Group: clk
Path Type: max

Fanout         Cap        Slew       Delay        Time   Description
---------------------------------------------------------------------------------------------
                                  0.000000    0.000000   clock clk (rise edge)
                                  0.000000    0.000000   clock source latency
     1    0.017250    0.130942    0.088565    0.088565 ^ clk (in)
                                                         clk (net)
                      0.130946    0.000000    0.088565 ^ clkbuf_0_clk/A (sky130_fd_sc_hd__clkbuf_16)
     2    0.018808    0.065939    0.247801    0.336366 ^ clkbuf_0_clk/X (sky130_fd_sc_hd__clkbuf_16)
                                                         clknet_0_clk (net)
                      0.065939    0.000361    0.336727 ^ clkbuf_1_0__f_clk/A (sky130_fd_sc_hd__clkbuf_16)
    10    0.038423    0.092411    0.245562    0.582289 ^ clkbuf_1_0__f_clk/X (sky130_fd_sc_hd__clkbuf_16)
                                                         clknet_1_0__leaf_clk (net)
                      0.092439    0.001529    0.583818 ^ _163_/CLK (sky130_fd_sc_hd__dfxtp_1)
     4    0.030242    0.453536    0.918553    1.502371 ^ _163_/Q (sky130_fd_sc_hd__dfxtp_1)
                                                         net14 (net)
                      0.453536    0.000398    1.502769 ^ output14/A (sky130_fd_sc_hd__buf_2)
     1    0.034842    0.277779    0.507612    2.010381 ^ output14/X (sky130_fd_sc_hd__buf_2)
                                                         dac_in[2] (net)
                      0.277779    0.000876    2.011257 ^ dac_in[2] (out)
                                              2.011257   data arrival time

                                 50.000000   50.000000   clock clk (rise edge)
                                  0.000000   50.000000   clock network delay (propagated)
                                 -0.250000   49.749996   clock uncertainty
                                  0.000000   49.749996   clock reconvergence pessimism
                                -10.000000   39.749996   output external delay
                                             39.749996   data required time
---------------------------------------------------------------------------------------------
                                             39.749996   data required time
                                             -2.011257   data arrival time
---------------------------------------------------------------------------------------------
                                             37.738739   slack (MET)


Startpoint: _164_ (rising edge-triggered flip-flop clocked by clk)
Endpoint: dac_in_n[3] (output port clocked by clk)
Path Group: clk
Path Type: max

Fanout         Cap        Slew       Delay        Time   Description
---------------------------------------------------------------------------------------------
                                  0.000000    0.000000   clock clk (rise edge)
                                  0.000000    0.000000   clock source latency
     1    0.017250    0.130942    0.088565    0.088565 ^ clk (in)
                                                         clk (net)
                      0.130946    0.000000    0.088565 ^ clkbuf_0_clk/A (sky130_fd_sc_hd__clkbuf_16)
     2    0.018808    0.065939    0.247801    0.336366 ^ clkbuf_0_clk/X (sky130_fd_sc_hd__clkbuf_16)
                                                         clknet_0_clk (net)
                      0.065939    0.000361    0.336727 ^ clkbuf_1_0__f_clk/A (sky130_fd_sc_hd__clkbuf_16)
    10    0.038423    0.092411    0.245562    0.582289 ^ clkbuf_1_0__f_clk/X (sky130_fd_sc_hd__clkbuf_16)
                                                         clknet_1_0__leaf_clk (net)
                      0.092440    0.001559    0.583848 ^ _164_/CLK (sky130_fd_sc_hd__dfxtp_1)
     3    0.025832    0.390503    0.873470    1.457318 ^ _164_/Q (sky130_fd_sc_hd__dfxtp_1)
                                                         net15 (net)
                      0.390509    0.002219    1.459537 ^ _078_/A (sky130_fd_sc_hd__inv_2)
     2    0.010026    0.099994    0.183455    1.642992 v _078_/Y (sky130_fd_sc_hd__inv_2)
                                                         net23 (net)
                      0.099994    0.000205    1.643197 v output23/A (sky130_fd_sc_hd__buf_2)
     1    0.034690    0.167622    0.360031    2.003228 v output23/X (sky130_fd_sc_hd__buf_2)
                                                         dac_in_n[3] (net)
                      0.167624    0.000859    2.004087 v dac_in_n[3] (out)
                                              2.004087   data arrival time

                                 50.000000   50.000000   clock clk (rise edge)
                                  0.000000   50.000000   clock network delay (propagated)
                                 -0.250000   49.749996   clock uncertainty
                                  0.000000   49.749996   clock reconvergence pessimism
                                -10.000000   39.749996   output external delay
                                             39.749996   data required time
---------------------------------------------------------------------------------------------
                                             39.749996   data required time
                                             -2.004087   data arrival time
---------------------------------------------------------------------------------------------
                                             37.745911   slack (MET)


Startpoint: _163_ (rising edge-triggered flip-flop clocked by clk)
Endpoint: dac_in_n[2] (output port clocked by clk)
Path Group: clk
Path Type: max

Fanout         Cap        Slew       Delay        Time   Description
---------------------------------------------------------------------------------------------
                                  0.000000    0.000000   clock clk (rise edge)
                                  0.000000    0.000000   clock source latency
     1    0.017250    0.130942    0.088565    0.088565 ^ clk (in)
                                                         clk (net)
                      0.130946    0.000000    0.088565 ^ clkbuf_0_clk/A (sky130_fd_sc_hd__clkbuf_16)
     2    0.018808    0.065939    0.247801    0.336366 ^ clkbuf_0_clk/X (sky130_fd_sc_hd__clkbuf_16)
                                                         clknet_0_clk (net)
                      0.065939    0.000361    0.336727 ^ clkbuf_1_0__f_clk/A (sky130_fd_sc_hd__clkbuf_16)
    10    0.038423    0.092411    0.245562    0.582289 ^ clkbuf_1_0__f_clk/X (sky130_fd_sc_hd__clkbuf_16)
                                                         clknet_1_0__leaf_clk (net)
                      0.092439    0.001529    0.583818 ^ _163_/CLK (sky130_fd_sc_hd__dfxtp_1)
     4    0.030242    0.453536    0.918553    1.502371 ^ _163_/Q (sky130_fd_sc_hd__dfxtp_1)
                                                         net14 (net)
                      0.453541    0.002296    1.504667 ^ _079_/A (sky130_fd_sc_hd__inv_2)
     1    0.002363    0.075040    0.134364    1.639031 v _079_/Y (sky130_fd_sc_hd__inv_2)
                                                         net22 (net)
                      0.075040    0.000068    1.639099 v output22/A (sky130_fd_sc_hd__buf_2)
     1    0.034940    0.168621    0.348859    1.987958 v output22/X (sky130_fd_sc_hd__buf_2)
                                                         dac_in_n[2] (net)
                      0.168624    0.000919    1.988876 v dac_in_n[2] (out)
                                              1.988876   data arrival time

                                 50.000000   50.000000   clock clk (rise edge)
                                  0.000000   50.000000   clock network delay (propagated)
                                 -0.250000   49.749996   clock uncertainty
                                  0.000000   49.749996   clock reconvergence pessimism
                                -10.000000   39.749996   output external delay
                                             39.749996   data required time
---------------------------------------------------------------------------------------------
                                             39.749996   data required time
                                             -1.988876   data arrival time
---------------------------------------------------------------------------------------------
                                             37.761120   slack (MET)


Startpoint: _161_ (rising edge-triggered flip-flop clocked by clk)
Endpoint: dac_in_n[0] (output port clocked by clk)
Path Group: clk
Path Type: max

Fanout         Cap        Slew       Delay        Time   Description
---------------------------------------------------------------------------------------------
                                  0.000000    0.000000   clock clk (rise edge)
                                  0.000000    0.000000   clock source latency
     1    0.017250    0.130942    0.088565    0.088565 ^ clk (in)
                                                         clk (net)
                      0.130946    0.000000    0.088565 ^ clkbuf_0_clk/A (sky130_fd_sc_hd__clkbuf_16)
     2    0.018808    0.065939    0.247801    0.336366 ^ clkbuf_0_clk/X (sky130_fd_sc_hd__clkbuf_16)
                                                         clknet_0_clk (net)
                      0.065939    0.000361    0.336727 ^ clkbuf_1_0__f_clk/A (sky130_fd_sc_hd__clkbuf_16)
    10    0.038423    0.092411    0.245562    0.582289 ^ clkbuf_1_0__f_clk/X (sky130_fd_sc_hd__clkbuf_16)
                                                         clknet_1_0__leaf_clk (net)
                      0.092438    0.001505    0.583794 ^ _161_/CLK (sky130_fd_sc_hd__dfxtp_1)
     4    0.030768    0.460868    0.924526    1.508321 ^ _161_/Q (sky130_fd_sc_hd__dfxtp_1)
                                                         net12 (net)
                      0.460868    0.001202    1.509523 ^ _081_/A (sky130_fd_sc_hd__inv_2)
     1    0.001867    0.073446    0.129884    1.639407 v _081_/Y (sky130_fd_sc_hd__inv_2)
                                                         net20 (net)
                      0.073446    0.000052    1.639459 v output20/A (sky130_fd_sc_hd__buf_2)
     1    0.034585    0.167203    0.347036    1.986495 v output20/X (sky130_fd_sc_hd__buf_2)
                                                         dac_in_n[0] (net)
                      0.167205    0.000853    1.987348 v dac_in_n[0] (out)
                                              1.987348   data arrival time

                                 50.000000   50.000000   clock clk (rise edge)
                                  0.000000   50.000000   clock network delay (propagated)
                                 -0.250000   49.749996   clock uncertainty
                                  0.000000   49.749996   clock reconvergence pessimism
                                -10.000000   39.749996   output external delay
                                             39.749996   data required time
---------------------------------------------------------------------------------------------
                                             39.749996   data required time
                                             -1.987348   data arrival time
---------------------------------------------------------------------------------------------
                                             37.762646   slack (MET)


Startpoint: _166_ (rising edge-triggered flip-flop clocked by clk)
Endpoint: dac_in_n[5] (output port clocked by clk)
Path Group: clk
Path Type: max

Fanout         Cap        Slew       Delay        Time   Description
---------------------------------------------------------------------------------------------
                                  0.000000    0.000000   clock clk (rise edge)
                                  0.000000    0.000000   clock source latency
     1    0.017250    0.130942    0.088565    0.088565 ^ clk (in)
                                                         clk (net)
                      0.130946    0.000000    0.088565 ^ clkbuf_0_clk/A (sky130_fd_sc_hd__clkbuf_16)
     2    0.018808    0.065939    0.247801    0.336366 ^ clkbuf_0_clk/X (sky130_fd_sc_hd__clkbuf_16)
                                                         clknet_0_clk (net)
                      0.065939    0.000320    0.336687 ^ clkbuf_1_1__f_clk/A (sky130_fd_sc_hd__clkbuf_16)
    12    0.037572    0.091122    0.244491    0.581178 ^ clkbuf_1_1__f_clk/X (sky130_fd_sc_hd__clkbuf_16)
                                                         clknet_1_1__leaf_clk (net)
                      0.091124    0.000667    0.581845 ^ _166_/CLK (sky130_fd_sc_hd__dfxtp_1)
     3    0.021145    0.323315    0.825749    1.407594 ^ _166_/Q (sky130_fd_sc_hd__dfxtp_1)
                                                         net17 (net)
                      0.323315    0.000644    1.408237 ^ _076_/A (sky130_fd_sc_hd__inv_2)
     2    0.013466    0.102649    0.183770    1.592007 v _076_/Y (sky130_fd_sc_hd__inv_2)
                                                         net25 (net)
                      0.102649    0.000287    1.592294 v output25/A (sky130_fd_sc_hd__buf_2)
     1    0.035420    0.170563    0.363533    1.955827 v output25/X (sky130_fd_sc_hd__buf_2)
                                                         dac_in_n[5] (net)
                      0.170567    0.001026    1.956853 v dac_in_n[5] (out)
                                              1.956853   data arrival time

                                 50.000000   50.000000   clock clk (rise edge)
                                  0.000000   50.000000   clock network delay (propagated)
                                 -0.250000   49.749996   clock uncertainty
                                  0.000000   49.749996   clock reconvergence pessimism
                                -10.000000   39.749996   output external delay
                                             39.749996   data required time
---------------------------------------------------------------------------------------------
                                             39.749996   data required time
                                             -1.956853   data arrival time
---------------------------------------------------------------------------------------------
                                             37.793144   slack (MET)


Startpoint: _164_ (rising edge-triggered flip-flop clocked by clk)
Endpoint: dac_in[3] (output port clocked by clk)
Path Group: clk
Path Type: max

Fanout         Cap        Slew       Delay        Time   Description
---------------------------------------------------------------------------------------------
                                  0.000000    0.000000   clock clk (rise edge)
                                  0.000000    0.000000   clock source latency
     1    0.017250    0.130942    0.088565    0.088565 ^ clk (in)
                                                         clk (net)
                      0.130946    0.000000    0.088565 ^ clkbuf_0_clk/A (sky130_fd_sc_hd__clkbuf_16)
     2    0.018808    0.065939    0.247801    0.336366 ^ clkbuf_0_clk/X (sky130_fd_sc_hd__clkbuf_16)
                                                         clknet_0_clk (net)
                      0.065939    0.000361    0.336727 ^ clkbuf_1_0__f_clk/A (sky130_fd_sc_hd__clkbuf_16)
    10    0.038423    0.092411    0.245562    0.582289 ^ clkbuf_1_0__f_clk/X (sky130_fd_sc_hd__clkbuf_16)
                                                         clknet_1_0__leaf_clk (net)
                      0.092440    0.001559    0.583848 ^ _164_/CLK (sky130_fd_sc_hd__dfxtp_1)
     3    0.025832    0.390503    0.873470    1.457318 ^ _164_/Q (sky130_fd_sc_hd__dfxtp_1)
                                                         net15 (net)
                      0.390503    0.000581    1.457899 ^ output15/A (sky130_fd_sc_hd__buf_2)
     1    0.034545    0.275292    0.481592    1.939490 ^ output15/X (sky130_fd_sc_hd__buf_2)
                                                         dac_in[3] (net)
                      0.275292    0.000839    1.940329 ^ dac_in[3] (out)
                                              1.940329   data arrival time

                                 50.000000   50.000000   clock clk (rise edge)
                                  0.000000   50.000000   clock network delay (propagated)
                                 -0.250000   49.749996   clock uncertainty
                                  0.000000   49.749996   clock reconvergence pessimism
                                -10.000000   39.749996   output external delay
                                             39.749996   data required time
---------------------------------------------------------------------------------------------
                                             39.749996   data required time
                                             -1.940329   data arrival time
---------------------------------------------------------------------------------------------
                                             37.809666   slack (MET)


Startpoint: _165_ (rising edge-triggered flip-flop clocked by clk)
Endpoint: dac_in_n[4] (output port clocked by clk)
Path Group: clk
Path Type: max

Fanout         Cap        Slew       Delay        Time   Description
---------------------------------------------------------------------------------------------
                                  0.000000    0.000000   clock clk (rise edge)
                                  0.000000    0.000000   clock source latency
     1    0.017250    0.130942    0.088565    0.088565 ^ clk (in)
                                                         clk (net)
                      0.130946    0.000000    0.088565 ^ clkbuf_0_clk/A (sky130_fd_sc_hd__clkbuf_16)
     2    0.018808    0.065939    0.247801    0.336366 ^ clkbuf_0_clk/X (sky130_fd_sc_hd__clkbuf_16)
                                                         clknet_0_clk (net)
                      0.065939    0.000320    0.336687 ^ clkbuf_1_1__f_clk/A (sky130_fd_sc_hd__clkbuf_16)
    12    0.037572    0.091122    0.244491    0.581178 ^ clkbuf_1_1__f_clk/X (sky130_fd_sc_hd__clkbuf_16)
                                                         clknet_1_1__leaf_clk (net)
                      0.091122    0.000403    0.581582 ^ _165_/CLK (sky130_fd_sc_hd__dfxtp_1)
     3    0.021350    0.326283    0.827689    1.409270 ^ _165_/Q (sky130_fd_sc_hd__dfxtp_1)
                                                         net16 (net)
                      0.326283    0.000572    1.409843 ^ _077_/A (sky130_fd_sc_hd__inv_2)
     2    0.009286    0.086681    0.162461    1.572304 v _077_/Y (sky130_fd_sc_hd__inv_2)
                                                         net24 (net)
                      0.086681    0.000145    1.572449 v output24/A (sky130_fd_sc_hd__buf_2)
     1    0.034577    0.167152    0.353250    1.925700 v output24/X (sky130_fd_sc_hd__buf_2)
                                                         dac_in_n[4] (net)
                      0.167154    0.000853    1.926552 v dac_in_n[4] (out)
                                              1.926552   data arrival time

                                 50.000000   50.000000   clock clk (rise edge)
                                  0.000000   50.000000   clock network delay (propagated)
                                 -0.250000   49.749996   clock uncertainty
                                  0.000000   49.749996   clock reconvergence pessimism
                                -10.000000   39.749996   output external delay
                                             39.749996   data required time
---------------------------------------------------------------------------------------------
                                             39.749996   data required time
                                             -1.926552   data arrival time
---------------------------------------------------------------------------------------------
                                             37.823444   slack (MET)


Startpoint: _162_ (rising edge-triggered flip-flop clocked by clk)
Endpoint: dac_in_n[1] (output port clocked by clk)
Path Group: clk
Path Type: max

Fanout         Cap        Slew       Delay        Time   Description
---------------------------------------------------------------------------------------------
                                  0.000000    0.000000   clock clk (rise edge)
                                  0.000000    0.000000   clock source latency
     1    0.017250    0.130942    0.088565    0.088565 ^ clk (in)
                                                         clk (net)
                      0.130946    0.000000    0.088565 ^ clkbuf_0_clk/A (sky130_fd_sc_hd__clkbuf_16)
     2    0.018808    0.065939    0.247801    0.336366 ^ clkbuf_0_clk/X (sky130_fd_sc_hd__clkbuf_16)
                                                         clknet_0_clk (net)
                      0.065939    0.000320    0.336687 ^ clkbuf_1_1__f_clk/A (sky130_fd_sc_hd__clkbuf_16)
    12    0.037572    0.091122    0.244491    0.581178 ^ clkbuf_1_1__f_clk/X (sky130_fd_sc_hd__clkbuf_16)
                                                         clknet_1_1__leaf_clk (net)
                      0.091127    0.000786    0.581964 ^ _162_/CLK (sky130_fd_sc_hd__dfxtp_1)
     3    0.021728    0.331727    0.831397    1.413361 ^ _162_/Q (sky130_fd_sc_hd__dfxtp_1)
                                                         net13 (net)
                      0.331727    0.000889    1.414250 ^ _080_/A (sky130_fd_sc_hd__inv_2)
     2    0.005894    0.077081    0.145633    1.559883 v _080_/Y (sky130_fd_sc_hd__inv_2)
                                                         net21 (net)
                      0.077081    0.000093    1.559976 v output21/A (sky130_fd_sc_hd__buf_2)
     1    0.034585    0.167186    0.348703    1.908678 v output21/X (sky130_fd_sc_hd__buf_2)
                                                         dac_in_n[1] (net)
                      0.167188    0.000853    1.909531 v dac_in_n[1] (out)
                                              1.909531   data arrival time

                                 50.000000   50.000000   clock clk (rise edge)
                                  0.000000   50.000000   clock network delay (propagated)
                                 -0.250000   49.749996   clock uncertainty
                                  0.000000   49.749996   clock reconvergence pessimism
                                -10.000000   39.749996   output external delay
                                             39.749996   data required time
---------------------------------------------------------------------------------------------
                                             39.749996   data required time
                                             -1.909531   data arrival time
---------------------------------------------------------------------------------------------
                                             37.840466   slack (MET)


Startpoint: _167_ (rising edge-triggered flip-flop clocked by clk)
Endpoint: dac_in[6] (output port clocked by clk)
Path Group: clk
Path Type: max

Fanout         Cap        Slew       Delay        Time   Description
---------------------------------------------------------------------------------------------
                                  0.000000    0.000000   clock clk (rise edge)
                                  0.000000    0.000000   clock source latency
     1    0.017250    0.130942    0.088565    0.088565 ^ clk (in)
                                                         clk (net)
                      0.130946    0.000000    0.088565 ^ clkbuf_0_clk/A (sky130_fd_sc_hd__clkbuf_16)
     2    0.018808    0.065939    0.247801    0.336366 ^ clkbuf_0_clk/X (sky130_fd_sc_hd__clkbuf_16)
                                                         clknet_0_clk (net)
                      0.065939    0.000361    0.336727 ^ clkbuf_1_0__f_clk/A (sky130_fd_sc_hd__clkbuf_16)
    10    0.038423    0.092411    0.245562    0.582289 ^ clkbuf_1_0__f_clk/X (sky130_fd_sc_hd__clkbuf_16)
                                                         clknet_1_0__leaf_clk (net)
                      0.092413    0.000663    0.582953 ^ _167_/CLK (sky130_fd_sc_hd__dfxtp_1)
     4    0.022586    0.343989    0.840753    1.423706 ^ _167_/Q (sky130_fd_sc_hd__dfxtp_1)
                                                         net18 (net)
                      0.343989    0.000503    1.424209 ^ output18/A (sky130_fd_sc_hd__buf_2)
     1    0.034545    0.275078    0.463536    1.887745 ^ output18/X (sky130_fd_sc_hd__buf_2)
                                                         dac_in[6] (net)
                      0.275078    0.000839    1.888583 ^ dac_in[6] (out)
                                              1.888583   data arrival time

                                 50.000000   50.000000   clock clk (rise edge)
                                  0.000000   50.000000   clock network delay (propagated)
                                 -0.250000   49.749996   clock uncertainty
                                  0.000000   49.749996   clock reconvergence pessimism
                                -10.000000   39.749996   output external delay
                                             39.749996   data required time
---------------------------------------------------------------------------------------------
                                             39.749996   data required time
                                             -1.888583   data arrival time
---------------------------------------------------------------------------------------------
                                             37.861412   slack (MET)


Startpoint: _167_ (rising edge-triggered flip-flop clocked by clk)
Endpoint: dac_in_n[6] (output port clocked by clk)
Path Group: clk
Path Type: max

Fanout         Cap        Slew       Delay        Time   Description
---------------------------------------------------------------------------------------------
                                  0.000000    0.000000   clock clk (rise edge)
                                  0.000000    0.000000   clock source latency
     1    0.017250    0.130942    0.088565    0.088565 ^ clk (in)
                                                         clk (net)
                      0.130946    0.000000    0.088565 ^ clkbuf_0_clk/A (sky130_fd_sc_hd__clkbuf_16)
     2    0.018808    0.065939    0.247801    0.336366 ^ clkbuf_0_clk/X (sky130_fd_sc_hd__clkbuf_16)
                                                         clknet_0_clk (net)
                      0.065939    0.000361    0.336727 ^ clkbuf_1_0__f_clk/A (sky130_fd_sc_hd__clkbuf_16)
    10    0.038423    0.092411    0.245562    0.582289 ^ clkbuf_1_0__f_clk/X (sky130_fd_sc_hd__clkbuf_16)
                                                         clknet_1_0__leaf_clk (net)
                      0.092413    0.000663    0.582953 ^ _167_/CLK (sky130_fd_sc_hd__dfxtp_1)
     4    0.022586    0.343989    0.840753    1.423706 ^ _167_/Q (sky130_fd_sc_hd__dfxtp_1)
                                                         net18 (net)
                      0.343989    0.001380    1.425086 ^ _075_/A (sky130_fd_sc_hd__inv_2)
     1    0.002415    0.061661    0.116480    1.541565 v _075_/Y (sky130_fd_sc_hd__inv_2)
                                                         net26 (net)
                      0.061661    0.000068    1.541633 v output26/A (sky130_fd_sc_hd__buf_2)
     1    0.034572    0.167209    0.341594    1.883227 v output26/X (sky130_fd_sc_hd__buf_2)
                                                         dac_in_n[6] (net)
                      0.167211    0.000853    1.884080 v dac_in_n[6] (out)
                                              1.884080   data arrival time

                                 50.000000   50.000000   clock clk (rise edge)
                                  0.000000   50.000000   clock network delay (propagated)
                                 -0.250000   49.749996   clock uncertainty
                                  0.000000   49.749996   clock reconvergence pessimism
                                -10.000000   39.749996   output external delay
                                             39.749996   data required time
---------------------------------------------------------------------------------------------
                                             39.749996   data required time
                                             -1.884080   data arrival time
---------------------------------------------------------------------------------------------
                                             37.865917   slack (MET)


Startpoint: _162_ (rising edge-triggered flip-flop clocked by clk)
Endpoint: dac_in[1] (output port clocked by clk)
Path Group: clk
Path Type: max

Fanout         Cap        Slew       Delay        Time   Description
---------------------------------------------------------------------------------------------
                                  0.000000    0.000000   clock clk (rise edge)
                                  0.000000    0.000000   clock source latency
     1    0.017250    0.130942    0.088565    0.088565 ^ clk (in)
                                                         clk (net)
                      0.130946    0.000000    0.088565 ^ clkbuf_0_clk/A (sky130_fd_sc_hd__clkbuf_16)
     2    0.018808    0.065939    0.247801    0.336366 ^ clkbuf_0_clk/X (sky130_fd_sc_hd__clkbuf_16)
                                                         clknet_0_clk (net)
                      0.065939    0.000320    0.336687 ^ clkbuf_1_1__f_clk/A (sky130_fd_sc_hd__clkbuf_16)
    12    0.037572    0.091122    0.244491    0.581178 ^ clkbuf_1_1__f_clk/X (sky130_fd_sc_hd__clkbuf_16)
                                                         clknet_1_1__leaf_clk (net)
                      0.091127    0.000786    0.581964 ^ _162_/CLK (sky130_fd_sc_hd__dfxtp_1)
     3    0.021728    0.331727    0.831397    1.413361 ^ _162_/Q (sky130_fd_sc_hd__dfxtp_1)
                                                         net13 (net)
                      0.331728    0.001333    1.414694 ^ output13/A (sky130_fd_sc_hd__buf_2)
     1    0.034545    0.275021    0.458776    1.873470 ^ output13/X (sky130_fd_sc_hd__buf_2)
                                                         dac_in[1] (net)
                      0.275021    0.000839    1.874309 ^ dac_in[1] (out)
                                              1.874309   data arrival time

                                 50.000000   50.000000   clock clk (rise edge)
                                  0.000000   50.000000   clock network delay (propagated)
                                 -0.250000   49.749996   clock uncertainty
                                  0.000000   49.749996   clock reconvergence pessimism
                                -10.000000   39.749996   output external delay
                                             39.749996   data required time
---------------------------------------------------------------------------------------------
                                             39.749996   data required time
                                             -1.874309   data arrival time
---------------------------------------------------------------------------------------------
                                             37.875687   slack (MET)


Startpoint: _165_ (rising edge-triggered flip-flop clocked by clk)
Endpoint: dac_in[4] (output port clocked by clk)
Path Group: clk
Path Type: max

Fanout         Cap        Slew       Delay        Time   Description
---------------------------------------------------------------------------------------------
                                  0.000000    0.000000   clock clk (rise edge)
                                  0.000000    0.000000   clock source latency
     1    0.017250    0.130942    0.088565    0.088565 ^ clk (in)
                                                         clk (net)
                      0.130946    0.000000    0.088565 ^ clkbuf_0_clk/A (sky130_fd_sc_hd__clkbuf_16)
     2    0.018808    0.065939    0.247801    0.336366 ^ clkbuf_0_clk/X (sky130_fd_sc_hd__clkbuf_16)
                                                         clknet_0_clk (net)
                      0.065939    0.000320    0.336687 ^ clkbuf_1_1__f_clk/A (sky130_fd_sc_hd__clkbuf_16)
    12    0.037572    0.091122    0.244491    0.581178 ^ clkbuf_1_1__f_clk/X (sky130_fd_sc_hd__clkbuf_16)
                                                         clknet_1_1__leaf_clk (net)
                      0.091122    0.000403    0.581582 ^ _165_/CLK (sky130_fd_sc_hd__dfxtp_1)
     3    0.021350    0.326283    0.827689    1.409270 ^ _165_/Q (sky130_fd_sc_hd__dfxtp_1)
                                                         net16 (net)
                      0.326283    0.001128    1.410398 ^ output16/A (sky130_fd_sc_hd__buf_2)
     1    0.034545    0.274996    0.456663    1.867061 ^ output16/X (sky130_fd_sc_hd__buf_2)
                                                         dac_in[4] (net)
                      0.274996    0.000839    1.867900 ^ dac_in[4] (out)
                                              1.867900   data arrival time

                                 50.000000   50.000000   clock clk (rise edge)
                                  0.000000   50.000000   clock network delay (propagated)
                                 -0.250000   49.749996   clock uncertainty
                                  0.000000   49.749996   clock reconvergence pessimism
                                -10.000000   39.749996   output external delay
                                             39.749996   data required time
---------------------------------------------------------------------------------------------
                                             39.749996   data required time
                                             -1.867900   data arrival time
---------------------------------------------------------------------------------------------
                                             37.882095   slack (MET)


Startpoint: _166_ (rising edge-triggered flip-flop clocked by clk)
Endpoint: dac_in[5] (output port clocked by clk)
Path Group: clk
Path Type: max

Fanout         Cap        Slew       Delay        Time   Description
---------------------------------------------------------------------------------------------
                                  0.000000    0.000000   clock clk (rise edge)
                                  0.000000    0.000000   clock source latency
     1    0.017250    0.130942    0.088565    0.088565 ^ clk (in)
                                                         clk (net)
                      0.130946    0.000000    0.088565 ^ clkbuf_0_clk/A (sky130_fd_sc_hd__clkbuf_16)
     2    0.018808    0.065939    0.247801    0.336366 ^ clkbuf_0_clk/X (sky130_fd_sc_hd__clkbuf_16)
                                                         clknet_0_clk (net)
                      0.065939    0.000320    0.336687 ^ clkbuf_1_1__f_clk/A (sky130_fd_sc_hd__clkbuf_16)
    12    0.037572    0.091122    0.244491    0.581178 ^ clkbuf_1_1__f_clk/X (sky130_fd_sc_hd__clkbuf_16)
                                                         clknet_1_1__leaf_clk (net)
                      0.091124    0.000667    0.581845 ^ _166_/CLK (sky130_fd_sc_hd__dfxtp_1)
     3    0.021145    0.323315    0.825749    1.407594 ^ _166_/Q (sky130_fd_sc_hd__dfxtp_1)
                                                         net17 (net)
                      0.323315    0.000529    1.408123 ^ output17/A (sky130_fd_sc_hd__buf_2)
     1    0.034545    0.274982    0.455511    1.863634 ^ output17/X (sky130_fd_sc_hd__buf_2)
                                                         dac_in[5] (net)
                      0.274982    0.000839    1.864472 ^ dac_in[5] (out)
                                              1.864472   data arrival time

                                 50.000000   50.000000   clock clk (rise edge)
                                  0.000000   50.000000   clock network delay (propagated)
                                 -0.250000   49.749996   clock uncertainty
                                  0.000000   49.749996   clock reconvergence pessimism
                                -10.000000   39.749996   output external delay
                                             39.749996   data required time
---------------------------------------------------------------------------------------------
                                             39.749996   data required time
                                             -1.864472   data arrival time
---------------------------------------------------------------------------------------------
                                             37.885525   slack (MET)


Startpoint: _168_ (rising edge-triggered flip-flop clocked by clk)
Endpoint: dac_in_n[7] (output port clocked by clk)
Path Group: clk
Path Type: max

Fanout         Cap        Slew       Delay        Time   Description
---------------------------------------------------------------------------------------------
                                  0.000000    0.000000   clock clk (rise edge)
                                  0.000000    0.000000   clock source latency
     1    0.017250    0.130942    0.088565    0.088565 ^ clk (in)
                                                         clk (net)
                      0.130946    0.000000    0.088565 ^ clkbuf_0_clk/A (sky130_fd_sc_hd__clkbuf_16)
     2    0.018808    0.065939    0.247801    0.336366 ^ clkbuf_0_clk/X (sky130_fd_sc_hd__clkbuf_16)
                                                         clknet_0_clk (net)
                      0.065939    0.000361    0.336727 ^ clkbuf_1_0__f_clk/A (sky130_fd_sc_hd__clkbuf_16)
    10    0.038423    0.092411    0.245562    0.582289 ^ clkbuf_1_0__f_clk/X (sky130_fd_sc_hd__clkbuf_16)
                                                         clknet_1_0__leaf_clk (net)
                      0.092413    0.000620    0.582910 ^ _168_/CLK (sky130_fd_sc_hd__dfxtp_1)
     3    0.013937    0.220498    0.752672    1.335581 ^ _168_/Q (sky130_fd_sc_hd__dfxtp_1)
                                                         net19 (net)
                      0.220498    0.000540    1.336121 ^ _074_/A (sky130_fd_sc_hd__inv_2)
     2    0.016930    0.096822    0.167483    1.503604 v _074_/Y (sky130_fd_sc_hd__inv_2)
                                                         net27 (net)
                      0.096824    0.000499    1.504103 v output27/A (sky130_fd_sc_hd__buf_2)
     1    0.034542    0.167022    0.358050    1.862153 v output27/X (sky130_fd_sc_hd__buf_2)
                                                         dac_in_n[7] (net)
                      0.167024    0.000825    1.862978 v dac_in_n[7] (out)
                                              1.862978   data arrival time

                                 50.000000   50.000000   clock clk (rise edge)
                                  0.000000   50.000000   clock network delay (propagated)
                                 -0.250000   49.749996   clock uncertainty
                                  0.000000   49.749996   clock reconvergence pessimism
                                -10.000000   39.749996   output external delay
                                             39.749996   data required time
---------------------------------------------------------------------------------------------
                                             39.749996   data required time
                                             -1.862978   data arrival time
---------------------------------------------------------------------------------------------
                                             37.887016   slack (MET)


Startpoint: _168_ (rising edge-triggered flip-flop clocked by clk)
Endpoint: dac_in[7] (output port clocked by clk)
Path Group: clk
Path Type: max

Fanout         Cap        Slew       Delay        Time   Description
---------------------------------------------------------------------------------------------
                                  0.000000    0.000000   clock clk (rise edge)
                                  0.000000    0.000000   clock source latency
     1    0.017250    0.130942    0.088565    0.088565 ^ clk (in)
                                                         clk (net)
                      0.130946    0.000000    0.088565 ^ clkbuf_0_clk/A (sky130_fd_sc_hd__clkbuf_16)
     2    0.018808    0.065939    0.247801    0.336366 ^ clkbuf_0_clk/X (sky130_fd_sc_hd__clkbuf_16)
                                                         clknet_0_clk (net)
                      0.065939    0.000361    0.336727 ^ clkbuf_1_0__f_clk/A (sky130_fd_sc_hd__clkbuf_16)
    10    0.038423    0.092411    0.245562    0.582289 ^ clkbuf_1_0__f_clk/X (sky130_fd_sc_hd__clkbuf_16)
                                                         clknet_1_0__leaf_clk (net)
                      0.092413    0.000620    0.582910 ^ _168_/CLK (sky130_fd_sc_hd__dfxtp_1)
     3    0.013937    0.220498    0.752672    1.335581 ^ _168_/Q (sky130_fd_sc_hd__dfxtp_1)
                                                         net19 (net)
                      0.220498    0.000169    1.335750 ^ output19/A (sky130_fd_sc_hd__buf_2)
     1    0.034784    0.276306    0.416579    1.752329 ^ output19/X (sky130_fd_sc_hd__buf_2)
                                                         dac_in[7] (net)
                      0.276306    0.000895    1.753224 ^ dac_in[7] (out)
                                              1.753224   data arrival time

                                 50.000000   50.000000   clock clk (rise edge)
                                  0.000000   50.000000   clock network delay (propagated)
                                 -0.250000   49.749996   clock uncertainty
                                  0.000000   49.749996   clock reconvergence pessimism
                                -10.000000   39.749996   output external delay
                                             39.749996   data required time
---------------------------------------------------------------------------------------------
                                             39.749996   data required time
                                             -1.753224   data arrival time
---------------------------------------------------------------------------------------------
                                             37.996773   slack (MET)


Startpoint: _160_ (rising edge-triggered flip-flop clocked by clk)
Endpoint: adc_out[7] (output port clocked by clk)
Path Group: clk
Path Type: max

Fanout         Cap        Slew       Delay        Time   Description
---------------------------------------------------------------------------------------------
                                  0.000000    0.000000   clock clk (rise edge)
                                  0.000000    0.000000   clock source latency
     1    0.017250    0.130942    0.088565    0.088565 ^ clk (in)
                                                         clk (net)
                      0.130946    0.000000    0.088565 ^ clkbuf_0_clk/A (sky130_fd_sc_hd__clkbuf_16)
     2    0.018808    0.065939    0.247801    0.336366 ^ clkbuf_0_clk/X (sky130_fd_sc_hd__clkbuf_16)
                                                         clknet_0_clk (net)
                      0.065939    0.000320    0.336687 ^ clkbuf_1_1__f_clk/A (sky130_fd_sc_hd__clkbuf_16)
    12    0.037572    0.091122    0.244491    0.581178 ^ clkbuf_1_1__f_clk/X (sky130_fd_sc_hd__clkbuf_16)
                                                         clknet_1_1__leaf_clk (net)
                      0.091123    0.000566    0.581744 ^ _160_/CLK (sky130_fd_sc_hd__dfxtp_1)
     2    0.008924    0.151258    0.699636    1.281380 ^ _160_/Q (sky130_fd_sc_hd__dfxtp_1)
                                                         net10 (net)
                      0.151258    0.000292    1.281672 ^ output10/A (sky130_fd_sc_hd__buf_2)
     1    0.035019    0.277907    0.385396    1.667069 ^ output10/X (sky130_fd_sc_hd__buf_2)
                                                         adc_out[7] (net)
                      0.277907    0.000827    1.667895 ^ adc_out[7] (out)
                                              1.667895   data arrival time

                                 50.000000   50.000000   clock clk (rise edge)
                                  0.000000   50.000000   clock network delay (propagated)
                                 -0.250000   49.749996   clock uncertainty
                                  0.000000   49.749996   clock reconvergence pessimism
                                -10.000000   39.749996   output external delay
                                             39.749996   data required time
---------------------------------------------------------------------------------------------
                                             39.749996   data required time
                                             -1.667895   data arrival time
---------------------------------------------------------------------------------------------
                                             38.082100   slack (MET)


Startpoint: _154_ (rising edge-triggered flip-flop clocked by clk)
Endpoint: adc_out[1] (output port clocked by clk)
Path Group: clk
Path Type: max

Fanout         Cap        Slew       Delay        Time   Description
---------------------------------------------------------------------------------------------
                                  0.000000    0.000000   clock clk (rise edge)
                                  0.000000    0.000000   clock source latency
     1    0.017250    0.130942    0.088565    0.088565 ^ clk (in)
                                                         clk (net)
                      0.130946    0.000000    0.088565 ^ clkbuf_0_clk/A (sky130_fd_sc_hd__clkbuf_16)
     2    0.018808    0.065939    0.247801    0.336366 ^ clkbuf_0_clk/X (sky130_fd_sc_hd__clkbuf_16)
                                                         clknet_0_clk (net)
                      0.065939    0.000320    0.336687 ^ clkbuf_1_1__f_clk/A (sky130_fd_sc_hd__clkbuf_16)
    12    0.037572    0.091122    0.244491    0.581178 ^ clkbuf_1_1__f_clk/X (sky130_fd_sc_hd__clkbuf_16)
                                                         clknet_1_1__leaf_clk (net)
                      0.091126    0.000765    0.581943 ^ _154_/CLK (sky130_fd_sc_hd__dfxtp_1)
     2    0.007964    0.137953    0.689517    1.271460 ^ _154_/Q (sky130_fd_sc_hd__dfxtp_1)
                                                         net4 (net)
                      0.137953    0.000312    1.271772 ^ output4/A (sky130_fd_sc_hd__buf_2)
     1    0.034754    0.275883    0.377833    1.649604 ^ output4/X (sky130_fd_sc_hd__buf_2)
                                                         adc_out[1] (net)
                      0.275883    0.000702    1.650307 ^ adc_out[1] (out)
                                              1.650307   data arrival time

                                 50.000000   50.000000   clock clk (rise edge)
                                  0.000000   50.000000   clock network delay (propagated)
                                 -0.250000   49.749996   clock uncertainty
                                  0.000000   49.749996   clock reconvergence pessimism
                                -10.000000   39.749996   output external delay
                                             39.749996   data required time
---------------------------------------------------------------------------------------------
                                             39.749996   data required time
                                             -1.650307   data arrival time
---------------------------------------------------------------------------------------------
                                             38.099689   slack (MET)


Startpoint: _153_ (rising edge-triggered flip-flop clocked by clk)
Endpoint: adc_out[0] (output port clocked by clk)
Path Group: clk
Path Type: max

Fanout         Cap        Slew       Delay        Time   Description
---------------------------------------------------------------------------------------------
                                  0.000000    0.000000   clock clk (rise edge)
                                  0.000000    0.000000   clock source latency
     1    0.017250    0.130942    0.088565    0.088565 ^ clk (in)
                                                         clk (net)
                      0.130946    0.000000    0.088565 ^ clkbuf_0_clk/A (sky130_fd_sc_hd__clkbuf_16)
     2    0.018808    0.065939    0.247801    0.336366 ^ clkbuf_0_clk/X (sky130_fd_sc_hd__clkbuf_16)
                                                         clknet_0_clk (net)
                      0.065939    0.000320    0.336687 ^ clkbuf_1_1__f_clk/A (sky130_fd_sc_hd__clkbuf_16)
    12    0.037572    0.091122    0.244491    0.581178 ^ clkbuf_1_1__f_clk/X (sky130_fd_sc_hd__clkbuf_16)
                                                         clknet_1_1__leaf_clk (net)
                      0.091128    0.000849    0.582027 ^ _153_/CLK (sky130_fd_sc_hd__dfxtp_1)
     2    0.007634    0.133388    0.686075    1.268101 ^ _153_/Q (sky130_fd_sc_hd__dfxtp_1)
                                                         net3 (net)
                      0.133388    0.000270    1.268372 ^ output3/A (sky130_fd_sc_hd__buf_2)
     1    0.035068    0.278249    0.377221    1.645592 ^ output3/X (sky130_fd_sc_hd__buf_2)
                                                         adc_out[0] (net)
                      0.278249    0.000903    1.646496 ^ adc_out[0] (out)
                                              1.646496   data arrival time

                                 50.000000   50.000000   clock clk (rise edge)
                                  0.000000   50.000000   clock network delay (propagated)
                                 -0.250000   49.749996   clock uncertainty
                                  0.000000   49.749996   clock reconvergence pessimism
                                -10.000000   39.749996   output external delay
                                             39.749996   data required time
---------------------------------------------------------------------------------------------
                                             39.749996   data required time
                                             -1.646496   data arrival time
---------------------------------------------------------------------------------------------
                                             38.103500   slack (MET)


Startpoint: _156_ (rising edge-triggered flip-flop clocked by clk)
Endpoint: adc_out[3] (output port clocked by clk)
Path Group: clk
Path Type: max

Fanout         Cap        Slew       Delay        Time   Description
---------------------------------------------------------------------------------------------
                                  0.000000    0.000000   clock clk (rise edge)
                                  0.000000    0.000000   clock source latency
     1    0.017250    0.130942    0.088565    0.088565 ^ clk (in)
                                                         clk (net)
                      0.130946    0.000000    0.088565 ^ clkbuf_0_clk/A (sky130_fd_sc_hd__clkbuf_16)
     2    0.018808    0.065939    0.247801    0.336366 ^ clkbuf_0_clk/X (sky130_fd_sc_hd__clkbuf_16)
                                                         clknet_0_clk (net)
                      0.065939    0.000320    0.336687 ^ clkbuf_1_1__f_clk/A (sky130_fd_sc_hd__clkbuf_16)
    12    0.037572    0.091122    0.244491    0.581178 ^ clkbuf_1_1__f_clk/X (sky130_fd_sc_hd__clkbuf_16)
                                                         clknet_1_1__leaf_clk (net)
                      0.091128    0.000863    0.582041 ^ _156_/CLK (sky130_fd_sc_hd__dfxtp_1)
     2    0.007243    0.128005    0.681943    1.263984 ^ _156_/Q (sky130_fd_sc_hd__dfxtp_1)
                                                         net6 (net)
                      0.128005    0.000275    1.264259 ^ output6/A (sky130_fd_sc_hd__buf_2)
     1    0.034072    0.270788    0.369601    1.633861 ^ output6/X (sky130_fd_sc_hd__buf_2)
                                                         adc_out[3] (net)
                      0.270788    0.000622    1.634483 ^ adc_out[3] (out)
                                              1.634483   data arrival time

                                 50.000000   50.000000   clock clk (rise edge)
                                  0.000000   50.000000   clock network delay (propagated)
                                 -0.250000   49.749996   clock uncertainty
                                  0.000000   49.749996   clock reconvergence pessimism
                                -10.000000   39.749996   output external delay
                                             39.749996   data required time
---------------------------------------------------------------------------------------------
                                             39.749996   data required time
                                             -1.634483   data arrival time
---------------------------------------------------------------------------------------------
                                             38.115513   slack (MET)


Startpoint: _159_ (rising edge-triggered flip-flop clocked by clk)
Endpoint: adc_out[6] (output port clocked by clk)
Path Group: clk
Path Type: max

Fanout         Cap        Slew       Delay        Time   Description
---------------------------------------------------------------------------------------------
                                  0.000000    0.000000   clock clk (rise edge)
                                  0.000000    0.000000   clock source latency
     1    0.017250    0.130942    0.088565    0.088565 ^ clk (in)
                                                         clk (net)
                      0.130946    0.000000    0.088565 ^ clkbuf_0_clk/A (sky130_fd_sc_hd__clkbuf_16)
     2    0.018808    0.065939    0.247801    0.336366 ^ clkbuf_0_clk/X (sky130_fd_sc_hd__clkbuf_16)
                                                         clknet_0_clk (net)
                      0.065939    0.000320    0.336687 ^ clkbuf_1_1__f_clk/A (sky130_fd_sc_hd__clkbuf_16)
    12    0.037572    0.091122    0.244491    0.581178 ^ clkbuf_1_1__f_clk/X (sky130_fd_sc_hd__clkbuf_16)
                                                         clknet_1_1__leaf_clk (net)
                      0.091135    0.001127    0.582305 ^ _159_/CLK (sky130_fd_sc_hd__dfxtp_1)
     2    0.006538    0.118196    0.674567    1.256872 ^ _159_/Q (sky130_fd_sc_hd__dfxtp_1)
                                                         net9 (net)
                      0.118312    0.000179    1.257051 ^ output9/A (sky130_fd_sc_hd__buf_2)
     1    0.034401    0.273217    0.366775    1.623826 ^ output9/X (sky130_fd_sc_hd__buf_2)
                                                         adc_out[6] (net)
                      0.273217    0.000657    1.624483 ^ adc_out[6] (out)
                                              1.624483   data arrival time

                                 50.000000   50.000000   clock clk (rise edge)
                                  0.000000   50.000000   clock network delay (propagated)
                                 -0.250000   49.749996   clock uncertainty
                                  0.000000   49.749996   clock reconvergence pessimism
                                -10.000000   39.749996   output external delay
                                             39.749996   data required time
---------------------------------------------------------------------------------------------
                                             39.749996   data required time
                                             -1.624483   data arrival time
---------------------------------------------------------------------------------------------
                                             38.125515   slack (MET)


Startpoint: _155_ (rising edge-triggered flip-flop clocked by clk)
Endpoint: adc_out[2] (output port clocked by clk)
Path Group: clk
Path Type: max

Fanout         Cap        Slew       Delay        Time   Description
---------------------------------------------------------------------------------------------
                                  0.000000    0.000000   clock clk (rise edge)
                                  0.000000    0.000000   clock source latency
     1    0.017250    0.130942    0.088565    0.088565 ^ clk (in)
                                                         clk (net)
                      0.130946    0.000000    0.088565 ^ clkbuf_0_clk/A (sky130_fd_sc_hd__clkbuf_16)
     2    0.018808    0.065939    0.247801    0.336366 ^ clkbuf_0_clk/X (sky130_fd_sc_hd__clkbuf_16)
                                                         clknet_0_clk (net)
                      0.065939    0.000320    0.336687 ^ clkbuf_1_1__f_clk/A (sky130_fd_sc_hd__clkbuf_16)
    12    0.037572    0.091122    0.244491    0.581178 ^ clkbuf_1_1__f_clk/X (sky130_fd_sc_hd__clkbuf_16)
                                                         clknet_1_1__leaf_clk (net)
                      0.091131    0.000984    0.582163 ^ _155_/CLK (sky130_fd_sc_hd__dfxtp_1)
     2    0.005723    0.107086    0.665995    1.248157 ^ _155_/Q (sky130_fd_sc_hd__dfxtp_1)
                                                         net5 (net)
                      0.107086    0.000164    1.248322 ^ output5/A (sky130_fd_sc_hd__buf_2)
     1    0.034059    0.270650    0.359718    1.608039 ^ output5/X (sky130_fd_sc_hd__buf_2)
                                                         adc_out[2] (net)
                      0.270650    0.000622    1.608662 ^ adc_out[2] (out)
                                              1.608662   data arrival time

                                 50.000000   50.000000   clock clk (rise edge)
                                  0.000000   50.000000   clock network delay (propagated)
                                 -0.250000   49.749996   clock uncertainty
                                  0.000000   49.749996   clock reconvergence pessimism
                                -10.000000   39.749996   output external delay
                                             39.749996   data required time
---------------------------------------------------------------------------------------------
                                             39.749996   data required time
                                             -1.608662   data arrival time
---------------------------------------------------------------------------------------------
                                             38.141335   slack (MET)


Startpoint: _157_ (rising edge-triggered flip-flop clocked by clk)
Endpoint: adc_out[4] (output port clocked by clk)
Path Group: clk
Path Type: max

Fanout         Cap        Slew       Delay        Time   Description
---------------------------------------------------------------------------------------------
                                  0.000000    0.000000   clock clk (rise edge)
                                  0.000000    0.000000   clock source latency
     1    0.017250    0.130942    0.088565    0.088565 ^ clk (in)
                                                         clk (net)
                      0.130946    0.000000    0.088565 ^ clkbuf_0_clk/A (sky130_fd_sc_hd__clkbuf_16)
     2    0.018808    0.065939    0.247801    0.336366 ^ clkbuf_0_clk/X (sky130_fd_sc_hd__clkbuf_16)
                                                         clknet_0_clk (net)
                      0.065939    0.000320    0.336687 ^ clkbuf_1_1__f_clk/A (sky130_fd_sc_hd__clkbuf_16)
    12    0.037572    0.091122    0.244491    0.581178 ^ clkbuf_1_1__f_clk/X (sky130_fd_sc_hd__clkbuf_16)
                                                         clknet_1_1__leaf_clk (net)
                      0.091134    0.001082    0.582260 ^ _157_/CLK (sky130_fd_sc_hd__dfxtp_1)
     2    0.005384    0.102494    0.662444    1.244705 ^ _157_/Q (sky130_fd_sc_hd__dfxtp_1)
                                                         net7 (net)
                      0.102494    0.000147    1.244851 ^ output7/A (sky130_fd_sc_hd__buf_2)
     1    0.034064    0.270682    0.357593    1.602444 ^ output7/X (sky130_fd_sc_hd__buf_2)
                                                         adc_out[4] (net)
                      0.270682    0.000622    1.603066 ^ adc_out[4] (out)
                                              1.603066   data arrival time

                                 50.000000   50.000000   clock clk (rise edge)
                                  0.000000   50.000000   clock network delay (propagated)
                                 -0.250000   49.749996   clock uncertainty
                                  0.000000   49.749996   clock reconvergence pessimism
                                -10.000000   39.749996   output external delay
                                             39.749996   data required time
---------------------------------------------------------------------------------------------
                                             39.749996   data required time
                                             -1.603066   data arrival time
---------------------------------------------------------------------------------------------
                                             38.146931   slack (MET)


Startpoint: _158_ (rising edge-triggered flip-flop clocked by clk)
Endpoint: adc_out[5] (output port clocked by clk)
Path Group: clk
Path Type: max

Fanout         Cap        Slew       Delay        Time   Description
---------------------------------------------------------------------------------------------
                                  0.000000    0.000000   clock clk (rise edge)
                                  0.000000    0.000000   clock source latency
     1    0.017250    0.130942    0.088565    0.088565 ^ clk (in)
                                                         clk (net)
                      0.130946    0.000000    0.088565 ^ clkbuf_0_clk/A (sky130_fd_sc_hd__clkbuf_16)
     2    0.018808    0.065939    0.247801    0.336366 ^ clkbuf_0_clk/X (sky130_fd_sc_hd__clkbuf_16)
                                                         clknet_0_clk (net)
                      0.065939    0.000320    0.336687 ^ clkbuf_1_1__f_clk/A (sky130_fd_sc_hd__clkbuf_16)
    12    0.037572    0.091122    0.244491    0.581178 ^ clkbuf_1_1__f_clk/X (sky130_fd_sc_hd__clkbuf_16)
                                                         clknet_1_1__leaf_clk (net)
                      0.091135    0.001123    0.582301 ^ _158_/CLK (sky130_fd_sc_hd__dfxtp_1)
     2    0.005131    0.099074    0.659786    1.242087 ^ _158_/Q (sky130_fd_sc_hd__dfxtp_1)
                                                         net8 (net)
                      0.099074    0.000116    1.242203 ^ output8/A (sky130_fd_sc_hd__buf_2)
     1    0.034067    0.270694    0.356002    1.598205 ^ output8/X (sky130_fd_sc_hd__buf_2)
                                                         adc_out[5] (net)
                      0.270694    0.000622    1.598827 ^ adc_out[5] (out)
                                              1.598827   data arrival time

                                 50.000000   50.000000   clock clk (rise edge)
                                  0.000000   50.000000   clock network delay (propagated)
                                 -0.250000   49.749996   clock uncertainty
                                  0.000000   49.749996   clock reconvergence pessimism
                                -10.000000   39.749996   output external delay
                                             39.749996   data required time
---------------------------------------------------------------------------------------------
                                             39.749996   data required time
                                             -1.598827   data arrival time
---------------------------------------------------------------------------------------------
                                             38.151169   slack (MET)


Startpoint: rst_n (input port clocked by clk)
Endpoint: _160_ (rising edge-triggered flip-flop clocked by clk)
Path Group: clk
Path Type: max

Fanout         Cap        Slew       Delay        Time   Description
---------------------------------------------------------------------------------------------
                                  0.000000    0.000000   clock clk (rise edge)
                                  0.000000    0.000000   clock network delay (propagated)
                                 10.000000   10.000000 ^ input external delay
     1    0.003475    0.036753    0.019361   10.019361 ^ rst_n (in)
                                                         rst_n (net)
                      0.036753    0.000000   10.019361 ^ input2/A (sky130_fd_sc_hd__buf_1)
     2    0.022903    0.436216    0.395088   10.414450 ^ input2/X (sky130_fd_sc_hd__buf_1)
                                                         net2 (net)
                      0.436229    0.001989   10.416439 ^ _102_/C1 (sky130_fd_sc_hd__o211a_1)
     1    0.002075    0.070547    0.403225   10.819664 ^ _102_/X (sky130_fd_sc_hd__o211a_1)
                                                         _009_ (net)
                      0.070547    0.000058   10.819721 ^ hold3/A (sky130_fd_sc_hd__dlygate4sd3_1)
     1    0.002082    0.083746    1.030043   11.849764 ^ hold3/X (sky130_fd_sc_hd__dlygate4sd3_1)
                                                         net38 (net)
                      0.083746    0.000059   11.849823 ^ _160_/D (sky130_fd_sc_hd__dfxtp_1)
                                             11.849823   data arrival time

                                 50.000000   50.000000   clock clk (rise edge)
                                  0.000000   50.000000   clock source latency
     1    0.017250    0.130942    0.088566   50.088566 ^ clk (in)
                                                         clk (net)
                      0.130946    0.000000   50.088566 ^ clkbuf_0_clk/A (sky130_fd_sc_hd__clkbuf_16)
     2    0.018808    0.065939    0.247802   50.336365 ^ clkbuf_0_clk/X (sky130_fd_sc_hd__clkbuf_16)
                                                         clknet_0_clk (net)
                      0.065939    0.000320   50.336685 ^ clkbuf_1_1__f_clk/A (sky130_fd_sc_hd__clkbuf_16)
    12    0.037572    0.091122    0.244491   50.581177 ^ clkbuf_1_1__f_clk/X (sky130_fd_sc_hd__clkbuf_16)
                                                         clknet_1_1__leaf_clk (net)
                      0.091123    0.000565   50.581741 ^ _160_/CLK (sky130_fd_sc_hd__dfxtp_1)
                                 -0.250000   50.331741   clock uncertainty
                                  0.000000   50.331741   clock reconvergence pessimism
                                 -0.128371   50.203369   library setup time
                                             50.203369   data required time
---------------------------------------------------------------------------------------------
                                             50.203369   data required time
                                            -11.849823   data arrival time
---------------------------------------------------------------------------------------------
                                             38.353550   slack (MET)


Startpoint: rst_n (input port clocked by clk)
Endpoint: _153_ (rising edge-triggered flip-flop clocked by clk)
Path Group: clk
Path Type: max

Fanout         Cap        Slew       Delay        Time   Description
---------------------------------------------------------------------------------------------
                                  0.000000    0.000000   clock clk (rise edge)
                                  0.000000    0.000000   clock network delay (propagated)
                                 10.000000   10.000000 ^ input external delay
     1    0.003475    0.036753    0.019361   10.019361 ^ rst_n (in)
                                                         rst_n (net)
                      0.036753    0.000000   10.019361 ^ input2/A (sky130_fd_sc_hd__buf_1)
     2    0.022903    0.436216    0.395088   10.414450 ^ input2/X (sky130_fd_sc_hd__buf_1)
                                                         net2 (net)
                      0.436225    0.001677   10.416127 ^ fanout34/A (sky130_fd_sc_hd__buf_2)
    10    0.038226    0.302850    0.518257   10.934383 ^ fanout34/X (sky130_fd_sc_hd__buf_2)
                                                         net34 (net)
                      0.302859    0.002003   10.936386 ^ _088_/C1 (sky130_fd_sc_hd__o211a_1)
     1    0.002143    0.070945    0.354481   11.290867 ^ _088_/X (sky130_fd_sc_hd__o211a_1)
                                                         _002_ (net)
                      0.070945    0.000061   11.290929 ^ _153_/D (sky130_fd_sc_hd__dfxtp_1)
                                             11.290929   data arrival time

                                 50.000000   50.000000   clock clk (rise edge)
                                  0.000000   50.000000   clock source latency
     1    0.017250    0.130942    0.088566   50.088566 ^ clk (in)
                                                         clk (net)
                      0.130946    0.000000   50.088566 ^ clkbuf_0_clk/A (sky130_fd_sc_hd__clkbuf_16)
     2    0.018808    0.065939    0.247802   50.336365 ^ clkbuf_0_clk/X (sky130_fd_sc_hd__clkbuf_16)
                                                         clknet_0_clk (net)
                      0.065939    0.000320   50.336685 ^ clkbuf_1_1__f_clk/A (sky130_fd_sc_hd__clkbuf_16)
    12    0.037572    0.091122    0.244491   50.581177 ^ clkbuf_1_1__f_clk/X (sky130_fd_sc_hd__clkbuf_16)
                                                         clknet_1_1__leaf_clk (net)
                      0.091128    0.000849   50.582024 ^ _153_/CLK (sky130_fd_sc_hd__dfxtp_1)
                                 -0.250000   50.332024   clock uncertainty
                                  0.000000   50.332024   clock reconvergence pessimism
                                 -0.125043   50.206982   library setup time
                                             50.206982   data required time
---------------------------------------------------------------------------------------------
                                             50.206982   data required time
                                            -11.290929   data arrival time
---------------------------------------------------------------------------------------------
                                             38.916054   slack (MET)


Startpoint: rst_n (input port clocked by clk)
Endpoint: _159_ (rising edge-triggered flip-flop clocked by clk)
Path Group: clk
Path Type: max

Fanout         Cap        Slew       Delay        Time   Description
---------------------------------------------------------------------------------------------
                                  0.000000    0.000000   clock clk (rise edge)
                                  0.000000    0.000000   clock network delay (propagated)
                                 10.000000   10.000000 ^ input external delay
     1    0.003475    0.036753    0.019361   10.019361 ^ rst_n (in)
                                                         rst_n (net)
                      0.036753    0.000000   10.019361 ^ input2/A (sky130_fd_sc_hd__buf_1)
     2    0.022903    0.436216    0.395088   10.414450 ^ input2/X (sky130_fd_sc_hd__buf_1)
                                                         net2 (net)
                      0.436225    0.001677   10.416127 ^ fanout34/A (sky130_fd_sc_hd__buf_2)
    10    0.038226    0.302850    0.518257   10.934383 ^ fanout34/X (sky130_fd_sc_hd__buf_2)
                                                         net34 (net)
                      0.302862    0.002250   10.936633 ^ _100_/C1 (sky130_fd_sc_hd__o211a_1)
     1    0.002087    0.069668    0.353735   11.290368 ^ _100_/X (sky130_fd_sc_hd__o211a_1)
                                                         _008_ (net)
                      0.069668    0.000060   11.290428 ^ _159_/D (sky130_fd_sc_hd__dfxtp_1)
                                             11.290428   data arrival time

                                 50.000000   50.000000   clock clk (rise edge)
                                  0.000000   50.000000   clock source latency
     1    0.017250    0.130942    0.088566   50.088566 ^ clk (in)
                                                         clk (net)
                      0.130946    0.000000   50.088566 ^ clkbuf_0_clk/A (sky130_fd_sc_hd__clkbuf_16)
     2    0.018808    0.065939    0.247802   50.336365 ^ clkbuf_0_clk/X (sky130_fd_sc_hd__clkbuf_16)
                                                         clknet_0_clk (net)
                      0.065939    0.000320   50.336685 ^ clkbuf_1_1__f_clk/A (sky130_fd_sc_hd__clkbuf_16)
    12    0.037572    0.091122    0.244491   50.581177 ^ clkbuf_1_1__f_clk/X (sky130_fd_sc_hd__clkbuf_16)
                                                         clknet_1_1__leaf_clk (net)
                      0.091135    0.001126   50.582302 ^ _159_/CLK (sky130_fd_sc_hd__dfxtp_1)
                                 -0.250000   50.332302   clock uncertainty
                                  0.000000   50.332302   clock reconvergence pessimism
                                 -0.124709   50.207592   library setup time
                                             50.207592   data required time
---------------------------------------------------------------------------------------------
                                             50.207592   data required time
                                            -11.290428   data arrival time
---------------------------------------------------------------------------------------------
                                             38.917164   slack (MET)


Startpoint: rst_n (input port clocked by clk)
Endpoint: _155_ (rising edge-triggered flip-flop clocked by clk)
Path Group: clk
Path Type: max

Fanout         Cap        Slew       Delay        Time   Description
---------------------------------------------------------------------------------------------
                                  0.000000    0.000000   clock clk (rise edge)
                                  0.000000    0.000000   clock network delay (propagated)
                                 10.000000   10.000000 ^ input external delay
     1    0.003475    0.036753    0.019361   10.019361 ^ rst_n (in)
                                                         rst_n (net)
                      0.036753    0.000000   10.019361 ^ input2/A (sky130_fd_sc_hd__buf_1)
     2    0.022903    0.436216    0.395088   10.414450 ^ input2/X (sky130_fd_sc_hd__buf_1)
                                                         net2 (net)
                      0.436225    0.001677   10.416127 ^ fanout34/A (sky130_fd_sc_hd__buf_2)
    10    0.038226    0.302850    0.518257   10.934383 ^ fanout34/X (sky130_fd_sc_hd__buf_2)
                                                         net34 (net)
                      0.302861    0.002137   10.936521 ^ _092_/C1 (sky130_fd_sc_hd__o211a_1)
     1    0.001894    0.068432    0.351198   11.287719 ^ _092_/X (sky130_fd_sc_hd__o211a_1)
                                                         _004_ (net)
                      0.068432    0.000053   11.287772 ^ _155_/D (sky130_fd_sc_hd__dfxtp_1)
                                             11.287772   data arrival time

                                 50.000000   50.000000   clock clk (rise edge)
                                  0.000000   50.000000   clock source latency
     1    0.017250    0.130942    0.088566   50.088566 ^ clk (in)
                                                         clk (net)
                      0.130946    0.000000   50.088566 ^ clkbuf_0_clk/A (sky130_fd_sc_hd__clkbuf_16)
     2    0.018808    0.065939    0.247802   50.336365 ^ clkbuf_0_clk/X (sky130_fd_sc_hd__clkbuf_16)
                                                         clknet_0_clk (net)
                      0.065939    0.000320   50.336685 ^ clkbuf_1_1__f_clk/A (sky130_fd_sc_hd__clkbuf_16)
    12    0.037572    0.091122    0.244491   50.581177 ^ clkbuf_1_1__f_clk/X (sky130_fd_sc_hd__clkbuf_16)
                                                         clknet_1_1__leaf_clk (net)
                      0.091131    0.000984   50.582161 ^ _155_/CLK (sky130_fd_sc_hd__dfxtp_1)
                                 -0.250000   50.332161   clock uncertainty
                                  0.000000   50.332161   clock reconvergence pessimism
                                 -0.124389   50.207771   library setup time
                                             50.207771   data required time
---------------------------------------------------------------------------------------------
                                             50.207771   data required time
                                            -11.287772   data arrival time
---------------------------------------------------------------------------------------------
                                             38.920002   slack (MET)


Startpoint: rst_n (input port clocked by clk)
Endpoint: _157_ (rising edge-triggered flip-flop clocked by clk)
Path Group: clk
Path Type: max

Fanout         Cap        Slew       Delay        Time   Description
---------------------------------------------------------------------------------------------
                                  0.000000    0.000000   clock clk (rise edge)
                                  0.000000    0.000000   clock network delay (propagated)
                                 10.000000   10.000000 ^ input external delay
     1    0.003475    0.036753    0.019361   10.019361 ^ rst_n (in)
                                                         rst_n (net)
                      0.036753    0.000000   10.019361 ^ input2/A (sky130_fd_sc_hd__buf_1)
     2    0.022903    0.436216    0.395088   10.414450 ^ input2/X (sky130_fd_sc_hd__buf_1)
                                                         net2 (net)
                      0.436225    0.001677   10.416127 ^ fanout34/A (sky130_fd_sc_hd__buf_2)
    10    0.038226    0.302850    0.518257   10.934383 ^ fanout34/X (sky130_fd_sc_hd__buf_2)
                                                         net34 (net)
                      0.302861    0.002182   10.936565 ^ _096_/C1 (sky130_fd_sc_hd__o211a_1)
     1    0.001899    0.067636    0.351261   11.287827 ^ _096_/X (sky130_fd_sc_hd__o211a_1)
                                                         _006_ (net)
                      0.067636    0.000053   11.287880 ^ _157_/D (sky130_fd_sc_hd__dfxtp_1)
                                             11.287880   data arrival time

                                 50.000000   50.000000   clock clk (rise edge)
                                  0.000000   50.000000   clock source latency
     1    0.017250    0.130942    0.088566   50.088566 ^ clk (in)
                                                         clk (net)
                      0.130946    0.000000   50.088566 ^ clkbuf_0_clk/A (sky130_fd_sc_hd__clkbuf_16)
     2    0.018808    0.065939    0.247802   50.336365 ^ clkbuf_0_clk/X (sky130_fd_sc_hd__clkbuf_16)
                                                         clknet_0_clk (net)
                      0.065939    0.000320   50.336685 ^ clkbuf_1_1__f_clk/A (sky130_fd_sc_hd__clkbuf_16)
    12    0.037572    0.091122    0.244491   50.581177 ^ clkbuf_1_1__f_clk/X (sky130_fd_sc_hd__clkbuf_16)
                                                         clknet_1_1__leaf_clk (net)
                      0.091134    0.001084   50.582260 ^ _157_/CLK (sky130_fd_sc_hd__dfxtp_1)
                                 -0.250000   50.332260   clock uncertainty
                                  0.000000   50.332260   clock reconvergence pessimism
                                 -0.124181   50.208076   library setup time
                                             50.208076   data required time
---------------------------------------------------------------------------------------------
                                             50.208076   data required time
                                            -11.287880   data arrival time
---------------------------------------------------------------------------------------------
                                             38.920197   slack (MET)


Startpoint: rst_n (input port clocked by clk)
Endpoint: _156_ (rising edge-triggered flip-flop clocked by clk)
Path Group: clk
Path Type: max

Fanout         Cap        Slew       Delay        Time   Description
---------------------------------------------------------------------------------------------
                                  0.000000    0.000000   clock clk (rise edge)
                                  0.000000    0.000000   clock network delay (propagated)
                                 10.000000   10.000000 ^ input external delay
     1    0.003475    0.036753    0.019361   10.019361 ^ rst_n (in)
                                                         rst_n (net)
                      0.036753    0.000000   10.019361 ^ input2/A (sky130_fd_sc_hd__buf_1)
     2    0.022903    0.436216    0.395088   10.414450 ^ input2/X (sky130_fd_sc_hd__buf_1)
                                                         net2 (net)
                      0.436225    0.001677   10.416127 ^ fanout34/A (sky130_fd_sc_hd__buf_2)
    10    0.038226    0.302850    0.518257   10.934383 ^ fanout34/X (sky130_fd_sc_hd__buf_2)
                                                         net34 (net)
                      0.302856    0.001809   10.936193 ^ _094_/C1 (sky130_fd_sc_hd__o211a_1)
     1    0.001876    0.067751    0.350957   11.287150 ^ _094_/X (sky130_fd_sc_hd__o211a_1)
                                                         _005_ (net)
                      0.067751    0.000053   11.287204 ^ _156_/D (sky130_fd_sc_hd__dfxtp_1)
                                             11.287204   data arrival time

                                 50.000000   50.000000   clock clk (rise edge)
                                  0.000000   50.000000   clock source latency
     1    0.017250    0.130942    0.088566   50.088566 ^ clk (in)
                                                         clk (net)
                      0.130946    0.000000   50.088566 ^ clkbuf_0_clk/A (sky130_fd_sc_hd__clkbuf_16)
     2    0.018808    0.065939    0.247802   50.336365 ^ clkbuf_0_clk/X (sky130_fd_sc_hd__clkbuf_16)
                                                         clknet_0_clk (net)
                      0.065939    0.000320   50.336685 ^ clkbuf_1_1__f_clk/A (sky130_fd_sc_hd__clkbuf_16)
    12    0.037572    0.091122    0.244491   50.581177 ^ clkbuf_1_1__f_clk/X (sky130_fd_sc_hd__clkbuf_16)
                                                         clknet_1_1__leaf_clk (net)
                      0.091128    0.000863   50.582039 ^ _156_/CLK (sky130_fd_sc_hd__dfxtp_1)
                                 -0.250000   50.332039   clock uncertainty
                                  0.000000   50.332039   clock reconvergence pessimism
                                 -0.124213   50.207825   library setup time
                                             50.207825   data required time
---------------------------------------------------------------------------------------------
                                             50.207825   data required time
                                            -11.287204   data arrival time
---------------------------------------------------------------------------------------------
                                             38.920624   slack (MET)


Startpoint: rst_n (input port clocked by clk)
Endpoint: _158_ (rising edge-triggered flip-flop clocked by clk)
Path Group: clk
Path Type: max

Fanout         Cap        Slew       Delay        Time   Description
---------------------------------------------------------------------------------------------
                                  0.000000    0.000000   clock clk (rise edge)
                                  0.000000    0.000000   clock network delay (propagated)
                                 10.000000   10.000000 ^ input external delay
     1    0.003475    0.036753    0.019361   10.019361 ^ rst_n (in)
                                                         rst_n (net)
                      0.036753    0.000000   10.019361 ^ input2/A (sky130_fd_sc_hd__buf_1)
     2    0.022903    0.436216    0.395088   10.414450 ^ input2/X (sky130_fd_sc_hd__buf_1)
                                                         net2 (net)
                      0.436225    0.001677   10.416127 ^ fanout34/A (sky130_fd_sc_hd__buf_2)
    10    0.038226    0.302850    0.518257   10.934383 ^ fanout34/X (sky130_fd_sc_hd__buf_2)
                                                         net34 (net)
                      0.302862    0.002215   10.936599 ^ _098_/C1 (sky130_fd_sc_hd__o211a_1)
     1    0.001846    0.067059    0.350565   11.287164 ^ _098_/X (sky130_fd_sc_hd__o211a_1)
                                                         _007_ (net)
                      0.067059    0.000036   11.287200 ^ _158_/D (sky130_fd_sc_hd__dfxtp_1)
                                             11.287200   data arrival time

                                 50.000000   50.000000   clock clk (rise edge)
                                  0.000000   50.000000   clock source latency
     1    0.017250    0.130942    0.088566   50.088566 ^ clk (in)
                                                         clk (net)
                      0.130946    0.000000   50.088566 ^ clkbuf_0_clk/A (sky130_fd_sc_hd__clkbuf_16)
     2    0.018808    0.065939    0.247802   50.336365 ^ clkbuf_0_clk/X (sky130_fd_sc_hd__clkbuf_16)
                                                         clknet_0_clk (net)
                      0.065939    0.000320   50.336685 ^ clkbuf_1_1__f_clk/A (sky130_fd_sc_hd__clkbuf_16)
    12    0.037572    0.091122    0.244491   50.581177 ^ clkbuf_1_1__f_clk/X (sky130_fd_sc_hd__clkbuf_16)
                                                         clknet_1_1__leaf_clk (net)
                      0.091135    0.001123   50.582298 ^ _158_/CLK (sky130_fd_sc_hd__dfxtp_1)
                                 -0.250000   50.332298   clock uncertainty
                                  0.000000   50.332298   clock reconvergence pessimism
                                 -0.124031   50.208267   library setup time
                                             50.208267   data required time
---------------------------------------------------------------------------------------------
                                             50.208267   data required time
                                            -11.287200   data arrival time
---------------------------------------------------------------------------------------------
                                             38.921066   slack (MET)


Startpoint: rst_n (input port clocked by clk)
Endpoint: _154_ (rising edge-triggered flip-flop clocked by clk)
Path Group: clk
Path Type: max

Fanout         Cap        Slew       Delay        Time   Description
---------------------------------------------------------------------------------------------
                                  0.000000    0.000000   clock clk (rise edge)
                                  0.000000    0.000000   clock network delay (propagated)
                                 10.000000   10.000000 ^ input external delay
     1    0.003475    0.036753    0.019361   10.019361 ^ rst_n (in)
                                                         rst_n (net)
                      0.036753    0.000000   10.019361 ^ input2/A (sky130_fd_sc_hd__buf_1)
     2    0.022903    0.436216    0.395088   10.414450 ^ input2/X (sky130_fd_sc_hd__buf_1)
                                                         net2 (net)
                      0.436225    0.001677   10.416127 ^ fanout34/A (sky130_fd_sc_hd__buf_2)
    10    0.038226    0.302850    0.518257   10.934383 ^ fanout34/X (sky130_fd_sc_hd__buf_2)
                                                         net34 (net)
                      0.302852    0.001409   10.935792 ^ _090_/C1 (sky130_fd_sc_hd__o211a_1)
     1    0.001778    0.066317    0.349655   11.285447 ^ _090_/X (sky130_fd_sc_hd__o211a_1)
                                                         _003_ (net)
                      0.066317    0.000050   11.285497 ^ _154_/D (sky130_fd_sc_hd__dfxtp_1)
                                             11.285497   data arrival time

                                 50.000000   50.000000   clock clk (rise edge)
                                  0.000000   50.000000   clock source latency
     1    0.017250    0.130942    0.088566   50.088566 ^ clk (in)
                                                         clk (net)
                      0.130946    0.000000   50.088566 ^ clkbuf_0_clk/A (sky130_fd_sc_hd__clkbuf_16)
     2    0.018808    0.065939    0.247802   50.336365 ^ clkbuf_0_clk/X (sky130_fd_sc_hd__clkbuf_16)
                                                         clknet_0_clk (net)
                      0.065939    0.000320   50.336685 ^ clkbuf_1_1__f_clk/A (sky130_fd_sc_hd__clkbuf_16)
    12    0.037572    0.091122    0.244491   50.581177 ^ clkbuf_1_1__f_clk/X (sky130_fd_sc_hd__clkbuf_16)
                                                         clknet_1_1__leaf_clk (net)
                      0.091126    0.000764   50.581940 ^ _154_/CLK (sky130_fd_sc_hd__dfxtp_1)
                                 -0.250000   50.331940   clock uncertainty
                                  0.000000   50.331940   clock reconvergence pessimism
                                 -0.123840   50.208099   library setup time
                                             50.208099   data required time
---------------------------------------------------------------------------------------------
                                             50.208099   data required time
                                            -11.285497   data arrival time
---------------------------------------------------------------------------------------------
                                             38.922600   slack (MET)



%OL_END_REPORT
%OL_CREATE_REPORT checks.rpt

===========================================================================
report_checks -unconstrained
===========================================================================
======================= nom_ss_100C_1v60 Corner ===================================

Startpoint: _152_ (rising edge-triggered flip-flop clocked by clk')
Endpoint: comparator_clk (output port clocked by clk)
Path Group: clk
Path Type: max

Fanout         Cap        Slew       Delay        Time   Description
---------------------------------------------------------------------------------------------
                                 25.000000   25.000000   clock clk' (rise edge)
                                  0.000000   25.000000   clock source latency
     1    0.016364    0.073471    0.050745   25.050745 v clk (in)
                                                         clk (net)
                      0.073477    0.000000   25.050745 v clkbuf_0_clk/A (sky130_fd_sc_hd__clkbuf_16)
     2    0.017036    0.054600    0.255234   25.305979 v clkbuf_0_clk/X (sky130_fd_sc_hd__clkbuf_16)
                                                         clknet_0_clk (net)
                      0.054600    0.000290   25.306269 v clkbuf_1_1__f_clk/A (sky130_fd_sc_hd__clkbuf_16)
    12    0.035921    0.072464    0.268720   25.574987 v clkbuf_1_1__f_clk/X (sky130_fd_sc_hd__clkbuf_16)
                                                         clknet_1_1__leaf_clk (net)
                      0.072467    0.000599   25.575586 v _083__1/A (sky130_fd_sc_hd__inv_2)
     1    0.002202    0.032677    0.064468   25.640055 ^ _083__1/Y (sky130_fd_sc_hd__inv_2)
                                                         net35 (net)
                      0.032677    0.000062   25.640116 ^ _152_/CLK (sky130_fd_sc_hd__dfxtp_1)
     3    0.014508    0.228659    0.731397   26.371513 ^ _152_/Q (sky130_fd_sc_hd__dfxtp_1)
                                                         net11 (net)
                      0.228659    0.000423   26.371937 ^ output11/A (sky130_fd_sc_hd__buf_2)
     1    0.035357    0.280583    0.423073   26.795010 ^ output11/X (sky130_fd_sc_hd__buf_2)
                                                         comparator_clk (net)
                      0.280583    0.000862   26.795872 ^ comparator_clk (out)
                                             26.795872   data arrival time

                                 50.000000   50.000000   clock clk (rise edge)
                                  0.000000   50.000000   clock network delay (propagated)
                                 -0.250000   49.749996   clock uncertainty
                                  0.000000   49.749996   clock reconvergence pessimism
                                -10.000000   39.749996   output external delay
                                             39.749996   data required time
---------------------------------------------------------------------------------------------
                                             39.749996   data required time
                                            -26.795872   data arrival time
---------------------------------------------------------------------------------------------
                                             12.954125   slack (MET)




===========================================================================
report_checks --slack_max -0.01
============================================================================
======================= nom_ss_100C_1v60 Corner ===================================

No paths found.


===========================================================================
 report_check_types -max_slew -max_cap -max_fanout -violators
============================================================================
======================= nom_ss_100C_1v60 Corner ===================================

max slew

Pin                                        Limit        Slew       Slack
------------------------------------------------------------------------
_085_/Y                                 0.750000    1.290406   -0.540406 (VIOLATED)
_089_/B                                 0.750000    1.290406   -0.540406 (VIOLATED)
_093_/B                                 0.750000    1.290406   -0.540406 (VIOLATED)
_101_/B                                 0.750000    1.290406   -0.540406 (VIOLATED)
max_cap29/A                             0.750000    1.290406   -0.540406 (VIOLATED)

max fanout

Pin                                   Limit Fanout  Slack
---------------------------------------------------------
clkbuf_1_1__f_clk/X                      10     12     -2 (VIOLATED)



===========================================================================
report_parasitic_annotation -report_unannotated
============================================================================
Found 1 unannotated drivers.
 clkload0/Y
Found 0 partially unannotated drivers.

===========================================================================
max slew violation count 5
%OL_METRIC_I design__max_slew_violation__count__corner:nom_ss_100C_1v60 5
max fanout violation count 1
%OL_METRIC_I design__max_fanout_violation__count__corner:nom_ss_100C_1v60 1
max cap violation count 0
%OL_METRIC_I design__max_cap_violation__count__corner:nom_ss_100C_1v60 0
============================================================================

===========================================================================
check_setup -verbose -unconstrained_endpoints -multiple_clock -no_clock -no_input_delay -loops -generated_clocks
===========================================================================
%OL_END_REPORT
%OL_CREATE_REPORT power.rpt

===========================================================================
 report_power
============================================================================
======================= nom_ss_100C_1v60 Corner ===================================

Group                    Internal    Switching      Leakage        Total
                            Power        Power        Power        Power (Watts)
------------------------------------------------------------------------
Sequential           1.332026e-05 4.077158e-07 2.895736e-07 1.401755e-05  43.5%
Combinational        1.226277e-06 2.454701e-06 5.838650e-07 4.264843e-06  13.2%
Clock                8.941075e-06 4.966615e-06 6.226641e-08 1.396996e-05  43.3%
Macro                0.000000e+00 0.000000e+00 0.000000e+00 0.000000e+00   0.0%
Pad                  0.000000e+00 0.000000e+00 0.000000e+00 0.000000e+00   0.0%
------------------------------------------------------------------------
Total                2.348762e-05 7.829033e-06 9.357047e-07 3.225236e-05 100.0%
                            72.8%        24.3%         2.9%
%OL_METRIC_F power__internal__total 2.3487618818762712e-5
%OL_METRIC_F power__switching__total 7.829033165762667e-6
%OL_METRIC_F power__leakage__total 9.357047474622959e-7
%OL_METRIC_F power__total 3.2252359233098105e-5

%OL_END_REPORT
%OL_CREATE_REPORT skew.min.rpt

===========================================================================
Clock Skew (Hold)
============================================================================
%OL_METRIC_F clock__skew__worst_hold__corner:nom_ss_100C_1v60 -0.25069488861076566
======================= nom_ss_100C_1v60 Corner ===================================

Clock clk
0.583153 source latency _169_/CLK ^
-0.583848 target latency _164_/CLK ^
-0.250000 clock uncertainty
0.000000 CRPR
--------------
-0.250695 hold skew

%OL_END_REPORT
%OL_CREATE_REPORT skew.max.rpt

===========================================================================
Clock Skew (Setup)
============================================================================
%OL_METRIC_F clock__skew__worst_setup__corner:nom_ss_100C_1v60 0.30853573347274776
======================= nom_ss_100C_1v60 Corner ===================================

Clock clk
0.640117 source latency _152_/CLK ^
-0.581582 target latency _165_/CLK ^
0.250000 clock uncertainty
0.000000 CRPR
--------------
0.308536 setup skew

%OL_END_REPORT
%OL_CREATE_REPORT ws.min.rpt

===========================================================================
Worst Slack (Hold)
============================================================================
%OL_METRIC_F timing__hold__ws__corner:nom_ss_100C_1v60 0.9855487815912582
nom_ss_100C_1v60: 0.9855487815912582
%OL_END_REPORT
%OL_CREATE_REPORT ws.max.rpt

===========================================================================
Worst Slack (Setup)
============================================================================
%OL_METRIC_F timing__setup__ws__corner:nom_ss_100C_1v60 12.954125250258155
nom_ss_100C_1v60: 12.954125250258155
%OL_END_REPORT
%OL_CREATE_REPORT tns.min.rpt

===========================================================================
Total Negative Slack (Hold)
============================================================================
%OL_METRIC_F timing__hold__tns__corner:nom_ss_100C_1v60 0.0
nom_ss_100C_1v60: 0.0
%OL_END_REPORT
%OL_CREATE_REPORT tns.max.rpt

===========================================================================
Total Negative Slack (Setup)
============================================================================
%OL_METRIC_F timing__setup__tns__corner:nom_ss_100C_1v60 0.0
nom_ss_100C_1v60: 0.0
%OL_END_REPORT
%OL_CREATE_REPORT wns.min.rpt

===========================================================================
Worst Negative Slack (Hold)
============================================================================
%OL_METRIC_F timing__hold__wns__corner:nom_ss_100C_1v60 0
nom_ss_100C_1v60: 0
%OL_END_REPORT
%OL_CREATE_REPORT wns.max.rpt

===========================================================================
Worst Negative Slack (Setup)
============================================================================
%OL_METRIC_F timing__setup__wns__corner:nom_ss_100C_1v60 0.0
nom_ss_100C_1v60: 0.0
%OL_END_REPORT
%OL_CREATE_REPORT violator_list.rpt

===========================================================================
Violator List
============================================================================
%OL_METRIC_I timing__hold_vio__count__corner:nom_ss_100C_1v60 0
%OL_METRIC_F timing__hold_r2r__ws__corner:nom_ss_100C_1v60 0.985549
%OL_METRIC_I timing__hold_r2r_vio__count__corner:nom_ss_100C_1v60 0
%OL_METRIC_I timing__setup_vio__count__corner:nom_ss_100C_1v60 0
%OL_METRIC_F timing__setup_r2r__ws__corner:nom_ss_100C_1v60 21.685246
%OL_METRIC_I timing__setup_r2r_vio__count__corner:nom_ss_100C_1v60 0
%OL_END_REPORT
%OL_CREATE_REPORT unpropagated.rpt
%OL_END_REPORT
%OL_CREATE_REPORT clock.rpt
Clock: clk
Sources: clk 
Generated: no
Virtual: yes
Propagated: no
Period: 50.000000

===========================================================================
report_clock_properties
============================================================================
Clock                   Period          Waveform
----------------------------------------------------
clk                  50.000000    0.000000 25.000000

===========================================================================
report_clock_latency
============================================================================
Clock clk
rise -> rise
    min     max
0.000000 0.000000 source latency
0.581582         network latency _165_/CLK
        0.583848 network latency _164_/CLK
---------------
0.581582 0.583848 latency
        0.002266 skew

rise -> fall
    min     max
0.000000 0.000000 source latency
0.639437         network latency _152_/CLK
        0.639437 network latency _152_/CLK
---------------
0.639437 0.639437 latency
        0.000000 skew

fall -> rise
    min     max
0.000000 0.000000 source latency
0.640117         network latency _152_/CLK
        0.640117 network latency _152_/CLK
---------------
0.640117 0.640117 latency
        0.000000 skew

fall -> fall
    min     max
0.000000 0.000000 source latency
0.575374         network latency _165_/CLK
        0.576557 network latency _164_/CLK
---------------
0.575374 0.576557 latency
        0.001183 skew



===========================================================================
report_clock_min_period
============================================================================
clk period_min = 4.43 fmax = 225.79
%OL_END_REPORT
Writing SDF files for all corners…
Removing Clock latencies before writing libs…
Writing timing models for all corners…
Writing timing models for the nom_ss_100C_1v60 corner to /home/dt/Documents/madvlsi/final/schematics/controller/librelane/runs/RUN_2025-12-16_17-02-26/54-openroad-stapostpnr/nom_ss_100C_1v60/controller__nom_ss_100C_1v60.lib…
