
===========================================================================
report_checks -path_delay min (Hold)
============================================================================
======================= min_ss_100C_1v60 Corner ===================================

Startpoint: _166_ (rising edge-triggered flip-flop clocked by clk)
Endpoint: _158_ (rising edge-triggered flip-flop clocked by clk)
Path Group: clk
Path Type: min

Fanout         Cap        Slew       Delay        Time   Description
---------------------------------------------------------------------------------------------
                                  0.000000    0.000000   clock clk (rise edge)
                                  0.000000    0.000000   clock source latency
     1    0.016623    0.126597    0.085343    0.085343 ^ clk (in)
                                                         clk (net)
                      0.126598    0.000000    0.085343 ^ clkbuf_0_clk/A (sky130_fd_sc_hd__clkbuf_16)
     2    0.018507    0.065560    0.245451    0.330794 ^ clkbuf_0_clk/X (sky130_fd_sc_hd__clkbuf_16)
                                                         clknet_0_clk (net)
                      0.065560    0.000096    0.330890 ^ clkbuf_1_1__f_clk/A (sky130_fd_sc_hd__clkbuf_16)
    12    0.036212    0.089056    0.242642    0.573532 ^ clkbuf_1_1__f_clk/X (sky130_fd_sc_hd__clkbuf_16)
                                                         clknet_1_1__leaf_clk (net)
                      0.089056    0.000239    0.573771 ^ _166_/CLK (sky130_fd_sc_hd__dfxtp_1)
     3    0.019181    0.179549    0.694863    1.268633 v _166_/Q (sky130_fd_sc_hd__dfxtp_1)
                                                         net17 (net)
                      0.179549    0.000273    1.268906 v _098_/A1 (sky130_fd_sc_hd__o211a_1)
     1    0.001895    0.051408    0.433779    1.702685 v _098_/X (sky130_fd_sc_hd__o211a_1)
                                                         _007_ (net)
                      0.051408    0.000008    1.702694 v _158_/D (sky130_fd_sc_hd__dfxtp_1)
                                              1.702694   data arrival time

                                  0.000000    0.000000   clock clk (rise edge)
                                  0.000000    0.000000   clock source latency
     1    0.016623    0.126597    0.085343    0.085343 ^ clk (in)
                                                         clk (net)
                      0.126598    0.000000    0.085343 ^ clkbuf_0_clk/A (sky130_fd_sc_hd__clkbuf_16)
     2    0.018507    0.065560    0.245451    0.330794 ^ clkbuf_0_clk/X (sky130_fd_sc_hd__clkbuf_16)
                                                         clknet_0_clk (net)
                      0.065560    0.000096    0.330890 ^ clkbuf_1_1__f_clk/A (sky130_fd_sc_hd__clkbuf_16)
    12    0.036212    0.089056    0.242642    0.573532 ^ clkbuf_1_1__f_clk/X (sky130_fd_sc_hd__clkbuf_16)
                                                         clknet_1_1__leaf_clk (net)
                      0.089058    0.000585    0.574117 ^ _158_/CLK (sky130_fd_sc_hd__dfxtp_1)
                                  0.250000    0.824117   clock uncertainty
                                  0.000000    0.824117   clock reconvergence pessimism
                                 -0.093531    0.730586   library hold time
                                              0.730586   data required time
---------------------------------------------------------------------------------------------
                                              0.730586   data required time
                                             -1.702694   data arrival time
---------------------------------------------------------------------------------------------
                                              0.972108   slack (MET)


Startpoint: _165_ (rising edge-triggered flip-flop clocked by clk)
Endpoint: _157_ (rising edge-triggered flip-flop clocked by clk)
Path Group: clk
Path Type: min

Fanout         Cap        Slew       Delay        Time   Description
---------------------------------------------------------------------------------------------
                                  0.000000    0.000000   clock clk (rise edge)
                                  0.000000    0.000000   clock source latency
     1    0.016623    0.126597    0.085343    0.085343 ^ clk (in)
                                                         clk (net)
                      0.126598    0.000000    0.085343 ^ clkbuf_0_clk/A (sky130_fd_sc_hd__clkbuf_16)
     2    0.018507    0.065560    0.245451    0.330794 ^ clkbuf_0_clk/X (sky130_fd_sc_hd__clkbuf_16)
                                                         clknet_0_clk (net)
                      0.065560    0.000096    0.330890 ^ clkbuf_1_1__f_clk/A (sky130_fd_sc_hd__clkbuf_16)
    12    0.036212    0.089056    0.242642    0.573532 ^ clkbuf_1_1__f_clk/X (sky130_fd_sc_hd__clkbuf_16)
                                                         clknet_1_1__leaf_clk (net)
                      0.089056    0.000091    0.573623 ^ _165_/CLK (sky130_fd_sc_hd__dfxtp_1)
     3    0.019606    0.183167    0.697428    1.271051 v _165_/Q (sky130_fd_sc_hd__dfxtp_1)
                                                         net16 (net)
                      0.183167    0.000140    1.271191 v _096_/A1 (sky130_fd_sc_hd__o211a_1)
     1    0.001950    0.050474    0.435897    1.707088 v _096_/X (sky130_fd_sc_hd__o211a_1)
                                                         _006_ (net)
                      0.050474    0.000017    1.707106 v _157_/D (sky130_fd_sc_hd__dfxtp_1)
                                              1.707106   data arrival time

                                  0.000000    0.000000   clock clk (rise edge)
                                  0.000000    0.000000   clock source latency
     1    0.016623    0.126597    0.085343    0.085343 ^ clk (in)
                                                         clk (net)
                      0.126598    0.000000    0.085343 ^ clkbuf_0_clk/A (sky130_fd_sc_hd__clkbuf_16)
     2    0.018507    0.065560    0.245451    0.330794 ^ clkbuf_0_clk/X (sky130_fd_sc_hd__clkbuf_16)
                                                         clknet_0_clk (net)
                      0.065560    0.000096    0.330890 ^ clkbuf_1_1__f_clk/A (sky130_fd_sc_hd__clkbuf_16)
    12    0.036212    0.089056    0.242642    0.573532 ^ clkbuf_1_1__f_clk/X (sky130_fd_sc_hd__clkbuf_16)
                                                         clknet_1_1__leaf_clk (net)
                      0.089057    0.000553    0.574085 ^ _157_/CLK (sky130_fd_sc_hd__dfxtp_1)
                                  0.250000    0.824085   clock uncertainty
                                  0.000000    0.824085   clock reconvergence pessimism
                                 -0.093178    0.730907   library hold time
                                              0.730907   data required time
---------------------------------------------------------------------------------------------
                                              0.730907   data required time
                                             -1.707106   data arrival time
---------------------------------------------------------------------------------------------
                                              0.976198   slack (MET)


Startpoint: _162_ (rising edge-triggered flip-flop clocked by clk)
Endpoint: _154_ (rising edge-triggered flip-flop clocked by clk)
Path Group: clk
Path Type: min

Fanout         Cap        Slew       Delay        Time   Description
---------------------------------------------------------------------------------------------
                                  0.000000    0.000000   clock clk (rise edge)
                                  0.000000    0.000000   clock source latency
     1    0.016623    0.126597    0.085343    0.085343 ^ clk (in)
                                                         clk (net)
                      0.126598    0.000000    0.085343 ^ clkbuf_0_clk/A (sky130_fd_sc_hd__clkbuf_16)
     2    0.018507    0.065560    0.245451    0.330794 ^ clkbuf_0_clk/X (sky130_fd_sc_hd__clkbuf_16)
                                                         clknet_0_clk (net)
                      0.065560    0.000096    0.330890 ^ clkbuf_1_1__f_clk/A (sky130_fd_sc_hd__clkbuf_16)
    12    0.036212    0.089056    0.242642    0.573532 ^ clkbuf_1_1__f_clk/X (sky130_fd_sc_hd__clkbuf_16)
                                                         clknet_1_1__leaf_clk (net)
                      0.089056    0.000325    0.573857 ^ _162_/CLK (sky130_fd_sc_hd__dfxtp_1)
     3    0.020048    0.186919    0.700106    1.273962 v _162_/Q (sky130_fd_sc_hd__dfxtp_1)
                                                         net13 (net)
                      0.186919    0.000116    1.274079 v _090_/A1 (sky130_fd_sc_hd__o211a_1)
     1    0.001837    0.049508    0.435992    1.710071 v _090_/X (sky130_fd_sc_hd__o211a_1)
                                                         _003_ (net)
                      0.049508    0.000015    1.710086 v _154_/D (sky130_fd_sc_hd__dfxtp_1)
                                              1.710086   data arrival time

                                  0.000000    0.000000   clock clk (rise edge)
                                  0.000000    0.000000   clock source latency
     1    0.016623    0.126597    0.085343    0.085343 ^ clk (in)
                                                         clk (net)
                      0.126598    0.000000    0.085343 ^ clkbuf_0_clk/A (sky130_fd_sc_hd__clkbuf_16)
     2    0.018507    0.065560    0.245451    0.330794 ^ clkbuf_0_clk/X (sky130_fd_sc_hd__clkbuf_16)
                                                         clknet_0_clk (net)
                      0.065560    0.000096    0.330890 ^ clkbuf_1_1__f_clk/A (sky130_fd_sc_hd__clkbuf_16)
    12    0.036212    0.089056    0.242642    0.573532 ^ clkbuf_1_1__f_clk/X (sky130_fd_sc_hd__clkbuf_16)
                                                         clknet_1_1__leaf_clk (net)
                      0.089056    0.000311    0.573843 ^ _154_/CLK (sky130_fd_sc_hd__dfxtp_1)
                                  0.250000    0.823843   clock uncertainty
                                  0.000000    0.823843   clock reconvergence pessimism
                                 -0.092813    0.731030   library hold time
                                              0.731030   data required time
---------------------------------------------------------------------------------------------
                                              0.731030   data required time
                                             -1.710086   data arrival time
---------------------------------------------------------------------------------------------
                                              0.979057   slack (MET)


Startpoint: _153_ (rising edge-triggered flip-flop clocked by clk)
Endpoint: _153_ (rising edge-triggered flip-flop clocked by clk)
Path Group: clk
Path Type: min

Fanout         Cap        Slew       Delay        Time   Description
---------------------------------------------------------------------------------------------
                                  0.000000    0.000000   clock clk (rise edge)
                                  0.000000    0.000000   clock source latency
     1    0.016623    0.126597    0.085343    0.085343 ^ clk (in)
                                                         clk (net)
                      0.126598    0.000000    0.085343 ^ clkbuf_0_clk/A (sky130_fd_sc_hd__clkbuf_16)
     2    0.018507    0.065560    0.245451    0.330794 ^ clkbuf_0_clk/X (sky130_fd_sc_hd__clkbuf_16)
                                                         clknet_0_clk (net)
                      0.065560    0.000096    0.330890 ^ clkbuf_1_1__f_clk/A (sky130_fd_sc_hd__clkbuf_16)
    12    0.036212    0.089056    0.242642    0.573532 ^ clkbuf_1_1__f_clk/X (sky130_fd_sc_hd__clkbuf_16)
                                                         clknet_1_1__leaf_clk (net)
                      0.089056    0.000379    0.573911 ^ _153_/CLK (sky130_fd_sc_hd__dfxtp_1)
     2    0.007278    0.128479    0.681431    1.255342 ^ _153_/Q (sky130_fd_sc_hd__dfxtp_1)
                                                         net3 (net)
                      0.128479    0.000018    1.255360 ^ _087_/A (sky130_fd_sc_hd__or2_1)
     1    0.003720    0.077514    0.198689    1.454049 ^ _087_/X (sky130_fd_sc_hd__or2_1)
                                                         _051_ (net)
                      0.077514    0.000046    1.454095 ^ _088_/B1 (sky130_fd_sc_hd__o211a_1)
     1    0.002085    0.065628    0.288580    1.742675 ^ _088_/X (sky130_fd_sc_hd__o211a_1)
                                                         _002_ (net)
                      0.065628    0.000020    1.742695 ^ _153_/D (sky130_fd_sc_hd__dfxtp_1)
                                              1.742695   data arrival time

                                  0.000000    0.000000   clock clk (rise edge)
                                  0.000000    0.000000   clock source latency
     1    0.016623    0.126597    0.085343    0.085343 ^ clk (in)
                                                         clk (net)
                      0.126598    0.000000    0.085343 ^ clkbuf_0_clk/A (sky130_fd_sc_hd__clkbuf_16)
     2    0.018507    0.065560    0.245451    0.330794 ^ clkbuf_0_clk/X (sky130_fd_sc_hd__clkbuf_16)
                                                         clknet_0_clk (net)
                      0.065560    0.000096    0.330890 ^ clkbuf_1_1__f_clk/A (sky130_fd_sc_hd__clkbuf_16)
    12    0.036212    0.089056    0.242642    0.573532 ^ clkbuf_1_1__f_clk/X (sky130_fd_sc_hd__clkbuf_16)
                                                         clknet_1_1__leaf_clk (net)
                      0.089056    0.000379    0.573911 ^ _153_/CLK (sky130_fd_sc_hd__dfxtp_1)
                                  0.250000    0.823911   clock uncertainty
                                  0.000000    0.823911   clock reconvergence pessimism
                                 -0.067975    0.755936   library hold time
                                              0.755936   data required time
---------------------------------------------------------------------------------------------
                                              0.755936   data required time
                                             -1.742695   data arrival time
---------------------------------------------------------------------------------------------
                                              0.986759   slack (MET)


Startpoint: _162_ (rising edge-triggered flip-flop clocked by clk)
Endpoint: _162_ (rising edge-triggered flip-flop clocked by clk)
Path Group: clk
Path Type: min

Fanout         Cap        Slew       Delay        Time   Description
---------------------------------------------------------------------------------------------
                                  0.000000    0.000000   clock clk (rise edge)
                                  0.000000    0.000000   clock source latency
     1    0.016623    0.126597    0.085343    0.085343 ^ clk (in)
                                                         clk (net)
                      0.126598    0.000000    0.085343 ^ clkbuf_0_clk/A (sky130_fd_sc_hd__clkbuf_16)
     2    0.018507    0.065560    0.245451    0.330794 ^ clkbuf_0_clk/X (sky130_fd_sc_hd__clkbuf_16)
                                                         clknet_0_clk (net)
                      0.065560    0.000096    0.330890 ^ clkbuf_1_1__f_clk/A (sky130_fd_sc_hd__clkbuf_16)
    12    0.036212    0.089056    0.242642    0.573532 ^ clkbuf_1_1__f_clk/X (sky130_fd_sc_hd__clkbuf_16)
                                                         clknet_1_1__leaf_clk (net)
                      0.089056    0.000325    0.573857 ^ _162_/CLK (sky130_fd_sc_hd__dfxtp_1)
     3    0.020048    0.186919    0.700106    1.273962 v _162_/Q (sky130_fd_sc_hd__dfxtp_1)
                                                         net13 (net)
                      0.186919    0.000475    1.274438 v _080_/A (sky130_fd_sc_hd__inv_2)
     2    0.006083    0.077564    0.133484    1.407922 ^ _080_/Y (sky130_fd_sc_hd__inv_2)
                                                         net21 (net)
                      0.077564    0.000058    1.407980 ^ _116_/B1 (sky130_fd_sc_hd__a21o_1)
     1    0.003601    0.067215    0.149739    1.557720 ^ _116_/X (sky130_fd_sc_hd__a21o_1)
                                                         _071_ (net)
                      0.067215    0.000046    1.557765 ^ _120_/A1 (sky130_fd_sc_hd__a31oi_1)
     1    0.002898    0.072629    0.156475    1.714240 v _120_/Y (sky130_fd_sc_hd__a31oi_1)
                                                         _011_ (net)
                      0.072629    0.000034    1.714275 v _162_/D (sky130_fd_sc_hd__dfxtp_1)
                                              1.714275   data arrival time

                                  0.000000    0.000000   clock clk (rise edge)
                                  0.000000    0.000000   clock source latency
     1    0.016623    0.126597    0.085343    0.085343 ^ clk (in)
                                                         clk (net)
                      0.126598    0.000000    0.085343 ^ clkbuf_0_clk/A (sky130_fd_sc_hd__clkbuf_16)
     2    0.018507    0.065560    0.245451    0.330794 ^ clkbuf_0_clk/X (sky130_fd_sc_hd__clkbuf_16)
                                                         clknet_0_clk (net)
                      0.065560    0.000096    0.330890 ^ clkbuf_1_1__f_clk/A (sky130_fd_sc_hd__clkbuf_16)
    12    0.036212    0.089056    0.242642    0.573532 ^ clkbuf_1_1__f_clk/X (sky130_fd_sc_hd__clkbuf_16)
                                                         clknet_1_1__leaf_clk (net)
                      0.089056    0.000325    0.573857 ^ _162_/CLK (sky130_fd_sc_hd__dfxtp_1)
                                  0.250000    0.823857   clock uncertainty
                                  0.000000    0.823857   clock reconvergence pessimism
                                 -0.101552    0.722304   library hold time
                                              0.722304   data required time
---------------------------------------------------------------------------------------------
                                              0.722304   data required time
                                             -1.714275   data arrival time
---------------------------------------------------------------------------------------------
                                              0.991970   slack (MET)


Startpoint: _167_ (rising edge-triggered flip-flop clocked by clk)
Endpoint: _159_ (rising edge-triggered flip-flop clocked by clk)
Path Group: clk
Path Type: min

Fanout         Cap        Slew       Delay        Time   Description
---------------------------------------------------------------------------------------------
                                  0.000000    0.000000   clock clk (rise edge)
                                  0.000000    0.000000   clock source latency
     1    0.016623    0.126597    0.085343    0.085343 ^ clk (in)
                                                         clk (net)
                      0.126598    0.000000    0.085343 ^ clkbuf_0_clk/A (sky130_fd_sc_hd__clkbuf_16)
     2    0.018507    0.065560    0.245451    0.330794 ^ clkbuf_0_clk/X (sky130_fd_sc_hd__clkbuf_16)
                                                         clknet_0_clk (net)
                      0.065560    0.000129    0.330923 ^ clkbuf_1_0__f_clk/A (sky130_fd_sc_hd__clkbuf_16)
    10    0.037074    0.090313    0.243799    0.574722 ^ clkbuf_1_0__f_clk/X (sky130_fd_sc_hd__clkbuf_16)
                                                         clknet_1_0__leaf_clk (net)
                      0.090313    0.000212    0.574934 ^ _167_/CLK (sky130_fd_sc_hd__dfxtp_1)
     4    0.020795    0.193202    0.705392    1.280326 v _167_/Q (sky130_fd_sc_hd__dfxtp_1)
                                                         net18 (net)
                      0.193203    0.000733    1.281059 v _100_/A1 (sky130_fd_sc_hd__o211a_1)
     1    0.002119    0.051916    0.442007    1.723067 v _100_/X (sky130_fd_sc_hd__o211a_1)
                                                         _008_ (net)
                      0.051916    0.000020    1.723087 v _159_/D (sky130_fd_sc_hd__dfxtp_1)
                                              1.723087   data arrival time

                                  0.000000    0.000000   clock clk (rise edge)
                                  0.000000    0.000000   clock source latency
     1    0.016623    0.126597    0.085343    0.085343 ^ clk (in)
                                                         clk (net)
                      0.126598    0.000000    0.085343 ^ clkbuf_0_clk/A (sky130_fd_sc_hd__clkbuf_16)
     2    0.018507    0.065560    0.245451    0.330794 ^ clkbuf_0_clk/X (sky130_fd_sc_hd__clkbuf_16)
                                                         clknet_0_clk (net)
                      0.065560    0.000096    0.330890 ^ clkbuf_1_1__f_clk/A (sky130_fd_sc_hd__clkbuf_16)
    12    0.036212    0.089056    0.242642    0.573532 ^ clkbuf_1_1__f_clk/X (sky130_fd_sc_hd__clkbuf_16)
                                                         clknet_1_1__leaf_clk (net)
                      0.089058    0.000588    0.574119 ^ _159_/CLK (sky130_fd_sc_hd__dfxtp_1)
                                  0.250000    0.824119   clock uncertainty
                                  0.000000    0.824119   clock reconvergence pessimism
                                 -0.093723    0.730397   library hold time
                                              0.730397   data required time
---------------------------------------------------------------------------------------------
                                              0.730397   data required time
                                             -1.723087   data arrival time
---------------------------------------------------------------------------------------------
                                              0.992690   slack (MET)


Startpoint: _164_ (rising edge-triggered flip-flop clocked by clk)
Endpoint: _156_ (rising edge-triggered flip-flop clocked by clk)
Path Group: clk
Path Type: min

Fanout         Cap        Slew       Delay        Time   Description
---------------------------------------------------------------------------------------------
                                  0.000000    0.000000   clock clk (rise edge)
                                  0.000000    0.000000   clock source latency
     1    0.016623    0.126597    0.085343    0.085343 ^ clk (in)
                                                         clk (net)
                      0.126598    0.000000    0.085343 ^ clkbuf_0_clk/A (sky130_fd_sc_hd__clkbuf_16)
     2    0.018507    0.065560    0.245451    0.330794 ^ clkbuf_0_clk/X (sky130_fd_sc_hd__clkbuf_16)
                                                         clknet_0_clk (net)
                      0.065560    0.000129    0.330923 ^ clkbuf_1_0__f_clk/A (sky130_fd_sc_hd__clkbuf_16)
    10    0.037074    0.090313    0.243799    0.574722 ^ clkbuf_1_0__f_clk/X (sky130_fd_sc_hd__clkbuf_16)
                                                         clknet_1_0__leaf_clk (net)
                      0.090320    0.000847    0.575569 ^ _164_/CLK (sky130_fd_sc_hd__dfxtp_1)
     3    0.023403    0.215250    0.721536    1.297105 v _164_/Q (sky130_fd_sc_hd__dfxtp_1)
                                                         net15 (net)
                      0.215254    0.001258    1.298363 v _094_/A1 (sky130_fd_sc_hd__o211a_1)
     1    0.001928    0.050290    0.448458    1.746822 v _094_/X (sky130_fd_sc_hd__o211a_1)
                                                         _005_ (net)
                      0.050290    0.000017    1.746838 v _156_/D (sky130_fd_sc_hd__dfxtp_1)
                                              1.746838   data arrival time

                                  0.000000    0.000000   clock clk (rise edge)
                                  0.000000    0.000000   clock source latency
     1    0.016623    0.126597    0.085343    0.085343 ^ clk (in)
                                                         clk (net)
                      0.126598    0.000000    0.085343 ^ clkbuf_0_clk/A (sky130_fd_sc_hd__clkbuf_16)
     2    0.018507    0.065560    0.245451    0.330794 ^ clkbuf_0_clk/X (sky130_fd_sc_hd__clkbuf_16)
                                                         clknet_0_clk (net)
                      0.065560    0.000096    0.330890 ^ clkbuf_1_1__f_clk/A (sky130_fd_sc_hd__clkbuf_16)
    12    0.036212    0.089056    0.242642    0.573532 ^ clkbuf_1_1__f_clk/X (sky130_fd_sc_hd__clkbuf_16)
                                                         clknet_1_1__leaf_clk (net)
                      0.089056    0.000383    0.573915 ^ _156_/CLK (sky130_fd_sc_hd__dfxtp_1)
                                  0.250000    0.823915   clock uncertainty
                                  0.000000    0.823915   clock reconvergence pessimism
                                 -0.093109    0.730807   library hold time
                                              0.730807   data required time
---------------------------------------------------------------------------------------------
                                              0.730807   data required time
                                             -1.746838   data arrival time
---------------------------------------------------------------------------------------------
                                              1.016032   slack (MET)


Startpoint: _166_ (rising edge-triggered flip-flop clocked by clk)
Endpoint: _166_ (rising edge-triggered flip-flop clocked by clk)
Path Group: clk
Path Type: min

Fanout         Cap        Slew       Delay        Time   Description
---------------------------------------------------------------------------------------------
                                  0.000000    0.000000   clock clk (rise edge)
                                  0.000000    0.000000   clock source latency
     1    0.016623    0.126597    0.085343    0.085343 ^ clk (in)
                                                         clk (net)
                      0.126598    0.000000    0.085343 ^ clkbuf_0_clk/A (sky130_fd_sc_hd__clkbuf_16)
     2    0.018507    0.065560    0.245451    0.330794 ^ clkbuf_0_clk/X (sky130_fd_sc_hd__clkbuf_16)
                                                         clknet_0_clk (net)
                      0.065560    0.000096    0.330890 ^ clkbuf_1_1__f_clk/A (sky130_fd_sc_hd__clkbuf_16)
    12    0.036212    0.089056    0.242642    0.573532 ^ clkbuf_1_1__f_clk/X (sky130_fd_sc_hd__clkbuf_16)
                                                         clknet_1_1__leaf_clk (net)
                      0.089056    0.000239    0.573771 ^ _166_/CLK (sky130_fd_sc_hd__dfxtp_1)
     3    0.019181    0.179549    0.694863    1.268633 v _166_/Q (sky130_fd_sc_hd__dfxtp_1)
                                                         net17 (net)
                      0.179549    0.000298    1.268931 v _076_/A (sky130_fd_sc_hd__inv_2)
     2    0.012753    0.112888    0.166625    1.435556 ^ _076_/Y (sky130_fd_sc_hd__inv_2)
                                                         net25 (net)
                      0.112888    0.000263    1.435819 ^ _134_/B1 (sky130_fd_sc_hd__a21o_1)
     1    0.002776    0.060106    0.155937    1.591756 ^ _134_/X (sky130_fd_sc_hd__a21o_1)
                                                         _035_ (net)
                      0.060106    0.000014    1.591770 ^ _137_/A1 (sky130_fd_sc_hd__a31oi_1)
     1    0.002672    0.071213    0.149991    1.741762 v _137_/Y (sky130_fd_sc_hd__a31oi_1)
                                                         _015_ (net)
                      0.071213    0.000031    1.741793 v _166_/D (sky130_fd_sc_hd__dfxtp_1)
                                              1.741793   data arrival time

                                  0.000000    0.000000   clock clk (rise edge)
                                  0.000000    0.000000   clock source latency
     1    0.016623    0.126597    0.085343    0.085343 ^ clk (in)
                                                         clk (net)
                      0.126598    0.000000    0.085343 ^ clkbuf_0_clk/A (sky130_fd_sc_hd__clkbuf_16)
     2    0.018507    0.065560    0.245451    0.330794 ^ clkbuf_0_clk/X (sky130_fd_sc_hd__clkbuf_16)
                                                         clknet_0_clk (net)
                      0.065560    0.000096    0.330890 ^ clkbuf_1_1__f_clk/A (sky130_fd_sc_hd__clkbuf_16)
    12    0.036212    0.089056    0.242642    0.573532 ^ clkbuf_1_1__f_clk/X (sky130_fd_sc_hd__clkbuf_16)
                                                         clknet_1_1__leaf_clk (net)
                      0.089056    0.000239    0.573771 ^ _166_/CLK (sky130_fd_sc_hd__dfxtp_1)
                                  0.250000    0.823771   clock uncertainty
                                  0.000000    0.823771   clock reconvergence pessimism
                                 -0.101017    0.722754   library hold time
                                              0.722754   data required time
---------------------------------------------------------------------------------------------
                                              0.722754   data required time
                                             -1.741793   data arrival time
---------------------------------------------------------------------------------------------
                                              1.019039   slack (MET)


Startpoint: _169_ (rising edge-triggered flip-flop clocked by clk)
Endpoint: _169_ (rising edge-triggered flip-flop clocked by clk)
Path Group: clk
Path Type: min

Fanout         Cap        Slew       Delay        Time   Description
---------------------------------------------------------------------------------------------
                                  0.000000    0.000000   clock clk (rise edge)
                                  0.000000    0.000000   clock source latency
     1    0.016623    0.126597    0.085343    0.085343 ^ clk (in)
                                                         clk (net)
                      0.126598    0.000000    0.085343 ^ clkbuf_0_clk/A (sky130_fd_sc_hd__clkbuf_16)
     2    0.018507    0.065560    0.245451    0.330794 ^ clkbuf_0_clk/X (sky130_fd_sc_hd__clkbuf_16)
                                                         clknet_0_clk (net)
                      0.065560    0.000129    0.330923 ^ clkbuf_1_0__f_clk/A (sky130_fd_sc_hd__clkbuf_16)
    10    0.037074    0.090313    0.243799    0.574722 ^ clkbuf_1_0__f_clk/X (sky130_fd_sc_hd__clkbuf_16)
                                                         clknet_1_0__leaf_clk (net)
                      0.090313    0.000339    0.575061 ^ _169_/CLK (sky130_fd_sc_hd__dfxtp_1)
     4    0.010835    0.112135    0.641407    1.216469 v _169_/Q (sky130_fd_sc_hd__dfxtp_1)
                                                         count[0] (net)
                      0.112135    0.000138    1.216606 v _105_/B (sky130_fd_sc_hd__nand2_1)
     5    0.015549    0.236631    0.246930    1.463537 ^ _105_/Y (sky130_fd_sc_hd__nand2_1)
                                                         _061_ (net)
                      0.236631    0.000120    1.463657 ^ _145_/B (sky130_fd_sc_hd__and3_1)
     1    0.001864    0.076713    0.335284    1.798941 ^ _145_/X (sky130_fd_sc_hd__and3_1)
                                                         _018_ (net)
                      0.076713    0.000016    1.798957 ^ _169_/D (sky130_fd_sc_hd__dfxtp_1)
                                              1.798957   data arrival time

                                  0.000000    0.000000   clock clk (rise edge)
                                  0.000000    0.000000   clock source latency
     1    0.016623    0.126597    0.085343    0.085343 ^ clk (in)
                                                         clk (net)
                      0.126598    0.000000    0.085343 ^ clkbuf_0_clk/A (sky130_fd_sc_hd__clkbuf_16)
     2    0.018507    0.065560    0.245451    0.330794 ^ clkbuf_0_clk/X (sky130_fd_sc_hd__clkbuf_16)
                                                         clknet_0_clk (net)
                      0.065560    0.000129    0.330923 ^ clkbuf_1_0__f_clk/A (sky130_fd_sc_hd__clkbuf_16)
    10    0.037074    0.090313    0.243799    0.574722 ^ clkbuf_1_0__f_clk/X (sky130_fd_sc_hd__clkbuf_16)
                                                         clknet_1_0__leaf_clk (net)
                      0.090313    0.000339    0.575061 ^ _169_/CLK (sky130_fd_sc_hd__dfxtp_1)
                                  0.250000    0.825061   clock uncertainty
                                  0.000000    0.825061   clock reconvergence pessimism
                                 -0.070353    0.754708   library hold time
                                              0.754708   data required time
---------------------------------------------------------------------------------------------
                                              0.754708   data required time
                                             -1.798957   data arrival time
---------------------------------------------------------------------------------------------
                                              1.044249   slack (MET)


Startpoint: _165_ (rising edge-triggered flip-flop clocked by clk)
Endpoint: _165_ (rising edge-triggered flip-flop clocked by clk)
Path Group: clk
Path Type: min

Fanout         Cap        Slew       Delay        Time   Description
---------------------------------------------------------------------------------------------
                                  0.000000    0.000000   clock clk (rise edge)
                                  0.000000    0.000000   clock source latency
     1    0.016623    0.126597    0.085343    0.085343 ^ clk (in)
                                                         clk (net)
                      0.126598    0.000000    0.085343 ^ clkbuf_0_clk/A (sky130_fd_sc_hd__clkbuf_16)
     2    0.018507    0.065560    0.245451    0.330794 ^ clkbuf_0_clk/X (sky130_fd_sc_hd__clkbuf_16)
                                                         clknet_0_clk (net)
                      0.065560    0.000096    0.330890 ^ clkbuf_1_1__f_clk/A (sky130_fd_sc_hd__clkbuf_16)
    12    0.036212    0.089056    0.242642    0.573532 ^ clkbuf_1_1__f_clk/X (sky130_fd_sc_hd__clkbuf_16)
                                                         clknet_1_1__leaf_clk (net)
                      0.089056    0.000091    0.573623 ^ _165_/CLK (sky130_fd_sc_hd__dfxtp_1)
     3    0.019606    0.183167    0.697428    1.271051 v _165_/Q (sky130_fd_sc_hd__dfxtp_1)
                                                         net16 (net)
                      0.183167    0.000260    1.271311 v _077_/A (sky130_fd_sc_hd__inv_2)
     2    0.009067    0.092422    0.148172    1.419483 ^ _077_/Y (sky130_fd_sc_hd__inv_2)
                                                         net24 (net)
                      0.092422    0.000129    1.419612 ^ _132_/B1 (sky130_fd_sc_hd__a21o_1)
     1    0.003651    0.067953    0.156410    1.576022 ^ _132_/X (sky130_fd_sc_hd__a21o_1)
                                                         _034_ (net)
                      0.067953    0.000044    1.576066 ^ _133_/A3 (sky130_fd_sc_hd__a31oi_1)
     1    0.003519    0.076274    0.194279    1.770345 v _133_/Y (sky130_fd_sc_hd__a31oi_1)
                                                         _014_ (net)
                      0.076274    0.000037    1.770383 v _165_/D (sky130_fd_sc_hd__dfxtp_1)
                                              1.770383   data arrival time

                                  0.000000    0.000000   clock clk (rise edge)
                                  0.000000    0.000000   clock source latency
     1    0.016623    0.126597    0.085343    0.085343 ^ clk (in)
                                                         clk (net)
                      0.126598    0.000000    0.085343 ^ clkbuf_0_clk/A (sky130_fd_sc_hd__clkbuf_16)
     2    0.018507    0.065560    0.245451    0.330794 ^ clkbuf_0_clk/X (sky130_fd_sc_hd__clkbuf_16)
                                                         clknet_0_clk (net)
                      0.065560    0.000096    0.330890 ^ clkbuf_1_1__f_clk/A (sky130_fd_sc_hd__clkbuf_16)
    12    0.036212    0.089056    0.242642    0.573532 ^ clkbuf_1_1__f_clk/X (sky130_fd_sc_hd__clkbuf_16)
                                                         clknet_1_1__leaf_clk (net)
                      0.089056    0.000091    0.573623 ^ _165_/CLK (sky130_fd_sc_hd__dfxtp_1)
                                  0.250000    0.823623   clock uncertainty
                                  0.000000    0.823623   clock reconvergence pessimism
                                 -0.102930    0.720693   library hold time
                                              0.720693   data required time
---------------------------------------------------------------------------------------------
                                              0.720693   data required time
                                             -1.770383   data arrival time
---------------------------------------------------------------------------------------------
                                              1.049689   slack (MET)


Startpoint: _163_ (rising edge-triggered flip-flop clocked by clk)
Endpoint: _155_ (rising edge-triggered flip-flop clocked by clk)
Path Group: clk
Path Type: min

Fanout         Cap        Slew       Delay        Time   Description
---------------------------------------------------------------------------------------------
                                  0.000000    0.000000   clock clk (rise edge)
                                  0.000000    0.000000   clock source latency
     1    0.016623    0.126597    0.085343    0.085343 ^ clk (in)
                                                         clk (net)
                      0.126598    0.000000    0.085343 ^ clkbuf_0_clk/A (sky130_fd_sc_hd__clkbuf_16)
     2    0.018507    0.065560    0.245451    0.330794 ^ clkbuf_0_clk/X (sky130_fd_sc_hd__clkbuf_16)
                                                         clknet_0_clk (net)
                      0.065560    0.000129    0.330923 ^ clkbuf_1_0__f_clk/A (sky130_fd_sc_hd__clkbuf_16)
    10    0.037074    0.090313    0.243799    0.574722 ^ clkbuf_1_0__f_clk/X (sky130_fd_sc_hd__clkbuf_16)
                                                         clknet_1_0__leaf_clk (net)
                      0.090319    0.000829    0.575551 ^ _163_/CLK (sky130_fd_sc_hd__dfxtp_1)
     4    0.027583    0.250486    0.747791    1.323342 v _163_/Q (sky130_fd_sc_hd__dfxtp_1)
                                                         net14 (net)
                      0.250492    0.001472    1.324814 v _092_/A1 (sky130_fd_sc_hd__o211a_1)
     1    0.001941    0.050399    0.462062    1.786876 v _092_/X (sky130_fd_sc_hd__o211a_1)
                                                         _004_ (net)
                      0.050399    0.000017    1.786893 v _155_/D (sky130_fd_sc_hd__dfxtp_1)
                                              1.786893   data arrival time

                                  0.000000    0.000000   clock clk (rise edge)
                                  0.000000    0.000000   clock source latency
     1    0.016623    0.126597    0.085343    0.085343 ^ clk (in)
                                                         clk (net)
                      0.126598    0.000000    0.085343 ^ clkbuf_0_clk/A (sky130_fd_sc_hd__clkbuf_16)
     2    0.018507    0.065560    0.245451    0.330794 ^ clkbuf_0_clk/X (sky130_fd_sc_hd__clkbuf_16)
                                                         clknet_0_clk (net)
                      0.065560    0.000096    0.330890 ^ clkbuf_1_1__f_clk/A (sky130_fd_sc_hd__clkbuf_16)
    12    0.036212    0.089056    0.242642    0.573532 ^ clkbuf_1_1__f_clk/X (sky130_fd_sc_hd__clkbuf_16)
                                                         clknet_1_1__leaf_clk (net)
                      0.089056    0.000489    0.574021 ^ _155_/CLK (sky130_fd_sc_hd__dfxtp_1)
                                  0.250000    0.824021   clock uncertainty
                                  0.000000    0.824021   clock reconvergence pessimism
                                 -0.093150    0.730871   library hold time
                                              0.730871   data required time
---------------------------------------------------------------------------------------------
                                              0.730871   data required time
                                             -1.786893   data arrival time
---------------------------------------------------------------------------------------------
                                              1.056021   slack (MET)


Startpoint: _171_ (rising edge-triggered flip-flop clocked by clk)
Endpoint: _171_ (rising edge-triggered flip-flop clocked by clk)
Path Group: clk
Path Type: min

Fanout         Cap        Slew       Delay        Time   Description
---------------------------------------------------------------------------------------------
                                  0.000000    0.000000   clock clk (rise edge)
                                  0.000000    0.000000   clock source latency
     1    0.016623    0.126597    0.085343    0.085343 ^ clk (in)
                                                         clk (net)
                      0.126598    0.000000    0.085343 ^ clkbuf_0_clk/A (sky130_fd_sc_hd__clkbuf_16)
     2    0.018507    0.065560    0.245451    0.330794 ^ clkbuf_0_clk/X (sky130_fd_sc_hd__clkbuf_16)
                                                         clknet_0_clk (net)
                      0.065560    0.000129    0.330923 ^ clkbuf_1_0__f_clk/A (sky130_fd_sc_hd__clkbuf_16)
    10    0.037074    0.090313    0.243799    0.574722 ^ clkbuf_1_0__f_clk/X (sky130_fd_sc_hd__clkbuf_16)
                                                         clknet_1_0__leaf_clk (net)
                      0.090316    0.000665    0.575387 ^ _171_/CLK (sky130_fd_sc_hd__dfxtp_2)
     9    0.032825    0.156119    0.716844    1.292230 v _171_/Q (sky130_fd_sc_hd__dfxtp_2)
                                                         count[2] (net)
                      0.156119    0.000192    1.292422 v _109_/B (sky130_fd_sc_hd__nand4_1)
     4    0.009878    0.186159    0.255691    1.548113 ^ _109_/Y (sky130_fd_sc_hd__nand4_1)
                                                         _065_ (net)
                      0.186159    0.000042    1.548156 ^ _149_/B (sky130_fd_sc_hd__and3_1)
     1    0.002035    0.079040    0.319801    1.867957 ^ _149_/X (sky130_fd_sc_hd__and3_1)
                                                         _020_ (net)
                      0.079040    0.000018    1.867975 ^ _171_/D (sky130_fd_sc_hd__dfxtp_2)
                                              1.867975   data arrival time

                                  0.000000    0.000000   clock clk (rise edge)
                                  0.000000    0.000000   clock source latency
     1    0.016623    0.126597    0.085343    0.085343 ^ clk (in)
                                                         clk (net)
                      0.126598    0.000000    0.085343 ^ clkbuf_0_clk/A (sky130_fd_sc_hd__clkbuf_16)
     2    0.018507    0.065560    0.245451    0.330794 ^ clkbuf_0_clk/X (sky130_fd_sc_hd__clkbuf_16)
                                                         clknet_0_clk (net)
                      0.065560    0.000129    0.330923 ^ clkbuf_1_0__f_clk/A (sky130_fd_sc_hd__clkbuf_16)
    10    0.037074    0.090313    0.243799    0.574722 ^ clkbuf_1_0__f_clk/X (sky130_fd_sc_hd__clkbuf_16)
                                                         clknet_1_0__leaf_clk (net)
                      0.090316    0.000665    0.575387 ^ _171_/CLK (sky130_fd_sc_hd__dfxtp_2)
                                  0.250000    0.825387   clock uncertainty
                                  0.000000    0.825387   clock reconvergence pessimism
                                 -0.070794    0.754592   library hold time
                                              0.754592   data required time
---------------------------------------------------------------------------------------------
                                              0.754592   data required time
                                             -1.867975   data arrival time
---------------------------------------------------------------------------------------------
                                              1.113383   slack (MET)


Startpoint: _168_ (rising edge-triggered flip-flop clocked by clk)
Endpoint: _168_ (rising edge-triggered flip-flop clocked by clk)
Path Group: clk
Path Type: min

Fanout         Cap        Slew       Delay        Time   Description
---------------------------------------------------------------------------------------------
                                  0.000000    0.000000   clock clk (rise edge)
                                  0.000000    0.000000   clock source latency
     1    0.016623    0.126597    0.085343    0.085343 ^ clk (in)
                                                         clk (net)
                      0.126598    0.000000    0.085343 ^ clkbuf_0_clk/A (sky130_fd_sc_hd__clkbuf_16)
     2    0.018507    0.065560    0.245451    0.330794 ^ clkbuf_0_clk/X (sky130_fd_sc_hd__clkbuf_16)
                                                         clknet_0_clk (net)
                      0.065560    0.000129    0.330923 ^ clkbuf_1_0__f_clk/A (sky130_fd_sc_hd__clkbuf_16)
    10    0.037074    0.090313    0.243799    0.574722 ^ clkbuf_1_0__f_clk/X (sky130_fd_sc_hd__clkbuf_16)
                                                         clknet_1_0__leaf_clk (net)
                      0.090313    0.000186    0.574908 ^ _168_/CLK (sky130_fd_sc_hd__dfxtp_1)
     3    0.013298    0.211368    0.745286    1.320194 ^ _168_/Q (sky130_fd_sc_hd__dfxtp_1)
                                                         net19 (net)
                      0.211368    0.000282    1.320476 ^ _074_/A (sky130_fd_sc_hd__inv_2)
     2    0.015464    0.089791    0.157287    1.477763 v _074_/Y (sky130_fd_sc_hd__inv_2)
                                                         net27 (net)
                      0.089791    0.000189    1.477952 v _142_/B1 (sky130_fd_sc_hd__a21oi_1)
     1    0.003703    0.178013    0.211950    1.689902 ^ _142_/Y (sky130_fd_sc_hd__a21oi_1)
                                                         _041_ (net)
                      0.178013    0.000047    1.689949 ^ _143_/B1 (sky130_fd_sc_hd__a211o_1)
     1    0.001780    0.049995    0.199748    1.889697 ^ _143_/X (sky130_fd_sc_hd__a211o_1)
                                                         _017_ (net)
                      0.049995    0.000014    1.889711 ^ _168_/D (sky130_fd_sc_hd__dfxtp_1)
                                              1.889711   data arrival time

                                  0.000000    0.000000   clock clk (rise edge)
                                  0.000000    0.000000   clock source latency
     1    0.016623    0.126597    0.085343    0.085343 ^ clk (in)
                                                         clk (net)
                      0.126598    0.000000    0.085343 ^ clkbuf_0_clk/A (sky130_fd_sc_hd__clkbuf_16)
     2    0.018507    0.065560    0.245451    0.330794 ^ clkbuf_0_clk/X (sky130_fd_sc_hd__clkbuf_16)
                                                         clknet_0_clk (net)
                      0.065560    0.000129    0.330923 ^ clkbuf_1_0__f_clk/A (sky130_fd_sc_hd__clkbuf_16)
    10    0.037074    0.090313    0.243799    0.574722 ^ clkbuf_1_0__f_clk/X (sky130_fd_sc_hd__clkbuf_16)
                                                         clknet_1_0__leaf_clk (net)
                      0.090313    0.000186    0.574908 ^ _168_/CLK (sky130_fd_sc_hd__dfxtp_1)
                                  0.250000    0.824908   clock uncertainty
                                  0.000000    0.824908   clock reconvergence pessimism
                                 -0.064139    0.760769   library hold time
                                              0.760769   data required time
---------------------------------------------------------------------------------------------
                                              0.760769   data required time
                                             -1.889711   data arrival time
---------------------------------------------------------------------------------------------
                                              1.128942   slack (MET)


Startpoint: _172_ (rising edge-triggered flip-flop clocked by clk)
Endpoint: _172_ (rising edge-triggered flip-flop clocked by clk)
Path Group: clk
Path Type: min

Fanout         Cap        Slew       Delay        Time   Description
---------------------------------------------------------------------------------------------
                                  0.000000    0.000000   clock clk (rise edge)
                                  0.000000    0.000000   clock source latency
     1    0.016623    0.126597    0.085343    0.085343 ^ clk (in)
                                                         clk (net)
                      0.126598    0.000000    0.085343 ^ clkbuf_0_clk/A (sky130_fd_sc_hd__clkbuf_16)
     2    0.018507    0.065560    0.245451    0.330794 ^ clkbuf_0_clk/X (sky130_fd_sc_hd__clkbuf_16)
                                                         clknet_0_clk (net)
                      0.065560    0.000129    0.330923 ^ clkbuf_1_0__f_clk/A (sky130_fd_sc_hd__clkbuf_16)
    10    0.037074    0.090313    0.243799    0.574722 ^ clkbuf_1_0__f_clk/X (sky130_fd_sc_hd__clkbuf_16)
                                                         clknet_1_0__leaf_clk (net)
                      0.090317    0.000730    0.575452 ^ _172_/CLK (sky130_fd_sc_hd__dfxtp_1)
     3    0.013819    0.134608    0.661634    1.237086 v _172_/Q (sky130_fd_sc_hd__dfxtp_1)
                                                         count[3] (net)
                      0.134608    0.000072    1.237159 v fanout30/A (sky130_fd_sc_hd__clkbuf_2)
    10    0.029964    0.212781    0.346489    1.583647 v fanout30/X (sky130_fd_sc_hd__clkbuf_2)
                                                         net30 (net)
                      0.212781    0.000210    1.583858 v _150_/A (sky130_fd_sc_hd__nand2_1)
     1    0.003158    0.085717    0.155078    1.738936 ^ _150_/Y (sky130_fd_sc_hd__nand2_1)
                                                         _045_ (net)
                      0.085717    0.000032    1.738968 ^ _151_/A2 (sky130_fd_sc_hd__a21oi_1)
     1    0.003061    0.072779    0.137660    1.876628 v _151_/Y (sky130_fd_sc_hd__a21oi_1)
                                                         _021_ (net)
                      0.072779    0.000042    1.876670 v _172_/D (sky130_fd_sc_hd__dfxtp_1)
                                              1.876670   data arrival time

                                  0.000000    0.000000   clock clk (rise edge)
                                  0.000000    0.000000   clock source latency
     1    0.016623    0.126597    0.085343    0.085343 ^ clk (in)
                                                         clk (net)
                      0.126598    0.000000    0.085343 ^ clkbuf_0_clk/A (sky130_fd_sc_hd__clkbuf_16)
     2    0.018507    0.065560    0.245451    0.330794 ^ clkbuf_0_clk/X (sky130_fd_sc_hd__clkbuf_16)
                                                         clknet_0_clk (net)
                      0.065560    0.000129    0.330923 ^ clkbuf_1_0__f_clk/A (sky130_fd_sc_hd__clkbuf_16)
    10    0.037074    0.090313    0.243799    0.574722 ^ clkbuf_1_0__f_clk/X (sky130_fd_sc_hd__clkbuf_16)
                                                         clknet_1_0__leaf_clk (net)
                      0.090317    0.000730    0.575452 ^ _172_/CLK (sky130_fd_sc_hd__dfxtp_1)
                                  0.250000    0.825452   clock uncertainty
                                  0.000000    0.825452   clock reconvergence pessimism
                                 -0.101306    0.724146   library hold time
                                              0.724146   data required time
---------------------------------------------------------------------------------------------
                                              0.724146   data required time
                                             -1.876670   data arrival time
---------------------------------------------------------------------------------------------
                                              1.152523   slack (MET)


Startpoint: _172_ (rising edge-triggered flip-flop clocked by clk)
Endpoint: _167_ (rising edge-triggered flip-flop clocked by clk)
Path Group: clk
Path Type: min

Fanout         Cap        Slew       Delay        Time   Description
---------------------------------------------------------------------------------------------
                                  0.000000    0.000000   clock clk (rise edge)
                                  0.000000    0.000000   clock source latency
     1    0.016623    0.126597    0.085343    0.085343 ^ clk (in)
                                                         clk (net)
                      0.126598    0.000000    0.085343 ^ clkbuf_0_clk/A (sky130_fd_sc_hd__clkbuf_16)
     2    0.018507    0.065560    0.245451    0.330794 ^ clkbuf_0_clk/X (sky130_fd_sc_hd__clkbuf_16)
                                                         clknet_0_clk (net)
                      0.065560    0.000129    0.330923 ^ clkbuf_1_0__f_clk/A (sky130_fd_sc_hd__clkbuf_16)
    10    0.037074    0.090313    0.243799    0.574722 ^ clkbuf_1_0__f_clk/X (sky130_fd_sc_hd__clkbuf_16)
                                                         clknet_1_0__leaf_clk (net)
                      0.090317    0.000730    0.575452 ^ _172_/CLK (sky130_fd_sc_hd__dfxtp_1)
     3    0.014275    0.225288    0.755232    1.330685 ^ _172_/Q (sky130_fd_sc_hd__dfxtp_1)
                                                         count[3] (net)
                      0.225288    0.000377    1.331061 ^ _138_/A1 (sky130_fd_sc_hd__o41a_1)
     1    0.002945    0.083011    0.345573    1.676634 ^ _138_/X (sky130_fd_sc_hd__o41a_1)
                                                         _038_ (net)
                      0.083011    0.000027    1.676661 ^ _141_/A1 (sky130_fd_sc_hd__o31a_1)
     1    0.001822    0.064630    0.246865    1.923526 ^ _141_/X (sky130_fd_sc_hd__o31a_1)
                                                         _016_ (net)
                      0.064630    0.000015    1.923542 ^ _167_/D (sky130_fd_sc_hd__dfxtp_1)
                                              1.923542   data arrival time

                                  0.000000    0.000000   clock clk (rise edge)
                                  0.000000    0.000000   clock source latency
     1    0.016623    0.126597    0.085343    0.085343 ^ clk (in)
                                                         clk (net)
                      0.126598    0.000000    0.085343 ^ clkbuf_0_clk/A (sky130_fd_sc_hd__clkbuf_16)
     2    0.018507    0.065560    0.245451    0.330794 ^ clkbuf_0_clk/X (sky130_fd_sc_hd__clkbuf_16)
                                                         clknet_0_clk (net)
                      0.065560    0.000129    0.330923 ^ clkbuf_1_0__f_clk/A (sky130_fd_sc_hd__clkbuf_16)
    10    0.037074    0.090313    0.243799    0.574722 ^ clkbuf_1_0__f_clk/X (sky130_fd_sc_hd__clkbuf_16)
                                                         clknet_1_0__leaf_clk (net)
                      0.090313    0.000212    0.574934 ^ _167_/CLK (sky130_fd_sc_hd__dfxtp_1)
                                  0.250000    0.824934   clock uncertainty
                                  0.000000    0.824934   clock reconvergence pessimism
                                 -0.067543    0.757391   library hold time
                                              0.757391   data required time
---------------------------------------------------------------------------------------------
                                              0.757391   data required time
                                             -1.923542   data arrival time
---------------------------------------------------------------------------------------------
                                              1.166150   slack (MET)


Startpoint: _161_ (rising edge-triggered flip-flop clocked by clk)
Endpoint: _161_ (rising edge-triggered flip-flop clocked by clk)
Path Group: clk
Path Type: min

Fanout         Cap        Slew       Delay        Time   Description
---------------------------------------------------------------------------------------------
                                  0.000000    0.000000   clock clk (rise edge)
                                  0.000000    0.000000   clock source latency
     1    0.016623    0.126597    0.085343    0.085343 ^ clk (in)
                                                         clk (net)
                      0.126598    0.000000    0.085343 ^ clkbuf_0_clk/A (sky130_fd_sc_hd__clkbuf_16)
     2    0.018507    0.065560    0.245451    0.330794 ^ clkbuf_0_clk/X (sky130_fd_sc_hd__clkbuf_16)
                                                         clknet_0_clk (net)
                      0.065560    0.000129    0.330923 ^ clkbuf_1_0__f_clk/A (sky130_fd_sc_hd__clkbuf_16)
    10    0.037074    0.090313    0.243799    0.574722 ^ clkbuf_1_0__f_clk/X (sky130_fd_sc_hd__clkbuf_16)
                                                         clknet_1_0__leaf_clk (net)
                      0.090319    0.000809    0.575531 ^ _161_/CLK (sky130_fd_sc_hd__dfxtp_1)
     4    0.028393    0.257141    0.753352    1.328883 v _161_/Q (sky130_fd_sc_hd__dfxtp_1)
                                                         net12 (net)
                      0.257141    0.000418    1.329301 v _111_/B1 (sky130_fd_sc_hd__o21a_1)
     1    0.002965    0.060647    0.276949    1.606250 v _111_/X (sky130_fd_sc_hd__o21a_1)
                                                         _067_ (net)
                      0.060647    0.000031    1.606281 v _115_/A1 (sky130_fd_sc_hd__o21a_1)
     1    0.002145    0.053457    0.321527    1.927808 v _115_/X (sky130_fd_sc_hd__o21a_1)
                                                         _010_ (net)
                      0.053457    0.000012    1.927820 v _161_/D (sky130_fd_sc_hd__dfxtp_1)
                                              1.927820   data arrival time

                                  0.000000    0.000000   clock clk (rise edge)
                                  0.000000    0.000000   clock source latency
     1    0.016623    0.126597    0.085343    0.085343 ^ clk (in)
                                                         clk (net)
                      0.126598    0.000000    0.085343 ^ clkbuf_0_clk/A (sky130_fd_sc_hd__clkbuf_16)
     2    0.018507    0.065560    0.245451    0.330794 ^ clkbuf_0_clk/X (sky130_fd_sc_hd__clkbuf_16)
                                                         clknet_0_clk (net)
                      0.065560    0.000129    0.330923 ^ clkbuf_1_0__f_clk/A (sky130_fd_sc_hd__clkbuf_16)
    10    0.037074    0.090313    0.243799    0.574722 ^ clkbuf_1_0__f_clk/X (sky130_fd_sc_hd__clkbuf_16)
                                                         clknet_1_0__leaf_clk (net)
                      0.090319    0.000809    0.575531 ^ _161_/CLK (sky130_fd_sc_hd__dfxtp_1)
                                  0.250000    0.825531   clock uncertainty
                                  0.000000    0.825531   clock reconvergence pessimism
                                 -0.094002    0.731529   library hold time
                                              0.731529   data required time
---------------------------------------------------------------------------------------------
                                              0.731529   data required time
                                             -1.927820   data arrival time
---------------------------------------------------------------------------------------------
                                              1.196291   slack (MET)


Startpoint: _164_ (rising edge-triggered flip-flop clocked by clk)
Endpoint: _164_ (rising edge-triggered flip-flop clocked by clk)
Path Group: clk
Path Type: min

Fanout         Cap        Slew       Delay        Time   Description
---------------------------------------------------------------------------------------------
                                  0.000000    0.000000   clock clk (rise edge)
                                  0.000000    0.000000   clock source latency
     1    0.016623    0.126597    0.085343    0.085343 ^ clk (in)
                                                         clk (net)
                      0.126598    0.000000    0.085343 ^ clkbuf_0_clk/A (sky130_fd_sc_hd__clkbuf_16)
     2    0.018507    0.065560    0.245451    0.330794 ^ clkbuf_0_clk/X (sky130_fd_sc_hd__clkbuf_16)
                                                         clknet_0_clk (net)
                      0.065560    0.000129    0.330923 ^ clkbuf_1_0__f_clk/A (sky130_fd_sc_hd__clkbuf_16)
    10    0.037074    0.090313    0.243799    0.574722 ^ clkbuf_1_0__f_clk/X (sky130_fd_sc_hd__clkbuf_16)
                                                         clknet_1_0__leaf_clk (net)
                      0.090320    0.000847    0.575569 ^ _164_/CLK (sky130_fd_sc_hd__dfxtp_1)
     3    0.023403    0.215250    0.721536    1.297105 v _164_/Q (sky130_fd_sc_hd__dfxtp_1)
                                                         net15 (net)
                      0.215254    0.001253    1.298359 v _078_/A (sky130_fd_sc_hd__inv_2)
     2    0.009753    0.101246    0.165965    1.464323 ^ _078_/Y (sky130_fd_sc_hd__inv_2)
                                                         net23 (net)
                      0.101246    0.000199    1.464523 ^ _126_/B1 (sky130_fd_sc_hd__a21oi_1)
     1    0.003143    0.051899    0.084995    1.549518 v _126_/Y (sky130_fd_sc_hd__a21oi_1)
                                                         _029_ (net)
                      0.051899    0.000023    1.549541 v _129_/A1 (sky130_fd_sc_hd__o21a_1)
     1    0.007382    0.097548    0.369093    1.918634 v _129_/X (sky130_fd_sc_hd__o21a_1)
                                                         _013_ (net)
                      0.097548    0.000200    1.918834 v _164_/D (sky130_fd_sc_hd__dfxtp_1)
                                              1.918834   data arrival time

                                  0.000000    0.000000   clock clk (rise edge)
                                  0.000000    0.000000   clock source latency
     1    0.016623    0.126597    0.085343    0.085343 ^ clk (in)
                                                         clk (net)
                      0.126598    0.000000    0.085343 ^ clkbuf_0_clk/A (sky130_fd_sc_hd__clkbuf_16)
     2    0.018507    0.065560    0.245451    0.330794 ^ clkbuf_0_clk/X (sky130_fd_sc_hd__clkbuf_16)
                                                         clknet_0_clk (net)
                      0.065560    0.000129    0.330923 ^ clkbuf_1_0__f_clk/A (sky130_fd_sc_hd__clkbuf_16)
    10    0.037074    0.090313    0.243799    0.574722 ^ clkbuf_1_0__f_clk/X (sky130_fd_sc_hd__clkbuf_16)
                                                         clknet_1_0__leaf_clk (net)
                      0.090320    0.000847    0.575569 ^ _164_/CLK (sky130_fd_sc_hd__dfxtp_1)
                                  0.250000    0.825569   clock uncertainty
                                  0.000000    0.825569   clock reconvergence pessimism
                                 -0.110667    0.714902   library hold time
                                              0.714902   data required time
---------------------------------------------------------------------------------------------
                                              0.714902   data required time
                                             -1.918834   data arrival time
---------------------------------------------------------------------------------------------
                                              1.203932   slack (MET)


Startpoint: _171_ (rising edge-triggered flip-flop clocked by clk)
Endpoint: _163_ (rising edge-triggered flip-flop clocked by clk)
Path Group: clk
Path Type: min

Fanout         Cap        Slew       Delay        Time   Description
---------------------------------------------------------------------------------------------
                                  0.000000    0.000000   clock clk (rise edge)
                                  0.000000    0.000000   clock source latency
     1    0.016623    0.126597    0.085343    0.085343 ^ clk (in)
                                                         clk (net)
                      0.126598    0.000000    0.085343 ^ clkbuf_0_clk/A (sky130_fd_sc_hd__clkbuf_16)
     2    0.018507    0.065560    0.245451    0.330794 ^ clkbuf_0_clk/X (sky130_fd_sc_hd__clkbuf_16)
                                                         clknet_0_clk (net)
                      0.065560    0.000129    0.330923 ^ clkbuf_1_0__f_clk/A (sky130_fd_sc_hd__clkbuf_16)
    10    0.037074    0.090313    0.243799    0.574722 ^ clkbuf_1_0__f_clk/X (sky130_fd_sc_hd__clkbuf_16)
                                                         clknet_1_0__leaf_clk (net)
                      0.090316    0.000665    0.575387 ^ _171_/CLK (sky130_fd_sc_hd__dfxtp_2)
     9    0.032825    0.156119    0.716844    1.292230 v _171_/Q (sky130_fd_sc_hd__dfxtp_2)
                                                         count[2] (net)
                      0.156124    0.001085    1.293315 v _072_/A (sky130_fd_sc_hd__inv_2)
     4    0.014300    0.119572    0.164410    1.457725 ^ _072_/Y (sky130_fd_sc_hd__inv_2)
                                                         _046_ (net)
                      0.119572    0.000140    1.457865 ^ _121_/A2 (sky130_fd_sc_hd__o41a_1)
     1    0.003711    0.094023    0.299354    1.757218 ^ _121_/X (sky130_fd_sc_hd__o41a_1)
                                                         _025_ (net)
                      0.094023    0.000045    1.757264 ^ _125_/A1 (sky130_fd_sc_hd__o31a_1)
     1    0.003056    0.079997    0.267851    2.025115 ^ _125_/X (sky130_fd_sc_hd__o31a_1)
                                                         _012_ (net)
                      0.079997    0.000045    2.025160 ^ _163_/D (sky130_fd_sc_hd__dfxtp_1)
                                              2.025160   data arrival time

                                  0.000000    0.000000   clock clk (rise edge)
                                  0.000000    0.000000   clock source latency
     1    0.016623    0.126597    0.085343    0.085343 ^ clk (in)
                                                         clk (net)
                      0.126598    0.000000    0.085343 ^ clkbuf_0_clk/A (sky130_fd_sc_hd__clkbuf_16)
     2    0.018507    0.065560    0.245451    0.330794 ^ clkbuf_0_clk/X (sky130_fd_sc_hd__clkbuf_16)
                                                         clknet_0_clk (net)
                      0.065560    0.000129    0.330923 ^ clkbuf_1_0__f_clk/A (sky130_fd_sc_hd__clkbuf_16)
    10    0.037074    0.090313    0.243799    0.574722 ^ clkbuf_1_0__f_clk/X (sky130_fd_sc_hd__clkbuf_16)
                                                         clknet_1_0__leaf_clk (net)
                      0.090319    0.000829    0.575551 ^ _163_/CLK (sky130_fd_sc_hd__dfxtp_1)
                                  0.250000    0.825551   clock uncertainty
                                  0.000000    0.825551   clock reconvergence pessimism
                                 -0.071116    0.754435   library hold time
                                              0.754435   data required time
---------------------------------------------------------------------------------------------
                                              0.754435   data required time
                                             -2.025160   data arrival time
---------------------------------------------------------------------------------------------
                                              1.270725   slack (MET)


Startpoint: _170_ (rising edge-triggered flip-flop clocked by clk)
Endpoint: _170_ (rising edge-triggered flip-flop clocked by clk)
Path Group: clk
Path Type: min

Fanout         Cap        Slew       Delay        Time   Description
---------------------------------------------------------------------------------------------
                                  0.000000    0.000000   clock clk (rise edge)
                                  0.000000    0.000000   clock source latency
     1    0.016623    0.126597    0.085343    0.085343 ^ clk (in)
                                                         clk (net)
                      0.126598    0.000000    0.085343 ^ clkbuf_0_clk/A (sky130_fd_sc_hd__clkbuf_16)
     2    0.018507    0.065560    0.245451    0.330794 ^ clkbuf_0_clk/X (sky130_fd_sc_hd__clkbuf_16)
                                                         clknet_0_clk (net)
                      0.065560    0.000129    0.330923 ^ clkbuf_1_0__f_clk/A (sky130_fd_sc_hd__clkbuf_16)
    10    0.037074    0.090313    0.243799    0.574722 ^ clkbuf_1_0__f_clk/X (sky130_fd_sc_hd__clkbuf_16)
                                                         clknet_1_0__leaf_clk (net)
                      0.090314    0.000446    0.575167 ^ _170_/CLK (sky130_fd_sc_hd__dfxtp_1)
     2    0.007536    0.085209    0.618508    1.193675 v _170_/Q (sky130_fd_sc_hd__dfxtp_1)
                                                         count[1] (net)
                      0.085209    0.000036    1.193712 v fanout31/A (sky130_fd_sc_hd__buf_2)
    10    0.032550    0.158945    0.346503    1.540214 v fanout31/X (sky130_fd_sc_hd__buf_2)
                                                         net31 (net)
                      0.158945    0.000097    1.540311 v _107_/B (sky130_fd_sc_hd__nand3_1)
     3    0.007913    0.155401    0.225108    1.765420 ^ _107_/Y (sky130_fd_sc_hd__nand3_1)
                                                         _063_ (net)
                      0.155401    0.000068    1.765487 ^ _147_/B (sky130_fd_sc_hd__and3_1)
     1    0.001987    0.078391    0.307837    2.073325 ^ _147_/X (sky130_fd_sc_hd__and3_1)
                                                         _019_ (net)
                      0.078391    0.000010    2.073335 ^ _170_/D (sky130_fd_sc_hd__dfxtp_1)
                                              2.073335   data arrival time

                                  0.000000    0.000000   clock clk (rise edge)
                                  0.000000    0.000000   clock source latency
     1    0.016623    0.126597    0.085343    0.085343 ^ clk (in)
                                                         clk (net)
                      0.126598    0.000000    0.085343 ^ clkbuf_0_clk/A (sky130_fd_sc_hd__clkbuf_16)
     2    0.018507    0.065560    0.245451    0.330794 ^ clkbuf_0_clk/X (sky130_fd_sc_hd__clkbuf_16)
                                                         clknet_0_clk (net)
                      0.065560    0.000129    0.330923 ^ clkbuf_1_0__f_clk/A (sky130_fd_sc_hd__clkbuf_16)
    10    0.037074    0.090313    0.243799    0.574722 ^ clkbuf_1_0__f_clk/X (sky130_fd_sc_hd__clkbuf_16)
                                                         clknet_1_0__leaf_clk (net)
                      0.090314    0.000446    0.575167 ^ _170_/CLK (sky130_fd_sc_hd__dfxtp_1)
                                  0.250000    0.825167   clock uncertainty
                                  0.000000    0.825167   clock reconvergence pessimism
                                 -0.070744    0.754424   library hold time
                                              0.754424   data required time
---------------------------------------------------------------------------------------------
                                              0.754424   data required time
                                             -2.073335   data arrival time
---------------------------------------------------------------------------------------------
                                              1.318911   slack (MET)


Startpoint: _152_ (rising edge-triggered flip-flop clocked by clk')
Endpoint: _152_ (rising edge-triggered flip-flop clocked by clk')
Path Group: clk
Path Type: min

Fanout         Cap        Slew       Delay        Time   Description
---------------------------------------------------------------------------------------------
                                 25.000000   25.000000   clock clk' (rise edge)
                                  0.000000   25.000000   clock source latency
     1    0.015737    0.070862    0.048749   25.048748 v clk (in)
                                                         clk (net)
                      0.070864    0.000000   25.048748 v clkbuf_0_clk/A (sky130_fd_sc_hd__clkbuf_16)
     2    0.016735    0.054327    0.253712   25.302460 v clkbuf_0_clk/X (sky130_fd_sc_hd__clkbuf_16)
                                                         clknet_0_clk (net)
                      0.054327    0.000087   25.302547 v clkbuf_1_1__f_clk/A (sky130_fd_sc_hd__clkbuf_16)
    12    0.034561    0.070892    0.267217   25.569763 v clkbuf_1_1__f_clk/X (sky130_fd_sc_hd__clkbuf_16)
                                                         clknet_1_1__leaf_clk (net)
                      0.070892    0.000203   25.569967 v _083__1/A (sky130_fd_sc_hd__inv_2)
     1    0.002147    0.032216    0.063475   25.633442 ^ _083__1/Y (sky130_fd_sc_hd__inv_2)
                                                         net35 (net)
                      0.032216    0.000020   25.633461 ^ _152_/CLK (sky130_fd_sc_hd__dfxtp_1)
     3    0.013324    0.130608    0.631987   26.265448 v _152_/Q (sky130_fd_sc_hd__dfxtp_1)
                                                         net11 (net)
                      0.130608    0.000071   26.265518 v hold1/A (sky130_fd_sc_hd__dlygate4sd3_1)
     1    0.002644    0.104497    1.149715   27.415234 v hold1/X (sky130_fd_sc_hd__dlygate4sd3_1)
                                                         net36 (net)
                      0.104497    0.000034   27.415268 v _084_/A_N (sky130_fd_sc_hd__and2b_1)
     1    0.001877    0.062624    0.368656   27.783924 ^ _084_/X (sky130_fd_sc_hd__and2b_1)
                                                         _001_ (net)
                      0.062624    0.000009   27.783932 ^ _152_/D (sky130_fd_sc_hd__dfxtp_1)
                                             27.783932   data arrival time

                                 25.000000   25.000000   clock clk' (rise edge)
                                  0.000000   25.000000   clock source latency
     1    0.015737    0.070862    0.048749   25.048748 v clk (in)
                                                         clk (net)
                      0.070864    0.000000   25.048748 v clkbuf_0_clk/A (sky130_fd_sc_hd__clkbuf_16)
     2    0.016735    0.054327    0.253712   25.302460 v clkbuf_0_clk/X (sky130_fd_sc_hd__clkbuf_16)
                                                         clknet_0_clk (net)
                      0.054327    0.000087   25.302547 v clkbuf_1_1__f_clk/A (sky130_fd_sc_hd__clkbuf_16)
    12    0.034561    0.070892    0.267217   25.569763 v clkbuf_1_1__f_clk/X (sky130_fd_sc_hd__clkbuf_16)
                                                         clknet_1_1__leaf_clk (net)
                      0.070892    0.000203   25.569967 v _083__1/A (sky130_fd_sc_hd__inv_2)
     1    0.002147    0.032216    0.063475   25.633442 ^ _083__1/Y (sky130_fd_sc_hd__inv_2)
                                                         net35 (net)
                      0.032216    0.000020   25.633461 ^ _152_/CLK (sky130_fd_sc_hd__dfxtp_1)
                                  0.250000   25.883459   clock uncertainty
                                  0.000000   25.883459   clock reconvergence pessimism
                                 -0.076308   25.807152   library hold time
                                             25.807152   data required time
---------------------------------------------------------------------------------------------
                                             25.807152   data required time
                                            -27.783932   data arrival time
---------------------------------------------------------------------------------------------
                                              1.976781   slack (MET)


Startpoint: _160_ (rising edge-triggered flip-flop clocked by clk)
Endpoint: _160_ (rising edge-triggered flip-flop clocked by clk)
Path Group: clk
Path Type: min

Fanout         Cap        Slew       Delay        Time   Description
---------------------------------------------------------------------------------------------
                                  0.000000    0.000000   clock clk (rise edge)
                                  0.000000    0.000000   clock source latency
     1    0.016623    0.126597    0.085343    0.085343 ^ clk (in)
                                                         clk (net)
                      0.126598    0.000000    0.085343 ^ clkbuf_0_clk/A (sky130_fd_sc_hd__clkbuf_16)
     2    0.018507    0.065560    0.245451    0.330794 ^ clkbuf_0_clk/X (sky130_fd_sc_hd__clkbuf_16)
                                                         clknet_0_clk (net)
                      0.065560    0.000096    0.330890 ^ clkbuf_1_1__f_clk/A (sky130_fd_sc_hd__clkbuf_16)
    12    0.036212    0.089056    0.242642    0.573532 ^ clkbuf_1_1__f_clk/X (sky130_fd_sc_hd__clkbuf_16)
                                                         clknet_1_1__leaf_clk (net)
                      0.089056    0.000191    0.573722 ^ _160_/CLK (sky130_fd_sc_hd__dfxtp_1)
     2    0.008331    0.143012    0.692499    1.266222 ^ _160_/Q (sky130_fd_sc_hd__dfxtp_1)
                                                         net10 (net)
                      0.143012    0.000032    1.266253 ^ _101_/A (sky130_fd_sc_hd__or2_1)
     1    0.003746    0.077899    0.205587    1.471841 ^ _101_/X (sky130_fd_sc_hd__or2_1)
                                                         _058_ (net)
                      0.077899    0.000050    1.471891 ^ _102_/B1 (sky130_fd_sc_hd__o211a_1)
     1    0.002022    0.064950    0.287886    1.759777 ^ _102_/X (sky130_fd_sc_hd__o211a_1)
                                                         _009_ (net)
                      0.064950    0.000018    1.759795 ^ hold3/A (sky130_fd_sc_hd__dlygate4sd3_1)
     1    0.002028    0.084983    1.026778    2.786573 ^ hold3/X (sky130_fd_sc_hd__dlygate4sd3_1)
                                                         net38 (net)
                      0.084983    0.000019    2.786592 ^ _160_/D (sky130_fd_sc_hd__dfxtp_1)
                                              2.786592   data arrival time

                                  0.000000    0.000000   clock clk (rise edge)
                                  0.000000    0.000000   clock source latency
     1    0.016623    0.126597    0.085343    0.085343 ^ clk (in)
                                                         clk (net)
                      0.126598    0.000000    0.085343 ^ clkbuf_0_clk/A (sky130_fd_sc_hd__clkbuf_16)
     2    0.018507    0.065560    0.245451    0.330794 ^ clkbuf_0_clk/X (sky130_fd_sc_hd__clkbuf_16)
                                                         clknet_0_clk (net)
                      0.065560    0.000096    0.330890 ^ clkbuf_1_1__f_clk/A (sky130_fd_sc_hd__clkbuf_16)
    12    0.036212    0.089056    0.242642    0.573532 ^ clkbuf_1_1__f_clk/X (sky130_fd_sc_hd__clkbuf_16)
                                                         clknet_1_1__leaf_clk (net)
                      0.089056    0.000191    0.573722 ^ _160_/CLK (sky130_fd_sc_hd__dfxtp_1)
                                  0.250000    0.823722   clock uncertainty
                                  0.000000    0.823722   clock reconvergence pessimism
                                 -0.072477    0.751246   library hold time
                                              0.751246   data required time
---------------------------------------------------------------------------------------------
                                              0.751246   data required time
                                             -2.786592   data arrival time
---------------------------------------------------------------------------------------------
                                              2.035346   slack (MET)


Startpoint: _158_ (rising edge-triggered flip-flop clocked by clk)
Endpoint: adc_out[5] (output port clocked by clk)
Path Group: clk
Path Type: min

Fanout         Cap        Slew       Delay        Time   Description
---------------------------------------------------------------------------------------------
                                  0.000000    0.000000   clock clk (rise edge)
                                  0.000000    0.000000   clock source latency
     1    0.016623    0.126597    0.085343    0.085343 ^ clk (in)
                                                         clk (net)
                      0.126598    0.000000    0.085343 ^ clkbuf_0_clk/A (sky130_fd_sc_hd__clkbuf_16)
     2    0.018507    0.065560    0.245451    0.330794 ^ clkbuf_0_clk/X (sky130_fd_sc_hd__clkbuf_16)
                                                         clknet_0_clk (net)
                      0.065560    0.000096    0.330890 ^ clkbuf_1_1__f_clk/A (sky130_fd_sc_hd__clkbuf_16)
    12    0.036212    0.089056    0.242642    0.573532 ^ clkbuf_1_1__f_clk/X (sky130_fd_sc_hd__clkbuf_16)
                                                         clknet_1_1__leaf_clk (net)
                      0.089058    0.000585    0.574117 ^ _158_/CLK (sky130_fd_sc_hd__dfxtp_1)
     2    0.004779    0.063674    0.598775    1.172892 v _158_/Q (sky130_fd_sc_hd__dfxtp_1)
                                                         net8 (net)
                      0.063674    0.000046    1.172938 v output8/A (sky130_fd_sc_hd__buf_2)
     1    0.034028    0.164845    0.341247    1.514185 v output8/X (sky130_fd_sc_hd__buf_2)
                                                         adc_out[5] (net)
                      0.164845    0.000172    1.514357 v adc_out[5] (out)
                                              1.514357   data arrival time

                                  0.000000    0.000000   clock clk (rise edge)
                                  0.000000    0.000000   clock network delay (propagated)
                                  0.250000    0.250000   clock uncertainty
                                  0.000000    0.250000   clock reconvergence pessimism
                                -10.000000   -9.750000   output external delay
                                             -9.750000   data required time
---------------------------------------------------------------------------------------------
                                             -9.750000   data required time
                                             -1.514357   data arrival time
---------------------------------------------------------------------------------------------
                                             11.264358   slack (MET)


Startpoint: _157_ (rising edge-triggered flip-flop clocked by clk)
Endpoint: adc_out[4] (output port clocked by clk)
Path Group: clk
Path Type: min

Fanout         Cap        Slew       Delay        Time   Description
---------------------------------------------------------------------------------------------
                                  0.000000    0.000000   clock clk (rise edge)
                                  0.000000    0.000000   clock source latency
     1    0.016623    0.126597    0.085343    0.085343 ^ clk (in)
                                                         clk (net)
                      0.126598    0.000000    0.085343 ^ clkbuf_0_clk/A (sky130_fd_sc_hd__clkbuf_16)
     2    0.018507    0.065560    0.245451    0.330794 ^ clkbuf_0_clk/X (sky130_fd_sc_hd__clkbuf_16)
                                                         clknet_0_clk (net)
                      0.065560    0.000096    0.330890 ^ clkbuf_1_1__f_clk/A (sky130_fd_sc_hd__clkbuf_16)
    12    0.036212    0.089056    0.242642    0.573532 ^ clkbuf_1_1__f_clk/X (sky130_fd_sc_hd__clkbuf_16)
                                                         clknet_1_1__leaf_clk (net)
                      0.089057    0.000553    0.574085 ^ _157_/CLK (sky130_fd_sc_hd__dfxtp_1)
     2    0.004997    0.065328    0.600287    1.174372 v _157_/Q (sky130_fd_sc_hd__dfxtp_1)
                                                         net7 (net)
                      0.065328    0.000062    1.174434 v output7/A (sky130_fd_sc_hd__buf_2)
     1    0.034025    0.164822    0.341992    1.516426 v output7/X (sky130_fd_sc_hd__buf_2)
                                                         adc_out[4] (net)
                      0.164822    0.000172    1.516598 v adc_out[4] (out)
                                              1.516598   data arrival time

                                  0.000000    0.000000   clock clk (rise edge)
                                  0.000000    0.000000   clock network delay (propagated)
                                  0.250000    0.250000   clock uncertainty
                                  0.000000    0.250000   clock reconvergence pessimism
                                -10.000000   -9.750000   output external delay
                                             -9.750000   data required time
---------------------------------------------------------------------------------------------
                                             -9.750000   data required time
                                             -1.516598   data arrival time
---------------------------------------------------------------------------------------------
                                             11.266599   slack (MET)


Startpoint: _155_ (rising edge-triggered flip-flop clocked by clk)
Endpoint: adc_out[2] (output port clocked by clk)
Path Group: clk
Path Type: min

Fanout         Cap        Slew       Delay        Time   Description
---------------------------------------------------------------------------------------------
                                  0.000000    0.000000   clock clk (rise edge)
                                  0.000000    0.000000   clock source latency
     1    0.016623    0.126597    0.085343    0.085343 ^ clk (in)
                                                         clk (net)
                      0.126598    0.000000    0.085343 ^ clkbuf_0_clk/A (sky130_fd_sc_hd__clkbuf_16)
     2    0.018507    0.065560    0.245451    0.330794 ^ clkbuf_0_clk/X (sky130_fd_sc_hd__clkbuf_16)
                                                         clknet_0_clk (net)
                      0.065560    0.000096    0.330890 ^ clkbuf_1_1__f_clk/A (sky130_fd_sc_hd__clkbuf_16)
    12    0.036212    0.089056    0.242642    0.573532 ^ clkbuf_1_1__f_clk/X (sky130_fd_sc_hd__clkbuf_16)
                                                         clknet_1_1__leaf_clk (net)
                      0.089056    0.000489    0.574021 ^ _155_/CLK (sky130_fd_sc_hd__dfxtp_1)
     2    0.005281    0.067494    0.602251    1.176273 v _155_/Q (sky130_fd_sc_hd__dfxtp_1)
                                                         net5 (net)
                      0.067494    0.000067    1.176340 v output5/A (sky130_fd_sc_hd__buf_2)
     1    0.034021    0.164799    0.342975    1.519315 v output5/X (sky130_fd_sc_hd__buf_2)
                                                         adc_out[2] (net)
                      0.164799    0.000172    1.519487 v adc_out[2] (out)
                                              1.519487   data arrival time

                                  0.000000    0.000000   clock clk (rise edge)
                                  0.000000    0.000000   clock network delay (propagated)
                                  0.250000    0.250000   clock uncertainty
                                  0.000000    0.250000   clock reconvergence pessimism
                                -10.000000   -9.750000   output external delay
                                             -9.750000   data required time
---------------------------------------------------------------------------------------------
                                             -9.750000   data required time
                                             -1.519487   data arrival time
---------------------------------------------------------------------------------------------
                                             11.269487   slack (MET)


Startpoint: _159_ (rising edge-triggered flip-flop clocked by clk)
Endpoint: adc_out[6] (output port clocked by clk)
Path Group: clk
Path Type: min

Fanout         Cap        Slew       Delay        Time   Description
---------------------------------------------------------------------------------------------
                                  0.000000    0.000000   clock clk (rise edge)
                                  0.000000    0.000000   clock source latency
     1    0.016623    0.126597    0.085343    0.085343 ^ clk (in)
                                                         clk (net)
                      0.126598    0.000000    0.085343 ^ clkbuf_0_clk/A (sky130_fd_sc_hd__clkbuf_16)
     2    0.018507    0.065560    0.245451    0.330794 ^ clkbuf_0_clk/X (sky130_fd_sc_hd__clkbuf_16)
                                                         clknet_0_clk (net)
                      0.065560    0.000096    0.330890 ^ clkbuf_1_1__f_clk/A (sky130_fd_sc_hd__clkbuf_16)
    12    0.036212    0.089056    0.242642    0.573532 ^ clkbuf_1_1__f_clk/X (sky130_fd_sc_hd__clkbuf_16)
                                                         clknet_1_1__leaf_clk (net)
                      0.089058    0.000588    0.574119 ^ _159_/CLK (sky130_fd_sc_hd__dfxtp_1)
     2    0.005944    0.072626    0.606858    1.180977 v _159_/Q (sky130_fd_sc_hd__dfxtp_1)
                                                         net9 (net)
                      0.072626    0.000072    1.181049 v output9/A (sky130_fd_sc_hd__buf_2)
     1    0.034333    0.166013    0.346305    1.527355 v output9/X (sky130_fd_sc_hd__buf_2)
                                                         adc_out[6] (net)
                      0.166013    0.000199    1.527553 v adc_out[6] (out)
                                              1.527553   data arrival time

                                  0.000000    0.000000   clock clk (rise edge)
                                  0.000000    0.000000   clock network delay (propagated)
                                  0.250000    0.250000   clock uncertainty
                                  0.000000    0.250000   clock reconvergence pessimism
                                -10.000000   -9.750000   output external delay
                                             -9.750000   data required time
---------------------------------------------------------------------------------------------
                                             -9.750000   data required time
                                             -1.527553   data arrival time
---------------------------------------------------------------------------------------------
                                             11.277554   slack (MET)


Startpoint: _156_ (rising edge-triggered flip-flop clocked by clk)
Endpoint: adc_out[3] (output port clocked by clk)
Path Group: clk
Path Type: min

Fanout         Cap        Slew       Delay        Time   Description
---------------------------------------------------------------------------------------------
                                  0.000000    0.000000   clock clk (rise edge)
                                  0.000000    0.000000   clock source latency
     1    0.016623    0.126597    0.085343    0.085343 ^ clk (in)
                                                         clk (net)
                      0.126598    0.000000    0.085343 ^ clkbuf_0_clk/A (sky130_fd_sc_hd__clkbuf_16)
     2    0.018507    0.065560    0.245451    0.330794 ^ clkbuf_0_clk/X (sky130_fd_sc_hd__clkbuf_16)
                                                         clknet_0_clk (net)
                      0.065560    0.000096    0.330890 ^ clkbuf_1_1__f_clk/A (sky130_fd_sc_hd__clkbuf_16)
    12    0.036212    0.089056    0.242642    0.573532 ^ clkbuf_1_1__f_clk/X (sky130_fd_sc_hd__clkbuf_16)
                                                         clknet_1_1__leaf_clk (net)
                      0.089056    0.000383    0.573915 ^ _156_/CLK (sky130_fd_sc_hd__dfxtp_1)
     2    0.006676    0.078383    0.611927    1.185842 v _156_/Q (sky130_fd_sc_hd__dfxtp_1)
                                                         net6 (net)
                      0.078383    0.000131    1.185973 v output6/A (sky130_fd_sc_hd__buf_2)
     1    0.034033    0.164792    0.348003    1.533976 v output6/X (sky130_fd_sc_hd__buf_2)
                                                         adc_out[3] (net)
                      0.164792    0.000172    1.534148 v adc_out[3] (out)
                                              1.534148   data arrival time

                                  0.000000    0.000000   clock clk (rise edge)
                                  0.000000    0.000000   clock network delay (propagated)
                                  0.250000    0.250000   clock uncertainty
                                  0.000000    0.250000   clock reconvergence pessimism
                                -10.000000   -9.750000   output external delay
                                             -9.750000   data required time
---------------------------------------------------------------------------------------------
                                             -9.750000   data required time
                                             -1.534148   data arrival time
---------------------------------------------------------------------------------------------
                                             11.284148   slack (MET)


Startpoint: _153_ (rising edge-triggered flip-flop clocked by clk)
Endpoint: adc_out[0] (output port clocked by clk)
Path Group: clk
Path Type: min

Fanout         Cap        Slew       Delay        Time   Description
---------------------------------------------------------------------------------------------
                                  0.000000    0.000000   clock clk (rise edge)
                                  0.000000    0.000000   clock source latency
     1    0.016623    0.126597    0.085343    0.085343 ^ clk (in)
                                                         clk (net)
                      0.126598    0.000000    0.085343 ^ clkbuf_0_clk/A (sky130_fd_sc_hd__clkbuf_16)
     2    0.018507    0.065560    0.245451    0.330794 ^ clkbuf_0_clk/X (sky130_fd_sc_hd__clkbuf_16)
                                                         clknet_0_clk (net)
                      0.065560    0.000096    0.330890 ^ clkbuf_1_1__f_clk/A (sky130_fd_sc_hd__clkbuf_16)
    12    0.036212    0.089056    0.242642    0.573532 ^ clkbuf_1_1__f_clk/X (sky130_fd_sc_hd__clkbuf_16)
                                                         clknet_1_1__leaf_clk (net)
                      0.089056    0.000379    0.573911 ^ _153_/CLK (sky130_fd_sc_hd__dfxtp_1)
     2    0.007044    0.081294    0.614497    1.188408 v _153_/Q (sky130_fd_sc_hd__dfxtp_1)
                                                         net3 (net)
                      0.081294    0.000128    1.188536 v output3/A (sky130_fd_sc_hd__buf_2)
     1    0.034949    0.168485    0.352158    1.540694 v output3/X (sky130_fd_sc_hd__buf_2)
                                                         adc_out[0] (net)
                      0.168485    0.000402    1.541096 v adc_out[0] (out)
                                              1.541096   data arrival time

                                  0.000000    0.000000   clock clk (rise edge)
                                  0.000000    0.000000   clock network delay (propagated)
                                  0.250000    0.250000   clock uncertainty
                                  0.000000    0.250000   clock reconvergence pessimism
                                -10.000000   -9.750000   output external delay
                                             -9.750000   data required time
---------------------------------------------------------------------------------------------
                                             -9.750000   data required time
                                             -1.541096   data arrival time
---------------------------------------------------------------------------------------------
                                             11.291097   slack (MET)


Startpoint: _154_ (rising edge-triggered flip-flop clocked by clk)
Endpoint: adc_out[1] (output port clocked by clk)
Path Group: clk
Path Type: min

Fanout         Cap        Slew       Delay        Time   Description
---------------------------------------------------------------------------------------------
                                  0.000000    0.000000   clock clk (rise edge)
                                  0.000000    0.000000   clock source latency
     1    0.016623    0.126597    0.085343    0.085343 ^ clk (in)
                                                         clk (net)
                      0.126598    0.000000    0.085343 ^ clkbuf_0_clk/A (sky130_fd_sc_hd__clkbuf_16)
     2    0.018507    0.065560    0.245451    0.330794 ^ clkbuf_0_clk/X (sky130_fd_sc_hd__clkbuf_16)
                                                         clknet_0_clk (net)
                      0.065560    0.000096    0.330890 ^ clkbuf_1_1__f_clk/A (sky130_fd_sc_hd__clkbuf_16)
    12    0.036212    0.089056    0.242642    0.573532 ^ clkbuf_1_1__f_clk/X (sky130_fd_sc_hd__clkbuf_16)
                                                         clknet_1_1__leaf_clk (net)
                      0.089056    0.000311    0.573843 ^ _154_/CLK (sky130_fd_sc_hd__dfxtp_1)
     2    0.007387    0.084025    0.616862    1.190705 v _154_/Q (sky130_fd_sc_hd__dfxtp_1)
                                                         net4 (net)
                      0.084025    0.000150    1.190855 v output4/A (sky130_fd_sc_hd__buf_2)
     1    0.034671    0.167337    0.352700    1.543555 v output4/X (sky130_fd_sc_hd__buf_2)
                                                         adc_out[1] (net)
                      0.167337    0.000235    1.543790 v adc_out[1] (out)
                                              1.543790   data arrival time

                                  0.000000    0.000000   clock clk (rise edge)
                                  0.000000    0.000000   clock network delay (propagated)
                                  0.250000    0.250000   clock uncertainty
                                  0.000000    0.250000   clock reconvergence pessimism
                                -10.000000   -9.750000   output external delay
                                             -9.750000   data required time
---------------------------------------------------------------------------------------------
                                             -9.750000   data required time
                                             -1.543790   data arrival time
---------------------------------------------------------------------------------------------
                                             11.293790   slack (MET)


Startpoint: _160_ (rising edge-triggered flip-flop clocked by clk)
Endpoint: adc_out[7] (output port clocked by clk)
Path Group: clk
Path Type: min

Fanout         Cap        Slew       Delay        Time   Description
---------------------------------------------------------------------------------------------
                                  0.000000    0.000000   clock clk (rise edge)
                                  0.000000    0.000000   clock source latency
     1    0.016623    0.126597    0.085343    0.085343 ^ clk (in)
                                                         clk (net)
                      0.126598    0.000000    0.085343 ^ clkbuf_0_clk/A (sky130_fd_sc_hd__clkbuf_16)
     2    0.018507    0.065560    0.245451    0.330794 ^ clkbuf_0_clk/X (sky130_fd_sc_hd__clkbuf_16)
                                                         clknet_0_clk (net)
                      0.065560    0.000096    0.330890 ^ clkbuf_1_1__f_clk/A (sky130_fd_sc_hd__clkbuf_16)
    12    0.036212    0.089056    0.242642    0.573532 ^ clkbuf_1_1__f_clk/X (sky130_fd_sc_hd__clkbuf_16)
                                                         clknet_1_1__leaf_clk (net)
                      0.089056    0.000191    0.573722 ^ _160_/CLK (sky130_fd_sc_hd__dfxtp_1)
     2    0.008097    0.089711    0.621800    1.195522 v _160_/Q (sky130_fd_sc_hd__dfxtp_1)
                                                         net10 (net)
                      0.089711    0.000140    1.195663 v output10/A (sky130_fd_sc_hd__buf_2)
     1    0.034909    0.168317    0.356132    1.551795 v output10/X (sky130_fd_sc_hd__buf_2)
                                                         adc_out[7] (net)
                      0.168317    0.000336    1.552131 v adc_out[7] (out)
                                              1.552131   data arrival time

                                  0.000000    0.000000   clock clk (rise edge)
                                  0.000000    0.000000   clock network delay (propagated)
                                  0.250000    0.250000   clock uncertainty
                                  0.000000    0.250000   clock reconvergence pessimism
                                -10.000000   -9.750000   output external delay
                                             -9.750000   data required time
---------------------------------------------------------------------------------------------
                                             -9.750000   data required time
                                             -1.552131   data arrival time
---------------------------------------------------------------------------------------------
                                             11.302131   slack (MET)


Startpoint: _168_ (rising edge-triggered flip-flop clocked by clk)
Endpoint: dac_in[7] (output port clocked by clk)
Path Group: clk
Path Type: min

Fanout         Cap        Slew       Delay        Time   Description
---------------------------------------------------------------------------------------------
                                  0.000000    0.000000   clock clk (rise edge)
                                  0.000000    0.000000   clock source latency
     1    0.016623    0.126597    0.085343    0.085343 ^ clk (in)
                                                         clk (net)
                      0.126598    0.000000    0.085343 ^ clkbuf_0_clk/A (sky130_fd_sc_hd__clkbuf_16)
     2    0.018507    0.065560    0.245451    0.330794 ^ clkbuf_0_clk/X (sky130_fd_sc_hd__clkbuf_16)
                                                         clknet_0_clk (net)
                      0.065560    0.000129    0.330923 ^ clkbuf_1_0__f_clk/A (sky130_fd_sc_hd__clkbuf_16)
    10    0.037074    0.090313    0.243799    0.574722 ^ clkbuf_1_0__f_clk/X (sky130_fd_sc_hd__clkbuf_16)
                                                         clknet_1_0__leaf_clk (net)
                      0.090313    0.000186    0.574908 ^ _168_/CLK (sky130_fd_sc_hd__dfxtp_1)
     3    0.012743    0.126561    0.654617    1.229525 v _168_/Q (sky130_fd_sc_hd__dfxtp_1)
                                                         net19 (net)
                      0.126561    0.000034    1.229558 v output19/A (sky130_fd_sc_hd__buf_2)
     1    0.034692    0.167552    0.373109    1.602667 v output19/X (sky130_fd_sc_hd__buf_2)
                                                         dac_in[7] (net)
                      0.167552    0.000478    1.603146 v dac_in[7] (out)
                                              1.603146   data arrival time

                                  0.000000    0.000000   clock clk (rise edge)
                                  0.000000    0.000000   clock network delay (propagated)
                                  0.250000    0.250000   clock uncertainty
                                  0.000000    0.250000   clock reconvergence pessimism
                                -10.000000   -9.750000   output external delay
                                             -9.750000   data required time
---------------------------------------------------------------------------------------------
                                             -9.750000   data required time
                                             -1.603146   data arrival time
---------------------------------------------------------------------------------------------
                                             11.353146   slack (MET)


Startpoint: _166_ (rising edge-triggered flip-flop clocked by clk)
Endpoint: dac_in[5] (output port clocked by clk)
Path Group: clk
Path Type: min

Fanout         Cap        Slew       Delay        Time   Description
---------------------------------------------------------------------------------------------
                                  0.000000    0.000000   clock clk (rise edge)
                                  0.000000    0.000000   clock source latency
     1    0.016623    0.126597    0.085343    0.085343 ^ clk (in)
                                                         clk (net)
                      0.126598    0.000000    0.085343 ^ clkbuf_0_clk/A (sky130_fd_sc_hd__clkbuf_16)
     2    0.018507    0.065560    0.245451    0.330794 ^ clkbuf_0_clk/X (sky130_fd_sc_hd__clkbuf_16)
                                                         clknet_0_clk (net)
                      0.065560    0.000096    0.330890 ^ clkbuf_1_1__f_clk/A (sky130_fd_sc_hd__clkbuf_16)
    12    0.036212    0.089056    0.242642    0.573532 ^ clkbuf_1_1__f_clk/X (sky130_fd_sc_hd__clkbuf_16)
                                                         clknet_1_1__leaf_clk (net)
                      0.089056    0.000239    0.573771 ^ _166_/CLK (sky130_fd_sc_hd__dfxtp_1)
     3    0.019181    0.179549    0.694863    1.268633 v _166_/Q (sky130_fd_sc_hd__dfxtp_1)
                                                         net17 (net)
                      0.179549    0.000259    1.268892 v output17/A (sky130_fd_sc_hd__buf_2)
     1    0.034476    0.166753    0.398000    1.666892 v output17/X (sky130_fd_sc_hd__buf_2)
                                                         dac_in[5] (net)
                      0.166753    0.000432    1.667324 v dac_in[5] (out)
                                              1.667324   data arrival time

                                  0.000000    0.000000   clock clk (rise edge)
                                  0.000000    0.000000   clock network delay (propagated)
                                  0.250000    0.250000   clock uncertainty
                                  0.000000    0.250000   clock reconvergence pessimism
                                -10.000000   -9.750000   output external delay
                                             -9.750000   data required time
---------------------------------------------------------------------------------------------
                                             -9.750000   data required time
                                             -1.667324   data arrival time
---------------------------------------------------------------------------------------------
                                             11.417324   slack (MET)


Startpoint: _165_ (rising edge-triggered flip-flop clocked by clk)
Endpoint: dac_in[4] (output port clocked by clk)
Path Group: clk
Path Type: min

Fanout         Cap        Slew       Delay        Time   Description
---------------------------------------------------------------------------------------------
                                  0.000000    0.000000   clock clk (rise edge)
                                  0.000000    0.000000   clock source latency
     1    0.016623    0.126597    0.085343    0.085343 ^ clk (in)
                                                         clk (net)
                      0.126598    0.000000    0.085343 ^ clkbuf_0_clk/A (sky130_fd_sc_hd__clkbuf_16)
     2    0.018507    0.065560    0.245451    0.330794 ^ clkbuf_0_clk/X (sky130_fd_sc_hd__clkbuf_16)
                                                         clknet_0_clk (net)
                      0.065560    0.000096    0.330890 ^ clkbuf_1_1__f_clk/A (sky130_fd_sc_hd__clkbuf_16)
    12    0.036212    0.089056    0.242642    0.573532 ^ clkbuf_1_1__f_clk/X (sky130_fd_sc_hd__clkbuf_16)
                                                         clknet_1_1__leaf_clk (net)
                      0.089056    0.000091    0.573623 ^ _165_/CLK (sky130_fd_sc_hd__dfxtp_1)
     3    0.019606    0.183167    0.697428    1.271051 v _165_/Q (sky130_fd_sc_hd__dfxtp_1)
                                                         net16 (net)
                      0.183167    0.000681    1.271732 v output16/A (sky130_fd_sc_hd__buf_2)
     1    0.034476    0.166758    0.399744    1.671476 v output16/X (sky130_fd_sc_hd__buf_2)
                                                         dac_in[4] (net)
                      0.166758    0.000432    1.671908 v dac_in[4] (out)
                                              1.671908   data arrival time

                                  0.000000    0.000000   clock clk (rise edge)
                                  0.000000    0.000000   clock network delay (propagated)
                                  0.250000    0.250000   clock uncertainty
                                  0.000000    0.250000   clock reconvergence pessimism
                                -10.000000   -9.750000   output external delay
                                             -9.750000   data required time
---------------------------------------------------------------------------------------------
                                             -9.750000   data required time
                                             -1.671908   data arrival time
---------------------------------------------------------------------------------------------
                                             11.421908   slack (MET)


Startpoint: _162_ (rising edge-triggered flip-flop clocked by clk)
Endpoint: dac_in[1] (output port clocked by clk)
Path Group: clk
Path Type: min

Fanout         Cap        Slew       Delay        Time   Description
---------------------------------------------------------------------------------------------
                                  0.000000    0.000000   clock clk (rise edge)
                                  0.000000    0.000000   clock source latency
     1    0.016623    0.126597    0.085343    0.085343 ^ clk (in)
                                                         clk (net)
                      0.126598    0.000000    0.085343 ^ clkbuf_0_clk/A (sky130_fd_sc_hd__clkbuf_16)
     2    0.018507    0.065560    0.245451    0.330794 ^ clkbuf_0_clk/X (sky130_fd_sc_hd__clkbuf_16)
                                                         clknet_0_clk (net)
                      0.065560    0.000096    0.330890 ^ clkbuf_1_1__f_clk/A (sky130_fd_sc_hd__clkbuf_16)
    12    0.036212    0.089056    0.242642    0.573532 ^ clkbuf_1_1__f_clk/X (sky130_fd_sc_hd__clkbuf_16)
                                                         clknet_1_1__leaf_clk (net)
                      0.089056    0.000325    0.573857 ^ _162_/CLK (sky130_fd_sc_hd__dfxtp_1)
     3    0.020048    0.186919    0.700106    1.273962 v _162_/Q (sky130_fd_sc_hd__dfxtp_1)
                                                         net13 (net)
                      0.186920    0.000836    1.274799 v output13/A (sky130_fd_sc_hd__buf_2)
     1    0.034476    0.166763    0.401554    1.676353 v output13/X (sky130_fd_sc_hd__buf_2)
                                                         dac_in[1] (net)
                      0.166763    0.000432    1.676785 v dac_in[1] (out)
                                              1.676785   data arrival time

                                  0.000000    0.000000   clock clk (rise edge)
                                  0.000000    0.000000   clock network delay (propagated)
                                  0.250000    0.250000   clock uncertainty
                                  0.000000    0.250000   clock reconvergence pessimism
                                -10.000000   -9.750000   output external delay
                                             -9.750000   data required time
---------------------------------------------------------------------------------------------
                                             -9.750000   data required time
                                             -1.676785   data arrival time
---------------------------------------------------------------------------------------------
                                             11.426785   slack (MET)


Startpoint: _167_ (rising edge-triggered flip-flop clocked by clk)
Endpoint: dac_in[6] (output port clocked by clk)
Path Group: clk
Path Type: min

Fanout         Cap        Slew       Delay        Time   Description
---------------------------------------------------------------------------------------------
                                  0.000000    0.000000   clock clk (rise edge)
                                  0.000000    0.000000   clock source latency
     1    0.016623    0.126597    0.085343    0.085343 ^ clk (in)
                                                         clk (net)
                      0.126598    0.000000    0.085343 ^ clkbuf_0_clk/A (sky130_fd_sc_hd__clkbuf_16)
     2    0.018507    0.065560    0.245451    0.330794 ^ clkbuf_0_clk/X (sky130_fd_sc_hd__clkbuf_16)
                                                         clknet_0_clk (net)
                      0.065560    0.000129    0.330923 ^ clkbuf_1_0__f_clk/A (sky130_fd_sc_hd__clkbuf_16)
    10    0.037074    0.090313    0.243799    0.574722 ^ clkbuf_1_0__f_clk/X (sky130_fd_sc_hd__clkbuf_16)
                                                         clknet_1_0__leaf_clk (net)
                      0.090313    0.000212    0.574934 ^ _167_/CLK (sky130_fd_sc_hd__dfxtp_1)
     4    0.020795    0.193202    0.705392    1.280326 v _167_/Q (sky130_fd_sc_hd__dfxtp_1)
                                                         net18 (net)
                      0.193202    0.000182    1.280508 v output18/A (sky130_fd_sc_hd__buf_2)
     1    0.034476    0.166771    0.404583    1.685091 v output18/X (sky130_fd_sc_hd__buf_2)
                                                         dac_in[6] (net)
                      0.166771    0.000432    1.685524 v dac_in[6] (out)
                                              1.685524   data arrival time

                                  0.000000    0.000000   clock clk (rise edge)
                                  0.000000    0.000000   clock network delay (propagated)
                                  0.250000    0.250000   clock uncertainty
                                  0.000000    0.250000   clock reconvergence pessimism
                                -10.000000   -9.750000   output external delay
                                             -9.750000   data required time
---------------------------------------------------------------------------------------------
                                             -9.750000   data required time
                                             -1.685524   data arrival time
---------------------------------------------------------------------------------------------
                                             11.435524   slack (MET)


Startpoint: _164_ (rising edge-triggered flip-flop clocked by clk)
Endpoint: dac_in[3] (output port clocked by clk)
Path Group: clk
Path Type: min

Fanout         Cap        Slew       Delay        Time   Description
---------------------------------------------------------------------------------------------
                                  0.000000    0.000000   clock clk (rise edge)
                                  0.000000    0.000000   clock source latency
     1    0.016623    0.126597    0.085343    0.085343 ^ clk (in)
                                                         clk (net)
                      0.126598    0.000000    0.085343 ^ clkbuf_0_clk/A (sky130_fd_sc_hd__clkbuf_16)
     2    0.018507    0.065560    0.245451    0.330794 ^ clkbuf_0_clk/X (sky130_fd_sc_hd__clkbuf_16)
                                                         clknet_0_clk (net)
                      0.065560    0.000129    0.330923 ^ clkbuf_1_0__f_clk/A (sky130_fd_sc_hd__clkbuf_16)
    10    0.037074    0.090313    0.243799    0.574722 ^ clkbuf_1_0__f_clk/X (sky130_fd_sc_hd__clkbuf_16)
                                                         clknet_1_0__leaf_clk (net)
                      0.090320    0.000847    0.575569 ^ _164_/CLK (sky130_fd_sc_hd__dfxtp_1)
     3    0.023403    0.215250    0.721536    1.297105 v _164_/Q (sky130_fd_sc_hd__dfxtp_1)
                                                         net15 (net)
                      0.215250    0.000243    1.297348 v output15/A (sky130_fd_sc_hd__buf_2)
     1    0.034476    0.166801    0.415215    1.712563 v output15/X (sky130_fd_sc_hd__buf_2)
                                                         dac_in[3] (net)
                      0.166801    0.000432    1.712995 v dac_in[3] (out)
                                              1.712995   data arrival time

                                  0.000000    0.000000   clock clk (rise edge)
                                  0.000000    0.000000   clock network delay (propagated)
                                  0.250000    0.250000   clock uncertainty
                                  0.000000    0.250000   clock reconvergence pessimism
                                -10.000000   -9.750000   output external delay
                                             -9.750000   data required time
---------------------------------------------------------------------------------------------
                                             -9.750000   data required time
                                             -1.712995   data arrival time
---------------------------------------------------------------------------------------------
                                             11.462996   slack (MET)


Startpoint: _167_ (rising edge-triggered flip-flop clocked by clk)
Endpoint: dac_in_n[6] (output port clocked by clk)
Path Group: clk
Path Type: min

Fanout         Cap        Slew       Delay        Time   Description
---------------------------------------------------------------------------------------------
                                  0.000000    0.000000   clock clk (rise edge)
                                  0.000000    0.000000   clock source latency
     1    0.016623    0.126597    0.085343    0.085343 ^ clk (in)
                                                         clk (net)
                      0.126598    0.000000    0.085343 ^ clkbuf_0_clk/A (sky130_fd_sc_hd__clkbuf_16)
     2    0.018507    0.065560    0.245451    0.330794 ^ clkbuf_0_clk/X (sky130_fd_sc_hd__clkbuf_16)
                                                         clknet_0_clk (net)
                      0.065560    0.000129    0.330923 ^ clkbuf_1_0__f_clk/A (sky130_fd_sc_hd__clkbuf_16)
    10    0.037074    0.090313    0.243799    0.574722 ^ clkbuf_1_0__f_clk/X (sky130_fd_sc_hd__clkbuf_16)
                                                         clknet_1_0__leaf_clk (net)
                      0.090313    0.000212    0.574934 ^ _167_/CLK (sky130_fd_sc_hd__dfxtp_1)
     4    0.020795    0.193202    0.705392    1.280326 v _167_/Q (sky130_fd_sc_hd__dfxtp_1)
                                                         net18 (net)
                      0.193203    0.000816    1.281142 v _075_/A (sky130_fd_sc_hd__inv_2)
     1    0.002458    0.057603    0.106466    1.387607 ^ _075_/Y (sky130_fd_sc_hd__inv_2)
                                                         net26 (net)
                      0.057603    0.000025    1.387632 ^ output26/A (sky130_fd_sc_hd__buf_2)
     1    0.034505    0.273834    0.339234    1.726866 ^ output26/X (sky130_fd_sc_hd__buf_2)
                                                         dac_in_n[6] (net)
                      0.273834    0.000444    1.727310 ^ dac_in_n[6] (out)
                                              1.727310   data arrival time

                                  0.000000    0.000000   clock clk (rise edge)
                                  0.000000    0.000000   clock network delay (propagated)
                                  0.250000    0.250000   clock uncertainty
                                  0.000000    0.250000   clock reconvergence pessimism
                                -10.000000   -9.750000   output external delay
                                             -9.750000   data required time
---------------------------------------------------------------------------------------------
                                             -9.750000   data required time
                                             -1.727310   data arrival time
---------------------------------------------------------------------------------------------
                                             11.477310   slack (MET)


Startpoint: _163_ (rising edge-triggered flip-flop clocked by clk)
Endpoint: dac_in[2] (output port clocked by clk)
Path Group: clk
Path Type: min

Fanout         Cap        Slew       Delay        Time   Description
---------------------------------------------------------------------------------------------
                                  0.000000    0.000000   clock clk (rise edge)
                                  0.000000    0.000000   clock source latency
     1    0.016623    0.126597    0.085343    0.085343 ^ clk (in)
                                                         clk (net)
                      0.126598    0.000000    0.085343 ^ clkbuf_0_clk/A (sky130_fd_sc_hd__clkbuf_16)
     2    0.018507    0.065560    0.245451    0.330794 ^ clkbuf_0_clk/X (sky130_fd_sc_hd__clkbuf_16)
                                                         clknet_0_clk (net)
                      0.065560    0.000129    0.330923 ^ clkbuf_1_0__f_clk/A (sky130_fd_sc_hd__clkbuf_16)
    10    0.037074    0.090313    0.243799    0.574722 ^ clkbuf_1_0__f_clk/X (sky130_fd_sc_hd__clkbuf_16)
                                                         clknet_1_0__leaf_clk (net)
                      0.090319    0.000829    0.575551 ^ _163_/CLK (sky130_fd_sc_hd__dfxtp_1)
     4    0.027583    0.250486    0.747791    1.323342 v _163_/Q (sky130_fd_sc_hd__dfxtp_1)
                                                         net14 (net)
                      0.250486    0.000116    1.323458 v output14/A (sky130_fd_sc_hd__buf_2)
     1    0.034730    0.167956    0.432765    1.756222 v output14/X (sky130_fd_sc_hd__buf_2)
                                                         dac_in[2] (net)
                      0.167956    0.000462    1.756684 v dac_in[2] (out)
                                              1.756684   data arrival time

                                  0.000000    0.000000   clock clk (rise edge)
                                  0.000000    0.000000   clock network delay (propagated)
                                  0.250000    0.250000   clock uncertainty
                                  0.000000    0.250000   clock reconvergence pessimism
                                -10.000000   -9.750000   output external delay
                                             -9.750000   data required time
---------------------------------------------------------------------------------------------
                                             -9.750000   data required time
                                             -1.756684   data arrival time
---------------------------------------------------------------------------------------------
                                             11.506685   slack (MET)


Startpoint: _162_ (rising edge-triggered flip-flop clocked by clk)
Endpoint: dac_in_n[1] (output port clocked by clk)
Path Group: clk
Path Type: min

Fanout         Cap        Slew       Delay        Time   Description
---------------------------------------------------------------------------------------------
                                  0.000000    0.000000   clock clk (rise edge)
                                  0.000000    0.000000   clock source latency
     1    0.016623    0.126597    0.085343    0.085343 ^ clk (in)
                                                         clk (net)
                      0.126598    0.000000    0.085343 ^ clkbuf_0_clk/A (sky130_fd_sc_hd__clkbuf_16)
     2    0.018507    0.065560    0.245451    0.330794 ^ clkbuf_0_clk/X (sky130_fd_sc_hd__clkbuf_16)
                                                         clknet_0_clk (net)
                      0.065560    0.000096    0.330890 ^ clkbuf_1_1__f_clk/A (sky130_fd_sc_hd__clkbuf_16)
    12    0.036212    0.089056    0.242642    0.573532 ^ clkbuf_1_1__f_clk/X (sky130_fd_sc_hd__clkbuf_16)
                                                         clknet_1_1__leaf_clk (net)
                      0.089056    0.000325    0.573857 ^ _162_/CLK (sky130_fd_sc_hd__dfxtp_1)
     3    0.020048    0.186919    0.700106    1.273962 v _162_/Q (sky130_fd_sc_hd__dfxtp_1)
                                                         net13 (net)
                      0.186919    0.000475    1.274438 v _080_/A (sky130_fd_sc_hd__inv_2)
     2    0.006083    0.077564    0.133484    1.407922 ^ _080_/Y (sky130_fd_sc_hd__inv_2)
                                                         net21 (net)
                      0.077564    0.000025    1.407947 ^ output21/A (sky130_fd_sc_hd__buf_2)
     1    0.034514    0.273933    0.348431    1.756378 ^ output21/X (sky130_fd_sc_hd__buf_2)
                                                         dac_in_n[1] (net)
                      0.273933    0.000444    1.756822 ^ dac_in_n[1] (out)
                                              1.756822   data arrival time

                                  0.000000    0.000000   clock clk (rise edge)
                                  0.000000    0.000000   clock network delay (propagated)
                                  0.250000    0.250000   clock uncertainty
                                  0.000000    0.250000   clock reconvergence pessimism
                                -10.000000   -9.750000   output external delay
                                             -9.750000   data required time
---------------------------------------------------------------------------------------------
                                             -9.750000   data required time
                                             -1.756822   data arrival time
---------------------------------------------------------------------------------------------
                                             11.506823   slack (MET)


Startpoint: _168_ (rising edge-triggered flip-flop clocked by clk)
Endpoint: dac_in_n[7] (output port clocked by clk)
Path Group: clk
Path Type: min

Fanout         Cap        Slew       Delay        Time   Description
---------------------------------------------------------------------------------------------
                                  0.000000    0.000000   clock clk (rise edge)
                                  0.000000    0.000000   clock source latency
     1    0.016623    0.126597    0.085343    0.085343 ^ clk (in)
                                                         clk (net)
                      0.126598    0.000000    0.085343 ^ clkbuf_0_clk/A (sky130_fd_sc_hd__clkbuf_16)
     2    0.018507    0.065560    0.245451    0.330794 ^ clkbuf_0_clk/X (sky130_fd_sc_hd__clkbuf_16)
                                                         clknet_0_clk (net)
                      0.065560    0.000129    0.330923 ^ clkbuf_1_0__f_clk/A (sky130_fd_sc_hd__clkbuf_16)
    10    0.037074    0.090313    0.243799    0.574722 ^ clkbuf_1_0__f_clk/X (sky130_fd_sc_hd__clkbuf_16)
                                                         clknet_1_0__leaf_clk (net)
                      0.090313    0.000186    0.574908 ^ _168_/CLK (sky130_fd_sc_hd__dfxtp_1)
     3    0.012743    0.126561    0.654617    1.229525 v _168_/Q (sky130_fd_sc_hd__dfxtp_1)
                                                         net19 (net)
                      0.126561    0.000270    1.229795 v _074_/A (sky130_fd_sc_hd__inv_2)
     2    0.015851    0.126607    0.159006    1.388801 ^ _074_/Y (sky130_fd_sc_hd__inv_2)
                                                         net27 (net)
                      0.126607    0.000271    1.389072 ^ output27/A (sky130_fd_sc_hd__buf_2)
     1    0.034473    0.273716    0.371216    1.760288 ^ output27/X (sky130_fd_sc_hd__buf_2)
                                                         dac_in_n[7] (net)
                      0.273716    0.000421    1.760709 ^ dac_in_n[7] (out)
                                              1.760709   data arrival time

                                  0.000000    0.000000   clock clk (rise edge)
                                  0.000000    0.000000   clock network delay (propagated)
                                  0.250000    0.250000   clock uncertainty
                                  0.000000    0.250000   clock reconvergence pessimism
                                -10.000000   -9.750000   output external delay
                                             -9.750000   data required time
---------------------------------------------------------------------------------------------
                                             -9.750000   data required time
                                             -1.760709   data arrival time
---------------------------------------------------------------------------------------------
                                             11.510709   slack (MET)


Startpoint: _161_ (rising edge-triggered flip-flop clocked by clk)
Endpoint: dac_in[0] (output port clocked by clk)
Path Group: clk
Path Type: min

Fanout         Cap        Slew       Delay        Time   Description
---------------------------------------------------------------------------------------------
                                  0.000000    0.000000   clock clk (rise edge)
                                  0.000000    0.000000   clock source latency
     1    0.016623    0.126597    0.085343    0.085343 ^ clk (in)
                                                         clk (net)
                      0.126598    0.000000    0.085343 ^ clkbuf_0_clk/A (sky130_fd_sc_hd__clkbuf_16)
     2    0.018507    0.065560    0.245451    0.330794 ^ clkbuf_0_clk/X (sky130_fd_sc_hd__clkbuf_16)
                                                         clknet_0_clk (net)
                      0.065560    0.000129    0.330923 ^ clkbuf_1_0__f_clk/A (sky130_fd_sc_hd__clkbuf_16)
    10    0.037074    0.090313    0.243799    0.574722 ^ clkbuf_1_0__f_clk/X (sky130_fd_sc_hd__clkbuf_16)
                                                         clknet_1_0__leaf_clk (net)
                      0.090319    0.000809    0.575531 ^ _161_/CLK (sky130_fd_sc_hd__dfxtp_1)
     4    0.028393    0.257141    0.753352    1.328883 v _161_/Q (sky130_fd_sc_hd__dfxtp_1)
                                                         net12 (net)
                      0.257141    0.000126    1.329009 v output12/A (sky130_fd_sc_hd__buf_2)
     1    0.034727    0.167977    0.435905    1.764913 v output12/X (sky130_fd_sc_hd__buf_2)
                                                         dac_in[0] (net)
                      0.167977    0.000463    1.765376 v dac_in[0] (out)
                                              1.765376   data arrival time

                                  0.000000    0.000000   clock clk (rise edge)
                                  0.000000    0.000000   clock network delay (propagated)
                                  0.250000    0.250000   clock uncertainty
                                  0.000000    0.250000   clock reconvergence pessimism
                                -10.000000   -9.750000   output external delay
                                             -9.750000   data required time
---------------------------------------------------------------------------------------------
                                             -9.750000   data required time
                                             -1.765376   data arrival time
---------------------------------------------------------------------------------------------
                                             11.515376   slack (MET)


Startpoint: _165_ (rising edge-triggered flip-flop clocked by clk)
Endpoint: dac_in_n[4] (output port clocked by clk)
Path Group: clk
Path Type: min

Fanout         Cap        Slew       Delay        Time   Description
---------------------------------------------------------------------------------------------
                                  0.000000    0.000000   clock clk (rise edge)
                                  0.000000    0.000000   clock source latency
     1    0.016623    0.126597    0.085343    0.085343 ^ clk (in)
                                                         clk (net)
                      0.126598    0.000000    0.085343 ^ clkbuf_0_clk/A (sky130_fd_sc_hd__clkbuf_16)
     2    0.018507    0.065560    0.245451    0.330794 ^ clkbuf_0_clk/X (sky130_fd_sc_hd__clkbuf_16)
                                                         clknet_0_clk (net)
                      0.065560    0.000096    0.330890 ^ clkbuf_1_1__f_clk/A (sky130_fd_sc_hd__clkbuf_16)
    12    0.036212    0.089056    0.242642    0.573532 ^ clkbuf_1_1__f_clk/X (sky130_fd_sc_hd__clkbuf_16)
                                                         clknet_1_1__leaf_clk (net)
                      0.089056    0.000091    0.573623 ^ _165_/CLK (sky130_fd_sc_hd__dfxtp_1)
     3    0.019606    0.183167    0.697428    1.271051 v _165_/Q (sky130_fd_sc_hd__dfxtp_1)
                                                         net16 (net)
                      0.183167    0.000260    1.271311 v _077_/A (sky130_fd_sc_hd__inv_2)
     2    0.009067    0.092422    0.148172    1.419483 ^ _077_/Y (sky130_fd_sc_hd__inv_2)
                                                         net24 (net)
                      0.092422    0.000041    1.419524 ^ output24/A (sky130_fd_sc_hd__buf_2)
     1    0.034508    0.273917    0.355350    1.774874 ^ output24/X (sky130_fd_sc_hd__buf_2)
                                                         dac_in_n[4] (net)
                      0.273917    0.000444    1.775318 ^ dac_in_n[4] (out)
                                              1.775318   data arrival time

                                  0.000000    0.000000   clock clk (rise edge)
                                  0.000000    0.000000   clock network delay (propagated)
                                  0.250000    0.250000   clock uncertainty
                                  0.000000    0.250000   clock reconvergence pessimism
                                -10.000000   -9.750000   output external delay
                                             -9.750000   data required time
---------------------------------------------------------------------------------------------
                                             -9.750000   data required time
                                             -1.775318   data arrival time
---------------------------------------------------------------------------------------------
                                             11.525318   slack (MET)


Startpoint: _161_ (rising edge-triggered flip-flop clocked by clk)
Endpoint: dac_in_n[0] (output port clocked by clk)
Path Group: clk
Path Type: min

Fanout         Cap        Slew       Delay        Time   Description
---------------------------------------------------------------------------------------------
                                  0.000000    0.000000   clock clk (rise edge)
                                  0.000000    0.000000   clock source latency
     1    0.016623    0.126597    0.085343    0.085343 ^ clk (in)
                                                         clk (net)
                      0.126598    0.000000    0.085343 ^ clkbuf_0_clk/A (sky130_fd_sc_hd__clkbuf_16)
     2    0.018507    0.065560    0.245451    0.330794 ^ clkbuf_0_clk/X (sky130_fd_sc_hd__clkbuf_16)
                                                         clknet_0_clk (net)
                      0.065560    0.000129    0.330923 ^ clkbuf_1_0__f_clk/A (sky130_fd_sc_hd__clkbuf_16)
    10    0.037074    0.090313    0.243799    0.574722 ^ clkbuf_1_0__f_clk/X (sky130_fd_sc_hd__clkbuf_16)
                                                         clknet_1_0__leaf_clk (net)
                      0.090319    0.000809    0.575531 ^ _161_/CLK (sky130_fd_sc_hd__dfxtp_1)
     4    0.028393    0.257141    0.753352    1.328883 v _161_/Q (sky130_fd_sc_hd__dfxtp_1)
                                                         net12 (net)
                      0.257141    0.000610    1.329493 v _081_/A (sky130_fd_sc_hd__inv_2)
     1    0.001971    0.066128    0.117880    1.447373 ^ _081_/Y (sky130_fd_sc_hd__inv_2)
                                                         net20 (net)
                      0.066128    0.000016    1.447390 ^ output20/A (sky130_fd_sc_hd__buf_2)
     1    0.034514    0.273915    0.343190    1.790579 ^ output20/X (sky130_fd_sc_hd__buf_2)
                                                         dac_in_n[0] (net)
                      0.273915    0.000444    1.791024 ^ dac_in_n[0] (out)
                                              1.791024   data arrival time

                                  0.000000    0.000000   clock clk (rise edge)
                                  0.000000    0.000000   clock network delay (propagated)
                                  0.250000    0.250000   clock uncertainty
                                  0.000000    0.250000   clock reconvergence pessimism
                                -10.000000   -9.750000   output external delay
                                             -9.750000   data required time
---------------------------------------------------------------------------------------------
                                             -9.750000   data required time
                                             -1.791024   data arrival time
---------------------------------------------------------------------------------------------
                                             11.541024   slack (MET)


Startpoint: _163_ (rising edge-triggered flip-flop clocked by clk)
Endpoint: dac_in_n[2] (output port clocked by clk)
Path Group: clk
Path Type: min

Fanout         Cap        Slew       Delay        Time   Description
---------------------------------------------------------------------------------------------
                                  0.000000    0.000000   clock clk (rise edge)
                                  0.000000    0.000000   clock source latency
     1    0.016623    0.126597    0.085343    0.085343 ^ clk (in)
                                                         clk (net)
                      0.126598    0.000000    0.085343 ^ clkbuf_0_clk/A (sky130_fd_sc_hd__clkbuf_16)
     2    0.018507    0.065560    0.245451    0.330794 ^ clkbuf_0_clk/X (sky130_fd_sc_hd__clkbuf_16)
                                                         clknet_0_clk (net)
                      0.065560    0.000129    0.330923 ^ clkbuf_1_0__f_clk/A (sky130_fd_sc_hd__clkbuf_16)
    10    0.037074    0.090313    0.243799    0.574722 ^ clkbuf_1_0__f_clk/X (sky130_fd_sc_hd__clkbuf_16)
                                                         clknet_1_0__leaf_clk (net)
                      0.090319    0.000829    0.575551 ^ _163_/CLK (sky130_fd_sc_hd__dfxtp_1)
     4    0.027583    0.250486    0.747791    1.323342 v _163_/Q (sky130_fd_sc_hd__dfxtp_1)
                                                         net14 (net)
                      0.250491    0.001422    1.324764 v _079_/A (sky130_fd_sc_hd__inv_2)
     1    0.002408    0.067564    0.121090    1.445854 ^ _079_/Y (sky130_fd_sc_hd__inv_2)
                                                         net22 (net)
                      0.067564    0.000023    1.445877 ^ output22/A (sky130_fd_sc_hd__buf_2)
     1    0.034827    0.276253    0.345473    1.791350 ^ output22/X (sky130_fd_sc_hd__buf_2)
                                                         dac_in_n[2] (net)
                      0.276253    0.000498    1.791848 ^ dac_in_n[2] (out)
                                              1.791848   data arrival time

                                  0.000000    0.000000   clock clk (rise edge)
                                  0.000000    0.000000   clock network delay (propagated)
                                  0.250000    0.250000   clock uncertainty
                                  0.000000    0.250000   clock reconvergence pessimism
                                -10.000000   -9.750000   output external delay
                                             -9.750000   data required time
---------------------------------------------------------------------------------------------
                                             -9.750000   data required time
                                             -1.791848   data arrival time
---------------------------------------------------------------------------------------------
                                             11.541848   slack (MET)


Startpoint: _166_ (rising edge-triggered flip-flop clocked by clk)
Endpoint: dac_in_n[5] (output port clocked by clk)
Path Group: clk
Path Type: min

Fanout         Cap        Slew       Delay        Time   Description
---------------------------------------------------------------------------------------------
                                  0.000000    0.000000   clock clk (rise edge)
                                  0.000000    0.000000   clock source latency
     1    0.016623    0.126597    0.085343    0.085343 ^ clk (in)
                                                         clk (net)
                      0.126598    0.000000    0.085343 ^ clkbuf_0_clk/A (sky130_fd_sc_hd__clkbuf_16)
     2    0.018507    0.065560    0.245451    0.330794 ^ clkbuf_0_clk/X (sky130_fd_sc_hd__clkbuf_16)
                                                         clknet_0_clk (net)
                      0.065560    0.000096    0.330890 ^ clkbuf_1_1__f_clk/A (sky130_fd_sc_hd__clkbuf_16)
    12    0.036212    0.089056    0.242642    0.573532 ^ clkbuf_1_1__f_clk/X (sky130_fd_sc_hd__clkbuf_16)
                                                         clknet_1_1__leaf_clk (net)
                      0.089056    0.000239    0.573771 ^ _166_/CLK (sky130_fd_sc_hd__dfxtp_1)
     3    0.019181    0.179549    0.694863    1.268633 v _166_/Q (sky130_fd_sc_hd__dfxtp_1)
                                                         net17 (net)
                      0.179549    0.000298    1.268931 v _076_/A (sky130_fd_sc_hd__inv_2)
     2    0.012753    0.112888    0.166625    1.435556 ^ _076_/Y (sky130_fd_sc_hd__inv_2)
                                                         net25 (net)
                      0.112888    0.000105    1.435661 ^ output25/A (sky130_fd_sc_hd__buf_2)
     1    0.035261    0.279574    0.368849    1.804510 ^ output25/X (sky130_fd_sc_hd__buf_2)
                                                         dac_in_n[5] (net)
                      0.279574    0.000585    1.805095 ^ dac_in_n[5] (out)
                                              1.805095   data arrival time

                                  0.000000    0.000000   clock clk (rise edge)
                                  0.000000    0.000000   clock network delay (propagated)
                                  0.250000    0.250000   clock uncertainty
                                  0.000000    0.250000   clock reconvergence pessimism
                                -10.000000   -9.750000   output external delay
                                             -9.750000   data required time
---------------------------------------------------------------------------------------------
                                             -9.750000   data required time
                                             -1.805095   data arrival time
---------------------------------------------------------------------------------------------
                                             11.555095   slack (MET)


Startpoint: _164_ (rising edge-triggered flip-flop clocked by clk)
Endpoint: dac_in_n[3] (output port clocked by clk)
Path Group: clk
Path Type: min

Fanout         Cap        Slew       Delay        Time   Description
---------------------------------------------------------------------------------------------
                                  0.000000    0.000000   clock clk (rise edge)
                                  0.000000    0.000000   clock source latency
     1    0.016623    0.126597    0.085343    0.085343 ^ clk (in)
                                                         clk (net)
                      0.126598    0.000000    0.085343 ^ clkbuf_0_clk/A (sky130_fd_sc_hd__clkbuf_16)
     2    0.018507    0.065560    0.245451    0.330794 ^ clkbuf_0_clk/X (sky130_fd_sc_hd__clkbuf_16)
                                                         clknet_0_clk (net)
                      0.065560    0.000129    0.330923 ^ clkbuf_1_0__f_clk/A (sky130_fd_sc_hd__clkbuf_16)
    10    0.037074    0.090313    0.243799    0.574722 ^ clkbuf_1_0__f_clk/X (sky130_fd_sc_hd__clkbuf_16)
                                                         clknet_1_0__leaf_clk (net)
                      0.090320    0.000847    0.575569 ^ _164_/CLK (sky130_fd_sc_hd__dfxtp_1)
     3    0.023403    0.215250    0.721536    1.297105 v _164_/Q (sky130_fd_sc_hd__dfxtp_1)
                                                         net15 (net)
                      0.215254    0.001253    1.298359 v _078_/A (sky130_fd_sc_hd__inv_2)
     2    0.009753    0.101246    0.165965    1.464323 ^ _078_/Y (sky130_fd_sc_hd__inv_2)
                                                         net23 (net)
                      0.101246    0.000068    1.464392 ^ output23/A (sky130_fd_sc_hd__buf_2)
     1    0.034601    0.274630    0.359983    1.824375 ^ output23/X (sky130_fd_sc_hd__buf_2)
                                                         dac_in_n[3] (net)
                      0.274630    0.000449    1.824824 ^ dac_in_n[3] (out)
                                              1.824824   data arrival time

                                  0.000000    0.000000   clock clk (rise edge)
                                  0.000000    0.000000   clock network delay (propagated)
                                  0.250000    0.250000   clock uncertainty
                                  0.000000    0.250000   clock reconvergence pessimism
                                -10.000000   -9.750000   output external delay
                                             -9.750000   data required time
---------------------------------------------------------------------------------------------
                                             -9.750000   data required time
                                             -1.824824   data arrival time
---------------------------------------------------------------------------------------------
                                             11.574824   slack (MET)


Startpoint: _152_ (rising edge-triggered flip-flop clocked by clk')
Endpoint: comparator_clk (output port clocked by clk)
Path Group: clk
Path Type: min

Fanout         Cap        Slew       Delay        Time   Description
---------------------------------------------------------------------------------------------
                                 25.000000   25.000000   clock clk' (rise edge)
                                  0.000000   25.000000   clock source latency
     1    0.015737    0.070862    0.048749   25.048748 v clk (in)
                                                         clk (net)
                      0.070864    0.000000   25.048748 v clkbuf_0_clk/A (sky130_fd_sc_hd__clkbuf_16)
     2    0.016735    0.054327    0.253712   25.302460 v clkbuf_0_clk/X (sky130_fd_sc_hd__clkbuf_16)
                                                         clknet_0_clk (net)
                      0.054327    0.000087   25.302547 v clkbuf_1_1__f_clk/A (sky130_fd_sc_hd__clkbuf_16)
    12    0.034561    0.070892    0.267217   25.569763 v clkbuf_1_1__f_clk/X (sky130_fd_sc_hd__clkbuf_16)
                                                         clknet_1_1__leaf_clk (net)
                      0.070892    0.000203   25.569967 v _083__1/A (sky130_fd_sc_hd__inv_2)
     1    0.002147    0.032216    0.063475   25.633442 ^ _083__1/Y (sky130_fd_sc_hd__inv_2)
                                                         net35 (net)
                      0.032216    0.000020   25.633461 ^ _152_/CLK (sky130_fd_sc_hd__dfxtp_1)
     3    0.013324    0.130608    0.631987   26.265448 v _152_/Q (sky130_fd_sc_hd__dfxtp_1)
                                                         net11 (net)
                      0.130608    0.000194   26.265640 v output11/A (sky130_fd_sc_hd__buf_2)
     1    0.035238    0.169683    0.376888   26.642529 v output11/X (sky130_fd_sc_hd__buf_2)
                                                         comparator_clk (net)
                      0.169683    0.000366   26.642895 v comparator_clk (out)
                                             26.642895   data arrival time

                                  0.000000    0.000000   clock clk (rise edge)
                                  0.000000    0.000000   clock network delay (propagated)
                                  0.250000    0.250000   clock uncertainty
                                  0.000000    0.250000   clock reconvergence pessimism
                                -10.000000   -9.750000   output external delay
                                             -9.750000   data required time
---------------------------------------------------------------------------------------------
                                             -9.750000   data required time
                                            -26.642895   data arrival time
---------------------------------------------------------------------------------------------
                                             36.392895   slack (MET)



