Reading timing models for corner nom_tt_025C_1v80…
Reading cell library for the 'nom_tt_025C_1v80' corner at '/usr/local/share/pdk/ciel/sky130/versions/0fe599b2afb6708d281543108caf8310912f54af/sky130A/libs.ref/sky130_fd_sc_hd/lib/sky130_fd_sc_hd__tt_025C_1v80.lib'…
Reading top-level netlist at '/home/dt/Documents/madvlsi/final/schematics/controller/librelane/runs/RUN_2025-12-16_17-02-26/51-openroad-fillinsertion/controller.nl.v'…
Linking design 'controller' from netlist…
Warning: /home/dt/Documents/madvlsi/final/schematics/controller/librelane/runs/RUN_2025-12-16_17-02-26/51-openroad-fillinsertion/controller.nl.v line 525, module sky130_fd_sc_hd__tapvpwrvgnd_1 not found. Creating black box for TAP_TAPCELL_ROW_0_20.
Warning: /home/dt/Documents/madvlsi/final/schematics/controller/librelane/runs/RUN_2025-12-16_17-02-26/51-openroad-fillinsertion/controller.nl.v line 676, module sky130_ef_sc_hd__decap_12 not found. Creating black box for FILLER_0_3.
Warning: /home/dt/Documents/madvlsi/final/schematics/controller/librelane/runs/RUN_2025-12-16_17-02-26/51-openroad-fillinsertion/controller.nl.v line 678, module sky130_fd_sc_hd__fill_1 not found. Creating black box for FILLER_0_27.
Warning: /home/dt/Documents/madvlsi/final/schematics/controller/librelane/runs/RUN_2025-12-16_17-02-26/51-openroad-fillinsertion/controller.nl.v line 714, module sky130_fd_sc_hd__fill_2 not found. Creating black box for FILLER_1_73.
Reading design constraints file at '/nix/store/pqxyc4xmydcs5adig47yyc29r3svp5nx-python3-3.11.9-env/lib/python3.11/site-packages/librelane/scripts/base.sdc'…
[INFO] Using clock clk…
[INFO] Setting output delay to: 10
[INFO] Setting input delay to: 10
[INFO] Setting load to: 0.033442
[INFO] Setting clock uncertainty to: 0.25
[INFO] Setting clock transition to: 0.1499999999999999944488848768742172978818416595458984375
[INFO] Setting timing derate to: 5%
Reading top-level design parasitics for the 'nom_tt_025C_1v80' corner at '/home/dt/Documents/madvlsi/final/schematics/controller/librelane/runs/RUN_2025-12-16_17-02-26/53-openroad-rcx/nom/controller.nom.spef'…
%OL_CREATE_REPORT min.rpt

===========================================================================
report_checks -path_delay min (Hold)
============================================================================
======================= nom_tt_025C_1v80 Corner ===================================

Startpoint: _154_ (rising edge-triggered flip-flop clocked by clk)
Endpoint: _154_ (rising edge-triggered flip-flop clocked by clk)
Path Group: clk
Path Type: min

Fanout         Cap        Slew       Delay        Time   Description
---------------------------------------------------------------------------------------------
                                  0.000000    0.000000   clock clk (rise edge)
                                  0.000000    0.000000   clock source latency
     1    0.017250    0.083453    0.057184    0.057184 ^ clk (in)
                                                         clk (net)
                      0.083459    0.000000    0.057184 ^ clkbuf_0_clk/A (sky130_fd_sc_hd__clkbuf_16)
     2    0.018808    0.040866    0.138344    0.195528 ^ clkbuf_0_clk/X (sky130_fd_sc_hd__clkbuf_16)
                                                         clknet_0_clk (net)
                      0.040866    0.000320    0.195848 ^ clkbuf_1_1__f_clk/A (sky130_fd_sc_hd__clkbuf_16)
    12    0.039354    0.059145    0.139753    0.335601 ^ clkbuf_1_1__f_clk/X (sky130_fd_sc_hd__clkbuf_16)
                                                         clknet_1_1__leaf_clk (net)
                      0.059158    0.000807    0.336407 ^ _154_/CLK (sky130_fd_sc_hd__dfxtp_1)
     2    0.008105    0.086253    0.339962    0.676369 ^ _154_/Q (sky130_fd_sc_hd__dfxtp_1)
                                                         net4 (net)
                      0.086253    0.000190    0.676559 ^ _089_/A (sky130_fd_sc_hd__or2_1)
     1    0.003300    0.044049    0.107496    0.784055 ^ _089_/X (sky130_fd_sc_hd__or2_1)
                                                         _052_ (net)
                      0.044049    0.000097    0.784152 ^ _090_/B1 (sky130_fd_sc_hd__o211a_1)
     1    0.001916    0.034365    0.128318    0.912470 ^ _090_/X (sky130_fd_sc_hd__o211a_1)
                                                         _003_ (net)
                      0.034365    0.000053    0.912524 ^ _154_/D (sky130_fd_sc_hd__dfxtp_1)
                                              0.912524   data arrival time

                                  0.000000    0.000000   clock clk (rise edge)
                                  0.000000    0.000000   clock source latency
     1    0.017250    0.083453    0.057184    0.057184 ^ clk (in)
                                                         clk (net)
                      0.083459    0.000000    0.057184 ^ clkbuf_0_clk/A (sky130_fd_sc_hd__clkbuf_16)
     2    0.018808    0.040866    0.138344    0.195528 ^ clkbuf_0_clk/X (sky130_fd_sc_hd__clkbuf_16)
                                                         clknet_0_clk (net)
                      0.040866    0.000320    0.195848 ^ clkbuf_1_1__f_clk/A (sky130_fd_sc_hd__clkbuf_16)
    12    0.039354    0.059145    0.139753    0.335601 ^ clkbuf_1_1__f_clk/X (sky130_fd_sc_hd__clkbuf_16)
                                                         clknet_1_1__leaf_clk (net)
                      0.059158    0.000807    0.336407 ^ _154_/CLK (sky130_fd_sc_hd__dfxtp_1)
                                  0.250000    0.586407   clock uncertainty
                                  0.000000    0.586407   clock reconvergence pessimism
                                 -0.027181    0.559226   library hold time
                                              0.559226   data required time
---------------------------------------------------------------------------------------------
                                              0.559226   data required time
                                             -0.912524   data arrival time
---------------------------------------------------------------------------------------------
                                              0.353298   slack (MET)


Startpoint: _153_ (rising edge-triggered flip-flop clocked by clk)
Endpoint: _153_ (rising edge-triggered flip-flop clocked by clk)
Path Group: clk
Path Type: min

Fanout         Cap        Slew       Delay        Time   Description
---------------------------------------------------------------------------------------------
                                  0.000000    0.000000   clock clk (rise edge)
                                  0.000000    0.000000   clock source latency
     1    0.017250    0.083453    0.057184    0.057184 ^ clk (in)
                                                         clk (net)
                      0.083459    0.000000    0.057184 ^ clkbuf_0_clk/A (sky130_fd_sc_hd__clkbuf_16)
     2    0.018808    0.040866    0.138344    0.195528 ^ clkbuf_0_clk/X (sky130_fd_sc_hd__clkbuf_16)
                                                         clknet_0_clk (net)
                      0.040866    0.000320    0.195848 ^ clkbuf_1_1__f_clk/A (sky130_fd_sc_hd__clkbuf_16)
    12    0.039354    0.059145    0.139753    0.335601 ^ clkbuf_1_1__f_clk/X (sky130_fd_sc_hd__clkbuf_16)
                                                         clknet_1_1__leaf_clk (net)
                      0.059162    0.000895    0.336496 ^ _153_/CLK (sky130_fd_sc_hd__dfxtp_1)
     2    0.007775    0.083368    0.337820    0.674315 ^ _153_/Q (sky130_fd_sc_hd__dfxtp_1)
                                                         net3 (net)
                      0.083368    0.000093    0.674409 ^ _087_/A (sky130_fd_sc_hd__or2_1)
     1    0.003890    0.048961    0.110346    0.784755 ^ _087_/X (sky130_fd_sc_hd__or2_1)
                                                         _051_ (net)
                      0.048961    0.000121    0.784876 ^ _088_/B1 (sky130_fd_sc_hd__o211a_1)
     1    0.002281    0.036872    0.132555    0.917431 ^ _088_/X (sky130_fd_sc_hd__o211a_1)
                                                         _002_ (net)
                      0.036872    0.000066    0.917497 ^ _153_/D (sky130_fd_sc_hd__dfxtp_1)
                                              0.917497   data arrival time

                                  0.000000    0.000000   clock clk (rise edge)
                                  0.000000    0.000000   clock source latency
     1    0.017250    0.083453    0.057184    0.057184 ^ clk (in)
                                                         clk (net)
                      0.083459    0.000000    0.057184 ^ clkbuf_0_clk/A (sky130_fd_sc_hd__clkbuf_16)
     2    0.018808    0.040866    0.138344    0.195528 ^ clkbuf_0_clk/X (sky130_fd_sc_hd__clkbuf_16)
                                                         clknet_0_clk (net)
                      0.040866    0.000320    0.195848 ^ clkbuf_1_1__f_clk/A (sky130_fd_sc_hd__clkbuf_16)
    12    0.039354    0.059145    0.139753    0.335601 ^ clkbuf_1_1__f_clk/X (sky130_fd_sc_hd__clkbuf_16)
                                                         clknet_1_1__leaf_clk (net)
                      0.059162    0.000895    0.336496 ^ _153_/CLK (sky130_fd_sc_hd__dfxtp_1)
                                  0.250000    0.586496   clock uncertainty
                                  0.000000    0.586496   clock reconvergence pessimism
                                 -0.027705    0.558791   library hold time
                                              0.558791   data required time
---------------------------------------------------------------------------------------------
                                              0.558791   data required time
                                             -0.917497   data arrival time
---------------------------------------------------------------------------------------------
                                              0.358706   slack (MET)


Startpoint: _166_ (rising edge-triggered flip-flop clocked by clk)
Endpoint: _158_ (rising edge-triggered flip-flop clocked by clk)
Path Group: clk
Path Type: min

Fanout         Cap        Slew       Delay        Time   Description
---------------------------------------------------------------------------------------------
                                  0.000000    0.000000   clock clk (rise edge)
                                  0.000000    0.000000   clock source latency
     1    0.017250    0.083453    0.057184    0.057184 ^ clk (in)
                                                         clk (net)
                      0.083459    0.000000    0.057184 ^ clkbuf_0_clk/A (sky130_fd_sc_hd__clkbuf_16)
     2    0.018808    0.040866    0.138344    0.195528 ^ clkbuf_0_clk/X (sky130_fd_sc_hd__clkbuf_16)
                                                         clknet_0_clk (net)
                      0.040866    0.000320    0.195848 ^ clkbuf_1_1__f_clk/A (sky130_fd_sc_hd__clkbuf_16)
    12    0.039354    0.059145    0.139753    0.335601 ^ clkbuf_1_1__f_clk/X (sky130_fd_sc_hd__clkbuf_16)
                                                         clknet_1_1__leaf_clk (net)
                      0.059153    0.000693    0.336294 ^ _166_/CLK (sky130_fd_sc_hd__dfxtp_1)
     3    0.021242    0.204031    0.424356    0.760650 ^ _166_/Q (sky130_fd_sc_hd__dfxtp_1)
                                                         net17 (net)
                      0.204031    0.000578    0.761228 ^ _098_/A1 (sky130_fd_sc_hd__o211a_1)
     1    0.001984    0.034832    0.175238    0.936467 ^ _098_/X (sky130_fd_sc_hd__o211a_1)
                                                         _007_ (net)
                      0.034832    0.000039    0.936506 ^ _158_/D (sky130_fd_sc_hd__dfxtp_1)
                                              0.936506   data arrival time

                                  0.000000    0.000000   clock clk (rise edge)
                                  0.000000    0.000000   clock source latency
     1    0.017250    0.083453    0.057184    0.057184 ^ clk (in)
                                                         clk (net)
                      0.083459    0.000000    0.057184 ^ clkbuf_0_clk/A (sky130_fd_sc_hd__clkbuf_16)
     2    0.018808    0.040866    0.138344    0.195528 ^ clkbuf_0_clk/X (sky130_fd_sc_hd__clkbuf_16)
                                                         clknet_0_clk (net)
                      0.040866    0.000320    0.195848 ^ clkbuf_1_1__f_clk/A (sky130_fd_sc_hd__clkbuf_16)
    12    0.039354    0.059145    0.139753    0.335601 ^ clkbuf_1_1__f_clk/X (sky130_fd_sc_hd__clkbuf_16)
                                                         clknet_1_1__leaf_clk (net)
                      0.059177    0.001186    0.336787 ^ _158_/CLK (sky130_fd_sc_hd__dfxtp_1)
                                  0.250000    0.586787   clock uncertainty
                                  0.000000    0.586787   clock reconvergence pessimism
                                 -0.027276    0.559511   library hold time
                                              0.559511   data required time
---------------------------------------------------------------------------------------------
                                              0.559511   data required time
                                             -0.936506   data arrival time
---------------------------------------------------------------------------------------------
                                              0.376995   slack (MET)


Startpoint: _165_ (rising edge-triggered flip-flop clocked by clk)
Endpoint: _157_ (rising edge-triggered flip-flop clocked by clk)
Path Group: clk
Path Type: min

Fanout         Cap        Slew       Delay        Time   Description
---------------------------------------------------------------------------------------------
                                  0.000000    0.000000   clock clk (rise edge)
                                  0.000000    0.000000   clock source latency
     1    0.017250    0.083453    0.057184    0.057184 ^ clk (in)
                                                         clk (net)
                      0.083459    0.000000    0.057184 ^ clkbuf_0_clk/A (sky130_fd_sc_hd__clkbuf_16)
     2    0.018808    0.040866    0.138344    0.195528 ^ clkbuf_0_clk/X (sky130_fd_sc_hd__clkbuf_16)
                                                         clknet_0_clk (net)
                      0.040866    0.000320    0.195848 ^ clkbuf_1_1__f_clk/A (sky130_fd_sc_hd__clkbuf_16)
    12    0.039354    0.059145    0.139753    0.335601 ^ clkbuf_1_1__f_clk/X (sky130_fd_sc_hd__clkbuf_16)
                                                         clknet_1_1__leaf_clk (net)
                      0.059146    0.000423    0.336023 ^ _165_/CLK (sky130_fd_sc_hd__dfxtp_1)
     3    0.021447    0.205918    0.425515    0.761539 ^ _165_/Q (sky130_fd_sc_hd__dfxtp_1)
                                                         net16 (net)
                      0.205918    0.000373    0.761911 ^ _096_/A1 (sky130_fd_sc_hd__o211a_1)
     1    0.002037    0.035193    0.176044    0.937955 ^ _096_/X (sky130_fd_sc_hd__o211a_1)
                                                         _006_ (net)
                      0.035193    0.000057    0.938013 ^ _157_/D (sky130_fd_sc_hd__dfxtp_1)
                                              0.938013   data arrival time

                                  0.000000    0.000000   clock clk (rise edge)
                                  0.000000    0.000000   clock source latency
     1    0.017250    0.083453    0.057184    0.057184 ^ clk (in)
                                                         clk (net)
                      0.083459    0.000000    0.057184 ^ clkbuf_0_clk/A (sky130_fd_sc_hd__clkbuf_16)
     2    0.018808    0.040866    0.138344    0.195528 ^ clkbuf_0_clk/X (sky130_fd_sc_hd__clkbuf_16)
                                                         clknet_0_clk (net)
                      0.040866    0.000320    0.195848 ^ clkbuf_1_1__f_clk/A (sky130_fd_sc_hd__clkbuf_16)
    12    0.039354    0.059145    0.139753    0.335601 ^ clkbuf_1_1__f_clk/X (sky130_fd_sc_hd__clkbuf_16)
                                                         clknet_1_1__leaf_clk (net)
                      0.059175    0.001143    0.336743 ^ _157_/CLK (sky130_fd_sc_hd__dfxtp_1)
                                  0.250000    0.586743   clock uncertainty
                                  0.000000    0.586743   clock reconvergence pessimism
                                 -0.027352    0.559391   library hold time
                                              0.559391   data required time
---------------------------------------------------------------------------------------------
                                              0.559391   data required time
                                             -0.938013   data arrival time
---------------------------------------------------------------------------------------------
                                              0.378621   slack (MET)


Startpoint: _162_ (rising edge-triggered flip-flop clocked by clk)
Endpoint: _162_ (rising edge-triggered flip-flop clocked by clk)
Path Group: clk
Path Type: min

Fanout         Cap        Slew       Delay        Time   Description
---------------------------------------------------------------------------------------------
                                  0.000000    0.000000   clock clk (rise edge)
                                  0.000000    0.000000   clock source latency
     1    0.017250    0.083453    0.057184    0.057184 ^ clk (in)
                                                         clk (net)
                      0.083459    0.000000    0.057184 ^ clkbuf_0_clk/A (sky130_fd_sc_hd__clkbuf_16)
     2    0.018808    0.040866    0.138344    0.195528 ^ clkbuf_0_clk/X (sky130_fd_sc_hd__clkbuf_16)
                                                         clknet_0_clk (net)
                      0.040866    0.000320    0.195848 ^ clkbuf_1_1__f_clk/A (sky130_fd_sc_hd__clkbuf_16)
    12    0.039354    0.059145    0.139753    0.335601 ^ clkbuf_1_1__f_clk/X (sky130_fd_sc_hd__clkbuf_16)
                                                         clknet_1_1__leaf_clk (net)
                      0.059159    0.000828    0.336429 ^ _162_/CLK (sky130_fd_sc_hd__dfxtp_1)
     3    0.021066    0.103894    0.363343    0.699773 v _162_/Q (sky130_fd_sc_hd__dfxtp_1)
                                                         net13 (net)
                      0.103900    0.000862    0.700635 v _080_/A (sky130_fd_sc_hd__inv_2)
     2    0.006368    0.046339    0.075401    0.776036 ^ _080_/Y (sky130_fd_sc_hd__inv_2)
                                                         net21 (net)
                      0.046339    0.000161    0.776197 ^ _116_/B1 (sky130_fd_sc_hd__a21o_1)
     1    0.003742    0.042054    0.081775    0.857972 ^ _116_/X (sky130_fd_sc_hd__a21o_1)
                                                         _071_ (net)
                      0.042054    0.000119    0.858091 ^ _120_/A1 (sky130_fd_sc_hd__a31oi_1)
     1    0.003112    0.047855    0.066499    0.924590 v _120_/Y (sky130_fd_sc_hd__a31oi_1)
                                                         _011_ (net)
                      0.047855    0.000091    0.924680 v _162_/D (sky130_fd_sc_hd__dfxtp_1)
                                              0.924680   data arrival time

                                  0.000000    0.000000   clock clk (rise edge)
                                  0.000000    0.000000   clock source latency
     1    0.017250    0.083453    0.057184    0.057184 ^ clk (in)
                                                         clk (net)
                      0.083459    0.000000    0.057184 ^ clkbuf_0_clk/A (sky130_fd_sc_hd__clkbuf_16)
     2    0.018808    0.040866    0.138344    0.195528 ^ clkbuf_0_clk/X (sky130_fd_sc_hd__clkbuf_16)
                                                         clknet_0_clk (net)
                      0.040866    0.000320    0.195848 ^ clkbuf_1_1__f_clk/A (sky130_fd_sc_hd__clkbuf_16)
    12    0.039354    0.059145    0.139753    0.335601 ^ clkbuf_1_1__f_clk/X (sky130_fd_sc_hd__clkbuf_16)
                                                         clknet_1_1__leaf_clk (net)
                      0.059159    0.000828    0.336429 ^ _162_/CLK (sky130_fd_sc_hd__dfxtp_1)
                                  0.250000    0.586429   clock uncertainty
                                  0.000000    0.586429   clock reconvergence pessimism
                                 -0.051541    0.534888   library hold time
                                              0.534888   data required time
---------------------------------------------------------------------------------------------
                                              0.534888   data required time
                                             -0.924680   data arrival time
---------------------------------------------------------------------------------------------
                                              0.389792   slack (MET)


Startpoint: _167_ (rising edge-triggered flip-flop clocked by clk)
Endpoint: _159_ (rising edge-triggered flip-flop clocked by clk)
Path Group: clk
Path Type: min

Fanout         Cap        Slew       Delay        Time   Description
---------------------------------------------------------------------------------------------
                                  0.000000    0.000000   clock clk (rise edge)
                                  0.000000    0.000000   clock source latency
     1    0.017250    0.083453    0.057184    0.057184 ^ clk (in)
                                                         clk (net)
                      0.083459    0.000000    0.057184 ^ clkbuf_0_clk/A (sky130_fd_sc_hd__clkbuf_16)
     2    0.018808    0.040866    0.138344    0.195528 ^ clkbuf_0_clk/X (sky130_fd_sc_hd__clkbuf_16)
                                                         clknet_0_clk (net)
                      0.040867    0.000361    0.195889 ^ clkbuf_1_0__f_clk/A (sky130_fd_sc_hd__clkbuf_16)
    10    0.040087    0.059773    0.140182    0.336071 ^ clkbuf_1_0__f_clk/X (sky130_fd_sc_hd__clkbuf_16)
                                                         clknet_1_0__leaf_clk (net)
                      0.059779    0.000693    0.336764 ^ _167_/CLK (sky130_fd_sc_hd__dfxtp_1)
     4    0.022690    0.217161    0.433552    0.770316 ^ _167_/Q (sky130_fd_sc_hd__dfxtp_1)
                                                         net18 (net)
                      0.217165    0.001226    0.771542 ^ _100_/A1 (sky130_fd_sc_hd__o211a_1)
     1    0.002225    0.036472    0.179862    0.951404 ^ _100_/X (sky130_fd_sc_hd__o211a_1)
                                                         _008_ (net)
                      0.036485    0.000065    0.951469 ^ _159_/D (sky130_fd_sc_hd__dfxtp_1)
                                              0.951469   data arrival time

                                  0.000000    0.000000   clock clk (rise edge)
                                  0.000000    0.000000   clock source latency
     1    0.017250    0.083453    0.057184    0.057184 ^ clk (in)
                                                         clk (net)
                      0.083459    0.000000    0.057184 ^ clkbuf_0_clk/A (sky130_fd_sc_hd__clkbuf_16)
     2    0.018808    0.040866    0.138344    0.195528 ^ clkbuf_0_clk/X (sky130_fd_sc_hd__clkbuf_16)
                                                         clknet_0_clk (net)
                      0.040866    0.000320    0.195848 ^ clkbuf_1_1__f_clk/A (sky130_fd_sc_hd__clkbuf_16)
    12    0.039354    0.059145    0.139753    0.335601 ^ clkbuf_1_1__f_clk/X (sky130_fd_sc_hd__clkbuf_16)
                                                         clknet_1_1__leaf_clk (net)
                      0.059178    0.001190    0.336791 ^ _159_/CLK (sky130_fd_sc_hd__dfxtp_1)
                                  0.250000    0.586791   clock uncertainty
                                  0.000000    0.586791   clock reconvergence pessimism
                                 -0.027622    0.559169   library hold time
                                              0.559169   data required time
---------------------------------------------------------------------------------------------
                                              0.559169   data required time
                                             -0.951469   data arrival time
---------------------------------------------------------------------------------------------
                                              0.392300   slack (MET)


Startpoint: _164_ (rising edge-triggered flip-flop clocked by clk)
Endpoint: _156_ (rising edge-triggered flip-flop clocked by clk)
Path Group: clk
Path Type: min

Fanout         Cap        Slew       Delay        Time   Description
---------------------------------------------------------------------------------------------
                                  0.000000    0.000000   clock clk (rise edge)
                                  0.000000    0.000000   clock source latency
     1    0.017250    0.083453    0.057184    0.057184 ^ clk (in)
                                                         clk (net)
                      0.083459    0.000000    0.057184 ^ clkbuf_0_clk/A (sky130_fd_sc_hd__clkbuf_16)
     2    0.018808    0.040866    0.138344    0.195528 ^ clkbuf_0_clk/X (sky130_fd_sc_hd__clkbuf_16)
                                                         clknet_0_clk (net)
                      0.040867    0.000361    0.195889 ^ clkbuf_1_0__f_clk/A (sky130_fd_sc_hd__clkbuf_16)
    10    0.040087    0.059773    0.140182    0.336071 ^ clkbuf_1_0__f_clk/X (sky130_fd_sc_hd__clkbuf_16)
                                                         clknet_1_0__leaf_clk (net)
                      0.059835    0.001637    0.337707 ^ _164_/CLK (sky130_fd_sc_hd__dfxtp_1)
     3    0.025170    0.120998    0.377164    0.714871 v _164_/Q (sky130_fd_sc_hd__dfxtp_1)
                                                         net15 (net)
                      0.121041    0.002141    0.717012 v _094_/A1 (sky130_fd_sc_hd__o211a_1)
     1    0.002021    0.025715    0.238402    0.955414 v _094_/X (sky130_fd_sc_hd__o211a_1)
                                                         _005_ (net)
                      0.025715    0.000058    0.955472 v _156_/D (sky130_fd_sc_hd__dfxtp_1)
                                              0.955472   data arrival time

                                  0.000000    0.000000   clock clk (rise edge)
                                  0.000000    0.000000   clock source latency
     1    0.017250    0.083453    0.057184    0.057184 ^ clk (in)
                                                         clk (net)
                      0.083459    0.000000    0.057184 ^ clkbuf_0_clk/A (sky130_fd_sc_hd__clkbuf_16)
     2    0.018808    0.040866    0.138344    0.195528 ^ clkbuf_0_clk/X (sky130_fd_sc_hd__clkbuf_16)
                                                         clknet_0_clk (net)
                      0.040866    0.000320    0.195848 ^ clkbuf_1_1__f_clk/A (sky130_fd_sc_hd__clkbuf_16)
    12    0.039354    0.059145    0.139753    0.335601 ^ clkbuf_1_1__f_clk/X (sky130_fd_sc_hd__clkbuf_16)
                                                         clknet_1_1__leaf_clk (net)
                      0.059162    0.000910    0.336511 ^ _156_/CLK (sky130_fd_sc_hd__dfxtp_1)
                                  0.250000    0.586511   clock uncertainty
                                  0.000000    0.586511   clock reconvergence pessimism
                                 -0.042302    0.544209   library hold time
                                              0.544209   data required time
---------------------------------------------------------------------------------------------
                                              0.544209   data required time
                                             -0.955472   data arrival time
---------------------------------------------------------------------------------------------
                                              0.411263   slack (MET)


Startpoint: _166_ (rising edge-triggered flip-flop clocked by clk)
Endpoint: _166_ (rising edge-triggered flip-flop clocked by clk)
Path Group: clk
Path Type: min

Fanout         Cap        Slew       Delay        Time   Description
---------------------------------------------------------------------------------------------
                                  0.000000    0.000000   clock clk (rise edge)
                                  0.000000    0.000000   clock source latency
     1    0.017250    0.083453    0.057184    0.057184 ^ clk (in)
                                                         clk (net)
                      0.083459    0.000000    0.057184 ^ clkbuf_0_clk/A (sky130_fd_sc_hd__clkbuf_16)
     2    0.018808    0.040866    0.138344    0.195528 ^ clkbuf_0_clk/X (sky130_fd_sc_hd__clkbuf_16)
                                                         clknet_0_clk (net)
                      0.040866    0.000320    0.195848 ^ clkbuf_1_1__f_clk/A (sky130_fd_sc_hd__clkbuf_16)
    12    0.039354    0.059145    0.139753    0.335601 ^ clkbuf_1_1__f_clk/X (sky130_fd_sc_hd__clkbuf_16)
                                                         clknet_1_1__leaf_clk (net)
                      0.059153    0.000693    0.336294 ^ _166_/CLK (sky130_fd_sc_hd__dfxtp_1)
     3    0.020483    0.101206    0.361660    0.697954 v _166_/Q (sky130_fd_sc_hd__dfxtp_1)
                                                         net17 (net)
                      0.101209    0.000612    0.698566 v _076_/A (sky130_fd_sc_hd__inv_2)
     2    0.013940    0.072540    0.100999    0.799565 ^ _076_/Y (sky130_fd_sc_hd__inv_2)
                                                         net25 (net)
                      0.072542    0.000513    0.800077 ^ _134_/B1 (sky130_fd_sc_hd__a21o_1)
     1    0.002828    0.035411    0.083745    0.883822 ^ _134_/X (sky130_fd_sc_hd__a21o_1)
                                                         _035_ (net)
                      0.035411    0.000057    0.883879 ^ _137_/A1 (sky130_fd_sc_hd__a31oi_1)
     1    0.002860    0.047181    0.062727    0.946606 v _137_/Y (sky130_fd_sc_hd__a31oi_1)
                                                         _015_ (net)
                      0.047181    0.000091    0.946697 v _166_/D (sky130_fd_sc_hd__dfxtp_1)
                                              0.946697   data arrival time

                                  0.000000    0.000000   clock clk (rise edge)
                                  0.000000    0.000000   clock source latency
     1    0.017250    0.083453    0.057184    0.057184 ^ clk (in)
                                                         clk (net)
                      0.083459    0.000000    0.057184 ^ clkbuf_0_clk/A (sky130_fd_sc_hd__clkbuf_16)
     2    0.018808    0.040866    0.138344    0.195528 ^ clkbuf_0_clk/X (sky130_fd_sc_hd__clkbuf_16)
                                                         clknet_0_clk (net)
                      0.040866    0.000320    0.195848 ^ clkbuf_1_1__f_clk/A (sky130_fd_sc_hd__clkbuf_16)
    12    0.039354    0.059145    0.139753    0.335601 ^ clkbuf_1_1__f_clk/X (sky130_fd_sc_hd__clkbuf_16)
                                                         clknet_1_1__leaf_clk (net)
                      0.059153    0.000693    0.336294 ^ _166_/CLK (sky130_fd_sc_hd__dfxtp_1)
                                  0.250000    0.586294   clock uncertainty
                                  0.000000    0.586294   clock reconvergence pessimism
                                 -0.051261    0.535033   library hold time
                                              0.535033   data required time
---------------------------------------------------------------------------------------------
                                              0.535033   data required time
                                             -0.946697   data arrival time
---------------------------------------------------------------------------------------------
                                              0.411665   slack (MET)


Startpoint: _165_ (rising edge-triggered flip-flop clocked by clk)
Endpoint: _165_ (rising edge-triggered flip-flop clocked by clk)
Path Group: clk
Path Type: min

Fanout         Cap        Slew       Delay        Time   Description
---------------------------------------------------------------------------------------------
                                  0.000000    0.000000   clock clk (rise edge)
                                  0.000000    0.000000   clock source latency
     1    0.017250    0.083453    0.057184    0.057184 ^ clk (in)
                                                         clk (net)
                      0.083459    0.000000    0.057184 ^ clkbuf_0_clk/A (sky130_fd_sc_hd__clkbuf_16)
     2    0.018808    0.040866    0.138344    0.195528 ^ clkbuf_0_clk/X (sky130_fd_sc_hd__clkbuf_16)
                                                         clknet_0_clk (net)
                      0.040866    0.000320    0.195848 ^ clkbuf_1_1__f_clk/A (sky130_fd_sc_hd__clkbuf_16)
    12    0.039354    0.059145    0.139753    0.335601 ^ clkbuf_1_1__f_clk/X (sky130_fd_sc_hd__clkbuf_16)
                                                         clknet_1_1__leaf_clk (net)
                      0.059146    0.000423    0.336023 ^ _165_/CLK (sky130_fd_sc_hd__dfxtp_1)
     3    0.020688    0.102174    0.362196    0.698220 v _165_/Q (sky130_fd_sc_hd__dfxtp_1)
                                                         net16 (net)
                      0.102176    0.000552    0.698772 v _077_/A (sky130_fd_sc_hd__inv_2)
     2    0.009760    0.057858    0.086919    0.785692 ^ _077_/Y (sky130_fd_sc_hd__inv_2)
                                                         net24 (net)
                      0.057859    0.000299    0.785990 ^ _132_/B1 (sky130_fd_sc_hd__a21o_1)
     1    0.003802    0.042611    0.085790    0.871780 ^ _132_/X (sky130_fd_sc_hd__a21o_1)
                                                         _034_ (net)
                      0.042611    0.000119    0.871899 ^ _133_/A3 (sky130_fd_sc_hd__a31oi_1)
     1    0.003792    0.049685    0.081957    0.953856 v _133_/Y (sky130_fd_sc_hd__a31oi_1)
                                                         _014_ (net)
                      0.049685    0.000091    0.953947 v _165_/D (sky130_fd_sc_hd__dfxtp_1)
                                              0.953947   data arrival time

                                  0.000000    0.000000   clock clk (rise edge)
                                  0.000000    0.000000   clock source latency
     1    0.017250    0.083453    0.057184    0.057184 ^ clk (in)
                                                         clk (net)
                      0.083459    0.000000    0.057184 ^ clkbuf_0_clk/A (sky130_fd_sc_hd__clkbuf_16)
     2    0.018808    0.040866    0.138344    0.195528 ^ clkbuf_0_clk/X (sky130_fd_sc_hd__clkbuf_16)
                                                         clknet_0_clk (net)
                      0.040866    0.000320    0.195848 ^ clkbuf_1_1__f_clk/A (sky130_fd_sc_hd__clkbuf_16)
    12    0.039354    0.059145    0.139753    0.335601 ^ clkbuf_1_1__f_clk/X (sky130_fd_sc_hd__clkbuf_16)
                                                         clknet_1_1__leaf_clk (net)
                      0.059146    0.000423    0.336023 ^ _165_/CLK (sky130_fd_sc_hd__dfxtp_1)
                                  0.250000    0.586023   clock uncertainty
                                  0.000000    0.586023   clock reconvergence pessimism
                                 -0.052308    0.533716   library hold time
                                              0.533716   data required time
---------------------------------------------------------------------------------------------
                                              0.533716   data required time
                                             -0.953947   data arrival time
---------------------------------------------------------------------------------------------
                                              0.420231   slack (MET)


Startpoint: _169_ (rising edge-triggered flip-flop clocked by clk)
Endpoint: _169_ (rising edge-triggered flip-flop clocked by clk)
Path Group: clk
Path Type: min

Fanout         Cap        Slew       Delay        Time   Description
---------------------------------------------------------------------------------------------
                                  0.000000    0.000000   clock clk (rise edge)
                                  0.000000    0.000000   clock source latency
     1    0.017250    0.083453    0.057184    0.057184 ^ clk (in)
                                                         clk (net)
                      0.083459    0.000000    0.057184 ^ clkbuf_0_clk/A (sky130_fd_sc_hd__clkbuf_16)
     2    0.018808    0.040866    0.138344    0.195528 ^ clkbuf_0_clk/X (sky130_fd_sc_hd__clkbuf_16)
                                                         clknet_0_clk (net)
                      0.040867    0.000361    0.195889 ^ clkbuf_1_0__f_clk/A (sky130_fd_sc_hd__clkbuf_16)
    10    0.040087    0.059773    0.140182    0.336071 ^ clkbuf_1_0__f_clk/X (sky130_fd_sc_hd__clkbuf_16)
                                                         clknet_1_0__leaf_clk (net)
                      0.059787    0.000903    0.336974 ^ _169_/CLK (sky130_fd_sc_hd__dfxtp_1)
     4    0.011286    0.061380    0.330053    0.667027 v _169_/Q (sky130_fd_sc_hd__dfxtp_1)
                                                         count[0] (net)
                      0.061381    0.000356    0.667383 v _105_/B (sky130_fd_sc_hd__nand2_1)
     5    0.016606    0.157666    0.153044    0.820427 ^ _105_/Y (sky130_fd_sc_hd__nand2_1)
                                                         _061_ (net)
                      0.157667    0.000355    0.820782 ^ _145_/B (sky130_fd_sc_hd__and3_1)
     1    0.002042    0.043021    0.164460    0.985242 ^ _145_/X (sky130_fd_sc_hd__and3_1)
                                                         _018_ (net)
                      0.043021    0.000058    0.985300 ^ _169_/D (sky130_fd_sc_hd__dfxtp_1)
                                              0.985300   data arrival time

                                  0.000000    0.000000   clock clk (rise edge)
                                  0.000000    0.000000   clock source latency
     1    0.017250    0.083453    0.057184    0.057184 ^ clk (in)
                                                         clk (net)
                      0.083459    0.000000    0.057184 ^ clkbuf_0_clk/A (sky130_fd_sc_hd__clkbuf_16)
     2    0.018808    0.040866    0.138344    0.195528 ^ clkbuf_0_clk/X (sky130_fd_sc_hd__clkbuf_16)
                                                         clknet_0_clk (net)
                      0.040867    0.000361    0.195889 ^ clkbuf_1_0__f_clk/A (sky130_fd_sc_hd__clkbuf_16)
    10    0.040087    0.059773    0.140182    0.336071 ^ clkbuf_1_0__f_clk/X (sky130_fd_sc_hd__clkbuf_16)
                                                         clknet_1_0__leaf_clk (net)
                      0.059787    0.000903    0.336974 ^ _169_/CLK (sky130_fd_sc_hd__dfxtp_1)
                                  0.250000    0.586974   clock uncertainty
                                  0.000000    0.586974   clock reconvergence pessimism
                                 -0.028907    0.558066   library hold time
                                              0.558066   data required time
---------------------------------------------------------------------------------------------
                                              0.558066   data required time
                                             -0.985300   data arrival time
---------------------------------------------------------------------------------------------
                                              0.427233   slack (MET)


Startpoint: _163_ (rising edge-triggered flip-flop clocked by clk)
Endpoint: _155_ (rising edge-triggered flip-flop clocked by clk)
Path Group: clk
Path Type: min

Fanout         Cap        Slew       Delay        Time   Description
---------------------------------------------------------------------------------------------
                                  0.000000    0.000000   clock clk (rise edge)
                                  0.000000    0.000000   clock source latency
     1    0.017250    0.083453    0.057184    0.057184 ^ clk (in)
                                                         clk (net)
                      0.083459    0.000000    0.057184 ^ clkbuf_0_clk/A (sky130_fd_sc_hd__clkbuf_16)
     2    0.018808    0.040866    0.138344    0.195528 ^ clkbuf_0_clk/X (sky130_fd_sc_hd__clkbuf_16)
                                                         clknet_0_clk (net)
                      0.040867    0.000361    0.195889 ^ clkbuf_1_0__f_clk/A (sky130_fd_sc_hd__clkbuf_16)
    10    0.040087    0.059773    0.140182    0.336071 ^ clkbuf_1_0__f_clk/X (sky130_fd_sc_hd__clkbuf_16)
                                                         clknet_1_0__leaf_clk (net)
                      0.059832    0.001606    0.337677 ^ _163_/CLK (sky130_fd_sc_hd__dfxtp_1)
     4    0.029433    0.140038    0.391369    0.729046 v _163_/Q (sky130_fd_sc_hd__dfxtp_1)
                                                         net14 (net)
                      0.140080    0.002283    0.731328 v _092_/A1 (sky130_fd_sc_hd__o211a_1)
     1    0.002039    0.025801    0.245452    0.976780 v _092_/X (sky130_fd_sc_hd__o211a_1)
                                                         _004_ (net)
                      0.025801    0.000057    0.976838 v _155_/D (sky130_fd_sc_hd__dfxtp_1)
                                              0.976838   data arrival time

                                  0.000000    0.000000   clock clk (rise edge)
                                  0.000000    0.000000   clock source latency
     1    0.017250    0.083453    0.057184    0.057184 ^ clk (in)
                                                         clk (net)
                      0.083459    0.000000    0.057184 ^ clkbuf_0_clk/A (sky130_fd_sc_hd__clkbuf_16)
     2    0.018808    0.040866    0.138344    0.195528 ^ clkbuf_0_clk/X (sky130_fd_sc_hd__clkbuf_16)
                                                         clknet_0_clk (net)
                      0.040866    0.000320    0.195848 ^ clkbuf_1_1__f_clk/A (sky130_fd_sc_hd__clkbuf_16)
    12    0.039354    0.059145    0.139753    0.335601 ^ clkbuf_1_1__f_clk/X (sky130_fd_sc_hd__clkbuf_16)
                                                         clknet_1_1__leaf_clk (net)
                      0.059169    0.001038    0.336639 ^ _155_/CLK (sky130_fd_sc_hd__dfxtp_1)
                                  0.250000    0.586639   clock uncertainty
                                  0.000000    0.586639   clock reconvergence pessimism
                                 -0.042337    0.544303   library hold time
                                              0.544303   data required time
---------------------------------------------------------------------------------------------
                                              0.544303   data required time
                                             -0.976838   data arrival time
---------------------------------------------------------------------------------------------
                                              0.432535   slack (MET)


Startpoint: _172_ (rising edge-triggered flip-flop clocked by clk)
Endpoint: _167_ (rising edge-triggered flip-flop clocked by clk)
Path Group: clk
Path Type: min

Fanout         Cap        Slew       Delay        Time   Description
---------------------------------------------------------------------------------------------
                                  0.000000    0.000000   clock clk (rise edge)
                                  0.000000    0.000000   clock source latency
     1    0.017250    0.083453    0.057184    0.057184 ^ clk (in)
                                                         clk (net)
                      0.083459    0.000000    0.057184 ^ clkbuf_0_clk/A (sky130_fd_sc_hd__clkbuf_16)
     2    0.018808    0.040866    0.138344    0.195528 ^ clkbuf_0_clk/X (sky130_fd_sc_hd__clkbuf_16)
                                                         clknet_0_clk (net)
                      0.040867    0.000361    0.195889 ^ clkbuf_1_0__f_clk/A (sky130_fd_sc_hd__clkbuf_16)
    10    0.040087    0.059773    0.140182    0.336071 ^ clkbuf_1_0__f_clk/X (sky130_fd_sc_hd__clkbuf_16)
                                                         clknet_1_0__leaf_clk (net)
                      0.059821    0.001458    0.337529 ^ _172_/CLK (sky130_fd_sc_hd__dfxtp_1)
     3    0.015341    0.150874    0.386654    0.724183 ^ _172_/Q (sky130_fd_sc_hd__dfxtp_1)
                                                         count[3] (net)
                      0.150875    0.000704    0.724887 ^ _138_/A1 (sky130_fd_sc_hd__o41a_1)
     1    0.003015    0.049386    0.169039    0.893926 ^ _138_/X (sky130_fd_sc_hd__o41a_1)
                                                         _038_ (net)
                      0.049386    0.000089    0.894014 ^ _141_/A1 (sky130_fd_sc_hd__o31a_1)
     1    0.001999    0.037312    0.119266    1.013281 ^ _141_/X (sky130_fd_sc_hd__o31a_1)
                                                         _016_ (net)
                      0.037312    0.000056    1.013337 ^ _167_/D (sky130_fd_sc_hd__dfxtp_1)
                                              1.013337   data arrival time

                                  0.000000    0.000000   clock clk (rise edge)
                                  0.000000    0.000000   clock source latency
     1    0.017250    0.083453    0.057184    0.057184 ^ clk (in)
                                                         clk (net)
                      0.083459    0.000000    0.057184 ^ clkbuf_0_clk/A (sky130_fd_sc_hd__clkbuf_16)
     2    0.018808    0.040866    0.138344    0.195528 ^ clkbuf_0_clk/X (sky130_fd_sc_hd__clkbuf_16)
                                                         clknet_0_clk (net)
                      0.040867    0.000361    0.195889 ^ clkbuf_1_0__f_clk/A (sky130_fd_sc_hd__clkbuf_16)
    10    0.040087    0.059773    0.140182    0.336071 ^ clkbuf_1_0__f_clk/X (sky130_fd_sc_hd__clkbuf_16)
                                                         clknet_1_0__leaf_clk (net)
                      0.059779    0.000693    0.336764 ^ _167_/CLK (sky130_fd_sc_hd__dfxtp_1)
                                  0.250000    0.586764   clock uncertainty
                                  0.000000    0.586764   clock reconvergence pessimism
                                 -0.027715    0.559048   library hold time
                                              0.559048   data required time
---------------------------------------------------------------------------------------------
                                              0.559048   data required time
                                             -1.013337   data arrival time
---------------------------------------------------------------------------------------------
                                              0.454289   slack (MET)


Startpoint: _171_ (rising edge-triggered flip-flop clocked by clk)
Endpoint: _171_ (rising edge-triggered flip-flop clocked by clk)
Path Group: clk
Path Type: min

Fanout         Cap        Slew       Delay        Time   Description
---------------------------------------------------------------------------------------------
                                  0.000000    0.000000   clock clk (rise edge)
                                  0.000000    0.000000   clock source latency
     1    0.017250    0.083453    0.057184    0.057184 ^ clk (in)
                                                         clk (net)
                      0.083459    0.000000    0.057184 ^ clkbuf_0_clk/A (sky130_fd_sc_hd__clkbuf_16)
     2    0.018808    0.040866    0.138344    0.195528 ^ clkbuf_0_clk/X (sky130_fd_sc_hd__clkbuf_16)
                                                         clknet_0_clk (net)
                      0.040867    0.000361    0.195889 ^ clkbuf_1_0__f_clk/A (sky130_fd_sc_hd__clkbuf_16)
    10    0.040087    0.059773    0.140182    0.336071 ^ clkbuf_1_0__f_clk/X (sky130_fd_sc_hd__clkbuf_16)
                                                         clknet_1_0__leaf_clk (net)
                      0.059815    0.001373    0.337443 ^ _171_/CLK (sky130_fd_sc_hd__dfxtp_2)
     9    0.033985    0.089252    0.372989    0.710432 v _171_/Q (sky130_fd_sc_hd__dfxtp_2)
                                                         count[2] (net)
                      0.089255    0.000580    0.711012 v _109_/B (sky130_fd_sc_hd__nand4_1)
     4    0.010265    0.119374    0.153427    0.864439 ^ _109_/Y (sky130_fd_sc_hd__nand4_1)
                                                         _065_ (net)
                      0.119374    0.000138    0.864577 ^ _149_/B (sky130_fd_sc_hd__and3_1)
     1    0.002238    0.044607    0.156948    1.021526 ^ _149_/X (sky130_fd_sc_hd__and3_1)
                                                         _020_ (net)
                      0.044607    0.000064    1.021589 ^ _171_/D (sky130_fd_sc_hd__dfxtp_2)
                                              1.021589   data arrival time

                                  0.000000    0.000000   clock clk (rise edge)
                                  0.000000    0.000000   clock source latency
     1    0.017250    0.083453    0.057184    0.057184 ^ clk (in)
                                                         clk (net)
                      0.083459    0.000000    0.057184 ^ clkbuf_0_clk/A (sky130_fd_sc_hd__clkbuf_16)
     2    0.018808    0.040866    0.138344    0.195528 ^ clkbuf_0_clk/X (sky130_fd_sc_hd__clkbuf_16)
                                                         clknet_0_clk (net)
                      0.040867    0.000361    0.195889 ^ clkbuf_1_0__f_clk/A (sky130_fd_sc_hd__clkbuf_16)
    10    0.040087    0.059773    0.140182    0.336071 ^ clkbuf_1_0__f_clk/X (sky130_fd_sc_hd__clkbuf_16)
                                                         clknet_1_0__leaf_clk (net)
                      0.059815    0.001373    0.337443 ^ _171_/CLK (sky130_fd_sc_hd__dfxtp_2)
                                  0.250000    0.587443   clock uncertainty
                                  0.000000    0.587443   clock reconvergence pessimism
                                 -0.029158    0.558286   library hold time
                                              0.558286   data required time
---------------------------------------------------------------------------------------------
                                              0.558286   data required time
                                             -1.021589   data arrival time
---------------------------------------------------------------------------------------------
                                              0.463304   slack (MET)


Startpoint: _168_ (rising edge-triggered flip-flop clocked by clk)
Endpoint: _168_ (rising edge-triggered flip-flop clocked by clk)
Path Group: clk
Path Type: min

Fanout         Cap        Slew       Delay        Time   Description
---------------------------------------------------------------------------------------------
                                  0.000000    0.000000   clock clk (rise edge)
                                  0.000000    0.000000   clock source latency
     1    0.017250    0.083453    0.057184    0.057184 ^ clk (in)
                                                         clk (net)
                      0.083459    0.000000    0.057184 ^ clkbuf_0_clk/A (sky130_fd_sc_hd__clkbuf_16)
     2    0.018808    0.040866    0.138344    0.195528 ^ clkbuf_0_clk/X (sky130_fd_sc_hd__clkbuf_16)
                                                         clknet_0_clk (net)
                      0.040867    0.000361    0.195889 ^ clkbuf_1_0__f_clk/A (sky130_fd_sc_hd__clkbuf_16)
    10    0.040087    0.059773    0.140182    0.336071 ^ clkbuf_1_0__f_clk/X (sky130_fd_sc_hd__clkbuf_16)
                                                         clknet_1_0__leaf_clk (net)
                      0.059777    0.000649    0.336719 ^ _168_/CLK (sky130_fd_sc_hd__dfxtp_1)
     3    0.014122    0.139887    0.378908    0.715627 ^ _168_/Q (sky130_fd_sc_hd__dfxtp_1)
                                                         net19 (net)
                      0.139887    0.000544    0.716171 ^ _074_/A (sky130_fd_sc_hd__inv_2)
     2    0.016918    0.057614    0.079617    0.795788 v _074_/Y (sky130_fd_sc_hd__inv_2)
                                                         net27 (net)
                      0.057617    0.000439    0.796227 v _142_/B1 (sky130_fd_sc_hd__a21oi_1)
     1    0.003855    0.105971    0.128846    0.925072 ^ _142_/Y (sky130_fd_sc_hd__a21oi_1)
                                                         _041_ (net)
                      0.105971    0.000127    0.925199 ^ _143_/B1 (sky130_fd_sc_hd__a211o_1)
     1    0.001951    0.030664    0.103553    1.028752 ^ _143_/X (sky130_fd_sc_hd__a211o_1)
                                                         _017_ (net)
                      0.030671    0.000055    1.028807 ^ _168_/D (sky130_fd_sc_hd__dfxtp_1)
                                              1.028807   data arrival time

                                  0.000000    0.000000   clock clk (rise edge)
                                  0.000000    0.000000   clock source latency
     1    0.017250    0.083453    0.057184    0.057184 ^ clk (in)
                                                         clk (net)
                      0.083459    0.000000    0.057184 ^ clkbuf_0_clk/A (sky130_fd_sc_hd__clkbuf_16)
     2    0.018808    0.040866    0.138344    0.195528 ^ clkbuf_0_clk/X (sky130_fd_sc_hd__clkbuf_16)
                                                         clknet_0_clk (net)
                      0.040867    0.000361    0.195889 ^ clkbuf_1_0__f_clk/A (sky130_fd_sc_hd__clkbuf_16)
    10    0.040087    0.059773    0.140182    0.336071 ^ clkbuf_1_0__f_clk/X (sky130_fd_sc_hd__clkbuf_16)
                                                         clknet_1_0__leaf_clk (net)
                      0.059777    0.000649    0.336719 ^ _168_/CLK (sky130_fd_sc_hd__dfxtp_1)
                                  0.250000    0.586719   clock uncertainty
                                  0.000000    0.586719   clock reconvergence pessimism
                                 -0.026328    0.560392   library hold time
                                              0.560392   data required time
---------------------------------------------------------------------------------------------
                                              0.560392   data required time
                                             -1.028807   data arrival time
---------------------------------------------------------------------------------------------
                                              0.468415   slack (MET)


Startpoint: _172_ (rising edge-triggered flip-flop clocked by clk)
Endpoint: _172_ (rising edge-triggered flip-flop clocked by clk)
Path Group: clk
Path Type: min

Fanout         Cap        Slew       Delay        Time   Description
---------------------------------------------------------------------------------------------
                                  0.000000    0.000000   clock clk (rise edge)
                                  0.000000    0.000000   clock source latency
     1    0.017250    0.083453    0.057184    0.057184 ^ clk (in)
                                                         clk (net)
                      0.083459    0.000000    0.057184 ^ clkbuf_0_clk/A (sky130_fd_sc_hd__clkbuf_16)
     2    0.018808    0.040866    0.138344    0.195528 ^ clkbuf_0_clk/X (sky130_fd_sc_hd__clkbuf_16)
                                                         clknet_0_clk (net)
                      0.040867    0.000361    0.195889 ^ clkbuf_1_0__f_clk/A (sky130_fd_sc_hd__clkbuf_16)
    10    0.040087    0.059773    0.140182    0.336071 ^ clkbuf_1_0__f_clk/X (sky130_fd_sc_hd__clkbuf_16)
                                                         clknet_1_0__leaf_clk (net)
                      0.059821    0.001458    0.337529 ^ _172_/CLK (sky130_fd_sc_hd__dfxtp_1)
     3    0.014780    0.076478    0.342041    0.679569 v _172_/Q (sky130_fd_sc_hd__dfxtp_1)
                                                         count[3] (net)
                      0.076478    0.000253    0.679823 v fanout30/A (sky130_fd_sc_hd__clkbuf_2)
    10    0.031447    0.122684    0.194025    0.873848 v fanout30/X (sky130_fd_sc_hd__clkbuf_2)
                                                         net30 (net)
                      0.122685    0.000587    0.874435 v _150_/A (sky130_fd_sc_hd__nand2_1)
     1    0.003237    0.052979    0.089400    0.963835 ^ _150_/Y (sky130_fd_sc_hd__nand2_1)
                                                         _045_ (net)
                      0.052979    0.000096    0.963931 ^ _151_/A2 (sky130_fd_sc_hd__a21oi_1)
     1    0.003283    0.042308    0.063371    1.027302 v _151_/Y (sky130_fd_sc_hd__a21oi_1)
                                                         _021_ (net)
                      0.042309    0.000108    1.027410 v _172_/D (sky130_fd_sc_hd__dfxtp_1)
                                              1.027410   data arrival time

                                  0.000000    0.000000   clock clk (rise edge)
                                  0.000000    0.000000   clock source latency
     1    0.017250    0.083453    0.057184    0.057184 ^ clk (in)
                                                         clk (net)
                      0.083459    0.000000    0.057184 ^ clkbuf_0_clk/A (sky130_fd_sc_hd__clkbuf_16)
     2    0.018808    0.040866    0.138344    0.195528 ^ clkbuf_0_clk/X (sky130_fd_sc_hd__clkbuf_16)
                                                         clknet_0_clk (net)
                      0.040867    0.000361    0.195889 ^ clkbuf_1_0__f_clk/A (sky130_fd_sc_hd__clkbuf_16)
    10    0.040087    0.059773    0.140182    0.336071 ^ clkbuf_1_0__f_clk/X (sky130_fd_sc_hd__clkbuf_16)
                                                         clknet_1_0__leaf_clk (net)
                      0.059821    0.001458    0.337529 ^ _172_/CLK (sky130_fd_sc_hd__dfxtp_1)
                                  0.250000    0.587529   clock uncertainty
                                  0.000000    0.587529   clock reconvergence pessimism
                                 -0.049078    0.538451   library hold time
                                              0.538451   data required time
---------------------------------------------------------------------------------------------
                                              0.538451   data required time
                                             -1.027410   data arrival time
---------------------------------------------------------------------------------------------
                                              0.488959   slack (MET)


Startpoint: _161_ (rising edge-triggered flip-flop clocked by clk)
Endpoint: _161_ (rising edge-triggered flip-flop clocked by clk)
Path Group: clk
Path Type: min

Fanout         Cap        Slew       Delay        Time   Description
---------------------------------------------------------------------------------------------
                                  0.000000    0.000000   clock clk (rise edge)
                                  0.000000    0.000000   clock source latency
     1    0.017250    0.083453    0.057184    0.057184 ^ clk (in)
                                                         clk (net)
                      0.083459    0.000000    0.057184 ^ clkbuf_0_clk/A (sky130_fd_sc_hd__clkbuf_16)
     2    0.018808    0.040866    0.138344    0.195528 ^ clkbuf_0_clk/X (sky130_fd_sc_hd__clkbuf_16)
                                                         clknet_0_clk (net)
                      0.040867    0.000361    0.195889 ^ clkbuf_1_0__f_clk/A (sky130_fd_sc_hd__clkbuf_16)
    10    0.040087    0.059773    0.140182    0.336071 ^ clkbuf_1_0__f_clk/X (sky130_fd_sc_hd__clkbuf_16)
                                                         clknet_1_0__leaf_clk (net)
                      0.059830    0.001581    0.337651 ^ _161_/CLK (sky130_fd_sc_hd__dfxtp_1)
     4    0.029967    0.142222    0.393753    0.731405 v _161_/Q (sky130_fd_sc_hd__dfxtp_1)
                                                         net12 (net)
                      0.142225    0.000818    0.732223 v _111_/B1 (sky130_fd_sc_hd__o21a_1)
     1    0.003013    0.031523    0.142301    0.874524 v _111_/X (sky130_fd_sc_hd__o21a_1)
                                                         _067_ (net)
                      0.031523    0.000090    0.874614 v _115_/A1 (sky130_fd_sc_hd__o21a_1)
     1    0.002266    0.026736    0.169429    1.044043 v _115_/X (sky130_fd_sc_hd__o21a_1)
                                                         _010_ (net)
                      0.026736    0.000048    1.044091 v _161_/D (sky130_fd_sc_hd__dfxtp_1)
                                              1.044091   data arrival time

                                  0.000000    0.000000   clock clk (rise edge)
                                  0.000000    0.000000   clock source latency
     1    0.017250    0.083453    0.057184    0.057184 ^ clk (in)
                                                         clk (net)
                      0.083459    0.000000    0.057184 ^ clkbuf_0_clk/A (sky130_fd_sc_hd__clkbuf_16)
     2    0.018808    0.040866    0.138344    0.195528 ^ clkbuf_0_clk/X (sky130_fd_sc_hd__clkbuf_16)
                                                         clknet_0_clk (net)
                      0.040867    0.000361    0.195889 ^ clkbuf_1_0__f_clk/A (sky130_fd_sc_hd__clkbuf_16)
    10    0.040087    0.059773    0.140182    0.336071 ^ clkbuf_1_0__f_clk/X (sky130_fd_sc_hd__clkbuf_16)
                                                         clknet_1_0__leaf_clk (net)
                      0.059830    0.001581    0.337651 ^ _161_/CLK (sky130_fd_sc_hd__dfxtp_1)
                                  0.250000    0.587651   clock uncertainty
                                  0.000000    0.587651   clock reconvergence pessimism
                                 -0.042578    0.545074   library hold time
                                              0.545074   data required time
---------------------------------------------------------------------------------------------
                                              0.545074   data required time
                                             -1.044091   data arrival time
---------------------------------------------------------------------------------------------
                                              0.499018   slack (MET)


Startpoint: _164_ (rising edge-triggered flip-flop clocked by clk)
Endpoint: _164_ (rising edge-triggered flip-flop clocked by clk)
Path Group: clk
Path Type: min

Fanout         Cap        Slew       Delay        Time   Description
---------------------------------------------------------------------------------------------
                                  0.000000    0.000000   clock clk (rise edge)
                                  0.000000    0.000000   clock source latency
     1    0.017250    0.083453    0.057184    0.057184 ^ clk (in)
                                                         clk (net)
                      0.083459    0.000000    0.057184 ^ clkbuf_0_clk/A (sky130_fd_sc_hd__clkbuf_16)
     2    0.018808    0.040866    0.138344    0.195528 ^ clkbuf_0_clk/X (sky130_fd_sc_hd__clkbuf_16)
                                                         clknet_0_clk (net)
                      0.040867    0.000361    0.195889 ^ clkbuf_1_0__f_clk/A (sky130_fd_sc_hd__clkbuf_16)
    10    0.040087    0.059773    0.140182    0.336071 ^ clkbuf_1_0__f_clk/X (sky130_fd_sc_hd__clkbuf_16)
                                                         clknet_1_0__leaf_clk (net)
                      0.059835    0.001637    0.337707 ^ _164_/CLK (sky130_fd_sc_hd__dfxtp_1)
     3    0.025170    0.120998    0.377164    0.714871 v _164_/Q (sky130_fd_sc_hd__dfxtp_1)
                                                         net15 (net)
                      0.121041    0.002145    0.717016 v _078_/A (sky130_fd_sc_hd__inv_2)
     2    0.010482    0.063103    0.097588    0.814604 ^ _078_/Y (sky130_fd_sc_hd__inv_2)
                                                         net23 (net)
                      0.063105    0.000438    0.815041 ^ _126_/B1 (sky130_fd_sc_hd__a21oi_1)
     1    0.003217    0.031153    0.043255    0.858296 v _126_/Y (sky130_fd_sc_hd__a21oi_1)
                                                         _029_ (net)
                      0.031153    0.000073    0.858369 v _129_/A1 (sky130_fd_sc_hd__o21a_1)
     1    0.008146    0.055103    0.200153    1.058522 v _129_/X (sky130_fd_sc_hd__o21a_1)
                                                         _013_ (net)
                      0.055104    0.000342    1.058865 v _164_/D (sky130_fd_sc_hd__dfxtp_1)
                                              1.058865   data arrival time

                                  0.000000    0.000000   clock clk (rise edge)
                                  0.000000    0.000000   clock source latency
     1    0.017250    0.083453    0.057184    0.057184 ^ clk (in)
                                                         clk (net)
                      0.083459    0.000000    0.057184 ^ clkbuf_0_clk/A (sky130_fd_sc_hd__clkbuf_16)
     2    0.018808    0.040866    0.138344    0.195528 ^ clkbuf_0_clk/X (sky130_fd_sc_hd__clkbuf_16)
                                                         clknet_0_clk (net)
                      0.040867    0.000361    0.195889 ^ clkbuf_1_0__f_clk/A (sky130_fd_sc_hd__clkbuf_16)
    10    0.040087    0.059773    0.140182    0.336071 ^ clkbuf_1_0__f_clk/X (sky130_fd_sc_hd__clkbuf_16)
                                                         clknet_1_0__leaf_clk (net)
                      0.059835    0.001637    0.337707 ^ _164_/CLK (sky130_fd_sc_hd__dfxtp_1)
                                  0.250000    0.587707   clock uncertainty
                                  0.000000    0.587707   clock reconvergence pessimism
                                 -0.054414    0.533294   library hold time
                                              0.533294   data required time
---------------------------------------------------------------------------------------------
                                              0.533294   data required time
                                             -1.058865   data arrival time
---------------------------------------------------------------------------------------------
                                              0.525571   slack (MET)


Startpoint: _171_ (rising edge-triggered flip-flop clocked by clk)
Endpoint: _163_ (rising edge-triggered flip-flop clocked by clk)
Path Group: clk
Path Type: min

Fanout         Cap        Slew       Delay        Time   Description
---------------------------------------------------------------------------------------------
                                  0.000000    0.000000   clock clk (rise edge)
                                  0.000000    0.000000   clock source latency
     1    0.017250    0.083453    0.057184    0.057184 ^ clk (in)
                                                         clk (net)
                      0.083459    0.000000    0.057184 ^ clkbuf_0_clk/A (sky130_fd_sc_hd__clkbuf_16)
     2    0.018808    0.040866    0.138344    0.195528 ^ clkbuf_0_clk/X (sky130_fd_sc_hd__clkbuf_16)
                                                         clknet_0_clk (net)
                      0.040867    0.000361    0.195889 ^ clkbuf_1_0__f_clk/A (sky130_fd_sc_hd__clkbuf_16)
    10    0.040087    0.059773    0.140182    0.336071 ^ clkbuf_1_0__f_clk/X (sky130_fd_sc_hd__clkbuf_16)
                                                         clknet_1_0__leaf_clk (net)
                      0.059815    0.001373    0.337443 ^ _171_/CLK (sky130_fd_sc_hd__dfxtp_2)
     9    0.033985    0.089252    0.372989    0.710432 v _171_/Q (sky130_fd_sc_hd__dfxtp_2)
                                                         count[2] (net)
                      0.089301    0.001909    0.712341 v _072_/A (sky130_fd_sc_hd__inv_2)
     4    0.014860    0.075469    0.098477    0.810818 ^ _072_/Y (sky130_fd_sc_hd__inv_2)
                                                         _046_ (net)
                      0.075470    0.000395    0.811213 ^ _121_/A2 (sky130_fd_sc_hd__o41a_1)
     1    0.003873    0.057177    0.148911    0.960124 ^ _121_/X (sky130_fd_sc_hd__o41a_1)
                                                         _025_ (net)
                      0.057177    0.000121    0.960245 ^ _125_/A1 (sky130_fd_sc_hd__o31a_1)
     1    0.003337    0.049182    0.132499    1.092744 ^ _125_/X (sky130_fd_sc_hd__o31a_1)
                                                         _012_ (net)
                      0.049182    0.000111    1.092855 ^ _163_/D (sky130_fd_sc_hd__dfxtp_1)
                                              1.092855   data arrival time

                                  0.000000    0.000000   clock clk (rise edge)
                                  0.000000    0.000000   clock source latency
     1    0.017250    0.083453    0.057184    0.057184 ^ clk (in)
                                                         clk (net)
                      0.083459    0.000000    0.057184 ^ clkbuf_0_clk/A (sky130_fd_sc_hd__clkbuf_16)
     2    0.018808    0.040866    0.138344    0.195528 ^ clkbuf_0_clk/X (sky130_fd_sc_hd__clkbuf_16)
                                                         clknet_0_clk (net)
                      0.040867    0.000361    0.195889 ^ clkbuf_1_0__f_clk/A (sky130_fd_sc_hd__clkbuf_16)
    10    0.040087    0.059773    0.140182    0.336071 ^ clkbuf_1_0__f_clk/X (sky130_fd_sc_hd__clkbuf_16)
                                                         clknet_1_0__leaf_clk (net)
                      0.059832    0.001606    0.337677 ^ _163_/CLK (sky130_fd_sc_hd__dfxtp_1)
                                  0.250000    0.587677   clock uncertainty
                                  0.000000    0.587677   clock reconvergence pessimism
                                 -0.030189    0.557488   library hold time
                                              0.557488   data required time
---------------------------------------------------------------------------------------------
                                              0.557488   data required time
                                             -1.092855   data arrival time
---------------------------------------------------------------------------------------------
                                              0.535367   slack (MET)


Startpoint: _170_ (rising edge-triggered flip-flop clocked by clk)
Endpoint: _170_ (rising edge-triggered flip-flop clocked by clk)
Path Group: clk
Path Type: min

Fanout         Cap        Slew       Delay        Time   Description
---------------------------------------------------------------------------------------------
                                  0.000000    0.000000   clock clk (rise edge)
                                  0.000000    0.000000   clock source latency
     1    0.017250    0.083453    0.057184    0.057184 ^ clk (in)
                                                         clk (net)
                      0.083459    0.000000    0.057184 ^ clkbuf_0_clk/A (sky130_fd_sc_hd__clkbuf_16)
     2    0.018808    0.040866    0.138344    0.195528 ^ clkbuf_0_clk/X (sky130_fd_sc_hd__clkbuf_16)
                                                         clknet_0_clk (net)
                      0.040867    0.000361    0.195889 ^ clkbuf_1_0__f_clk/A (sky130_fd_sc_hd__clkbuf_16)
    10    0.040087    0.059773    0.140182    0.336071 ^ clkbuf_1_0__f_clk/X (sky130_fd_sc_hd__clkbuf_16)
                                                         clknet_1_0__leaf_clk (net)
                      0.059793    0.001022    0.337092 ^ _170_/CLK (sky130_fd_sc_hd__dfxtp_1)
     2    0.008093    0.048763    0.318467    0.655559 v _170_/Q (sky130_fd_sc_hd__dfxtp_1)
                                                         count[1] (net)
                      0.048763    0.000135    0.655694 v fanout31/A (sky130_fd_sc_hd__buf_2)
    10    0.033778    0.088395    0.180883    0.836577 v fanout31/X (sky130_fd_sc_hd__buf_2)
                                                         net31 (net)
                      0.088396    0.000387    0.836964 v _107_/B (sky130_fd_sc_hd__nand3_1)
     3    0.008350    0.099177    0.134026    0.970990 ^ _107_/Y (sky130_fd_sc_hd__nand3_1)
                                                         _063_ (net)
                      0.099177    0.000178    0.971167 ^ _147_/B (sky130_fd_sc_hd__and3_1)
     1    0.002183    0.044149    0.150581    1.121748 ^ _147_/X (sky130_fd_sc_hd__and3_1)
                                                         _019_ (net)
                      0.044149    0.000045    1.121793 ^ _170_/D (sky130_fd_sc_hd__dfxtp_1)
                                              1.121793   data arrival time

                                  0.000000    0.000000   clock clk (rise edge)
                                  0.000000    0.000000   clock source latency
     1    0.017250    0.083453    0.057184    0.057184 ^ clk (in)
                                                         clk (net)
                      0.083459    0.000000    0.057184 ^ clkbuf_0_clk/A (sky130_fd_sc_hd__clkbuf_16)
     2    0.018808    0.040866    0.138344    0.195528 ^ clkbuf_0_clk/X (sky130_fd_sc_hd__clkbuf_16)
                                                         clknet_0_clk (net)
                      0.040867    0.000361    0.195889 ^ clkbuf_1_0__f_clk/A (sky130_fd_sc_hd__clkbuf_16)
    10    0.040087    0.059773    0.140182    0.336071 ^ clkbuf_1_0__f_clk/X (sky130_fd_sc_hd__clkbuf_16)
                                                         clknet_1_0__leaf_clk (net)
                      0.059793    0.001022    0.337092 ^ _170_/CLK (sky130_fd_sc_hd__dfxtp_1)
                                  0.250000    0.587092   clock uncertainty
                                  0.000000    0.587092   clock reconvergence pessimism
                                 -0.029142    0.557950   library hold time
                                              0.557950   data required time
---------------------------------------------------------------------------------------------
                                              0.557950   data required time
                                             -1.121793   data arrival time
---------------------------------------------------------------------------------------------
                                              0.563843   slack (MET)


Startpoint: _152_ (rising edge-triggered flip-flop clocked by clk')
Endpoint: _152_ (rising edge-triggered flip-flop clocked by clk')
Path Group: clk
Path Type: min

Fanout         Cap        Slew       Delay        Time   Description
---------------------------------------------------------------------------------------------
                                 25.000000   25.000000   clock clk' (rise edge)
                                  0.000000   25.000000   clock source latency
     1    0.016256    0.038010    0.026418   25.026417 v clk (in)
                                                         clk (net)
                      0.038021    0.000000   25.026417 v clkbuf_0_clk/A (sky130_fd_sc_hd__clkbuf_16)
     2    0.016820    0.033324    0.141295   25.167711 v clkbuf_0_clk/X (sky130_fd_sc_hd__clkbuf_16)
                                                         clknet_0_clk (net)
                      0.033324    0.000286   25.167997 v clkbuf_1_1__f_clk/A (sky130_fd_sc_hd__clkbuf_16)
    12    0.037173    0.044736    0.153022   25.321020 v clkbuf_1_1__f_clk/X (sky130_fd_sc_hd__clkbuf_16)
                                                         clknet_1_1__leaf_clk (net)
                      0.044738    0.000613   25.321634 v _083__1/A (sky130_fd_sc_hd__inv_2)
     1    0.002361    0.021570    0.038497   25.360130 ^ _083__1/Y (sky130_fd_sc_hd__inv_2)
                                                         net35 (net)
                      0.021570    0.000068   25.360199 ^ _152_/CLK (sky130_fd_sc_hd__dfxtp_1)
     3    0.014127    0.073680    0.325793   25.685991 v _152_/Q (sky130_fd_sc_hd__dfxtp_1)
                                                         net11 (net)
                      0.073680    0.000238   25.686230 v hold1/A (sky130_fd_sc_hd__dlygate4sd3_1)
     1    0.002852    0.053285    0.561144   26.247374 v hold1/X (sky130_fd_sc_hd__dlygate4sd3_1)
                                                         net36 (net)
                      0.053285    0.000091   26.247463 v _084_/A_N (sky130_fd_sc_hd__and2b_1)
     1    0.002056    0.035970    0.179210   26.426674 ^ _084_/X (sky130_fd_sc_hd__and2b_1)
                                                         _001_ (net)
                      0.035970    0.000041   26.426714 ^ _152_/D (sky130_fd_sc_hd__dfxtp_1)
                                             26.426714   data arrival time

                                 25.000000   25.000000   clock clk' (rise edge)
                                  0.000000   25.000000   clock source latency
     1    0.016256    0.038010    0.026418   25.026417 v clk (in)
                                                         clk (net)
                      0.038021    0.000000   25.026417 v clkbuf_0_clk/A (sky130_fd_sc_hd__clkbuf_16)
     2    0.016820    0.033324    0.141295   25.167711 v clkbuf_0_clk/X (sky130_fd_sc_hd__clkbuf_16)
                                                         clknet_0_clk (net)
                      0.033324    0.000286   25.167997 v clkbuf_1_1__f_clk/A (sky130_fd_sc_hd__clkbuf_16)
    12    0.037173    0.044736    0.153022   25.321020 v clkbuf_1_1__f_clk/X (sky130_fd_sc_hd__clkbuf_16)
                                                         clknet_1_1__leaf_clk (net)
                      0.044738    0.000613   25.321634 v _083__1/A (sky130_fd_sc_hd__inv_2)
     1    0.002361    0.021570    0.038497   25.360130 ^ _083__1/Y (sky130_fd_sc_hd__inv_2)
                                                         net35 (net)
                      0.021570    0.000068   25.360199 ^ _152_/CLK (sky130_fd_sc_hd__dfxtp_1)
                                  0.250000   25.610197   clock uncertainty
                                  0.000000   25.610197   clock reconvergence pessimism
                                 -0.032462   25.577736   library hold time
                                             25.577736   data required time
---------------------------------------------------------------------------------------------
                                             25.577736   data required time
                                            -26.426714   data arrival time
---------------------------------------------------------------------------------------------
                                              0.848978   slack (MET)


Startpoint: _160_ (rising edge-triggered flip-flop clocked by clk)
Endpoint: _160_ (rising edge-triggered flip-flop clocked by clk)
Path Group: clk
Path Type: min

Fanout         Cap        Slew       Delay        Time   Description
---------------------------------------------------------------------------------------------
                                  0.000000    0.000000   clock clk (rise edge)
                                  0.000000    0.000000   clock source latency
     1    0.017250    0.083453    0.057184    0.057184 ^ clk (in)
                                                         clk (net)
                      0.083459    0.000000    0.057184 ^ clkbuf_0_clk/A (sky130_fd_sc_hd__clkbuf_16)
     2    0.018808    0.040866    0.138344    0.195528 ^ clkbuf_0_clk/X (sky130_fd_sc_hd__clkbuf_16)
                                                         clknet_0_clk (net)
                      0.040866    0.000320    0.195848 ^ clkbuf_1_1__f_clk/A (sky130_fd_sc_hd__clkbuf_16)
    12    0.039354    0.059145    0.139753    0.335601 ^ clkbuf_1_1__f_clk/X (sky130_fd_sc_hd__clkbuf_16)
                                                         clknet_1_1__leaf_clk (net)
                      0.059150    0.000590    0.336191 ^ _160_/CLK (sky130_fd_sc_hd__dfxtp_1)
     2    0.009065    0.094464    0.346296    0.682488 ^ _160_/Q (sky130_fd_sc_hd__dfxtp_1)
                                                         net10 (net)
                      0.094464    0.000133    0.682621 ^ _101_/A (sky130_fd_sc_hd__or2_1)
     1    0.003906    0.049181    0.114235    0.796856 ^ _101_/X (sky130_fd_sc_hd__or2_1)
                                                         _058_ (net)
                      0.049181    0.000132    0.796989 ^ _102_/B1 (sky130_fd_sc_hd__o211a_1)
     1    0.002173    0.036122    0.131783    0.928771 ^ _102_/X (sky130_fd_sc_hd__o211a_1)
                                                         _009_ (net)
                      0.036122    0.000061    0.928832 ^ hold3/A (sky130_fd_sc_hd__dlygate4sd3_1)
     1    0.002220    0.048194    0.526494    1.455326 ^ hold3/X (sky130_fd_sc_hd__dlygate4sd3_1)
                                                         net38 (net)
                      0.048194    0.000063    1.455389 ^ _160_/D (sky130_fd_sc_hd__dfxtp_1)
                                              1.455389   data arrival time

                                  0.000000    0.000000   clock clk (rise edge)
                                  0.000000    0.000000   clock source latency
     1    0.017250    0.083453    0.057184    0.057184 ^ clk (in)
                                                         clk (net)
                      0.083459    0.000000    0.057184 ^ clkbuf_0_clk/A (sky130_fd_sc_hd__clkbuf_16)
     2    0.018808    0.040866    0.138344    0.195528 ^ clkbuf_0_clk/X (sky130_fd_sc_hd__clkbuf_16)
                                                         clknet_0_clk (net)
                      0.040866    0.000320    0.195848 ^ clkbuf_1_1__f_clk/A (sky130_fd_sc_hd__clkbuf_16)
    12    0.039354    0.059145    0.139753    0.335601 ^ clkbuf_1_1__f_clk/X (sky130_fd_sc_hd__clkbuf_16)
                                                         clknet_1_1__leaf_clk (net)
                      0.059150    0.000590    0.336191 ^ _160_/CLK (sky130_fd_sc_hd__dfxtp_1)
                                  0.250000    0.586191   clock uncertainty
                                  0.000000    0.586191   clock reconvergence pessimism
                                 -0.030072    0.556119   library hold time
                                              0.556119   data required time
---------------------------------------------------------------------------------------------
                                              0.556119   data required time
                                             -1.455389   data arrival time
---------------------------------------------------------------------------------------------
                                              0.899270   slack (MET)


Startpoint: _158_ (rising edge-triggered flip-flop clocked by clk)
Endpoint: adc_out[5] (output port clocked by clk)
Path Group: clk
Path Type: min

Fanout         Cap        Slew       Delay        Time   Description
---------------------------------------------------------------------------------------------
                                  0.000000    0.000000   clock clk (rise edge)
                                  0.000000    0.000000   clock source latency
     1    0.017250    0.083453    0.057184    0.057184 ^ clk (in)
                                                         clk (net)
                      0.083459    0.000000    0.057184 ^ clkbuf_0_clk/A (sky130_fd_sc_hd__clkbuf_16)
     2    0.018808    0.040866    0.138344    0.195528 ^ clkbuf_0_clk/X (sky130_fd_sc_hd__clkbuf_16)
                                                         clknet_0_clk (net)
                      0.040866    0.000320    0.195848 ^ clkbuf_1_1__f_clk/A (sky130_fd_sc_hd__clkbuf_16)
    12    0.039354    0.059145    0.139753    0.335601 ^ clkbuf_1_1__f_clk/X (sky130_fd_sc_hd__clkbuf_16)
                                                         clknet_1_1__leaf_clk (net)
                      0.059177    0.001186    0.336787 ^ _158_/CLK (sky130_fd_sc_hd__dfxtp_1)
     2    0.004958    0.035416    0.305545    0.642332 v _158_/Q (sky130_fd_sc_hd__dfxtp_1)
                                                         net8 (net)
                      0.035416    0.000111    0.642443 v output8/A (sky130_fd_sc_hd__buf_2)
     1    0.034067    0.089137    0.175623    0.818066 v output8/X (sky130_fd_sc_hd__buf_2)
                                                         adc_out[5] (net)
                      0.089140    0.000622    0.818688 v adc_out[5] (out)
                                              0.818688   data arrival time

                                  0.000000    0.000000   clock clk (rise edge)
                                  0.000000    0.000000   clock network delay (propagated)
                                  0.250000    0.250000   clock uncertainty
                                  0.000000    0.250000   clock reconvergence pessimism
                                -10.000000   -9.750000   output external delay
                                             -9.750000   data required time
---------------------------------------------------------------------------------------------
                                             -9.750000   data required time
                                             -0.818688   data arrival time
---------------------------------------------------------------------------------------------
                                             10.568688   slack (MET)


Startpoint: _157_ (rising edge-triggered flip-flop clocked by clk)
Endpoint: adc_out[4] (output port clocked by clk)
Path Group: clk
Path Type: min

Fanout         Cap        Slew       Delay        Time   Description
---------------------------------------------------------------------------------------------
                                  0.000000    0.000000   clock clk (rise edge)
                                  0.000000    0.000000   clock source latency
     1    0.017250    0.083453    0.057184    0.057184 ^ clk (in)
                                                         clk (net)
                      0.083459    0.000000    0.057184 ^ clkbuf_0_clk/A (sky130_fd_sc_hd__clkbuf_16)
     2    0.018808    0.040866    0.138344    0.195528 ^ clkbuf_0_clk/X (sky130_fd_sc_hd__clkbuf_16)
                                                         clknet_0_clk (net)
                      0.040866    0.000320    0.195848 ^ clkbuf_1_1__f_clk/A (sky130_fd_sc_hd__clkbuf_16)
    12    0.039354    0.059145    0.139753    0.335601 ^ clkbuf_1_1__f_clk/X (sky130_fd_sc_hd__clkbuf_16)
                                                         clknet_1_1__leaf_clk (net)
                      0.059175    0.001143    0.336743 ^ _157_/CLK (sky130_fd_sc_hd__dfxtp_1)
     2    0.005211    0.036460    0.306567    0.643311 v _157_/Q (sky130_fd_sc_hd__dfxtp_1)
                                                         net7 (net)
                      0.036460    0.000141    0.643452 v output7/A (sky130_fd_sc_hd__buf_2)
     1    0.034064    0.089124    0.176068    0.819520 v output7/X (sky130_fd_sc_hd__buf_2)
                                                         adc_out[4] (net)
                      0.089127    0.000622    0.820141 v adc_out[4] (out)
                                              0.820141   data arrival time

                                  0.000000    0.000000   clock clk (rise edge)
                                  0.000000    0.000000   clock network delay (propagated)
                                  0.250000    0.250000   clock uncertainty
                                  0.000000    0.250000   clock reconvergence pessimism
                                -10.000000   -9.750000   output external delay
                                             -9.750000   data required time
---------------------------------------------------------------------------------------------
                                             -9.750000   data required time
                                             -0.820141   data arrival time
---------------------------------------------------------------------------------------------
                                             10.570142   slack (MET)


Startpoint: _155_ (rising edge-triggered flip-flop clocked by clk)
Endpoint: adc_out[2] (output port clocked by clk)
Path Group: clk
Path Type: min

Fanout         Cap        Slew       Delay        Time   Description
---------------------------------------------------------------------------------------------
                                  0.000000    0.000000   clock clk (rise edge)
                                  0.000000    0.000000   clock source latency
     1    0.017250    0.083453    0.057184    0.057184 ^ clk (in)
                                                         clk (net)
                      0.083459    0.000000    0.057184 ^ clkbuf_0_clk/A (sky130_fd_sc_hd__clkbuf_16)
     2    0.018808    0.040866    0.138344    0.195528 ^ clkbuf_0_clk/X (sky130_fd_sc_hd__clkbuf_16)
                                                         clknet_0_clk (net)
                      0.040866    0.000320    0.195848 ^ clkbuf_1_1__f_clk/A (sky130_fd_sc_hd__clkbuf_16)
    12    0.039354    0.059145    0.139753    0.335601 ^ clkbuf_1_1__f_clk/X (sky130_fd_sc_hd__clkbuf_16)
                                                         clknet_1_1__leaf_clk (net)
                      0.059169    0.001038    0.336639 ^ _155_/CLK (sky130_fd_sc_hd__dfxtp_1)
     2    0.005550    0.037874    0.307927    0.644566 v _155_/Q (sky130_fd_sc_hd__dfxtp_1)
                                                         net5 (net)
                      0.037874    0.000159    0.644725 v output5/A (sky130_fd_sc_hd__buf_2)
     1    0.034059    0.089102    0.176667    0.821392 v output5/X (sky130_fd_sc_hd__buf_2)
                                                         adc_out[2] (net)
                      0.089106    0.000622    0.822014 v adc_out[2] (out)
                                              0.822014   data arrival time

                                  0.000000    0.000000   clock clk (rise edge)
                                  0.000000    0.000000   clock network delay (propagated)
                                  0.250000    0.250000   clock uncertainty
                                  0.000000    0.250000   clock reconvergence pessimism
                                -10.000000   -9.750000   output external delay
                                             -9.750000   data required time
---------------------------------------------------------------------------------------------
                                             -9.750000   data required time
                                             -0.822014   data arrival time
---------------------------------------------------------------------------------------------
                                             10.572014   slack (MET)


Startpoint: _159_ (rising edge-triggered flip-flop clocked by clk)
Endpoint: adc_out[6] (output port clocked by clk)
Path Group: clk
Path Type: min

Fanout         Cap        Slew       Delay        Time   Description
---------------------------------------------------------------------------------------------
                                  0.000000    0.000000   clock clk (rise edge)
                                  0.000000    0.000000   clock source latency
     1    0.017250    0.083453    0.057184    0.057184 ^ clk (in)
                                                         clk (net)
                      0.083459    0.000000    0.057184 ^ clkbuf_0_clk/A (sky130_fd_sc_hd__clkbuf_16)
     2    0.018808    0.040866    0.138344    0.195528 ^ clkbuf_0_clk/X (sky130_fd_sc_hd__clkbuf_16)
                                                         clknet_0_clk (net)
                      0.040866    0.000320    0.195848 ^ clkbuf_1_1__f_clk/A (sky130_fd_sc_hd__clkbuf_16)
    12    0.039354    0.059145    0.139753    0.335601 ^ clkbuf_1_1__f_clk/X (sky130_fd_sc_hd__clkbuf_16)
                                                         clknet_1_1__leaf_clk (net)
                      0.059178    0.001190    0.336791 ^ _159_/CLK (sky130_fd_sc_hd__dfxtp_1)
     2    0.006365    0.041319    0.311232    0.648023 v _159_/Q (sky130_fd_sc_hd__dfxtp_1)
                                                         net9 (net)
                      0.041319    0.000173    0.648196 v output9/A (sky130_fd_sc_hd__buf_2)
     1    0.034401    0.089827    0.178763    0.826959 v output9/X (sky130_fd_sc_hd__buf_2)
                                                         adc_out[6] (net)
                      0.089831    0.000657    0.827616 v adc_out[6] (out)
                                              0.827616   data arrival time

                                  0.000000    0.000000   clock clk (rise edge)
                                  0.000000    0.000000   clock network delay (propagated)
                                  0.250000    0.250000   clock uncertainty
                                  0.000000    0.250000   clock reconvergence pessimism
                                -10.000000   -9.750000   output external delay
                                             -9.750000   data required time
---------------------------------------------------------------------------------------------
                                             -9.750000   data required time
                                             -0.827616   data arrival time
---------------------------------------------------------------------------------------------
                                             10.577617   slack (MET)


Startpoint: _156_ (rising edge-triggered flip-flop clocked by clk)
Endpoint: adc_out[3] (output port clocked by clk)
Path Group: clk
Path Type: min

Fanout         Cap        Slew       Delay        Time   Description
---------------------------------------------------------------------------------------------
                                  0.000000    0.000000   clock clk (rise edge)
                                  0.000000    0.000000   clock source latency
     1    0.017250    0.083453    0.057184    0.057184 ^ clk (in)
                                                         clk (net)
                      0.083459    0.000000    0.057184 ^ clkbuf_0_clk/A (sky130_fd_sc_hd__clkbuf_16)
     2    0.018808    0.040866    0.138344    0.195528 ^ clkbuf_0_clk/X (sky130_fd_sc_hd__clkbuf_16)
                                                         clknet_0_clk (net)
                      0.040866    0.000320    0.195848 ^ clkbuf_1_1__f_clk/A (sky130_fd_sc_hd__clkbuf_16)
    12    0.039354    0.059145    0.139753    0.335601 ^ clkbuf_1_1__f_clk/X (sky130_fd_sc_hd__clkbuf_16)
                                                         clknet_1_1__leaf_clk (net)
                      0.059162    0.000910    0.336511 ^ _156_/CLK (sky130_fd_sc_hd__dfxtp_1)
     2    0.007070    0.044369    0.314046    0.650557 v _156_/Q (sky130_fd_sc_hd__dfxtp_1)
                                                         net6 (net)
                      0.044369    0.000268    0.650825 v output6/A (sky130_fd_sc_hd__buf_2)
     1    0.034072    0.089085    0.179491    0.830315 v output6/X (sky130_fd_sc_hd__buf_2)
                                                         adc_out[3] (net)
                      0.089088    0.000622    0.830937 v adc_out[3] (out)
                                              0.830937   data arrival time

                                  0.000000    0.000000   clock clk (rise edge)
                                  0.000000    0.000000   clock network delay (propagated)
                                  0.250000    0.250000   clock uncertainty
                                  0.000000    0.250000   clock reconvergence pessimism
                                -10.000000   -9.750000   output external delay
                                             -9.750000   data required time
---------------------------------------------------------------------------------------------
                                             -9.750000   data required time
                                             -0.830937   data arrival time
---------------------------------------------------------------------------------------------
                                             10.580937   slack (MET)


Startpoint: _153_ (rising edge-triggered flip-flop clocked by clk)
Endpoint: adc_out[0] (output port clocked by clk)
Path Group: clk
Path Type: min

Fanout         Cap        Slew       Delay        Time   Description
---------------------------------------------------------------------------------------------
                                  0.000000    0.000000   clock clk (rise edge)
                                  0.000000    0.000000   clock source latency
     1    0.017250    0.083453    0.057184    0.057184 ^ clk (in)
                                                         clk (net)
                      0.083459    0.000000    0.057184 ^ clkbuf_0_clk/A (sky130_fd_sc_hd__clkbuf_16)
     2    0.018808    0.040866    0.138344    0.195528 ^ clkbuf_0_clk/X (sky130_fd_sc_hd__clkbuf_16)
                                                         clknet_0_clk (net)
                      0.040866    0.000320    0.195848 ^ clkbuf_1_1__f_clk/A (sky130_fd_sc_hd__clkbuf_16)
    12    0.039354    0.059145    0.139753    0.335601 ^ clkbuf_1_1__f_clk/X (sky130_fd_sc_hd__clkbuf_16)
                                                         clknet_1_1__leaf_clk (net)
                      0.059162    0.000895    0.336496 ^ _153_/CLK (sky130_fd_sc_hd__dfxtp_1)
     2    0.007471    0.046093    0.315693    0.652189 v _153_/Q (sky130_fd_sc_hd__dfxtp_1)
                                                         net3 (net)
                      0.046093    0.000264    0.652453 v output3/A (sky130_fd_sc_hd__buf_2)
     1    0.035068    0.091329    0.181875    0.834328 v output3/X (sky130_fd_sc_hd__buf_2)
                                                         adc_out[0] (net)
                      0.091338    0.000903    0.835231 v adc_out[0] (out)
                                              0.835231   data arrival time

                                  0.000000    0.000000   clock clk (rise edge)
                                  0.000000    0.000000   clock network delay (propagated)
                                  0.250000    0.250000   clock uncertainty
                                  0.000000    0.250000   clock reconvergence pessimism
                                -10.000000   -9.750000   output external delay
                                             -9.750000   data required time
---------------------------------------------------------------------------------------------
                                             -9.750000   data required time
                                             -0.835231   data arrival time
---------------------------------------------------------------------------------------------
                                             10.585231   slack (MET)


Startpoint: _154_ (rising edge-triggered flip-flop clocked by clk)
Endpoint: adc_out[1] (output port clocked by clk)
Path Group: clk
Path Type: min

Fanout         Cap        Slew       Delay        Time   Description
---------------------------------------------------------------------------------------------
                                  0.000000    0.000000   clock clk (rise edge)
                                  0.000000    0.000000   clock source latency
     1    0.017250    0.083453    0.057184    0.057184 ^ clk (in)
                                                         clk (net)
                      0.083459    0.000000    0.057184 ^ clkbuf_0_clk/A (sky130_fd_sc_hd__clkbuf_16)
     2    0.018808    0.040866    0.138344    0.195528 ^ clkbuf_0_clk/X (sky130_fd_sc_hd__clkbuf_16)
                                                         clknet_0_clk (net)
                      0.040866    0.000320    0.195848 ^ clkbuf_1_1__f_clk/A (sky130_fd_sc_hd__clkbuf_16)
    12    0.039354    0.059145    0.139753    0.335601 ^ clkbuf_1_1__f_clk/X (sky130_fd_sc_hd__clkbuf_16)
                                                         clknet_1_1__leaf_clk (net)
                      0.059158    0.000807    0.336407 ^ _154_/CLK (sky130_fd_sc_hd__dfxtp_1)
     2    0.007801    0.047551    0.316999    0.653406 v _154_/Q (sky130_fd_sc_hd__dfxtp_1)
                                                         net4 (net)
                      0.047623    0.000304    0.653710 v output4/A (sky130_fd_sc_hd__buf_2)
     1    0.034754    0.090557    0.182105    0.835814 v output4/X (sky130_fd_sc_hd__buf_2)
                                                         adc_out[1] (net)
                      0.090562    0.000702    0.836516 v adc_out[1] (out)
                                              0.836516   data arrival time

                                  0.000000    0.000000   clock clk (rise edge)
                                  0.000000    0.000000   clock network delay (propagated)
                                  0.250000    0.250000   clock uncertainty
                                  0.000000    0.250000   clock reconvergence pessimism
                                -10.000000   -9.750000   output external delay
                                             -9.750000   data required time
---------------------------------------------------------------------------------------------
                                             -9.750000   data required time
                                             -0.836516   data arrival time
---------------------------------------------------------------------------------------------
                                             10.586516   slack (MET)


Startpoint: _160_ (rising edge-triggered flip-flop clocked by clk)
Endpoint: adc_out[7] (output port clocked by clk)
Path Group: clk
Path Type: min

Fanout         Cap        Slew       Delay        Time   Description
---------------------------------------------------------------------------------------------
                                  0.000000    0.000000   clock clk (rise edge)
                                  0.000000    0.000000   clock source latency
     1    0.017250    0.083453    0.057184    0.057184 ^ clk (in)
                                                         clk (net)
                      0.083459    0.000000    0.057184 ^ clkbuf_0_clk/A (sky130_fd_sc_hd__clkbuf_16)
     2    0.018808    0.040866    0.138344    0.195528 ^ clkbuf_0_clk/X (sky130_fd_sc_hd__clkbuf_16)
                                                         clknet_0_clk (net)
                      0.040866    0.000320    0.195848 ^ clkbuf_1_1__f_clk/A (sky130_fd_sc_hd__clkbuf_16)
    12    0.039354    0.059145    0.139753    0.335601 ^ clkbuf_1_1__f_clk/X (sky130_fd_sc_hd__clkbuf_16)
                                                         clknet_1_1__leaf_clk (net)
                      0.059150    0.000590    0.336191 ^ _160_/CLK (sky130_fd_sc_hd__dfxtp_1)
     2    0.008761    0.050816    0.320914    0.657105 v _160_/Q (sky130_fd_sc_hd__dfxtp_1)
                                                         net10 (net)
                      0.050878    0.000287    0.657392 v output10/A (sky130_fd_sc_hd__buf_2)
     1    0.035019    0.091159    0.183903    0.841294 v output10/X (sky130_fd_sc_hd__buf_2)
                                                         adc_out[7] (net)
                      0.091166    0.000826    0.842120 v adc_out[7] (out)
                                              0.842120   data arrival time

                                  0.000000    0.000000   clock clk (rise edge)
                                  0.000000    0.000000   clock network delay (propagated)
                                  0.250000    0.250000   clock uncertainty
                                  0.000000    0.250000   clock reconvergence pessimism
                                -10.000000   -9.750000   output external delay
                                             -9.750000   data required time
---------------------------------------------------------------------------------------------
                                             -9.750000   data required time
                                             -0.842120   data arrival time
---------------------------------------------------------------------------------------------
                                             10.592120   slack (MET)


Startpoint: _168_ (rising edge-triggered flip-flop clocked by clk)
Endpoint: dac_in[7] (output port clocked by clk)
Path Group: clk
Path Type: min

Fanout         Cap        Slew       Delay        Time   Description
---------------------------------------------------------------------------------------------
                                  0.000000    0.000000   clock clk (rise edge)
                                  0.000000    0.000000   clock source latency
     1    0.017250    0.083453    0.057184    0.057184 ^ clk (in)
                                                         clk (net)
                      0.083459    0.000000    0.057184 ^ clkbuf_0_clk/A (sky130_fd_sc_hd__clkbuf_16)
     2    0.018808    0.040866    0.138344    0.195528 ^ clkbuf_0_clk/X (sky130_fd_sc_hd__clkbuf_16)
                                                         clknet_0_clk (net)
                      0.040867    0.000361    0.195889 ^ clkbuf_1_0__f_clk/A (sky130_fd_sc_hd__clkbuf_16)
    10    0.040087    0.059773    0.140182    0.336071 ^ clkbuf_1_0__f_clk/X (sky130_fd_sc_hd__clkbuf_16)
                                                         clknet_1_0__leaf_clk (net)
                      0.059777    0.000649    0.336719 ^ _168_/CLK (sky130_fd_sc_hd__dfxtp_1)
     3    0.013431    0.070619    0.337440    0.674159 v _168_/Q (sky130_fd_sc_hd__dfxtp_1)
                                                         net19 (net)
                      0.070619    0.000162    0.674321 v output19/A (sky130_fd_sc_hd__buf_2)
     1    0.034784    0.090686    0.192335    0.866657 v output19/X (sky130_fd_sc_hd__buf_2)
                                                         dac_in[7] (net)
                      0.090695    0.000895    0.867551 v dac_in[7] (out)
                                              0.867551   data arrival time

                                  0.000000    0.000000   clock clk (rise edge)
                                  0.000000    0.000000   clock network delay (propagated)
                                  0.250000    0.250000   clock uncertainty
                                  0.000000    0.250000   clock reconvergence pessimism
                                -10.000000   -9.750000   output external delay
                                             -9.750000   data required time
---------------------------------------------------------------------------------------------
                                             -9.750000   data required time
                                             -0.867551   data arrival time
---------------------------------------------------------------------------------------------
                                             10.617552   slack (MET)


Startpoint: _166_ (rising edge-triggered flip-flop clocked by clk)
Endpoint: dac_in[5] (output port clocked by clk)
Path Group: clk
Path Type: min

Fanout         Cap        Slew       Delay        Time   Description
---------------------------------------------------------------------------------------------
                                  0.000000    0.000000   clock clk (rise edge)
                                  0.000000    0.000000   clock source latency
     1    0.017250    0.083453    0.057184    0.057184 ^ clk (in)
                                                         clk (net)
                      0.083459    0.000000    0.057184 ^ clkbuf_0_clk/A (sky130_fd_sc_hd__clkbuf_16)
     2    0.018808    0.040866    0.138344    0.195528 ^ clkbuf_0_clk/X (sky130_fd_sc_hd__clkbuf_16)
                                                         clknet_0_clk (net)
                      0.040866    0.000320    0.195848 ^ clkbuf_1_1__f_clk/A (sky130_fd_sc_hd__clkbuf_16)
    12    0.039354    0.059145    0.139753    0.335601 ^ clkbuf_1_1__f_clk/X (sky130_fd_sc_hd__clkbuf_16)
                                                         clknet_1_1__leaf_clk (net)
                      0.059153    0.000693    0.336294 ^ _166_/CLK (sky130_fd_sc_hd__dfxtp_1)
     3    0.020483    0.101206    0.361660    0.697954 v _166_/Q (sky130_fd_sc_hd__dfxtp_1)
                                                         net17 (net)
                      0.101208    0.000516    0.698470 v output17/A (sky130_fd_sc_hd__buf_2)
     1    0.034545    0.090182    0.205850    0.904320 v output17/X (sky130_fd_sc_hd__buf_2)
                                                         dac_in[5] (net)
                      0.090189    0.000838    0.905158 v dac_in[5] (out)
                                              0.905158   data arrival time

                                  0.000000    0.000000   clock clk (rise edge)
                                  0.000000    0.000000   clock network delay (propagated)
                                  0.250000    0.250000   clock uncertainty
                                  0.000000    0.250000   clock reconvergence pessimism
                                -10.000000   -9.750000   output external delay
                                             -9.750000   data required time
---------------------------------------------------------------------------------------------
                                             -9.750000   data required time
                                             -0.905158   data arrival time
---------------------------------------------------------------------------------------------
                                             10.655158   slack (MET)


Startpoint: _165_ (rising edge-triggered flip-flop clocked by clk)
Endpoint: dac_in[4] (output port clocked by clk)
Path Group: clk
Path Type: min

Fanout         Cap        Slew       Delay        Time   Description
---------------------------------------------------------------------------------------------
                                  0.000000    0.000000   clock clk (rise edge)
                                  0.000000    0.000000   clock source latency
     1    0.017250    0.083453    0.057184    0.057184 ^ clk (in)
                                                         clk (net)
                      0.083459    0.000000    0.057184 ^ clkbuf_0_clk/A (sky130_fd_sc_hd__clkbuf_16)
     2    0.018808    0.040866    0.138344    0.195528 ^ clkbuf_0_clk/X (sky130_fd_sc_hd__clkbuf_16)
                                                         clknet_0_clk (net)
                      0.040866    0.000320    0.195848 ^ clkbuf_1_1__f_clk/A (sky130_fd_sc_hd__clkbuf_16)
    12    0.039354    0.059145    0.139753    0.335601 ^ clkbuf_1_1__f_clk/X (sky130_fd_sc_hd__clkbuf_16)
                                                         clknet_1_1__leaf_clk (net)
                      0.059146    0.000423    0.336023 ^ _165_/CLK (sky130_fd_sc_hd__dfxtp_1)
     3    0.020688    0.102174    0.362196    0.698220 v _165_/Q (sky130_fd_sc_hd__dfxtp_1)
                                                         net16 (net)
                      0.102186    0.001102    0.699322 v output16/A (sky130_fd_sc_hd__buf_2)
     1    0.034545    0.090183    0.206294    0.905616 v output16/X (sky130_fd_sc_hd__buf_2)
                                                         dac_in[4] (net)
                      0.090190    0.000838    0.906454 v dac_in[4] (out)
                                              0.906454   data arrival time

                                  0.000000    0.000000   clock clk (rise edge)
                                  0.000000    0.000000   clock network delay (propagated)
                                  0.250000    0.250000   clock uncertainty
                                  0.000000    0.250000   clock reconvergence pessimism
                                -10.000000   -9.750000   output external delay
                                             -9.750000   data required time
---------------------------------------------------------------------------------------------
                                             -9.750000   data required time
                                             -0.906454   data arrival time
---------------------------------------------------------------------------------------------
                                             10.656455   slack (MET)


Startpoint: _162_ (rising edge-triggered flip-flop clocked by clk)
Endpoint: dac_in[1] (output port clocked by clk)
Path Group: clk
Path Type: min

Fanout         Cap        Slew       Delay        Time   Description
---------------------------------------------------------------------------------------------
                                  0.000000    0.000000   clock clk (rise edge)
                                  0.000000    0.000000   clock source latency
     1    0.017250    0.083453    0.057184    0.057184 ^ clk (in)
                                                         clk (net)
                      0.083459    0.000000    0.057184 ^ clkbuf_0_clk/A (sky130_fd_sc_hd__clkbuf_16)
     2    0.018808    0.040866    0.138344    0.195528 ^ clkbuf_0_clk/X (sky130_fd_sc_hd__clkbuf_16)
                                                         clknet_0_clk (net)
                      0.040866    0.000320    0.195848 ^ clkbuf_1_1__f_clk/A (sky130_fd_sc_hd__clkbuf_16)
    12    0.039354    0.059145    0.139753    0.335601 ^ clkbuf_1_1__f_clk/X (sky130_fd_sc_hd__clkbuf_16)
                                                         clknet_1_1__leaf_clk (net)
                      0.059159    0.000828    0.336429 ^ _162_/CLK (sky130_fd_sc_hd__dfxtp_1)
     3    0.021066    0.103894    0.363343    0.699773 v _162_/Q (sky130_fd_sc_hd__dfxtp_1)
                                                         net13 (net)
                      0.103911    0.001301    0.701074 v output13/A (sky130_fd_sc_hd__buf_2)
     1    0.034545    0.090185    0.207079    0.908153 v output13/X (sky130_fd_sc_hd__buf_2)
                                                         dac_in[1] (net)
                      0.090192    0.000838    0.908991 v dac_in[1] (out)
                                              0.908991   data arrival time

                                  0.000000    0.000000   clock clk (rise edge)
                                  0.000000    0.000000   clock network delay (propagated)
                                  0.250000    0.250000   clock uncertainty
                                  0.000000    0.250000   clock reconvergence pessimism
                                -10.000000   -9.750000   output external delay
                                             -9.750000   data required time
---------------------------------------------------------------------------------------------
                                             -9.750000   data required time
                                             -0.908991   data arrival time
---------------------------------------------------------------------------------------------
                                             10.658991   slack (MET)


Startpoint: _167_ (rising edge-triggered flip-flop clocked by clk)
Endpoint: dac_in[6] (output port clocked by clk)
Path Group: clk
Path Type: min

Fanout         Cap        Slew       Delay        Time   Description
---------------------------------------------------------------------------------------------
                                  0.000000    0.000000   clock clk (rise edge)
                                  0.000000    0.000000   clock source latency
     1    0.017250    0.083453    0.057184    0.057184 ^ clk (in)
                                                         clk (net)
                      0.083459    0.000000    0.057184 ^ clkbuf_0_clk/A (sky130_fd_sc_hd__clkbuf_16)
     2    0.018808    0.040866    0.138344    0.195528 ^ clkbuf_0_clk/X (sky130_fd_sc_hd__clkbuf_16)
                                                         clknet_0_clk (net)
                      0.040867    0.000361    0.195889 ^ clkbuf_1_0__f_clk/A (sky130_fd_sc_hd__clkbuf_16)
    10    0.040087    0.059773    0.140182    0.336071 ^ clkbuf_1_0__f_clk/X (sky130_fd_sc_hd__clkbuf_16)
                                                         clknet_1_0__leaf_clk (net)
                      0.059779    0.000693    0.336764 ^ _167_/CLK (sky130_fd_sc_hd__dfxtp_1)
     4    0.021777    0.107000    0.366029    0.702793 v _167_/Q (sky130_fd_sc_hd__dfxtp_1)
                                                         net18 (net)
                      0.107001    0.000484    0.703277 v output18/A (sky130_fd_sc_hd__buf_2)
     1    0.034545    0.090188    0.208485    0.911762 v output18/X (sky130_fd_sc_hd__buf_2)
                                                         dac_in[6] (net)
                      0.090196    0.000838    0.912600 v dac_in[6] (out)
                                              0.912600   data arrival time

                                  0.000000    0.000000   clock clk (rise edge)
                                  0.000000    0.000000   clock network delay (propagated)
                                  0.250000    0.250000   clock uncertainty
                                  0.000000    0.250000   clock reconvergence pessimism
                                -10.000000   -9.750000   output external delay
                                             -9.750000   data required time
---------------------------------------------------------------------------------------------
                                             -9.750000   data required time
                                             -0.912600   data arrival time
---------------------------------------------------------------------------------------------
                                             10.662600   slack (MET)


Startpoint: _164_ (rising edge-triggered flip-flop clocked by clk)
Endpoint: dac_in[3] (output port clocked by clk)
Path Group: clk
Path Type: min

Fanout         Cap        Slew       Delay        Time   Description
---------------------------------------------------------------------------------------------
                                  0.000000    0.000000   clock clk (rise edge)
                                  0.000000    0.000000   clock source latency
     1    0.017250    0.083453    0.057184    0.057184 ^ clk (in)
                                                         clk (net)
                      0.083459    0.000000    0.057184 ^ clkbuf_0_clk/A (sky130_fd_sc_hd__clkbuf_16)
     2    0.018808    0.040866    0.138344    0.195528 ^ clkbuf_0_clk/X (sky130_fd_sc_hd__clkbuf_16)
                                                         clknet_0_clk (net)
                      0.040867    0.000361    0.195889 ^ clkbuf_1_0__f_clk/A (sky130_fd_sc_hd__clkbuf_16)
    10    0.040087    0.059773    0.140182    0.336071 ^ clkbuf_1_0__f_clk/X (sky130_fd_sc_hd__clkbuf_16)
                                                         clknet_1_0__leaf_clk (net)
                      0.059835    0.001637    0.337707 ^ _164_/CLK (sky130_fd_sc_hd__dfxtp_1)
     3    0.025170    0.120998    0.377164    0.714871 v _164_/Q (sky130_fd_sc_hd__dfxtp_1)
                                                         net15 (net)
                      0.120999    0.000565    0.715436 v output15/A (sky130_fd_sc_hd__buf_2)
     1    0.034545    0.090204    0.214853    0.930289 v output15/X (sky130_fd_sc_hd__buf_2)
                                                         dac_in[3] (net)
                      0.090211    0.000838    0.931127 v dac_in[3] (out)
                                              0.931127   data arrival time

                                  0.000000    0.000000   clock clk (rise edge)
                                  0.000000    0.000000   clock network delay (propagated)
                                  0.250000    0.250000   clock uncertainty
                                  0.000000    0.250000   clock reconvergence pessimism
                                -10.000000   -9.750000   output external delay
                                             -9.750000   data required time
---------------------------------------------------------------------------------------------
                                             -9.750000   data required time
                                             -0.931127   data arrival time
---------------------------------------------------------------------------------------------
                                             10.681128   slack (MET)


Startpoint: _163_ (rising edge-triggered flip-flop clocked by clk)
Endpoint: dac_in[2] (output port clocked by clk)
Path Group: clk
Path Type: min

Fanout         Cap        Slew       Delay        Time   Description
---------------------------------------------------------------------------------------------
                                  0.000000    0.000000   clock clk (rise edge)
                                  0.000000    0.000000   clock source latency
     1    0.017250    0.083453    0.057184    0.057184 ^ clk (in)
                                                         clk (net)
                      0.083459    0.000000    0.057184 ^ clkbuf_0_clk/A (sky130_fd_sc_hd__clkbuf_16)
     2    0.018808    0.040866    0.138344    0.195528 ^ clkbuf_0_clk/X (sky130_fd_sc_hd__clkbuf_16)
                                                         clknet_0_clk (net)
                      0.040867    0.000361    0.195889 ^ clkbuf_1_0__f_clk/A (sky130_fd_sc_hd__clkbuf_16)
    10    0.040087    0.059773    0.140182    0.336071 ^ clkbuf_1_0__f_clk/X (sky130_fd_sc_hd__clkbuf_16)
                                                         clknet_1_0__leaf_clk (net)
                      0.059832    0.001606    0.337677 ^ _163_/CLK (sky130_fd_sc_hd__dfxtp_1)
     4    0.029433    0.140038    0.391369    0.729046 v _163_/Q (sky130_fd_sc_hd__dfxtp_1)
                                                         net14 (net)
                      0.140038    0.000386    0.729432 v output14/A (sky130_fd_sc_hd__buf_2)
     1    0.034842    0.091008    0.223829    0.953261 v output14/X (sky130_fd_sc_hd__buf_2)
                                                         dac_in[2] (net)
                      0.091016    0.000876    0.954137 v dac_in[2] (out)
                                              0.954137   data arrival time

                                  0.000000    0.000000   clock clk (rise edge)
                                  0.000000    0.000000   clock network delay (propagated)
                                  0.250000    0.250000   clock uncertainty
                                  0.000000    0.250000   clock reconvergence pessimism
                                -10.000000   -9.750000   output external delay
                                             -9.750000   data required time
---------------------------------------------------------------------------------------------
                                             -9.750000   data required time
                                             -0.954137   data arrival time
---------------------------------------------------------------------------------------------
                                             10.704137   slack (MET)


Startpoint: _161_ (rising edge-triggered flip-flop clocked by clk)
Endpoint: dac_in[0] (output port clocked by clk)
Path Group: clk
Path Type: min

Fanout         Cap        Slew       Delay        Time   Description
---------------------------------------------------------------------------------------------
                                  0.000000    0.000000   clock clk (rise edge)
                                  0.000000    0.000000   clock source latency
     1    0.017250    0.083453    0.057184    0.057184 ^ clk (in)
                                                         clk (net)
                      0.083459    0.000000    0.057184 ^ clkbuf_0_clk/A (sky130_fd_sc_hd__clkbuf_16)
     2    0.018808    0.040866    0.138344    0.195528 ^ clkbuf_0_clk/X (sky130_fd_sc_hd__clkbuf_16)
                                                         clknet_0_clk (net)
                      0.040867    0.000361    0.195889 ^ clkbuf_1_0__f_clk/A (sky130_fd_sc_hd__clkbuf_16)
    10    0.040087    0.059773    0.140182    0.336071 ^ clkbuf_1_0__f_clk/X (sky130_fd_sc_hd__clkbuf_16)
                                                         clknet_1_0__leaf_clk (net)
                      0.059830    0.001581    0.337651 ^ _161_/CLK (sky130_fd_sc_hd__dfxtp_1)
     4    0.029967    0.142222    0.393753    0.731405 v _161_/Q (sky130_fd_sc_hd__dfxtp_1)
                                                         net12 (net)
                      0.142222    0.000417    0.731821 v output12/A (sky130_fd_sc_hd__buf_2)
     1    0.034825    0.090992    0.224763    0.956585 v output12/X (sky130_fd_sc_hd__buf_2)
                                                         dac_in[0] (net)
                      0.091001    0.000877    0.957461 v dac_in[0] (out)
                                              0.957461   data arrival time

                                  0.000000    0.000000   clock clk (rise edge)
                                  0.000000    0.000000   clock network delay (propagated)
                                  0.250000    0.250000   clock uncertainty
                                  0.000000    0.250000   clock reconvergence pessimism
                                -10.000000   -9.750000   output external delay
                                             -9.750000   data required time
---------------------------------------------------------------------------------------------
                                             -9.750000   data required time
                                             -0.957461   data arrival time
---------------------------------------------------------------------------------------------
                                             10.707462   slack (MET)


Startpoint: _167_ (rising edge-triggered flip-flop clocked by clk)
Endpoint: dac_in_n[6] (output port clocked by clk)
Path Group: clk
Path Type: min

Fanout         Cap        Slew       Delay        Time   Description
---------------------------------------------------------------------------------------------
                                  0.000000    0.000000   clock clk (rise edge)
                                  0.000000    0.000000   clock source latency
     1    0.017250    0.083453    0.057184    0.057184 ^ clk (in)
                                                         clk (net)
                      0.083459    0.000000    0.057184 ^ clkbuf_0_clk/A (sky130_fd_sc_hd__clkbuf_16)
     2    0.018808    0.040866    0.138344    0.195528 ^ clkbuf_0_clk/X (sky130_fd_sc_hd__clkbuf_16)
                                                         clknet_0_clk (net)
                      0.040867    0.000361    0.195889 ^ clkbuf_1_0__f_clk/A (sky130_fd_sc_hd__clkbuf_16)
    10    0.040087    0.059773    0.140182    0.336071 ^ clkbuf_1_0__f_clk/X (sky130_fd_sc_hd__clkbuf_16)
                                                         clknet_1_0__leaf_clk (net)
                      0.059779    0.000693    0.336764 ^ _167_/CLK (sky130_fd_sc_hd__dfxtp_1)
     4    0.021777    0.107000    0.366029    0.702793 v _167_/Q (sky130_fd_sc_hd__dfxtp_1)
                                                         net18 (net)
                      0.107017    0.001324    0.704116 v _075_/A (sky130_fd_sc_hd__inv_2)
     1    0.002597    0.034181    0.059650    0.763766 ^ _075_/Y (sky130_fd_sc_hd__inv_2)
                                                         net26 (net)
                      0.034181    0.000073    0.763840 ^ output26/A (sky130_fd_sc_hd__buf_2)
     1    0.034572    0.171626    0.194699    0.958539 ^ output26/X (sky130_fd_sc_hd__buf_2)
                                                         dac_in_n[6] (net)
                      0.171680    0.000853    0.959391 ^ dac_in_n[6] (out)
                                              0.959391   data arrival time

                                  0.000000    0.000000   clock clk (rise edge)
                                  0.000000    0.000000   clock network delay (propagated)
                                  0.250000    0.250000   clock uncertainty
                                  0.000000    0.250000   clock reconvergence pessimism
                                -10.000000   -9.750000   output external delay
                                             -9.750000   data required time
---------------------------------------------------------------------------------------------
                                             -9.750000   data required time
                                             -0.959391   data arrival time
---------------------------------------------------------------------------------------------
                                             10.709392   slack (MET)


Startpoint: _162_ (rising edge-triggered flip-flop clocked by clk)
Endpoint: dac_in_n[1] (output port clocked by clk)
Path Group: clk
Path Type: min

Fanout         Cap        Slew       Delay        Time   Description
---------------------------------------------------------------------------------------------
                                  0.000000    0.000000   clock clk (rise edge)
                                  0.000000    0.000000   clock source latency
     1    0.017250    0.083453    0.057184    0.057184 ^ clk (in)
                                                         clk (net)
                      0.083459    0.000000    0.057184 ^ clkbuf_0_clk/A (sky130_fd_sc_hd__clkbuf_16)
     2    0.018808    0.040866    0.138344    0.195528 ^ clkbuf_0_clk/X (sky130_fd_sc_hd__clkbuf_16)
                                                         clknet_0_clk (net)
                      0.040866    0.000320    0.195848 ^ clkbuf_1_1__f_clk/A (sky130_fd_sc_hd__clkbuf_16)
    12    0.039354    0.059145    0.139753    0.335601 ^ clkbuf_1_1__f_clk/X (sky130_fd_sc_hd__clkbuf_16)
                                                         clknet_1_1__leaf_clk (net)
                      0.059159    0.000828    0.336429 ^ _162_/CLK (sky130_fd_sc_hd__dfxtp_1)
     3    0.021066    0.103894    0.363343    0.699773 v _162_/Q (sky130_fd_sc_hd__dfxtp_1)
                                                         net13 (net)
                      0.103900    0.000862    0.700635 v _080_/A (sky130_fd_sc_hd__inv_2)
     2    0.006368    0.046339    0.075401    0.776036 ^ _080_/Y (sky130_fd_sc_hd__inv_2)
                                                         net21 (net)
                      0.046339    0.000101    0.776137 ^ output21/A (sky130_fd_sc_hd__buf_2)
     1    0.034585    0.171656    0.199403    0.975540 ^ output21/X (sky130_fd_sc_hd__buf_2)
                                                         dac_in_n[1] (net)
                      0.171710    0.000853    0.976393 ^ dac_in_n[1] (out)
                                              0.976393   data arrival time

                                  0.000000    0.000000   clock clk (rise edge)
                                  0.000000    0.000000   clock network delay (propagated)
                                  0.250000    0.250000   clock uncertainty
                                  0.000000    0.250000   clock reconvergence pessimism
                                -10.000000   -9.750000   output external delay
                                             -9.750000   data required time
---------------------------------------------------------------------------------------------
                                             -9.750000   data required time
                                             -0.976393   data arrival time
---------------------------------------------------------------------------------------------
                                             10.726394   slack (MET)


Startpoint: _168_ (rising edge-triggered flip-flop clocked by clk)
Endpoint: dac_in_n[7] (output port clocked by clk)
Path Group: clk
Path Type: min

Fanout         Cap        Slew       Delay        Time   Description
---------------------------------------------------------------------------------------------
                                  0.000000    0.000000   clock clk (rise edge)
                                  0.000000    0.000000   clock source latency
     1    0.017250    0.083453    0.057184    0.057184 ^ clk (in)
                                                         clk (net)
                      0.083459    0.000000    0.057184 ^ clkbuf_0_clk/A (sky130_fd_sc_hd__clkbuf_16)
     2    0.018808    0.040866    0.138344    0.195528 ^ clkbuf_0_clk/X (sky130_fd_sc_hd__clkbuf_16)
                                                         clknet_0_clk (net)
                      0.040867    0.000361    0.195889 ^ clkbuf_1_0__f_clk/A (sky130_fd_sc_hd__clkbuf_16)
    10    0.040087    0.059773    0.140182    0.336071 ^ clkbuf_1_0__f_clk/X (sky130_fd_sc_hd__clkbuf_16)
                                                         clknet_1_0__leaf_clk (net)
                      0.059777    0.000649    0.336719 ^ _168_/CLK (sky130_fd_sc_hd__dfxtp_1)
     3    0.014122    0.139887    0.378908    0.715627 ^ _168_/Q (sky130_fd_sc_hd__dfxtp_1)
                                                         net19 (net)
                      0.139887    0.000544    0.716171 ^ _074_/A (sky130_fd_sc_hd__inv_2)
     2    0.016918    0.057614    0.079617    0.795788 v _074_/Y (sky130_fd_sc_hd__inv_2)
                                                         net27 (net)
                      0.057618    0.000500    0.796288 v output27/A (sky130_fd_sc_hd__buf_2)
     1    0.034542    0.090123    0.186025    0.982313 v output27/X (sky130_fd_sc_hd__buf_2)
                                                         dac_in_n[7] (net)
                      0.090130    0.000825    0.983137 v dac_in_n[7] (out)
                                              0.983137   data arrival time

                                  0.000000    0.000000   clock clk (rise edge)
                                  0.000000    0.000000   clock network delay (propagated)
                                  0.250000    0.250000   clock uncertainty
                                  0.000000    0.250000   clock reconvergence pessimism
                                -10.000000   -9.750000   output external delay
                                             -9.750000   data required time
---------------------------------------------------------------------------------------------
                                             -9.750000   data required time
                                             -0.983137   data arrival time
---------------------------------------------------------------------------------------------
                                             10.733137   slack (MET)


Startpoint: _165_ (rising edge-triggered flip-flop clocked by clk)
Endpoint: dac_in_n[4] (output port clocked by clk)
Path Group: clk
Path Type: min

Fanout         Cap        Slew       Delay        Time   Description
---------------------------------------------------------------------------------------------
                                  0.000000    0.000000   clock clk (rise edge)
                                  0.000000    0.000000   clock source latency
     1    0.017250    0.083453    0.057184    0.057184 ^ clk (in)
                                                         clk (net)
                      0.083459    0.000000    0.057184 ^ clkbuf_0_clk/A (sky130_fd_sc_hd__clkbuf_16)
     2    0.018808    0.040866    0.138344    0.195528 ^ clkbuf_0_clk/X (sky130_fd_sc_hd__clkbuf_16)
                                                         clknet_0_clk (net)
                      0.040866    0.000320    0.195848 ^ clkbuf_1_1__f_clk/A (sky130_fd_sc_hd__clkbuf_16)
    12    0.039354    0.059145    0.139753    0.335601 ^ clkbuf_1_1__f_clk/X (sky130_fd_sc_hd__clkbuf_16)
                                                         clknet_1_1__leaf_clk (net)
                      0.059146    0.000423    0.336023 ^ _165_/CLK (sky130_fd_sc_hd__dfxtp_1)
     3    0.020688    0.102174    0.362196    0.698220 v _165_/Q (sky130_fd_sc_hd__dfxtp_1)
                                                         net16 (net)
                      0.102176    0.000552    0.698772 v _077_/A (sky130_fd_sc_hd__inv_2)
     2    0.009760    0.057858    0.086919    0.785692 ^ _077_/Y (sky130_fd_sc_hd__inv_2)
                                                         net24 (net)
                      0.057858    0.000154    0.785846 ^ output24/A (sky130_fd_sc_hd__buf_2)
     1    0.034577    0.171701    0.203716    0.989562 ^ output24/X (sky130_fd_sc_hd__buf_2)
                                                         dac_in_n[4] (net)
                      0.171703    0.000853    0.990415 ^ dac_in_n[4] (out)
                                              0.990415   data arrival time

                                  0.000000    0.000000   clock clk (rise edge)
                                  0.000000    0.000000   clock network delay (propagated)
                                  0.250000    0.250000   clock uncertainty
                                  0.000000    0.250000   clock reconvergence pessimism
                                -10.000000   -9.750000   output external delay
                                             -9.750000   data required time
---------------------------------------------------------------------------------------------
                                             -9.750000   data required time
                                             -0.990415   data arrival time
---------------------------------------------------------------------------------------------
                                             10.740415   slack (MET)


Startpoint: _161_ (rising edge-triggered flip-flop clocked by clk)
Endpoint: dac_in_n[0] (output port clocked by clk)
Path Group: clk
Path Type: min

Fanout         Cap        Slew       Delay        Time   Description
---------------------------------------------------------------------------------------------
                                  0.000000    0.000000   clock clk (rise edge)
                                  0.000000    0.000000   clock source latency
     1    0.017250    0.083453    0.057184    0.057184 ^ clk (in)
                                                         clk (net)
                      0.083459    0.000000    0.057184 ^ clkbuf_0_clk/A (sky130_fd_sc_hd__clkbuf_16)
     2    0.018808    0.040866    0.138344    0.195528 ^ clkbuf_0_clk/X (sky130_fd_sc_hd__clkbuf_16)
                                                         clknet_0_clk (net)
                      0.040867    0.000361    0.195889 ^ clkbuf_1_0__f_clk/A (sky130_fd_sc_hd__clkbuf_16)
    10    0.040087    0.059773    0.140182    0.336071 ^ clkbuf_1_0__f_clk/X (sky130_fd_sc_hd__clkbuf_16)
                                                         clknet_1_0__leaf_clk (net)
                      0.059830    0.001581    0.337651 ^ _161_/CLK (sky130_fd_sc_hd__dfxtp_1)
     4    0.029967    0.142222    0.393753    0.731405 v _161_/Q (sky130_fd_sc_hd__dfxtp_1)
                                                         net12 (net)
                      0.142230    0.001163    0.732568 v _081_/A (sky130_fd_sc_hd__inv_2)
     1    0.002049    0.038236    0.065035    0.797603 ^ _081_/Y (sky130_fd_sc_hd__inv_2)
                                                         net20 (net)
                      0.038236    0.000057    0.797660 ^ output20/A (sky130_fd_sc_hd__buf_2)
     1    0.034585    0.171678    0.196296    0.993956 ^ output20/X (sky130_fd_sc_hd__buf_2)
                                                         dac_in_n[0] (net)
                      0.171732    0.000853    0.994809 ^ dac_in_n[0] (out)
                                              0.994809   data arrival time

                                  0.000000    0.000000   clock clk (rise edge)
                                  0.000000    0.000000   clock network delay (propagated)
                                  0.250000    0.250000   clock uncertainty
                                  0.000000    0.250000   clock reconvergence pessimism
                                -10.000000   -9.750000   output external delay
                                             -9.750000   data required time
---------------------------------------------------------------------------------------------
                                             -9.750000   data required time
                                             -0.994809   data arrival time
---------------------------------------------------------------------------------------------
                                             10.744810   slack (MET)


Startpoint: _163_ (rising edge-triggered flip-flop clocked by clk)
Endpoint: dac_in_n[2] (output port clocked by clk)
Path Group: clk
Path Type: min

Fanout         Cap        Slew       Delay        Time   Description
---------------------------------------------------------------------------------------------
                                  0.000000    0.000000   clock clk (rise edge)
                                  0.000000    0.000000   clock source latency
     1    0.017250    0.083453    0.057184    0.057184 ^ clk (in)
                                                         clk (net)
                      0.083459    0.000000    0.057184 ^ clkbuf_0_clk/A (sky130_fd_sc_hd__clkbuf_16)
     2    0.018808    0.040866    0.138344    0.195528 ^ clkbuf_0_clk/X (sky130_fd_sc_hd__clkbuf_16)
                                                         clknet_0_clk (net)
                      0.040867    0.000361    0.195889 ^ clkbuf_1_0__f_clk/A (sky130_fd_sc_hd__clkbuf_16)
    10    0.040087    0.059773    0.140182    0.336071 ^ clkbuf_1_0__f_clk/X (sky130_fd_sc_hd__clkbuf_16)
                                                         clknet_1_0__leaf_clk (net)
                      0.059832    0.001606    0.337677 ^ _163_/CLK (sky130_fd_sc_hd__dfxtp_1)
     4    0.029433    0.140038    0.391369    0.729046 v _163_/Q (sky130_fd_sc_hd__dfxtp_1)
                                                         net14 (net)
                      0.140077    0.002221    0.731267 v _079_/A (sky130_fd_sc_hd__inv_2)
     1    0.002545    0.039683    0.067776    0.799043 ^ _079_/Y (sky130_fd_sc_hd__inv_2)
                                                         net22 (net)
                      0.039683    0.000073    0.799116 ^ output22/A (sky130_fd_sc_hd__buf_2)
     1    0.034940    0.173340    0.197986    0.997102 ^ output22/X (sky130_fd_sc_hd__buf_2)
                                                         dac_in_n[2] (net)
                      0.173395    0.000919    0.998020 ^ dac_in_n[2] (out)
                                              0.998020   data arrival time

                                  0.000000    0.000000   clock clk (rise edge)
                                  0.000000    0.000000   clock network delay (propagated)
                                  0.250000    0.250000   clock uncertainty
                                  0.000000    0.250000   clock reconvergence pessimism
                                -10.000000   -9.750000   output external delay
                                             -9.750000   data required time
---------------------------------------------------------------------------------------------
                                             -9.750000   data required time
                                             -0.998020   data arrival time
---------------------------------------------------------------------------------------------
                                             10.748020   slack (MET)


Startpoint: _166_ (rising edge-triggered flip-flop clocked by clk)
Endpoint: dac_in_n[5] (output port clocked by clk)
Path Group: clk
Path Type: min

Fanout         Cap        Slew       Delay        Time   Description
---------------------------------------------------------------------------------------------
                                  0.000000    0.000000   clock clk (rise edge)
                                  0.000000    0.000000   clock source latency
     1    0.017250    0.083453    0.057184    0.057184 ^ clk (in)
                                                         clk (net)
                      0.083459    0.000000    0.057184 ^ clkbuf_0_clk/A (sky130_fd_sc_hd__clkbuf_16)
     2    0.018808    0.040866    0.138344    0.195528 ^ clkbuf_0_clk/X (sky130_fd_sc_hd__clkbuf_16)
                                                         clknet_0_clk (net)
                      0.040866    0.000320    0.195848 ^ clkbuf_1_1__f_clk/A (sky130_fd_sc_hd__clkbuf_16)
    12    0.039354    0.059145    0.139753    0.335601 ^ clkbuf_1_1__f_clk/X (sky130_fd_sc_hd__clkbuf_16)
                                                         clknet_1_1__leaf_clk (net)
                      0.059153    0.000693    0.336294 ^ _166_/CLK (sky130_fd_sc_hd__dfxtp_1)
     3    0.020483    0.101206    0.361660    0.697954 v _166_/Q (sky130_fd_sc_hd__dfxtp_1)
                                                         net17 (net)
                      0.101209    0.000612    0.698566 v _076_/A (sky130_fd_sc_hd__inv_2)
     2    0.013940    0.072540    0.100999    0.799565 ^ _076_/Y (sky130_fd_sc_hd__inv_2)
                                                         net25 (net)
                      0.072540    0.000299    0.799864 ^ output25/A (sky130_fd_sc_hd__buf_2)
     1    0.035420    0.175752    0.211811    1.011675 ^ output25/X (sky130_fd_sc_hd__buf_2)
                                                         dac_in_n[5] (net)
                      0.175755    0.001026    1.012701 ^ dac_in_n[5] (out)
                                              1.012701   data arrival time

                                  0.000000    0.000000   clock clk (rise edge)
                                  0.000000    0.000000   clock network delay (propagated)
                                  0.250000    0.250000   clock uncertainty
                                  0.000000    0.250000   clock reconvergence pessimism
                                -10.000000   -9.750000   output external delay
                                             -9.750000   data required time
---------------------------------------------------------------------------------------------
                                             -9.750000   data required time
                                             -1.012701   data arrival time
---------------------------------------------------------------------------------------------
                                             10.762701   slack (MET)


Startpoint: _164_ (rising edge-triggered flip-flop clocked by clk)
Endpoint: dac_in_n[3] (output port clocked by clk)
Path Group: clk
Path Type: min

Fanout         Cap        Slew       Delay        Time   Description
---------------------------------------------------------------------------------------------
                                  0.000000    0.000000   clock clk (rise edge)
                                  0.000000    0.000000   clock source latency
     1    0.017250    0.083453    0.057184    0.057184 ^ clk (in)
                                                         clk (net)
                      0.083459    0.000000    0.057184 ^ clkbuf_0_clk/A (sky130_fd_sc_hd__clkbuf_16)
     2    0.018808    0.040866    0.138344    0.195528 ^ clkbuf_0_clk/X (sky130_fd_sc_hd__clkbuf_16)
                                                         clknet_0_clk (net)
                      0.040867    0.000361    0.195889 ^ clkbuf_1_0__f_clk/A (sky130_fd_sc_hd__clkbuf_16)
    10    0.040087    0.059773    0.140182    0.336071 ^ clkbuf_1_0__f_clk/X (sky130_fd_sc_hd__clkbuf_16)
                                                         clknet_1_0__leaf_clk (net)
                      0.059835    0.001637    0.337707 ^ _164_/CLK (sky130_fd_sc_hd__dfxtp_1)
     3    0.025170    0.120998    0.377164    0.714871 v _164_/Q (sky130_fd_sc_hd__dfxtp_1)
                                                         net15 (net)
                      0.121041    0.002145    0.717016 v _078_/A (sky130_fd_sc_hd__inv_2)
     2    0.010482    0.063103    0.097588    0.814604 ^ _078_/Y (sky130_fd_sc_hd__inv_2)
                                                         net23 (net)
                      0.063103    0.000216    0.814819 ^ output23/A (sky130_fd_sc_hd__buf_2)
     1    0.034690    0.172263    0.206023    1.020842 ^ output23/X (sky130_fd_sc_hd__buf_2)
                                                         dac_in_n[3] (net)
                      0.172265    0.000859    1.021701 ^ dac_in_n[3] (out)
                                              1.021701   data arrival time

                                  0.000000    0.000000   clock clk (rise edge)
                                  0.000000    0.000000   clock network delay (propagated)
                                  0.250000    0.250000   clock uncertainty
                                  0.000000    0.250000   clock reconvergence pessimism
                                -10.000000   -9.750000   output external delay
                                             -9.750000   data required time
---------------------------------------------------------------------------------------------
                                             -9.750000   data required time
                                             -1.021701   data arrival time
---------------------------------------------------------------------------------------------
                                             10.771701   slack (MET)


Startpoint: _152_ (rising edge-triggered flip-flop clocked by clk')
Endpoint: comparator_clk (output port clocked by clk)
Path Group: clk
Path Type: min

Fanout         Cap        Slew       Delay        Time   Description
---------------------------------------------------------------------------------------------
                                 25.000000   25.000000   clock clk' (rise edge)
                                  0.000000   25.000000   clock source latency
     1    0.016256    0.038010    0.026418   25.026417 v clk (in)
                                                         clk (net)
                      0.038021    0.000000   25.026417 v clkbuf_0_clk/A (sky130_fd_sc_hd__clkbuf_16)
     2    0.016820    0.033324    0.141295   25.167711 v clkbuf_0_clk/X (sky130_fd_sc_hd__clkbuf_16)
                                                         clknet_0_clk (net)
                      0.033324    0.000286   25.167997 v clkbuf_1_1__f_clk/A (sky130_fd_sc_hd__clkbuf_16)
    12    0.037173    0.044736    0.153022   25.321020 v clkbuf_1_1__f_clk/X (sky130_fd_sc_hd__clkbuf_16)
                                                         clknet_1_1__leaf_clk (net)
                      0.044738    0.000613   25.321634 v _083__1/A (sky130_fd_sc_hd__inv_2)
     1    0.002361    0.021570    0.038497   25.360130 ^ _083__1/Y (sky130_fd_sc_hd__inv_2)
                                                         net35 (net)
                      0.021570    0.000068   25.360199 ^ _152_/CLK (sky130_fd_sc_hd__dfxtp_1)
     3    0.014127    0.073680    0.325793   25.685991 v _152_/Q (sky130_fd_sc_hd__dfxtp_1)
                                                         net11 (net)
                      0.073681    0.000412   25.686403 v output11/A (sky130_fd_sc_hd__buf_2)
     1    0.035357    0.091903    0.194829   25.881231 v output11/X (sky130_fd_sc_hd__buf_2)
                                                         comparator_clk (net)
                      0.091911    0.000862   25.882093 v comparator_clk (out)
                                             25.882093   data arrival time

                                  0.000000    0.000000   clock clk (rise edge)
                                  0.000000    0.000000   clock network delay (propagated)
                                  0.250000    0.250000   clock uncertainty
                                  0.000000    0.250000   clock reconvergence pessimism
                                -10.000000   -9.750000   output external delay
                                             -9.750000   data required time
---------------------------------------------------------------------------------------------
                                             -9.750000   data required time
                                            -25.882093   data arrival time
---------------------------------------------------------------------------------------------
                                             35.632092   slack (MET)



%OL_END_REPORT
%OL_CREATE_REPORT max.rpt

===========================================================================
report_checks -path_delay max (Setup)
============================================================================
======================= nom_tt_025C_1v80 Corner ===================================

Startpoint: _152_ (rising edge-triggered flip-flop clocked by clk')
Endpoint: comparator_clk (output port clocked by clk)
Path Group: clk
Path Type: max

Fanout         Cap        Slew       Delay        Time   Description
---------------------------------------------------------------------------------------------
                                 25.000000   25.000000   clock clk' (rise edge)
                                  0.000000   25.000000   clock source latency
     1    0.016256    0.038010    0.026418   25.026417 v clk (in)
                                                         clk (net)
                      0.038021    0.000000   25.026417 v clkbuf_0_clk/A (sky130_fd_sc_hd__clkbuf_16)
     2    0.016820    0.033324    0.141295   25.167711 v clkbuf_0_clk/X (sky130_fd_sc_hd__clkbuf_16)
                                                         clknet_0_clk (net)
                      0.033324    0.000286   25.167997 v clkbuf_1_1__f_clk/A (sky130_fd_sc_hd__clkbuf_16)
    12    0.037173    0.044736    0.153022   25.321020 v clkbuf_1_1__f_clk/X (sky130_fd_sc_hd__clkbuf_16)
                                                         clknet_1_1__leaf_clk (net)
                      0.044738    0.000613   25.321634 v _083__1/A (sky130_fd_sc_hd__inv_2)
     1    0.002361    0.021570    0.038497   25.360130 ^ _083__1/Y (sky130_fd_sc_hd__inv_2)
                                                         net35 (net)
                      0.021570    0.000068   25.360199 ^ _152_/CLK (sky130_fd_sc_hd__dfxtp_1)
     3    0.014682    0.144887    0.368425   25.728624 ^ _152_/Q (sky130_fd_sc_hd__dfxtp_1)
                                                         net11 (net)
                      0.144887    0.000428   25.729052 ^ output11/A (sky130_fd_sc_hd__buf_2)
     1    0.035357    0.175736    0.236174   25.965225 ^ output11/X (sky130_fd_sc_hd__buf_2)
                                                         comparator_clk (net)
                      0.175737    0.000862   25.966087 ^ comparator_clk (out)
                                             25.966087   data arrival time

                                 50.000000   50.000000   clock clk (rise edge)
                                  0.000000   50.000000   clock network delay (propagated)
                                 -0.250000   49.749996   clock uncertainty
                                  0.000000   49.749996   clock reconvergence pessimism
                                -10.000000   39.749996   output external delay
                                             39.749996   data required time
---------------------------------------------------------------------------------------------
                                             39.749996   data required time
                                            -25.966087   data arrival time
---------------------------------------------------------------------------------------------
                                             13.783910   slack (MET)


Startpoint: rst_n (input port clocked by clk)
Endpoint: _152_ (rising edge-triggered flip-flop clocked by clk')
Path Group: clk
Path Type: max

Fanout         Cap        Slew       Delay        Time   Description
---------------------------------------------------------------------------------------------
                                  0.000000    0.000000   clock clk (rise edge)
                                  0.000000    0.000000   clock network delay (propagated)
                                 10.000000   10.000000 ^ input external delay
     1    0.003541    0.022944    0.012922   10.012922 ^ rst_n (in)
                                                         rst_n (net)
                      0.022951    0.000000   10.012922 ^ input2/A (sky130_fd_sc_hd__buf_1)
     2    0.022952    0.271999    0.230887   10.243810 ^ input2/X (sky130_fd_sc_hd__buf_1)
                                                         net2 (net)
                      0.272014    0.001681   10.245491 ^ fanout34/A (sky130_fd_sc_hd__buf_2)
    10    0.038362    0.189815    0.279853   10.525345 ^ fanout34/X (sky130_fd_sc_hd__buf_2)
                                                         net34 (net)
                      0.189830    0.001838   10.527182 ^ _084_/B (sky130_fd_sc_hd__and2b_1)
     1    0.002056    0.037318    0.141243   10.668426 ^ _084_/X (sky130_fd_sc_hd__and2b_1)
                                                         _001_ (net)
                      0.037318    0.000040   10.668466 ^ _152_/D (sky130_fd_sc_hd__dfxtp_1)
                                             10.668466   data arrival time

                                 25.000000   25.000000   clock clk' (rise edge)
                                  0.000000   25.000000   clock source latency
     1    0.016256    0.038010    0.026418   25.026417 v clk (in)
                                                         clk (net)
                      0.038021    0.000000   25.026417 v clkbuf_0_clk/A (sky130_fd_sc_hd__clkbuf_16)
     2    0.016820    0.033324    0.141295   25.167711 v clkbuf_0_clk/X (sky130_fd_sc_hd__clkbuf_16)
                                                         clknet_0_clk (net)
                      0.033324    0.000286   25.167997 v clkbuf_1_1__f_clk/A (sky130_fd_sc_hd__clkbuf_16)
    12    0.037173    0.044736    0.153022   25.321020 v clkbuf_1_1__f_clk/X (sky130_fd_sc_hd__clkbuf_16)
                                                         clknet_1_1__leaf_clk (net)
                      0.044738    0.000613   25.321634 v _083__1/A (sky130_fd_sc_hd__inv_2)
     1    0.002361    0.021570    0.038497   25.360130 ^ _083__1/Y (sky130_fd_sc_hd__inv_2)
                                                         net35 (net)
                      0.021570    0.000068   25.360199 ^ _152_/CLK (sky130_fd_sc_hd__dfxtp_1)
                                 -0.250000   25.110199   clock uncertainty
                                  0.000000   25.110199   clock reconvergence pessimism
                                 -0.055546   25.054653   library setup time
                                             25.054653   data required time
---------------------------------------------------------------------------------------------
                                             25.054653   data required time
                                            -10.668466   data arrival time
---------------------------------------------------------------------------------------------
                                             14.386187   slack (MET)


Startpoint: _152_ (rising edge-triggered flip-flop clocked by clk')
Endpoint: _163_ (rising edge-triggered flip-flop clocked by clk)
Path Group: clk
Path Type: max

Fanout         Cap        Slew       Delay        Time   Description
---------------------------------------------------------------------------------------------
                                 25.000000   25.000000   clock clk' (rise edge)
                                  0.000000   25.000000   clock source latency
     1    0.016256    0.038010    0.026418   25.026417 v clk (in)
                                                         clk (net)
                      0.038021    0.000000   25.026417 v clkbuf_0_clk/A (sky130_fd_sc_hd__clkbuf_16)
     2    0.016820    0.033324    0.141295   25.167711 v clkbuf_0_clk/X (sky130_fd_sc_hd__clkbuf_16)
                                                         clknet_0_clk (net)
                      0.033324    0.000286   25.167997 v clkbuf_1_1__f_clk/A (sky130_fd_sc_hd__clkbuf_16)
    12    0.037173    0.044736    0.153022   25.321020 v clkbuf_1_1__f_clk/X (sky130_fd_sc_hd__clkbuf_16)
                                                         clknet_1_1__leaf_clk (net)
                      0.044738    0.000613   25.321634 v _083__1/A (sky130_fd_sc_hd__inv_2)
     1    0.002361    0.021570    0.038497   25.360130 ^ _083__1/Y (sky130_fd_sc_hd__inv_2)
                                                         net35 (net)
                      0.021570    0.000068   25.360199 ^ _152_/CLK (sky130_fd_sc_hd__dfxtp_1)
     3    0.014682    0.144887    0.368425   25.728624 ^ _152_/Q (sky130_fd_sc_hd__dfxtp_1)
                                                         net11 (net)
                      0.144887    0.000433   25.729057 ^ fanout28/A (sky130_fd_sc_hd__clkbuf_2)
    10    0.032268    0.178871    0.233330   25.962387 ^ fanout28/X (sky130_fd_sc_hd__clkbuf_2)
                                                         net28 (net)
                      0.178877    0.001243   25.963631 ^ _105_/A (sky130_fd_sc_hd__nand2_1)
     5    0.015421    0.127240    0.152591   26.116220 v _105_/Y (sky130_fd_sc_hd__nand2_1)
                                                         _061_ (net)
                      0.127283    0.000659   26.116880 v _121_/A4 (sky130_fd_sc_hd__o41a_1)
     1    0.003614    0.065045    0.336167   26.453047 v _121_/X (sky130_fd_sc_hd__o41a_1)
                                                         _025_ (net)
                      0.065045    0.000112   26.453159 v _125_/A1 (sky130_fd_sc_hd__o31a_1)
     1    0.003344    0.050140    0.298590   26.751749 v _125_/X (sky130_fd_sc_hd__o31a_1)
                                                         _012_ (net)
                      0.050140    0.000110   26.751858 v _163_/D (sky130_fd_sc_hd__dfxtp_1)
                                             26.751858   data arrival time

                                 50.000000   50.000000   clock clk (rise edge)
                                  0.000000   50.000000   clock source latency
     1    0.017250    0.083453    0.057184   50.057182 ^ clk (in)
                                                         clk (net)
                      0.083459    0.000000   50.057182 ^ clkbuf_0_clk/A (sky130_fd_sc_hd__clkbuf_16)
     2    0.018808    0.040866    0.138343   50.195526 ^ clkbuf_0_clk/X (sky130_fd_sc_hd__clkbuf_16)
                                                         clknet_0_clk (net)
                      0.040867    0.000362   50.195889 ^ clkbuf_1_0__f_clk/A (sky130_fd_sc_hd__clkbuf_16)
    10    0.040087    0.059773    0.140179   50.336067 ^ clkbuf_1_0__f_clk/X (sky130_fd_sc_hd__clkbuf_16)
                                                         clknet_1_0__leaf_clk (net)
                      0.059832    0.001609   50.337677 ^ _163_/CLK (sky130_fd_sc_hd__dfxtp_1)
                                 -0.250000   50.087677   clock uncertainty
                                  0.000000   50.087677   clock reconvergence pessimism
                                 -0.109320   49.978355   library setup time
                                             49.978355   data required time
---------------------------------------------------------------------------------------------
                                             49.978355   data required time
                                            -26.751858   data arrival time
---------------------------------------------------------------------------------------------
                                             23.226498   slack (MET)


Startpoint: _152_ (rising edge-triggered flip-flop clocked by clk')
Endpoint: _167_ (rising edge-triggered flip-flop clocked by clk)
Path Group: clk
Path Type: max

Fanout         Cap        Slew       Delay        Time   Description
---------------------------------------------------------------------------------------------
                                 25.000000   25.000000   clock clk' (rise edge)
                                  0.000000   25.000000   clock source latency
     1    0.016256    0.038010    0.026418   25.026417 v clk (in)
                                                         clk (net)
                      0.038021    0.000000   25.026417 v clkbuf_0_clk/A (sky130_fd_sc_hd__clkbuf_16)
     2    0.016820    0.033324    0.141295   25.167711 v clkbuf_0_clk/X (sky130_fd_sc_hd__clkbuf_16)
                                                         clknet_0_clk (net)
                      0.033324    0.000286   25.167997 v clkbuf_1_1__f_clk/A (sky130_fd_sc_hd__clkbuf_16)
    12    0.037173    0.044736    0.153022   25.321020 v clkbuf_1_1__f_clk/X (sky130_fd_sc_hd__clkbuf_16)
                                                         clknet_1_1__leaf_clk (net)
                      0.044738    0.000613   25.321634 v _083__1/A (sky130_fd_sc_hd__inv_2)
     1    0.002361    0.021570    0.038497   25.360130 ^ _083__1/Y (sky130_fd_sc_hd__inv_2)
                                                         net35 (net)
                      0.021570    0.000068   25.360199 ^ _152_/CLK (sky130_fd_sc_hd__dfxtp_1)
     3    0.014682    0.144887    0.368425   25.728624 ^ _152_/Q (sky130_fd_sc_hd__dfxtp_1)
                                                         net11 (net)
                      0.144887    0.000433   25.729057 ^ fanout28/A (sky130_fd_sc_hd__clkbuf_2)
    10    0.032268    0.178871    0.233330   25.962387 ^ fanout28/X (sky130_fd_sc_hd__clkbuf_2)
                                                         net28 (net)
                      0.178877    0.001243   25.963631 ^ _105_/A (sky130_fd_sc_hd__nand2_1)
     5    0.015421    0.127240    0.152591   26.116220 v _105_/Y (sky130_fd_sc_hd__nand2_1)
                                                         _061_ (net)
                      0.127283    0.000652   26.116873 v _138_/A4 (sky130_fd_sc_hd__o41a_1)
     1    0.002756    0.059458    0.328779   26.445652 v _138_/X (sky130_fd_sc_hd__o41a_1)
                                                         _038_ (net)
                      0.059458    0.000080   26.445732 v _141_/A1 (sky130_fd_sc_hd__o31a_1)
     1    0.002006    0.042833    0.285848   26.731579 v _141_/X (sky130_fd_sc_hd__o31a_1)
                                                         _016_ (net)
                      0.042833    0.000057   26.731636 v _167_/D (sky130_fd_sc_hd__dfxtp_1)
                                             26.731636   data arrival time

                                 50.000000   50.000000   clock clk (rise edge)
                                  0.000000   50.000000   clock source latency
     1    0.017250    0.083453    0.057184   50.057182 ^ clk (in)
                                                         clk (net)
                      0.083459    0.000000   50.057182 ^ clkbuf_0_clk/A (sky130_fd_sc_hd__clkbuf_16)
     2    0.018808    0.040866    0.138343   50.195526 ^ clkbuf_0_clk/X (sky130_fd_sc_hd__clkbuf_16)
                                                         clknet_0_clk (net)
                      0.040867    0.000362   50.195889 ^ clkbuf_1_0__f_clk/A (sky130_fd_sc_hd__clkbuf_16)
    10    0.040087    0.059773    0.140179   50.336067 ^ clkbuf_1_0__f_clk/X (sky130_fd_sc_hd__clkbuf_16)
                                                         clknet_1_0__leaf_clk (net)
                      0.059779    0.000696   50.336765 ^ _167_/CLK (sky130_fd_sc_hd__dfxtp_1)
                                 -0.250000   50.086761   clock uncertainty
                                  0.000000   50.086761   clock reconvergence pessimism
                                 -0.106127   49.980637   library setup time
                                             49.980637   data required time
---------------------------------------------------------------------------------------------
                                             49.980637   data required time
                                            -26.731636   data arrival time
---------------------------------------------------------------------------------------------
                                             23.249001   slack (MET)


Startpoint: _152_ (rising edge-triggered flip-flop clocked by clk')
Endpoint: _168_ (rising edge-triggered flip-flop clocked by clk)
Path Group: clk
Path Type: max

Fanout         Cap        Slew       Delay        Time   Description
---------------------------------------------------------------------------------------------
                                 25.000000   25.000000   clock clk' (rise edge)
                                  0.000000   25.000000   clock source latency
     1    0.016256    0.038010    0.026418   25.026417 v clk (in)
                                                         clk (net)
                      0.038021    0.000000   25.026417 v clkbuf_0_clk/A (sky130_fd_sc_hd__clkbuf_16)
     2    0.016820    0.033324    0.141295   25.167711 v clkbuf_0_clk/X (sky130_fd_sc_hd__clkbuf_16)
                                                         clknet_0_clk (net)
                      0.033324    0.000286   25.167997 v clkbuf_1_1__f_clk/A (sky130_fd_sc_hd__clkbuf_16)
    12    0.037173    0.044736    0.153022   25.321020 v clkbuf_1_1__f_clk/X (sky130_fd_sc_hd__clkbuf_16)
                                                         clknet_1_1__leaf_clk (net)
                      0.044738    0.000613   25.321634 v _083__1/A (sky130_fd_sc_hd__inv_2)
     1    0.002361    0.021570    0.038497   25.360130 ^ _083__1/Y (sky130_fd_sc_hd__inv_2)
                                                         net35 (net)
                      0.021570    0.000068   25.360199 ^ _152_/CLK (sky130_fd_sc_hd__dfxtp_1)
     3    0.014682    0.144887    0.368425   25.728624 ^ _152_/Q (sky130_fd_sc_hd__dfxtp_1)
                                                         net11 (net)
                      0.144887    0.000433   25.729057 ^ fanout28/A (sky130_fd_sc_hd__clkbuf_2)
    10    0.032268    0.178871    0.233330   25.962387 ^ fanout28/X (sky130_fd_sc_hd__clkbuf_2)
                                                         net28 (net)
                      0.178956    0.001812   25.964199 ^ _122_/C_N (sky130_fd_sc_hd__nor3b_2)
     5    0.017221    0.322283    0.344999   26.309196 ^ _122_/Y (sky130_fd_sc_hd__nor3b_2)
                                                         _026_ (net)
                      0.322286    0.000751   26.309948 ^ _142_/A1 (sky130_fd_sc_hd__a21oi_1)
     1    0.003523    0.087862    0.116721   26.426670 v _142_/Y (sky130_fd_sc_hd__a21oi_1)
                                                         _041_ (net)
                      0.087862    0.000115   26.426785 v _143_/B1 (sky130_fd_sc_hd__a211o_1)
     1    0.001958    0.042470    0.268217   26.695002 v _143_/X (sky130_fd_sc_hd__a211o_1)
                                                         _017_ (net)
                      0.042470    0.000055   26.695057 v _168_/D (sky130_fd_sc_hd__dfxtp_1)
                                             26.695057   data arrival time

                                 50.000000   50.000000   clock clk (rise edge)
                                  0.000000   50.000000   clock source latency
     1    0.017250    0.083453    0.057184   50.057182 ^ clk (in)
                                                         clk (net)
                      0.083459    0.000000   50.057182 ^ clkbuf_0_clk/A (sky130_fd_sc_hd__clkbuf_16)
     2    0.018808    0.040866    0.138343   50.195526 ^ clkbuf_0_clk/X (sky130_fd_sc_hd__clkbuf_16)
                                                         clknet_0_clk (net)
                      0.040867    0.000362   50.195889 ^ clkbuf_1_0__f_clk/A (sky130_fd_sc_hd__clkbuf_16)
    10    0.040087    0.059773    0.140179   50.336067 ^ clkbuf_1_0__f_clk/X (sky130_fd_sc_hd__clkbuf_16)
                                                         clknet_1_0__leaf_clk (net)
                      0.059777    0.000650   50.336716 ^ _168_/CLK (sky130_fd_sc_hd__dfxtp_1)
                                 -0.250000   50.086716   clock uncertainty
                                  0.000000   50.086716   clock reconvergence pessimism
                                 -0.105968   49.980751   library setup time
                                             49.980751   data required time
---------------------------------------------------------------------------------------------
                                             49.980751   data required time
                                            -26.695057   data arrival time
---------------------------------------------------------------------------------------------
                                             23.285692   slack (MET)


Startpoint: _152_ (rising edge-triggered flip-flop clocked by clk')
Endpoint: _166_ (rising edge-triggered flip-flop clocked by clk)
Path Group: clk
Path Type: max

Fanout         Cap        Slew       Delay        Time   Description
---------------------------------------------------------------------------------------------
                                 25.000000   25.000000   clock clk' (rise edge)
                                  0.000000   25.000000   clock source latency
     1    0.016256    0.038010    0.026418   25.026417 v clk (in)
                                                         clk (net)
                      0.038021    0.000000   25.026417 v clkbuf_0_clk/A (sky130_fd_sc_hd__clkbuf_16)
     2    0.016820    0.033324    0.141295   25.167711 v clkbuf_0_clk/X (sky130_fd_sc_hd__clkbuf_16)
                                                         clknet_0_clk (net)
                      0.033324    0.000286   25.167997 v clkbuf_1_1__f_clk/A (sky130_fd_sc_hd__clkbuf_16)
    12    0.037173    0.044736    0.153022   25.321020 v clkbuf_1_1__f_clk/X (sky130_fd_sc_hd__clkbuf_16)
                                                         clknet_1_1__leaf_clk (net)
                      0.044738    0.000613   25.321634 v _083__1/A (sky130_fd_sc_hd__inv_2)
     1    0.002361    0.021570    0.038497   25.360130 ^ _083__1/Y (sky130_fd_sc_hd__inv_2)
                                                         net35 (net)
                      0.021570    0.000068   25.360199 ^ _152_/CLK (sky130_fd_sc_hd__dfxtp_1)
     3    0.014682    0.144887    0.368425   25.728624 ^ _152_/Q (sky130_fd_sc_hd__dfxtp_1)
                                                         net11 (net)
                      0.144887    0.000433   25.729057 ^ fanout28/A (sky130_fd_sc_hd__clkbuf_2)
    10    0.032268    0.178871    0.233330   25.962387 ^ fanout28/X (sky130_fd_sc_hd__clkbuf_2)
                                                         net28 (net)
                      0.178877    0.001243   25.963631 ^ _105_/A (sky130_fd_sc_hd__nand2_1)
     5    0.015421    0.127240    0.152591   26.116220 v _105_/Y (sky130_fd_sc_hd__nand2_1)
                                                         _061_ (net)
                      0.127241    0.000522   26.116743 v _135_/D (sky130_fd_sc_hd__or4_1)
     1    0.004481    0.093745    0.433991   26.550734 v _135_/X (sky130_fd_sc_hd__or4_1)
                                                         _036_ (net)
                      0.093745    0.000153   26.550886 v _137_/A2 (sky130_fd_sc_hd__a31oi_1)
     1    0.002853    0.125208    0.173900   26.724787 ^ _137_/Y (sky130_fd_sc_hd__a31oi_1)
                                                         _015_ (net)
                      0.125208    0.000091   26.724876 ^ _166_/D (sky130_fd_sc_hd__dfxtp_1)
                                             26.724876   data arrival time

                                 50.000000   50.000000   clock clk (rise edge)
                                  0.000000   50.000000   clock source latency
     1    0.017250    0.083453    0.057184   50.057182 ^ clk (in)
                                                         clk (net)
                      0.083459    0.000000   50.057182 ^ clkbuf_0_clk/A (sky130_fd_sc_hd__clkbuf_16)
     2    0.018808    0.040866    0.138343   50.195526 ^ clkbuf_0_clk/X (sky130_fd_sc_hd__clkbuf_16)
                                                         clknet_0_clk (net)
                      0.040866    0.000320   50.195847 ^ clkbuf_1_1__f_clk/A (sky130_fd_sc_hd__clkbuf_16)
    12    0.039354    0.059145    0.139753   50.335598 ^ clkbuf_1_1__f_clk/X (sky130_fd_sc_hd__clkbuf_16)
                                                         clknet_1_1__leaf_clk (net)
                      0.059153    0.000693   50.336292 ^ _166_/CLK (sky130_fd_sc_hd__dfxtp_1)
                                 -0.250000   50.086288   clock uncertainty
                                  0.000000   50.086288   clock reconvergence pessimism
                                 -0.070456   50.015831   library setup time
                                             50.015831   data required time
---------------------------------------------------------------------------------------------
                                             50.015831   data required time
                                            -26.724876   data arrival time
---------------------------------------------------------------------------------------------
                                             23.290956   slack (MET)


Startpoint: _152_ (rising edge-triggered flip-flop clocked by clk')
Endpoint: _162_ (rising edge-triggered flip-flop clocked by clk)
Path Group: clk
Path Type: max

Fanout         Cap        Slew       Delay        Time   Description
---------------------------------------------------------------------------------------------
                                 25.000000   25.000000   clock clk' (rise edge)
                                  0.000000   25.000000   clock source latency
     1    0.016256    0.038010    0.026418   25.026417 v clk (in)
                                                         clk (net)
                      0.038021    0.000000   25.026417 v clkbuf_0_clk/A (sky130_fd_sc_hd__clkbuf_16)
     2    0.016820    0.033324    0.141295   25.167711 v clkbuf_0_clk/X (sky130_fd_sc_hd__clkbuf_16)
                                                         clknet_0_clk (net)
                      0.033324    0.000286   25.167997 v clkbuf_1_1__f_clk/A (sky130_fd_sc_hd__clkbuf_16)
    12    0.037173    0.044736    0.153022   25.321020 v clkbuf_1_1__f_clk/X (sky130_fd_sc_hd__clkbuf_16)
                                                         clknet_1_1__leaf_clk (net)
                      0.044738    0.000613   25.321634 v _083__1/A (sky130_fd_sc_hd__inv_2)
     1    0.002361    0.021570    0.038497   25.360130 ^ _083__1/Y (sky130_fd_sc_hd__inv_2)
                                                         net35 (net)
                      0.021570    0.000068   25.360199 ^ _152_/CLK (sky130_fd_sc_hd__dfxtp_1)
     3    0.014682    0.144887    0.368425   25.728624 ^ _152_/Q (sky130_fd_sc_hd__dfxtp_1)
                                                         net11 (net)
                      0.144887    0.000433   25.729057 ^ fanout28/A (sky130_fd_sc_hd__clkbuf_2)
    10    0.032268    0.178871    0.233330   25.962387 ^ fanout28/X (sky130_fd_sc_hd__clkbuf_2)
                                                         net28 (net)
                      0.178877    0.001243   25.963631 ^ _105_/A (sky130_fd_sc_hd__nand2_1)
     5    0.015421    0.127240    0.152591   26.116220 v _105_/Y (sky130_fd_sc_hd__nand2_1)
                                                         _061_ (net)
                      0.127240    0.000446   26.116667 v _118_/D (sky130_fd_sc_hd__or4_1)
     1    0.004001    0.091028    0.429614   26.546280 v _118_/X (sky130_fd_sc_hd__or4_1)
                                                         _023_ (net)
                      0.091028    0.000096   26.546377 v _120_/A2 (sky130_fd_sc_hd__a31oi_1)
     1    0.003105    0.129883    0.176883   26.723259 ^ _120_/Y (sky130_fd_sc_hd__a31oi_1)
                                                         _011_ (net)
                      0.129883    0.000091   26.723351 ^ _162_/D (sky130_fd_sc_hd__dfxtp_1)
                                             26.723351   data arrival time

                                 50.000000   50.000000   clock clk (rise edge)
                                  0.000000   50.000000   clock source latency
     1    0.017250    0.083453    0.057184   50.057182 ^ clk (in)
                                                         clk (net)
                      0.083459    0.000000   50.057182 ^ clkbuf_0_clk/A (sky130_fd_sc_hd__clkbuf_16)
     2    0.018808    0.040866    0.138343   50.195526 ^ clkbuf_0_clk/X (sky130_fd_sc_hd__clkbuf_16)
                                                         clknet_0_clk (net)
                      0.040866    0.000320   50.195847 ^ clkbuf_1_1__f_clk/A (sky130_fd_sc_hd__clkbuf_16)
    12    0.039354    0.059145    0.139753   50.335598 ^ clkbuf_1_1__f_clk/X (sky130_fd_sc_hd__clkbuf_16)
                                                         clknet_1_1__leaf_clk (net)
                      0.059159    0.000828   50.336426 ^ _162_/CLK (sky130_fd_sc_hd__dfxtp_1)
                                 -0.250000   50.086426   clock uncertainty
                                  0.000000   50.086426   clock reconvergence pessimism
                                 -0.071532   50.014893   library setup time
                                             50.014893   data required time
---------------------------------------------------------------------------------------------
                                             50.014893   data required time
                                            -26.723351   data arrival time
---------------------------------------------------------------------------------------------
                                             23.291542   slack (MET)


Startpoint: _152_ (rising edge-triggered flip-flop clocked by clk')
Endpoint: _164_ (rising edge-triggered flip-flop clocked by clk)
Path Group: clk
Path Type: max

Fanout         Cap        Slew       Delay        Time   Description
---------------------------------------------------------------------------------------------
                                 25.000000   25.000000   clock clk' (rise edge)
                                  0.000000   25.000000   clock source latency
     1    0.016256    0.038010    0.026418   25.026417 v clk (in)
                                                         clk (net)
                      0.038021    0.000000   25.026417 v clkbuf_0_clk/A (sky130_fd_sc_hd__clkbuf_16)
     2    0.016820    0.033324    0.141295   25.167711 v clkbuf_0_clk/X (sky130_fd_sc_hd__clkbuf_16)
                                                         clknet_0_clk (net)
                      0.033324    0.000286   25.167997 v clkbuf_1_1__f_clk/A (sky130_fd_sc_hd__clkbuf_16)
    12    0.037173    0.044736    0.153022   25.321020 v clkbuf_1_1__f_clk/X (sky130_fd_sc_hd__clkbuf_16)
                                                         clknet_1_1__leaf_clk (net)
                      0.044738    0.000613   25.321634 v _083__1/A (sky130_fd_sc_hd__inv_2)
     1    0.002361    0.021570    0.038497   25.360130 ^ _083__1/Y (sky130_fd_sc_hd__inv_2)
                                                         net35 (net)
                      0.021570    0.000068   25.360199 ^ _152_/CLK (sky130_fd_sc_hd__dfxtp_1)
     3    0.014682    0.144887    0.368425   25.728624 ^ _152_/Q (sky130_fd_sc_hd__dfxtp_1)
                                                         net11 (net)
                      0.144887    0.000433   25.729057 ^ fanout28/A (sky130_fd_sc_hd__clkbuf_2)
    10    0.032268    0.178871    0.233330   25.962387 ^ fanout28/X (sky130_fd_sc_hd__clkbuf_2)
                                                         net28 (net)
                      0.178956    0.001812   25.964199 ^ _122_/C_N (sky130_fd_sc_hd__nor3b_2)
     5    0.017221    0.322283    0.344999   26.309196 ^ _122_/Y (sky130_fd_sc_hd__nor3b_2)
                                                         _026_ (net)
                      0.322287    0.000835   26.310032 ^ _126_/A2 (sky130_fd_sc_hd__a21oi_1)
     1    0.003217    0.074187    0.119666   26.429699 v _126_/Y (sky130_fd_sc_hd__a21oi_1)
                                                         _029_ (net)
                      0.074187    0.000073   26.429771 v _129_/A1 (sky130_fd_sc_hd__o21a_1)
     1    0.008146    0.059868    0.216978   26.646749 v _129_/X (sky130_fd_sc_hd__o21a_1)
                                                         _013_ (net)
                      0.059869    0.000343   26.647093 v _164_/D (sky130_fd_sc_hd__dfxtp_1)
                                             26.647093   data arrival time

                                 50.000000   50.000000   clock clk (rise edge)
                                  0.000000   50.000000   clock source latency
     1    0.017250    0.083453    0.057184   50.057182 ^ clk (in)
                                                         clk (net)
                      0.083459    0.000000   50.057182 ^ clkbuf_0_clk/A (sky130_fd_sc_hd__clkbuf_16)
     2    0.018808    0.040866    0.138343   50.195526 ^ clkbuf_0_clk/X (sky130_fd_sc_hd__clkbuf_16)
                                                         clknet_0_clk (net)
                      0.040867    0.000362   50.195889 ^ clkbuf_1_0__f_clk/A (sky130_fd_sc_hd__clkbuf_16)
    10    0.040087    0.059773    0.140179   50.336067 ^ clkbuf_1_0__f_clk/X (sky130_fd_sc_hd__clkbuf_16)
                                                         clknet_1_0__leaf_clk (net)
                      0.059835    0.001638   50.337704 ^ _164_/CLK (sky130_fd_sc_hd__dfxtp_1)
                                 -0.250000   50.087704   clock uncertainty
                                  0.000000   50.087704   clock reconvergence pessimism
                                 -0.113587   49.974117   library setup time
                                             49.974117   data required time
---------------------------------------------------------------------------------------------
                                             49.974117   data required time
                                            -26.647093   data arrival time
---------------------------------------------------------------------------------------------
                                             23.327024   slack (MET)


Startpoint: _152_ (rising edge-triggered flip-flop clocked by clk')
Endpoint: _165_ (rising edge-triggered flip-flop clocked by clk)
Path Group: clk
Path Type: max

Fanout         Cap        Slew       Delay        Time   Description
---------------------------------------------------------------------------------------------
                                 25.000000   25.000000   clock clk' (rise edge)
                                  0.000000   25.000000   clock source latency
     1    0.016256    0.038010    0.026418   25.026417 v clk (in)
                                                         clk (net)
                      0.038021    0.000000   25.026417 v clkbuf_0_clk/A (sky130_fd_sc_hd__clkbuf_16)
     2    0.016820    0.033324    0.141295   25.167711 v clkbuf_0_clk/X (sky130_fd_sc_hd__clkbuf_16)
                                                         clknet_0_clk (net)
                      0.033324    0.000286   25.167997 v clkbuf_1_1__f_clk/A (sky130_fd_sc_hd__clkbuf_16)
    12    0.037173    0.044736    0.153022   25.321020 v clkbuf_1_1__f_clk/X (sky130_fd_sc_hd__clkbuf_16)
                                                         clknet_1_1__leaf_clk (net)
                      0.044738    0.000613   25.321634 v _083__1/A (sky130_fd_sc_hd__inv_2)
     1    0.002361    0.021570    0.038497   25.360130 ^ _083__1/Y (sky130_fd_sc_hd__inv_2)
                                                         net35 (net)
                      0.021570    0.000068   25.360199 ^ _152_/CLK (sky130_fd_sc_hd__dfxtp_1)
     3    0.014682    0.144887    0.368425   25.728624 ^ _152_/Q (sky130_fd_sc_hd__dfxtp_1)
                                                         net11 (net)
                      0.144887    0.000433   25.729057 ^ fanout28/A (sky130_fd_sc_hd__clkbuf_2)
    10    0.032268    0.178871    0.233330   25.962387 ^ fanout28/X (sky130_fd_sc_hd__clkbuf_2)
                                                         net28 (net)
                      0.178945    0.001430   25.963818 ^ _107_/A (sky130_fd_sc_hd__nand3_1)
     3    0.007903    0.109326    0.135037   26.098854 v _107_/Y (sky130_fd_sc_hd__nand3_1)
                                                         _063_ (net)
                      0.109326    0.000139   26.098991 v _130_/B (sky130_fd_sc_hd__or3b_1)
     1    0.007365    0.091516    0.400268   26.499260 v _130_/X (sky130_fd_sc_hd__or3b_1)
                                                         _032_ (net)
                      0.091516    0.000275   26.499537 v _133_/A1 (sky130_fd_sc_hd__a31oi_1)
     1    0.003785    0.142632    0.156172   26.655708 ^ _133_/Y (sky130_fd_sc_hd__a31oi_1)
                                                         _014_ (net)
                      0.142632    0.000091   26.655798 ^ _165_/D (sky130_fd_sc_hd__dfxtp_1)
                                             26.655798   data arrival time

                                 50.000000   50.000000   clock clk (rise edge)
                                  0.000000   50.000000   clock source latency
     1    0.017250    0.083453    0.057184   50.057182 ^ clk (in)
                                                         clk (net)
                      0.083459    0.000000   50.057182 ^ clkbuf_0_clk/A (sky130_fd_sc_hd__clkbuf_16)
     2    0.018808    0.040866    0.138343   50.195526 ^ clkbuf_0_clk/X (sky130_fd_sc_hd__clkbuf_16)
                                                         clknet_0_clk (net)
                      0.040866    0.000320   50.195847 ^ clkbuf_1_1__f_clk/A (sky130_fd_sc_hd__clkbuf_16)
    12    0.039354    0.059145    0.139753   50.335598 ^ clkbuf_1_1__f_clk/X (sky130_fd_sc_hd__clkbuf_16)
                                                         clknet_1_1__leaf_clk (net)
                      0.059146    0.000423   50.336021 ^ _165_/CLK (sky130_fd_sc_hd__dfxtp_1)
                                 -0.250000   50.086021   clock uncertainty
                                  0.000000   50.086021   clock reconvergence pessimism
                                 -0.074472   50.011547   library setup time
                                             50.011547   data required time
---------------------------------------------------------------------------------------------
                                             50.011547   data required time
                                            -26.655798   data arrival time
---------------------------------------------------------------------------------------------
                                             23.355749   slack (MET)


Startpoint: _152_ (rising edge-triggered flip-flop clocked by clk')
Endpoint: _161_ (rising edge-triggered flip-flop clocked by clk)
Path Group: clk
Path Type: max

Fanout         Cap        Slew       Delay        Time   Description
---------------------------------------------------------------------------------------------
                                 25.000000   25.000000   clock clk' (rise edge)
                                  0.000000   25.000000   clock source latency
     1    0.016256    0.038010    0.026418   25.026417 v clk (in)
                                                         clk (net)
                      0.038021    0.000000   25.026417 v clkbuf_0_clk/A (sky130_fd_sc_hd__clkbuf_16)
     2    0.016820    0.033324    0.141295   25.167711 v clkbuf_0_clk/X (sky130_fd_sc_hd__clkbuf_16)
                                                         clknet_0_clk (net)
                      0.033324    0.000286   25.167997 v clkbuf_1_1__f_clk/A (sky130_fd_sc_hd__clkbuf_16)
    12    0.037173    0.044736    0.153022   25.321020 v clkbuf_1_1__f_clk/X (sky130_fd_sc_hd__clkbuf_16)
                                                         clknet_1_1__leaf_clk (net)
                      0.044738    0.000613   25.321634 v _083__1/A (sky130_fd_sc_hd__inv_2)
     1    0.002361    0.021570    0.038497   25.360130 ^ _083__1/Y (sky130_fd_sc_hd__inv_2)
                                                         net35 (net)
                      0.021570    0.000068   25.360199 ^ _152_/CLK (sky130_fd_sc_hd__dfxtp_1)
     3    0.014682    0.144887    0.368425   25.728624 ^ _152_/Q (sky130_fd_sc_hd__dfxtp_1)
                                                         net11 (net)
                      0.144887    0.000433   25.729057 ^ fanout28/A (sky130_fd_sc_hd__clkbuf_2)
    10    0.032268    0.178871    0.233330   25.962387 ^ fanout28/X (sky130_fd_sc_hd__clkbuf_2)
                                                         net28 (net)
                      0.178953    0.001711   25.964098 ^ _109_/A (sky130_fd_sc_hd__nand4_1)
     4    0.009519    0.147098    0.165230   26.129328 v _109_/Y (sky130_fd_sc_hd__nand4_1)
                                                         _065_ (net)
                      0.147098    0.000203   26.129530 v _111_/A2 (sky130_fd_sc_hd__o21a_1)
     1    0.003013    0.035980    0.205114   26.334644 v _111_/X (sky130_fd_sc_hd__o21a_1)
                                                         _067_ (net)
                      0.035980    0.000091   26.334734 v _115_/A1 (sky130_fd_sc_hd__o21a_1)
     1    0.002266    0.032242    0.171228   26.505962 v _115_/X (sky130_fd_sc_hd__o21a_1)
                                                         _010_ (net)
                      0.032242    0.000048   26.506010 v _161_/D (sky130_fd_sc_hd__dfxtp_1)
                                             26.506010   data arrival time

                                 50.000000   50.000000   clock clk (rise edge)
                                  0.000000   50.000000   clock source latency
     1    0.017250    0.083453    0.057184   50.057182 ^ clk (in)
                                                         clk (net)
                      0.083459    0.000000   50.057182 ^ clkbuf_0_clk/A (sky130_fd_sc_hd__clkbuf_16)
     2    0.018808    0.040866    0.138343   50.195526 ^ clkbuf_0_clk/X (sky130_fd_sc_hd__clkbuf_16)
                                                         clknet_0_clk (net)
                      0.040867    0.000362   50.195889 ^ clkbuf_1_0__f_clk/A (sky130_fd_sc_hd__clkbuf_16)
    10    0.040087    0.059773    0.140179   50.336067 ^ clkbuf_1_0__f_clk/X (sky130_fd_sc_hd__clkbuf_16)
                                                         clknet_1_0__leaf_clk (net)
                      0.059830    0.001581   50.337646 ^ _161_/CLK (sky130_fd_sc_hd__dfxtp_1)
                                 -0.250000   50.087646   clock uncertainty
                                  0.000000   50.087646   clock reconvergence pessimism
                                 -0.101469   49.986179   library setup time
                                             49.986179   data required time
---------------------------------------------------------------------------------------------
                                             49.986179   data required time
                                            -26.506010   data arrival time
---------------------------------------------------------------------------------------------
                                             23.480167   slack (MET)


Startpoint: _152_ (rising edge-triggered flip-flop clocked by clk')
Endpoint: _172_ (rising edge-triggered flip-flop clocked by clk)
Path Group: clk
Path Type: max

Fanout         Cap        Slew       Delay        Time   Description
---------------------------------------------------------------------------------------------
                                 25.000000   25.000000   clock clk' (rise edge)
                                  0.000000   25.000000   clock source latency
     1    0.016256    0.038010    0.026418   25.026417 v clk (in)
                                                         clk (net)
                      0.038021    0.000000   25.026417 v clkbuf_0_clk/A (sky130_fd_sc_hd__clkbuf_16)
     2    0.016820    0.033324    0.141295   25.167711 v clkbuf_0_clk/X (sky130_fd_sc_hd__clkbuf_16)
                                                         clknet_0_clk (net)
                      0.033324    0.000286   25.167997 v clkbuf_1_1__f_clk/A (sky130_fd_sc_hd__clkbuf_16)
    12    0.037173    0.044736    0.153022   25.321020 v clkbuf_1_1__f_clk/X (sky130_fd_sc_hd__clkbuf_16)
                                                         clknet_1_1__leaf_clk (net)
                      0.044738    0.000613   25.321634 v _083__1/A (sky130_fd_sc_hd__inv_2)
     1    0.002361    0.021570    0.038497   25.360130 ^ _083__1/Y (sky130_fd_sc_hd__inv_2)
                                                         net35 (net)
                      0.021570    0.000068   25.360199 ^ _152_/CLK (sky130_fd_sc_hd__dfxtp_1)
     3    0.014682    0.144887    0.368425   25.728624 ^ _152_/Q (sky130_fd_sc_hd__dfxtp_1)
                                                         net11 (net)
                      0.144887    0.000433   25.729057 ^ fanout28/A (sky130_fd_sc_hd__clkbuf_2)
    10    0.032268    0.178871    0.233330   25.962387 ^ fanout28/X (sky130_fd_sc_hd__clkbuf_2)
                                                         net28 (net)
                      0.178953    0.001711   25.964098 ^ _109_/A (sky130_fd_sc_hd__nand4_1)
     4    0.009519    0.147098    0.165230   26.129328 v _109_/Y (sky130_fd_sc_hd__nand4_1)
                                                         _065_ (net)
                      0.147098    0.000171   26.129498 v _110_/B (sky130_fd_sc_hd__or2_1)
     1    0.002647    0.047056    0.240316   26.369814 v _110_/X (sky130_fd_sc_hd__or2_1)
                                                         _066_ (net)
                      0.047056    0.000076   26.369890 v _151_/A1 (sky130_fd_sc_hd__a21oi_1)
     1    0.003276    0.113173    0.124631   26.494520 ^ _151_/Y (sky130_fd_sc_hd__a21oi_1)
                                                         _021_ (net)
                      0.113173    0.000108   26.494629 ^ _172_/D (sky130_fd_sc_hd__dfxtp_1)
                                             26.494629   data arrival time

                                 50.000000   50.000000   clock clk (rise edge)
                                  0.000000   50.000000   clock source latency
     1    0.017250    0.083453    0.057184   50.057182 ^ clk (in)
                                                         clk (net)
                      0.083459    0.000000   50.057182 ^ clkbuf_0_clk/A (sky130_fd_sc_hd__clkbuf_16)
     2    0.018808    0.040866    0.138343   50.195526 ^ clkbuf_0_clk/X (sky130_fd_sc_hd__clkbuf_16)
                                                         clknet_0_clk (net)
                      0.040867    0.000362   50.195889 ^ clkbuf_1_0__f_clk/A (sky130_fd_sc_hd__clkbuf_16)
    10    0.040087    0.059773    0.140179   50.336067 ^ clkbuf_1_0__f_clk/X (sky130_fd_sc_hd__clkbuf_16)
                                                         clknet_1_0__leaf_clk (net)
                      0.059821    0.001460   50.337528 ^ _172_/CLK (sky130_fd_sc_hd__dfxtp_1)
                                 -0.250000   50.087528   clock uncertainty
                                  0.000000   50.087528   clock reconvergence pessimism
                                 -0.067585   50.019939   library setup time
                                             50.019939   data required time
---------------------------------------------------------------------------------------------
                                             50.019939   data required time
                                            -26.494629   data arrival time
---------------------------------------------------------------------------------------------
                                             23.525311   slack (MET)


Startpoint: _152_ (rising edge-triggered flip-flop clocked by clk')
Endpoint: _171_ (rising edge-triggered flip-flop clocked by clk)
Path Group: clk
Path Type: max

Fanout         Cap        Slew       Delay        Time   Description
---------------------------------------------------------------------------------------------
                                 25.000000   25.000000   clock clk' (rise edge)
                                  0.000000   25.000000   clock source latency
     1    0.016256    0.038010    0.026418   25.026417 v clk (in)
                                                         clk (net)
                      0.038021    0.000000   25.026417 v clkbuf_0_clk/A (sky130_fd_sc_hd__clkbuf_16)
     2    0.016820    0.033324    0.141295   25.167711 v clkbuf_0_clk/X (sky130_fd_sc_hd__clkbuf_16)
                                                         clknet_0_clk (net)
                      0.033324    0.000286   25.167997 v clkbuf_1_1__f_clk/A (sky130_fd_sc_hd__clkbuf_16)
    12    0.037173    0.044736    0.153022   25.321020 v clkbuf_1_1__f_clk/X (sky130_fd_sc_hd__clkbuf_16)
                                                         clknet_1_1__leaf_clk (net)
                      0.044738    0.000613   25.321634 v _083__1/A (sky130_fd_sc_hd__inv_2)
     1    0.002361    0.021570    0.038497   25.360130 ^ _083__1/Y (sky130_fd_sc_hd__inv_2)
                                                         net35 (net)
                      0.021570    0.000068   25.360199 ^ _152_/CLK (sky130_fd_sc_hd__dfxtp_1)
     3    0.014682    0.144887    0.368425   25.728624 ^ _152_/Q (sky130_fd_sc_hd__dfxtp_1)
                                                         net11 (net)
                      0.144887    0.000433   25.729057 ^ fanout28/A (sky130_fd_sc_hd__clkbuf_2)
    10    0.032268    0.178871    0.233330   25.962387 ^ fanout28/X (sky130_fd_sc_hd__clkbuf_2)
                                                         net28 (net)
                      0.178953    0.001711   25.964098 ^ _109_/A (sky130_fd_sc_hd__nand4_1)
     4    0.009519    0.147098    0.165230   26.129328 v _109_/Y (sky130_fd_sc_hd__nand4_1)
                                                         _065_ (net)
                      0.147098    0.000128   26.129456 v _149_/B (sky130_fd_sc_hd__and3_1)
     1    0.002245    0.034113    0.200865   26.330320 v _149_/X (sky130_fd_sc_hd__and3_1)
                                                         _020_ (net)
                      0.034113    0.000064   26.330383 v _171_/D (sky130_fd_sc_hd__dfxtp_2)
                                             26.330383   data arrival time

                                 50.000000   50.000000   clock clk (rise edge)
                                  0.000000   50.000000   clock source latency
     1    0.017250    0.083453    0.057184   50.057182 ^ clk (in)
                                                         clk (net)
                      0.083459    0.000000   50.057182 ^ clkbuf_0_clk/A (sky130_fd_sc_hd__clkbuf_16)
     2    0.018808    0.040866    0.138343   50.195526 ^ clkbuf_0_clk/X (sky130_fd_sc_hd__clkbuf_16)
                                                         clknet_0_clk (net)
                      0.040867    0.000362   50.195889 ^ clkbuf_1_0__f_clk/A (sky130_fd_sc_hd__clkbuf_16)
    10    0.040087    0.059773    0.140179   50.336067 ^ clkbuf_1_0__f_clk/X (sky130_fd_sc_hd__clkbuf_16)
                                                         clknet_1_0__leaf_clk (net)
                      0.059815    0.001375   50.337440 ^ _171_/CLK (sky130_fd_sc_hd__dfxtp_2)
                                 -0.250000   50.087440   clock uncertainty
                                  0.000000   50.087440   clock reconvergence pessimism
                                 -0.104675   49.982769   library setup time
                                             49.982769   data required time
---------------------------------------------------------------------------------------------
                                             49.982769   data required time
                                            -26.330383   data arrival time
---------------------------------------------------------------------------------------------
                                             23.652384   slack (MET)


Startpoint: _152_ (rising edge-triggered flip-flop clocked by clk')
Endpoint: _169_ (rising edge-triggered flip-flop clocked by clk)
Path Group: clk
Path Type: max

Fanout         Cap        Slew       Delay        Time   Description
---------------------------------------------------------------------------------------------
                                 25.000000   25.000000   clock clk' (rise edge)
                                  0.000000   25.000000   clock source latency
     1    0.016256    0.038010    0.026418   25.026417 v clk (in)
                                                         clk (net)
                      0.038021    0.000000   25.026417 v clkbuf_0_clk/A (sky130_fd_sc_hd__clkbuf_16)
     2    0.016820    0.033324    0.141295   25.167711 v clkbuf_0_clk/X (sky130_fd_sc_hd__clkbuf_16)
                                                         clknet_0_clk (net)
                      0.033324    0.000286   25.167997 v clkbuf_1_1__f_clk/A (sky130_fd_sc_hd__clkbuf_16)
    12    0.037173    0.044736    0.153022   25.321020 v clkbuf_1_1__f_clk/X (sky130_fd_sc_hd__clkbuf_16)
                                                         clknet_1_1__leaf_clk (net)
                      0.044738    0.000613   25.321634 v _083__1/A (sky130_fd_sc_hd__inv_2)
     1    0.002361    0.021570    0.038497   25.360130 ^ _083__1/Y (sky130_fd_sc_hd__inv_2)
                                                         net35 (net)
                      0.021570    0.000068   25.360199 ^ _152_/CLK (sky130_fd_sc_hd__dfxtp_1)
     3    0.014682    0.144887    0.368425   25.728624 ^ _152_/Q (sky130_fd_sc_hd__dfxtp_1)
                                                         net11 (net)
                      0.144887    0.000433   25.729057 ^ fanout28/A (sky130_fd_sc_hd__clkbuf_2)
    10    0.032268    0.178871    0.233330   25.962387 ^ fanout28/X (sky130_fd_sc_hd__clkbuf_2)
                                                         net28 (net)
                      0.178877    0.001243   25.963631 ^ _105_/A (sky130_fd_sc_hd__nand2_1)
     5    0.015421    0.127240    0.152591   26.116220 v _105_/Y (sky130_fd_sc_hd__nand2_1)
                                                         _061_ (net)
                      0.127240    0.000330   26.116552 v _145_/B (sky130_fd_sc_hd__and3_1)
     1    0.002049    0.033302    0.190234   26.306786 v _145_/X (sky130_fd_sc_hd__and3_1)
                                                         _018_ (net)
                      0.033302    0.000059   26.306843 v _169_/D (sky130_fd_sc_hd__dfxtp_1)
                                             26.306843   data arrival time

                                 50.000000   50.000000   clock clk (rise edge)
                                  0.000000   50.000000   clock source latency
     1    0.017250    0.083453    0.057184   50.057182 ^ clk (in)
                                                         clk (net)
                      0.083459    0.000000   50.057182 ^ clkbuf_0_clk/A (sky130_fd_sc_hd__clkbuf_16)
     2    0.018808    0.040866    0.138343   50.195526 ^ clkbuf_0_clk/X (sky130_fd_sc_hd__clkbuf_16)
                                                         clknet_0_clk (net)
                      0.040867    0.000362   50.195889 ^ clkbuf_1_0__f_clk/A (sky130_fd_sc_hd__clkbuf_16)
    10    0.040087    0.059773    0.140179   50.336067 ^ clkbuf_1_0__f_clk/X (sky130_fd_sc_hd__clkbuf_16)
                                                         clknet_1_0__leaf_clk (net)
                      0.059787    0.000906   50.336975 ^ _169_/CLK (sky130_fd_sc_hd__dfxtp_1)
                                 -0.250000   50.086971   clock uncertainty
                                  0.000000   50.086971   clock reconvergence pessimism
                                 -0.101944   49.985027   library setup time
                                             49.985027   data required time
---------------------------------------------------------------------------------------------
                                             49.985027   data required time
                                            -26.306843   data arrival time
---------------------------------------------------------------------------------------------
                                             23.678185   slack (MET)


Startpoint: _152_ (rising edge-triggered flip-flop clocked by clk')
Endpoint: _170_ (rising edge-triggered flip-flop clocked by clk)
Path Group: clk
Path Type: max

Fanout         Cap        Slew       Delay        Time   Description
---------------------------------------------------------------------------------------------
                                 25.000000   25.000000   clock clk' (rise edge)
                                  0.000000   25.000000   clock source latency
     1    0.016256    0.038010    0.026418   25.026417 v clk (in)
                                                         clk (net)
                      0.038021    0.000000   25.026417 v clkbuf_0_clk/A (sky130_fd_sc_hd__clkbuf_16)
     2    0.016820    0.033324    0.141295   25.167711 v clkbuf_0_clk/X (sky130_fd_sc_hd__clkbuf_16)
                                                         clknet_0_clk (net)
                      0.033324    0.000286   25.167997 v clkbuf_1_1__f_clk/A (sky130_fd_sc_hd__clkbuf_16)
    12    0.037173    0.044736    0.153022   25.321020 v clkbuf_1_1__f_clk/X (sky130_fd_sc_hd__clkbuf_16)
                                                         clknet_1_1__leaf_clk (net)
                      0.044738    0.000613   25.321634 v _083__1/A (sky130_fd_sc_hd__inv_2)
     1    0.002361    0.021570    0.038497   25.360130 ^ _083__1/Y (sky130_fd_sc_hd__inv_2)
                                                         net35 (net)
                      0.021570    0.000068   25.360199 ^ _152_/CLK (sky130_fd_sc_hd__dfxtp_1)
     3    0.014682    0.144887    0.368425   25.728624 ^ _152_/Q (sky130_fd_sc_hd__dfxtp_1)
                                                         net11 (net)
                      0.144887    0.000433   25.729057 ^ fanout28/A (sky130_fd_sc_hd__clkbuf_2)
    10    0.032268    0.178871    0.233330   25.962387 ^ fanout28/X (sky130_fd_sc_hd__clkbuf_2)
                                                         net28 (net)
                      0.178945    0.001430   25.963818 ^ _107_/A (sky130_fd_sc_hd__nand3_1)
     3    0.007903    0.109326    0.135037   26.098854 v _107_/Y (sky130_fd_sc_hd__nand3_1)
                                                         _063_ (net)
                      0.109326    0.000169   26.099022 v _147_/B (sky130_fd_sc_hd__and3_1)
     1    0.002190    0.033864    0.182963   26.281986 v _147_/X (sky130_fd_sc_hd__and3_1)
                                                         _019_ (net)
                      0.033864    0.000044   26.282030 v _170_/D (sky130_fd_sc_hd__dfxtp_1)
                                             26.282030   data arrival time

                                 50.000000   50.000000   clock clk (rise edge)
                                  0.000000   50.000000   clock source latency
     1    0.017250    0.083453    0.057184   50.057182 ^ clk (in)
                                                         clk (net)
                      0.083459    0.000000   50.057182 ^ clkbuf_0_clk/A (sky130_fd_sc_hd__clkbuf_16)
     2    0.018808    0.040866    0.138343   50.195526 ^ clkbuf_0_clk/X (sky130_fd_sc_hd__clkbuf_16)
                                                         clknet_0_clk (net)
                      0.040867    0.000362   50.195889 ^ clkbuf_1_0__f_clk/A (sky130_fd_sc_hd__clkbuf_16)
    10    0.040087    0.059773    0.140179   50.336067 ^ clkbuf_1_0__f_clk/X (sky130_fd_sc_hd__clkbuf_16)
                                                         clknet_1_0__leaf_clk (net)
                      0.059793    0.001023   50.337090 ^ _170_/CLK (sky130_fd_sc_hd__dfxtp_1)
                                 -0.250000   50.087090   clock uncertainty
                                  0.000000   50.087090   clock reconvergence pessimism
                                 -0.102190   49.984898   library setup time
                                             49.984898   data required time
---------------------------------------------------------------------------------------------
                                             49.984898   data required time
                                            -26.282030   data arrival time
---------------------------------------------------------------------------------------------
                                             23.702869   slack (MET)


Startpoint: _161_ (rising edge-triggered flip-flop clocked by clk)
Endpoint: dac_in[0] (output port clocked by clk)
Path Group: clk
Path Type: max

Fanout         Cap        Slew       Delay        Time   Description
---------------------------------------------------------------------------------------------
                                  0.000000    0.000000   clock clk (rise edge)
                                  0.000000    0.000000   clock source latency
     1    0.017250    0.083453    0.057184    0.057184 ^ clk (in)
                                                         clk (net)
                      0.083459    0.000000    0.057184 ^ clkbuf_0_clk/A (sky130_fd_sc_hd__clkbuf_16)
     2    0.018808    0.040866    0.138344    0.195528 ^ clkbuf_0_clk/X (sky130_fd_sc_hd__clkbuf_16)
                                                         clknet_0_clk (net)
                      0.040867    0.000361    0.195889 ^ clkbuf_1_0__f_clk/A (sky130_fd_sc_hd__clkbuf_16)
    10    0.040087    0.059773    0.140182    0.336071 ^ clkbuf_1_0__f_clk/X (sky130_fd_sc_hd__clkbuf_16)
                                                         clknet_1_0__leaf_clk (net)
                      0.059830    0.001581    0.337651 ^ _161_/CLK (sky130_fd_sc_hd__dfxtp_1)
     4    0.030880    0.291430    0.486001    0.823652 ^ _161_/Q (sky130_fd_sc_hd__dfxtp_1)
                                                         net12 (net)
                      0.291430    0.000432    0.824084 ^ output12/A (sky130_fd_sc_hd__buf_2)
     1    0.034825    0.173460    0.273004    1.097088 ^ output12/X (sky130_fd_sc_hd__buf_2)
                                                         dac_in[0] (net)
                      0.173462    0.000877    1.097966 ^ dac_in[0] (out)
                                              1.097966   data arrival time

                                 50.000000   50.000000   clock clk (rise edge)
                                  0.000000   50.000000   clock network delay (propagated)
                                 -0.250000   49.749996   clock uncertainty
                                  0.000000   49.749996   clock reconvergence pessimism
                                -10.000000   39.749996   output external delay
                                             39.749996   data required time
---------------------------------------------------------------------------------------------
                                             39.749996   data required time
                                             -1.097966   data arrival time
---------------------------------------------------------------------------------------------
                                             38.652031   slack (MET)


Startpoint: _163_ (rising edge-triggered flip-flop clocked by clk)
Endpoint: dac_in[2] (output port clocked by clk)
Path Group: clk
Path Type: max

Fanout         Cap        Slew       Delay        Time   Description
---------------------------------------------------------------------------------------------
                                  0.000000    0.000000   clock clk (rise edge)
                                  0.000000    0.000000   clock source latency
     1    0.017250    0.083453    0.057184    0.057184 ^ clk (in)
                                                         clk (net)
                      0.083459    0.000000    0.057184 ^ clkbuf_0_clk/A (sky130_fd_sc_hd__clkbuf_16)
     2    0.018808    0.040866    0.138344    0.195528 ^ clkbuf_0_clk/X (sky130_fd_sc_hd__clkbuf_16)
                                                         clknet_0_clk (net)
                      0.040867    0.000361    0.195889 ^ clkbuf_1_0__f_clk/A (sky130_fd_sc_hd__clkbuf_16)
    10    0.040087    0.059773    0.140182    0.336071 ^ clkbuf_1_0__f_clk/X (sky130_fd_sc_hd__clkbuf_16)
                                                         clknet_1_0__leaf_clk (net)
                      0.059832    0.001606    0.337677 ^ _163_/CLK (sky130_fd_sc_hd__dfxtp_1)
     4    0.030346    0.286716    0.482007    0.819684 ^ _163_/Q (sky130_fd_sc_hd__dfxtp_1)
                                                         net14 (net)
                      0.286716    0.000401    0.820085 ^ output14/A (sky130_fd_sc_hd__buf_2)
     1    0.034842    0.173505    0.272312    1.092397 ^ output14/X (sky130_fd_sc_hd__buf_2)
                                                         dac_in[2] (net)
                      0.173507    0.000876    1.093273 ^ dac_in[2] (out)
                                              1.093273   data arrival time

                                 50.000000   50.000000   clock clk (rise edge)
                                  0.000000   50.000000   clock network delay (propagated)
                                 -0.250000   49.749996   clock uncertainty
                                  0.000000   49.749996   clock reconvergence pessimism
                                -10.000000   39.749996   output external delay
                                             39.749996   data required time
---------------------------------------------------------------------------------------------
                                             39.749996   data required time
                                             -1.093273   data arrival time
---------------------------------------------------------------------------------------------
                                             38.656723   slack (MET)


Startpoint: _164_ (rising edge-triggered flip-flop clocked by clk)
Endpoint: dac_in_n[3] (output port clocked by clk)
Path Group: clk
Path Type: max

Fanout         Cap        Slew       Delay        Time   Description
---------------------------------------------------------------------------------------------
                                  0.000000    0.000000   clock clk (rise edge)
                                  0.000000    0.000000   clock source latency
     1    0.017250    0.083453    0.057184    0.057184 ^ clk (in)
                                                         clk (net)
                      0.083459    0.000000    0.057184 ^ clkbuf_0_clk/A (sky130_fd_sc_hd__clkbuf_16)
     2    0.018808    0.040866    0.138344    0.195528 ^ clkbuf_0_clk/X (sky130_fd_sc_hd__clkbuf_16)
                                                         clknet_0_clk (net)
                      0.040867    0.000361    0.195889 ^ clkbuf_1_0__f_clk/A (sky130_fd_sc_hd__clkbuf_16)
    10    0.040087    0.059773    0.140182    0.336071 ^ clkbuf_1_0__f_clk/X (sky130_fd_sc_hd__clkbuf_16)
                                                         clknet_1_0__leaf_clk (net)
                      0.059835    0.001637    0.337707 ^ _164_/CLK (sky130_fd_sc_hd__dfxtp_1)
     3    0.025929    0.246480    0.453812    0.791520 ^ _164_/Q (sky130_fd_sc_hd__dfxtp_1)
                                                         net15 (net)
                      0.246497    0.002225    0.793744 ^ _078_/A (sky130_fd_sc_hd__inv_2)
     2    0.010014    0.064327    0.077479    0.871224 v _078_/Y (sky130_fd_sc_hd__inv_2)
                                                         net23 (net)
                      0.064327    0.000206    0.871429 v output23/A (sky130_fd_sc_hd__buf_2)
     1    0.034690    0.090463    0.189328    1.060757 v output23/X (sky130_fd_sc_hd__buf_2)
                                                         dac_in_n[3] (net)
                      0.090471    0.000858    1.061616 v dac_in_n[3] (out)
                                              1.061616   data arrival time

                                 50.000000   50.000000   clock clk (rise edge)
                                  0.000000   50.000000   clock network delay (propagated)
                                 -0.250000   49.749996   clock uncertainty
                                  0.000000   49.749996   clock reconvergence pessimism
                                -10.000000   39.749996   output external delay
                                             39.749996   data required time
---------------------------------------------------------------------------------------------
                                             39.749996   data required time
                                             -1.061616   data arrival time
---------------------------------------------------------------------------------------------
                                             38.688381   slack (MET)


Startpoint: _164_ (rising edge-triggered flip-flop clocked by clk)
Endpoint: dac_in[3] (output port clocked by clk)
Path Group: clk
Path Type: max

Fanout         Cap        Slew       Delay        Time   Description
---------------------------------------------------------------------------------------------
                                  0.000000    0.000000   clock clk (rise edge)
                                  0.000000    0.000000   clock source latency
     1    0.017250    0.083453    0.057184    0.057184 ^ clk (in)
                                                         clk (net)
                      0.083459    0.000000    0.057184 ^ clkbuf_0_clk/A (sky130_fd_sc_hd__clkbuf_16)
     2    0.018808    0.040866    0.138344    0.195528 ^ clkbuf_0_clk/X (sky130_fd_sc_hd__clkbuf_16)
                                                         clknet_0_clk (net)
                      0.040867    0.000361    0.195889 ^ clkbuf_1_0__f_clk/A (sky130_fd_sc_hd__clkbuf_16)
    10    0.040087    0.059773    0.140182    0.336071 ^ clkbuf_1_0__f_clk/X (sky130_fd_sc_hd__clkbuf_16)
                                                         clknet_1_0__leaf_clk (net)
                      0.059835    0.001637    0.337707 ^ _164_/CLK (sky130_fd_sc_hd__dfxtp_1)
     3    0.025929    0.246480    0.453812    0.791520 ^ _164_/Q (sky130_fd_sc_hd__dfxtp_1)
                                                         net15 (net)
                      0.246480    0.000584    0.792104 ^ output15/A (sky130_fd_sc_hd__buf_2)
     1    0.034545    0.172068    0.260967    1.053071 ^ output15/X (sky130_fd_sc_hd__buf_2)
                                                         dac_in[3] (net)
                      0.172069    0.000838    1.053909 ^ dac_in[3] (out)
                                              1.053909   data arrival time

                                 50.000000   50.000000   clock clk (rise edge)
                                  0.000000   50.000000   clock network delay (propagated)
                                 -0.250000   49.749996   clock uncertainty
                                  0.000000   49.749996   clock reconvergence pessimism
                                -10.000000   39.749996   output external delay
                                             39.749996   data required time
---------------------------------------------------------------------------------------------
                                             39.749996   data required time
                                             -1.053909   data arrival time
---------------------------------------------------------------------------------------------
                                             38.696087   slack (MET)


Startpoint: _163_ (rising edge-triggered flip-flop clocked by clk)
Endpoint: dac_in_n[2] (output port clocked by clk)
Path Group: clk
Path Type: max

Fanout         Cap        Slew       Delay        Time   Description
---------------------------------------------------------------------------------------------
                                  0.000000    0.000000   clock clk (rise edge)
                                  0.000000    0.000000   clock source latency
     1    0.017250    0.083453    0.057184    0.057184 ^ clk (in)
                                                         clk (net)
                      0.083459    0.000000    0.057184 ^ clkbuf_0_clk/A (sky130_fd_sc_hd__clkbuf_16)
     2    0.018808    0.040866    0.138344    0.195528 ^ clkbuf_0_clk/X (sky130_fd_sc_hd__clkbuf_16)
                                                         clknet_0_clk (net)
                      0.040867    0.000361    0.195889 ^ clkbuf_1_0__f_clk/A (sky130_fd_sc_hd__clkbuf_16)
    10    0.040087    0.059773    0.140182    0.336071 ^ clkbuf_1_0__f_clk/X (sky130_fd_sc_hd__clkbuf_16)
                                                         clknet_1_0__leaf_clk (net)
                      0.059832    0.001606    0.337677 ^ _163_/CLK (sky130_fd_sc_hd__dfxtp_1)
     4    0.030346    0.286716    0.482007    0.819684 ^ _163_/Q (sky130_fd_sc_hd__dfxtp_1)
                                                         net14 (net)
                      0.286731    0.002302    0.821985 ^ _079_/A (sky130_fd_sc_hd__inv_2)
     1    0.002385    0.044917    0.041839    0.863825 v _079_/Y (sky130_fd_sc_hd__inv_2)
                                                         net22 (net)
                      0.044917    0.000068    0.863893 v output22/A (sky130_fd_sc_hd__buf_2)
     1    0.034940    0.091071    0.181117    1.045010 v output22/X (sky130_fd_sc_hd__buf_2)
                                                         dac_in_n[2] (net)
                      0.091080    0.000918    1.045928 v dac_in_n[2] (out)
                                              1.045928   data arrival time

                                 50.000000   50.000000   clock clk (rise edge)
                                  0.000000   50.000000   clock network delay (propagated)
                                 -0.250000   49.749996   clock uncertainty
                                  0.000000   49.749996   clock reconvergence pessimism
                                -10.000000   39.749996   output external delay
                                             39.749996   data required time
---------------------------------------------------------------------------------------------
                                             39.749996   data required time
                                             -1.045928   data arrival time
---------------------------------------------------------------------------------------------
                                             38.704067   slack (MET)


Startpoint: _161_ (rising edge-triggered flip-flop clocked by clk)
Endpoint: dac_in_n[0] (output port clocked by clk)
Path Group: clk
Path Type: max

Fanout         Cap        Slew       Delay        Time   Description
---------------------------------------------------------------------------------------------
                                  0.000000    0.000000   clock clk (rise edge)
                                  0.000000    0.000000   clock source latency
     1    0.017250    0.083453    0.057184    0.057184 ^ clk (in)
                                                         clk (net)
                      0.083459    0.000000    0.057184 ^ clkbuf_0_clk/A (sky130_fd_sc_hd__clkbuf_16)
     2    0.018808    0.040866    0.138344    0.195528 ^ clkbuf_0_clk/X (sky130_fd_sc_hd__clkbuf_16)
                                                         clknet_0_clk (net)
                      0.040867    0.000361    0.195889 ^ clkbuf_1_0__f_clk/A (sky130_fd_sc_hd__clkbuf_16)
    10    0.040087    0.059773    0.140182    0.336071 ^ clkbuf_1_0__f_clk/X (sky130_fd_sc_hd__clkbuf_16)
                                                         clknet_1_0__leaf_clk (net)
                      0.059830    0.001581    0.337651 ^ _161_/CLK (sky130_fd_sc_hd__dfxtp_1)
     4    0.030880    0.291430    0.486001    0.823652 ^ _161_/Q (sky130_fd_sc_hd__dfxtp_1)
                                                         net12 (net)
                      0.291431    0.001206    0.824858 ^ _081_/A (sky130_fd_sc_hd__inv_2)
     1    0.001889    0.043421    0.038251    0.863109 v _081_/Y (sky130_fd_sc_hd__inv_2)
                                                         net20 (net)
                      0.043421    0.000052    0.863161 v output20/A (sky130_fd_sc_hd__buf_2)
     1    0.034585    0.090291    0.179859    1.043020 v output20/X (sky130_fd_sc_hd__buf_2)
                                                         dac_in_n[0] (net)
                      0.090299    0.000852    1.043873 v dac_in_n[0] (out)
                                              1.043873   data arrival time

                                 50.000000   50.000000   clock clk (rise edge)
                                  0.000000   50.000000   clock network delay (propagated)
                                 -0.250000   49.749996   clock uncertainty
                                  0.000000   49.749996   clock reconvergence pessimism
                                -10.000000   39.749996   output external delay
                                             39.749996   data required time
---------------------------------------------------------------------------------------------
                                             39.749996   data required time
                                             -1.043873   data arrival time
---------------------------------------------------------------------------------------------
                                             38.706123   slack (MET)


Startpoint: _166_ (rising edge-triggered flip-flop clocked by clk)
Endpoint: dac_in_n[5] (output port clocked by clk)
Path Group: clk
Path Type: max

Fanout         Cap        Slew       Delay        Time   Description
---------------------------------------------------------------------------------------------
                                  0.000000    0.000000   clock clk (rise edge)
                                  0.000000    0.000000   clock source latency
     1    0.017250    0.083453    0.057184    0.057184 ^ clk (in)
                                                         clk (net)
                      0.083459    0.000000    0.057184 ^ clkbuf_0_clk/A (sky130_fd_sc_hd__clkbuf_16)
     2    0.018808    0.040866    0.138344    0.195528 ^ clkbuf_0_clk/X (sky130_fd_sc_hd__clkbuf_16)
                                                         clknet_0_clk (net)
                      0.040866    0.000320    0.195848 ^ clkbuf_1_1__f_clk/A (sky130_fd_sc_hd__clkbuf_16)
    12    0.039354    0.059145    0.139753    0.335601 ^ clkbuf_1_1__f_clk/X (sky130_fd_sc_hd__clkbuf_16)
                                                         clknet_1_1__leaf_clk (net)
                      0.059153    0.000693    0.336294 ^ _166_/CLK (sky130_fd_sc_hd__dfxtp_1)
     3    0.021242    0.204031    0.424356    0.760650 ^ _166_/Q (sky130_fd_sc_hd__dfxtp_1)
                                                         net17 (net)
                      0.204031    0.000646    0.761297 ^ _076_/A (sky130_fd_sc_hd__inv_2)
     2    0.013432    0.063468    0.084000    0.845297 v _076_/Y (sky130_fd_sc_hd__inv_2)
                                                         net25 (net)
                      0.063468    0.000287    0.845584 v output25/A (sky130_fd_sc_hd__buf_2)
     1    0.035420    0.092098    0.190170    1.035754 v output25/X (sky130_fd_sc_hd__buf_2)
                                                         dac_in_n[5] (net)
                      0.092110    0.001025    1.036779 v dac_in_n[5] (out)
                                              1.036779   data arrival time

                                 50.000000   50.000000   clock clk (rise edge)
                                  0.000000   50.000000   clock network delay (propagated)
                                 -0.250000   49.749996   clock uncertainty
                                  0.000000   49.749996   clock reconvergence pessimism
                                -10.000000   39.749996   output external delay
                                             39.749996   data required time
---------------------------------------------------------------------------------------------
                                             39.749996   data required time
                                             -1.036779   data arrival time
---------------------------------------------------------------------------------------------
                                             38.713219   slack (MET)


Startpoint: _167_ (rising edge-triggered flip-flop clocked by clk)
Endpoint: dac_in[6] (output port clocked by clk)
Path Group: clk
Path Type: max

Fanout         Cap        Slew       Delay        Time   Description
---------------------------------------------------------------------------------------------
                                  0.000000    0.000000   clock clk (rise edge)
                                  0.000000    0.000000   clock source latency
     1    0.017250    0.083453    0.057184    0.057184 ^ clk (in)
                                                         clk (net)
                      0.083459    0.000000    0.057184 ^ clkbuf_0_clk/A (sky130_fd_sc_hd__clkbuf_16)
     2    0.018808    0.040866    0.138344    0.195528 ^ clkbuf_0_clk/X (sky130_fd_sc_hd__clkbuf_16)
                                                         clknet_0_clk (net)
                      0.040867    0.000361    0.195889 ^ clkbuf_1_0__f_clk/A (sky130_fd_sc_hd__clkbuf_16)
    10    0.040087    0.059773    0.140182    0.336071 ^ clkbuf_1_0__f_clk/X (sky130_fd_sc_hd__clkbuf_16)
                                                         clknet_1_0__leaf_clk (net)
                      0.059779    0.000693    0.336764 ^ _167_/CLK (sky130_fd_sc_hd__dfxtp_1)
     4    0.022690    0.217161    0.433552    0.770316 ^ _167_/Q (sky130_fd_sc_hd__dfxtp_1)
                                                         net18 (net)
                      0.217161    0.000506    0.770822 ^ output18/A (sky130_fd_sc_hd__buf_2)
     1    0.034545    0.172034    0.253038    1.023860 ^ output18/X (sky130_fd_sc_hd__buf_2)
                                                         dac_in[6] (net)
                      0.172035    0.000838    1.024698 ^ dac_in[6] (out)
                                              1.024698   data arrival time

                                 50.000000   50.000000   clock clk (rise edge)
                                  0.000000   50.000000   clock network delay (propagated)
                                 -0.250000   49.749996   clock uncertainty
                                  0.000000   49.749996   clock reconvergence pessimism
                                -10.000000   39.749996   output external delay
                                             39.749996   data required time
---------------------------------------------------------------------------------------------
                                             39.749996   data required time
                                             -1.024698   data arrival time
---------------------------------------------------------------------------------------------
                                             38.725296   slack (MET)


Startpoint: _162_ (rising edge-triggered flip-flop clocked by clk)
Endpoint: dac_in[1] (output port clocked by clk)
Path Group: clk
Path Type: max

Fanout         Cap        Slew       Delay        Time   Description
---------------------------------------------------------------------------------------------
                                  0.000000    0.000000   clock clk (rise edge)
                                  0.000000    0.000000   clock source latency
     1    0.017250    0.083453    0.057184    0.057184 ^ clk (in)
                                                         clk (net)
                      0.083459    0.000000    0.057184 ^ clkbuf_0_clk/A (sky130_fd_sc_hd__clkbuf_16)
     2    0.018808    0.040866    0.138344    0.195528 ^ clkbuf_0_clk/X (sky130_fd_sc_hd__clkbuf_16)
                                                         clknet_0_clk (net)
                      0.040866    0.000320    0.195848 ^ clkbuf_1_1__f_clk/A (sky130_fd_sc_hd__clkbuf_16)
    12    0.039354    0.059145    0.139753    0.335601 ^ clkbuf_1_1__f_clk/X (sky130_fd_sc_hd__clkbuf_16)
                                                         clknet_1_1__leaf_clk (net)
                      0.059159    0.000828    0.336429 ^ _162_/CLK (sky130_fd_sc_hd__dfxtp_1)
     3    0.021825    0.209370    0.427787    0.764216 ^ _162_/Q (sky130_fd_sc_hd__dfxtp_1)
                                                         net13 (net)
                      0.209375    0.001340    0.765557 ^ output13/A (sky130_fd_sc_hd__buf_2)
     1    0.034545    0.172025    0.250932    1.016489 ^ output13/X (sky130_fd_sc_hd__buf_2)
                                                         dac_in[1] (net)
                      0.172026    0.000838    1.017328 ^ dac_in[1] (out)
                                              1.017328   data arrival time

                                 50.000000   50.000000   clock clk (rise edge)
                                  0.000000   50.000000   clock network delay (propagated)
                                 -0.250000   49.749996   clock uncertainty
                                  0.000000   49.749996   clock reconvergence pessimism
                                -10.000000   39.749996   output external delay
                                             39.749996   data required time
---------------------------------------------------------------------------------------------
                                             39.749996   data required time
                                             -1.017328   data arrival time
---------------------------------------------------------------------------------------------
                                             38.732670   slack (MET)


Startpoint: _165_ (rising edge-triggered flip-flop clocked by clk)
Endpoint: dac_in_n[4] (output port clocked by clk)
Path Group: clk
Path Type: max

Fanout         Cap        Slew       Delay        Time   Description
---------------------------------------------------------------------------------------------
                                  0.000000    0.000000   clock clk (rise edge)
                                  0.000000    0.000000   clock source latency
     1    0.017250    0.083453    0.057184    0.057184 ^ clk (in)
                                                         clk (net)
                      0.083459    0.000000    0.057184 ^ clkbuf_0_clk/A (sky130_fd_sc_hd__clkbuf_16)
     2    0.018808    0.040866    0.138344    0.195528 ^ clkbuf_0_clk/X (sky130_fd_sc_hd__clkbuf_16)
                                                         clknet_0_clk (net)
                      0.040866    0.000320    0.195848 ^ clkbuf_1_1__f_clk/A (sky130_fd_sc_hd__clkbuf_16)
    12    0.039354    0.059145    0.139753    0.335601 ^ clkbuf_1_1__f_clk/X (sky130_fd_sc_hd__clkbuf_16)
                                                         clknet_1_1__leaf_clk (net)
                      0.059146    0.000423    0.336023 ^ _165_/CLK (sky130_fd_sc_hd__dfxtp_1)
     3    0.021447    0.205918    0.425515    0.761539 ^ _165_/Q (sky130_fd_sc_hd__dfxtp_1)
                                                         net16 (net)
                      0.205918    0.000575    0.762114 ^ _077_/A (sky130_fd_sc_hd__inv_2)
     2    0.009252    0.055132    0.068997    0.831110 v _077_/Y (sky130_fd_sc_hd__inv_2)
                                                         net24 (net)
                      0.055132    0.000145    0.831256 v output24/A (sky130_fd_sc_hd__buf_2)
     1    0.034577    0.090206    0.184937    1.016193 v output24/X (sky130_fd_sc_hd__buf_2)
                                                         dac_in_n[4] (net)
                      0.090213    0.000852    1.017045 v dac_in_n[4] (out)
                                              1.017045   data arrival time

                                 50.000000   50.000000   clock clk (rise edge)
                                  0.000000   50.000000   clock network delay (propagated)
                                 -0.250000   49.749996   clock uncertainty
                                  0.000000   49.749996   clock reconvergence pessimism
                                -10.000000   39.749996   output external delay
                                             39.749996   data required time
---------------------------------------------------------------------------------------------
                                             39.749996   data required time
                                             -1.017045   data arrival time
---------------------------------------------------------------------------------------------
                                             38.732952   slack (MET)


Startpoint: _165_ (rising edge-triggered flip-flop clocked by clk)
Endpoint: dac_in[4] (output port clocked by clk)
Path Group: clk
Path Type: max

Fanout         Cap        Slew       Delay        Time   Description
---------------------------------------------------------------------------------------------
                                  0.000000    0.000000   clock clk (rise edge)
                                  0.000000    0.000000   clock source latency
     1    0.017250    0.083453    0.057184    0.057184 ^ clk (in)
                                                         clk (net)
                      0.083459    0.000000    0.057184 ^ clkbuf_0_clk/A (sky130_fd_sc_hd__clkbuf_16)
     2    0.018808    0.040866    0.138344    0.195528 ^ clkbuf_0_clk/X (sky130_fd_sc_hd__clkbuf_16)
                                                         clknet_0_clk (net)
                      0.040866    0.000320    0.195848 ^ clkbuf_1_1__f_clk/A (sky130_fd_sc_hd__clkbuf_16)
    12    0.039354    0.059145    0.139753    0.335601 ^ clkbuf_1_1__f_clk/X (sky130_fd_sc_hd__clkbuf_16)
                                                         clknet_1_1__leaf_clk (net)
                      0.059146    0.000423    0.336023 ^ _165_/CLK (sky130_fd_sc_hd__dfxtp_1)
     3    0.021447    0.205918    0.425515    0.761539 ^ _165_/Q (sky130_fd_sc_hd__dfxtp_1)
                                                         net16 (net)
                      0.205922    0.001135    0.762673 ^ output16/A (sky130_fd_sc_hd__buf_2)
     1    0.034545    0.172021    0.249998    1.012671 ^ output16/X (sky130_fd_sc_hd__buf_2)
                                                         dac_in[4] (net)
                      0.172022    0.000838    1.013510 ^ dac_in[4] (out)
                                              1.013510   data arrival time

                                 50.000000   50.000000   clock clk (rise edge)
                                  0.000000   50.000000   clock network delay (propagated)
                                 -0.250000   49.749996   clock uncertainty
                                  0.000000   49.749996   clock reconvergence pessimism
                                -10.000000   39.749996   output external delay
                                             39.749996   data required time
---------------------------------------------------------------------------------------------
                                             39.749996   data required time
                                             -1.013510   data arrival time
---------------------------------------------------------------------------------------------
                                             38.736485   slack (MET)


Startpoint: _166_ (rising edge-triggered flip-flop clocked by clk)
Endpoint: dac_in[5] (output port clocked by clk)
Path Group: clk
Path Type: max

Fanout         Cap        Slew       Delay        Time   Description
---------------------------------------------------------------------------------------------
                                  0.000000    0.000000   clock clk (rise edge)
                                  0.000000    0.000000   clock source latency
     1    0.017250    0.083453    0.057184    0.057184 ^ clk (in)
                                                         clk (net)
                      0.083459    0.000000    0.057184 ^ clkbuf_0_clk/A (sky130_fd_sc_hd__clkbuf_16)
     2    0.018808    0.040866    0.138344    0.195528 ^ clkbuf_0_clk/X (sky130_fd_sc_hd__clkbuf_16)
                                                         clknet_0_clk (net)
                      0.040866    0.000320    0.195848 ^ clkbuf_1_1__f_clk/A (sky130_fd_sc_hd__clkbuf_16)
    12    0.039354    0.059145    0.139753    0.335601 ^ clkbuf_1_1__f_clk/X (sky130_fd_sc_hd__clkbuf_16)
                                                         clknet_1_1__leaf_clk (net)
                      0.059153    0.000693    0.336294 ^ _166_/CLK (sky130_fd_sc_hd__dfxtp_1)
     3    0.021242    0.204031    0.424356    0.760650 ^ _166_/Q (sky130_fd_sc_hd__dfxtp_1)
                                                         net17 (net)
                      0.204031    0.000533    0.761183 ^ output17/A (sky130_fd_sc_hd__buf_2)
     1    0.034545    0.172018    0.249487    1.010670 ^ output17/X (sky130_fd_sc_hd__buf_2)
                                                         dac_in[5] (net)
                      0.172020    0.000838    1.011508 ^ dac_in[5] (out)
                                              1.011508   data arrival time

                                 50.000000   50.000000   clock clk (rise edge)
                                  0.000000   50.000000   clock network delay (propagated)
                                 -0.250000   49.749996   clock uncertainty
                                  0.000000   49.749996   clock reconvergence pessimism
                                -10.000000   39.749996   output external delay
                                             39.749996   data required time
---------------------------------------------------------------------------------------------
                                             39.749996   data required time
                                             -1.011508   data arrival time
---------------------------------------------------------------------------------------------
                                             38.738487   slack (MET)


Startpoint: _162_ (rising edge-triggered flip-flop clocked by clk)
Endpoint: dac_in_n[1] (output port clocked by clk)
Path Group: clk
Path Type: max

Fanout         Cap        Slew       Delay        Time   Description
---------------------------------------------------------------------------------------------
                                  0.000000    0.000000   clock clk (rise edge)
                                  0.000000    0.000000   clock source latency
     1    0.017250    0.083453    0.057184    0.057184 ^ clk (in)
                                                         clk (net)
                      0.083459    0.000000    0.057184 ^ clkbuf_0_clk/A (sky130_fd_sc_hd__clkbuf_16)
     2    0.018808    0.040866    0.138344    0.195528 ^ clkbuf_0_clk/X (sky130_fd_sc_hd__clkbuf_16)
                                                         clknet_0_clk (net)
                      0.040866    0.000320    0.195848 ^ clkbuf_1_1__f_clk/A (sky130_fd_sc_hd__clkbuf_16)
    12    0.039354    0.059145    0.139753    0.335601 ^ clkbuf_1_1__f_clk/X (sky130_fd_sc_hd__clkbuf_16)
                                                         clknet_1_1__leaf_clk (net)
                      0.059159    0.000828    0.336429 ^ _162_/CLK (sky130_fd_sc_hd__dfxtp_1)
     3    0.021825    0.209370    0.427787    0.764216 ^ _162_/Q (sky130_fd_sc_hd__dfxtp_1)
                                                         net13 (net)
                      0.209371    0.000893    0.765110 ^ _080_/A (sky130_fd_sc_hd__inv_2)
     2    0.005860    0.046545    0.056270    0.821380 v _080_/Y (sky130_fd_sc_hd__inv_2)
                                                         net21 (net)
                      0.046545    0.000093    0.821473 v output21/A (sky130_fd_sc_hd__buf_2)
     1    0.034585    0.090269    0.181205    1.002678 v output21/X (sky130_fd_sc_hd__buf_2)
                                                         dac_in_n[1] (net)
                      0.090276    0.000852    1.003531 v dac_in_n[1] (out)
                                              1.003531   data arrival time

                                 50.000000   50.000000   clock clk (rise edge)
                                  0.000000   50.000000   clock network delay (propagated)
                                 -0.250000   49.749996   clock uncertainty
                                  0.000000   49.749996   clock reconvergence pessimism
                                -10.000000   39.749996   output external delay
                                             39.749996   data required time
---------------------------------------------------------------------------------------------
                                             39.749996   data required time
                                             -1.003531   data arrival time
---------------------------------------------------------------------------------------------
                                             38.746464   slack (MET)


Startpoint: _167_ (rising edge-triggered flip-flop clocked by clk)
Endpoint: dac_in_n[6] (output port clocked by clk)
Path Group: clk
Path Type: max

Fanout         Cap        Slew       Delay        Time   Description
---------------------------------------------------------------------------------------------
                                  0.000000    0.000000   clock clk (rise edge)
                                  0.000000    0.000000   clock source latency
     1    0.017250    0.083453    0.057184    0.057184 ^ clk (in)
                                                         clk (net)
                      0.083459    0.000000    0.057184 ^ clkbuf_0_clk/A (sky130_fd_sc_hd__clkbuf_16)
     2    0.018808    0.040866    0.138344    0.195528 ^ clkbuf_0_clk/X (sky130_fd_sc_hd__clkbuf_16)
                                                         clknet_0_clk (net)
                      0.040867    0.000361    0.195889 ^ clkbuf_1_0__f_clk/A (sky130_fd_sc_hd__clkbuf_16)
    10    0.040087    0.059773    0.140182    0.336071 ^ clkbuf_1_0__f_clk/X (sky130_fd_sc_hd__clkbuf_16)
                                                         clknet_1_0__leaf_clk (net)
                      0.059779    0.000693    0.336764 ^ _167_/CLK (sky130_fd_sc_hd__dfxtp_1)
     4    0.022690    0.217161    0.433552    0.770316 ^ _167_/Q (sky130_fd_sc_hd__dfxtp_1)
                                                         net18 (net)
                      0.217167    0.001385    0.771701 ^ _075_/A (sky130_fd_sc_hd__inv_2)
     1    0.002437    0.037113    0.039334    0.811035 v _075_/Y (sky130_fd_sc_hd__inv_2)
                                                         net26 (net)
                      0.037113    0.000068    0.811103 v output26/A (sky130_fd_sc_hd__buf_2)
     1    0.034572    0.090309    0.177118    0.988221 v output26/X (sky130_fd_sc_hd__buf_2)
                                                         dac_in_n[6] (net)
                      0.090317    0.000852    0.989073 v dac_in_n[6] (out)
                                              0.989073   data arrival time

                                 50.000000   50.000000   clock clk (rise edge)
                                  0.000000   50.000000   clock network delay (propagated)
                                 -0.250000   49.749996   clock uncertainty
                                  0.000000   49.749996   clock reconvergence pessimism
                                -10.000000   39.749996   output external delay
                                             39.749996   data required time
---------------------------------------------------------------------------------------------
                                             39.749996   data required time
                                             -0.989073   data arrival time
---------------------------------------------------------------------------------------------
                                             38.760925   slack (MET)


Startpoint: _168_ (rising edge-triggered flip-flop clocked by clk)
Endpoint: dac_in_n[7] (output port clocked by clk)
Path Group: clk
Path Type: max

Fanout         Cap        Slew       Delay        Time   Description
---------------------------------------------------------------------------------------------
                                  0.000000    0.000000   clock clk (rise edge)
                                  0.000000    0.000000   clock source latency
     1    0.017250    0.083453    0.057184    0.057184 ^ clk (in)
                                                         clk (net)
                      0.083459    0.000000    0.057184 ^ clkbuf_0_clk/A (sky130_fd_sc_hd__clkbuf_16)
     2    0.018808    0.040866    0.138344    0.195528 ^ clkbuf_0_clk/X (sky130_fd_sc_hd__clkbuf_16)
                                                         clknet_0_clk (net)
                      0.040867    0.000361    0.195889 ^ clkbuf_1_0__f_clk/A (sky130_fd_sc_hd__clkbuf_16)
    10    0.040087    0.059773    0.140182    0.336071 ^ clkbuf_1_0__f_clk/X (sky130_fd_sc_hd__clkbuf_16)
                                                         clknet_1_0__leaf_clk (net)
                      0.059777    0.000649    0.336719 ^ _168_/CLK (sky130_fd_sc_hd__dfxtp_1)
     3    0.013431    0.070619    0.337440    0.674159 v _168_/Q (sky130_fd_sc_hd__dfxtp_1)
                                                         net19 (net)
                      0.070622    0.000518    0.674677 v _074_/A (sky130_fd_sc_hd__inv_2)
     2    0.017386    0.085025    0.097803    0.772480 ^ _074_/Y (sky130_fd_sc_hd__inv_2)
                                                         net27 (net)
                      0.085030    0.000514    0.772994 ^ output27/A (sky130_fd_sc_hd__buf_2)
     1    0.034542    0.171693    0.213633    0.986627 ^ output27/X (sky130_fd_sc_hd__buf_2)
                                                         dac_in_n[7] (net)
                      0.171695    0.000825    0.987452 ^ dac_in_n[7] (out)
                                              0.987452   data arrival time

                                 50.000000   50.000000   clock clk (rise edge)
                                  0.000000   50.000000   clock network delay (propagated)
                                 -0.250000   49.749996   clock uncertainty
                                  0.000000   49.749996   clock reconvergence pessimism
                                -10.000000   39.749996   output external delay
                                             39.749996   data required time
---------------------------------------------------------------------------------------------
                                             39.749996   data required time
                                             -0.987452   data arrival time
---------------------------------------------------------------------------------------------
                                             38.762543   slack (MET)


Startpoint: _168_ (rising edge-triggered flip-flop clocked by clk)
Endpoint: dac_in[7] (output port clocked by clk)
Path Group: clk
Path Type: max

Fanout         Cap        Slew       Delay        Time   Description
---------------------------------------------------------------------------------------------
                                  0.000000    0.000000   clock clk (rise edge)
                                  0.000000    0.000000   clock source latency
     1    0.017250    0.083453    0.057184    0.057184 ^ clk (in)
                                                         clk (net)
                      0.083459    0.000000    0.057184 ^ clkbuf_0_clk/A (sky130_fd_sc_hd__clkbuf_16)
     2    0.018808    0.040866    0.138344    0.195528 ^ clkbuf_0_clk/X (sky130_fd_sc_hd__clkbuf_16)
                                                         clknet_0_clk (net)
                      0.040867    0.000361    0.195889 ^ clkbuf_1_0__f_clk/A (sky130_fd_sc_hd__clkbuf_16)
    10    0.040087    0.059773    0.140182    0.336071 ^ clkbuf_1_0__f_clk/X (sky130_fd_sc_hd__clkbuf_16)
                                                         clknet_1_0__leaf_clk (net)
                      0.059777    0.000649    0.336719 ^ _168_/CLK (sky130_fd_sc_hd__dfxtp_1)
     3    0.014122    0.139887    0.378908    0.715627 ^ _168_/Q (sky130_fd_sc_hd__dfxtp_1)
                                                         net19 (net)
                      0.139887    0.000172    0.715799 ^ output19/A (sky130_fd_sc_hd__buf_2)
     1    0.034784    0.173069    0.232893    0.948692 ^ output19/X (sky130_fd_sc_hd__buf_2)
                                                         dac_in[7] (net)
                      0.173071    0.000895    0.949587 ^ dac_in[7] (out)
                                              0.949587   data arrival time

                                 50.000000   50.000000   clock clk (rise edge)
                                  0.000000   50.000000   clock network delay (propagated)
                                 -0.250000   49.749996   clock uncertainty
                                  0.000000   49.749996   clock reconvergence pessimism
                                -10.000000   39.749996   output external delay
                                             39.749996   data required time
---------------------------------------------------------------------------------------------
                                             39.749996   data required time
                                             -0.949587   data arrival time
---------------------------------------------------------------------------------------------
                                             38.800411   slack (MET)


Startpoint: _160_ (rising edge-triggered flip-flop clocked by clk)
Endpoint: adc_out[7] (output port clocked by clk)
Path Group: clk
Path Type: max

Fanout         Cap        Slew       Delay        Time   Description
---------------------------------------------------------------------------------------------
                                  0.000000    0.000000   clock clk (rise edge)
                                  0.000000    0.000000   clock source latency
     1    0.017250    0.083453    0.057184    0.057184 ^ clk (in)
                                                         clk (net)
                      0.083459    0.000000    0.057184 ^ clkbuf_0_clk/A (sky130_fd_sc_hd__clkbuf_16)
     2    0.018808    0.040866    0.138344    0.195528 ^ clkbuf_0_clk/X (sky130_fd_sc_hd__clkbuf_16)
                                                         clknet_0_clk (net)
                      0.040866    0.000320    0.195848 ^ clkbuf_1_1__f_clk/A (sky130_fd_sc_hd__clkbuf_16)
    12    0.039354    0.059145    0.139753    0.335601 ^ clkbuf_1_1__f_clk/X (sky130_fd_sc_hd__clkbuf_16)
                                                         clknet_1_1__leaf_clk (net)
                      0.059150    0.000590    0.336191 ^ _160_/CLK (sky130_fd_sc_hd__dfxtp_1)
     2    0.009065    0.094464    0.346296    0.682488 ^ _160_/Q (sky130_fd_sc_hd__dfxtp_1)
                                                         net10 (net)
                      0.094464    0.000296    0.682783 ^ output10/A (sky130_fd_sc_hd__buf_2)
     1    0.035019    0.173974    0.218693    0.901476 ^ output10/X (sky130_fd_sc_hd__buf_2)
                                                         adc_out[7] (net)
                      0.173975    0.000827    0.902302 ^ adc_out[7] (out)
                                              0.902302   data arrival time

                                 50.000000   50.000000   clock clk (rise edge)
                                  0.000000   50.000000   clock network delay (propagated)
                                 -0.250000   49.749996   clock uncertainty
                                  0.000000   49.749996   clock reconvergence pessimism
                                -10.000000   39.749996   output external delay
                                             39.749996   data required time
---------------------------------------------------------------------------------------------
                                             39.749996   data required time
                                             -0.902302   data arrival time
---------------------------------------------------------------------------------------------
                                             38.847691   slack (MET)


Startpoint: _154_ (rising edge-triggered flip-flop clocked by clk)
Endpoint: adc_out[1] (output port clocked by clk)
Path Group: clk
Path Type: max

Fanout         Cap        Slew       Delay        Time   Description
---------------------------------------------------------------------------------------------
                                  0.000000    0.000000   clock clk (rise edge)
                                  0.000000    0.000000   clock source latency
     1    0.017250    0.083453    0.057184    0.057184 ^ clk (in)
                                                         clk (net)
                      0.083459    0.000000    0.057184 ^ clkbuf_0_clk/A (sky130_fd_sc_hd__clkbuf_16)
     2    0.018808    0.040866    0.138344    0.195528 ^ clkbuf_0_clk/X (sky130_fd_sc_hd__clkbuf_16)
                                                         clknet_0_clk (net)
                      0.040866    0.000320    0.195848 ^ clkbuf_1_1__f_clk/A (sky130_fd_sc_hd__clkbuf_16)
    12    0.039354    0.059145    0.139753    0.335601 ^ clkbuf_1_1__f_clk/X (sky130_fd_sc_hd__clkbuf_16)
                                                         clknet_1_1__leaf_clk (net)
                      0.059158    0.000807    0.336407 ^ _154_/CLK (sky130_fd_sc_hd__dfxtp_1)
     2    0.008105    0.086253    0.339962    0.676369 ^ _154_/Q (sky130_fd_sc_hd__dfxtp_1)
                                                         net4 (net)
                      0.086253    0.000317    0.676686 ^ output4/A (sky130_fd_sc_hd__buf_2)
     1    0.034754    0.172662    0.214873    0.891559 ^ output4/X (sky130_fd_sc_hd__buf_2)
                                                         adc_out[1] (net)
                      0.172663    0.000702    0.892262 ^ adc_out[1] (out)
                                              0.892262   data arrival time

                                 50.000000   50.000000   clock clk (rise edge)
                                  0.000000   50.000000   clock network delay (propagated)
                                 -0.250000   49.749996   clock uncertainty
                                  0.000000   49.749996   clock reconvergence pessimism
                                -10.000000   39.749996   output external delay
                                             39.749996   data required time
---------------------------------------------------------------------------------------------
                                             39.749996   data required time
                                             -0.892262   data arrival time
---------------------------------------------------------------------------------------------
                                             38.857735   slack (MET)


Startpoint: _153_ (rising edge-triggered flip-flop clocked by clk)
Endpoint: adc_out[0] (output port clocked by clk)
Path Group: clk
Path Type: max

Fanout         Cap        Slew       Delay        Time   Description
---------------------------------------------------------------------------------------------
                                  0.000000    0.000000   clock clk (rise edge)
                                  0.000000    0.000000   clock source latency
     1    0.017250    0.083453    0.057184    0.057184 ^ clk (in)
                                                         clk (net)
                      0.083459    0.000000    0.057184 ^ clkbuf_0_clk/A (sky130_fd_sc_hd__clkbuf_16)
     2    0.018808    0.040866    0.138344    0.195528 ^ clkbuf_0_clk/X (sky130_fd_sc_hd__clkbuf_16)
                                                         clknet_0_clk (net)
                      0.040866    0.000320    0.195848 ^ clkbuf_1_1__f_clk/A (sky130_fd_sc_hd__clkbuf_16)
    12    0.039354    0.059145    0.139753    0.335601 ^ clkbuf_1_1__f_clk/X (sky130_fd_sc_hd__clkbuf_16)
                                                         clknet_1_1__leaf_clk (net)
                      0.059162    0.000895    0.336496 ^ _153_/CLK (sky130_fd_sc_hd__dfxtp_1)
     2    0.007775    0.083368    0.337820    0.674315 ^ _153_/Q (sky130_fd_sc_hd__dfxtp_1)
                                                         net3 (net)
                      0.083368    0.000274    0.674590 ^ output3/A (sky130_fd_sc_hd__buf_2)
     1    0.035068    0.174149    0.214715    0.889305 ^ output3/X (sky130_fd_sc_hd__buf_2)
                                                         adc_out[0] (net)
                      0.174152    0.000903    0.890208 ^ adc_out[0] (out)
                                              0.890208   data arrival time

                                 50.000000   50.000000   clock clk (rise edge)
                                  0.000000   50.000000   clock network delay (propagated)
                                 -0.250000   49.749996   clock uncertainty
                                  0.000000   49.749996   clock reconvergence pessimism
                                -10.000000   39.749996   output external delay
                                             39.749996   data required time
---------------------------------------------------------------------------------------------
                                             39.749996   data required time
                                             -0.890208   data arrival time
---------------------------------------------------------------------------------------------
                                             38.859791   slack (MET)


Startpoint: _156_ (rising edge-triggered flip-flop clocked by clk)
Endpoint: adc_out[3] (output port clocked by clk)
Path Group: clk
Path Type: max

Fanout         Cap        Slew       Delay        Time   Description
---------------------------------------------------------------------------------------------
                                  0.000000    0.000000   clock clk (rise edge)
                                  0.000000    0.000000   clock source latency
     1    0.017250    0.083453    0.057184    0.057184 ^ clk (in)
                                                         clk (net)
                      0.083459    0.000000    0.057184 ^ clkbuf_0_clk/A (sky130_fd_sc_hd__clkbuf_16)
     2    0.018808    0.040866    0.138344    0.195528 ^ clkbuf_0_clk/X (sky130_fd_sc_hd__clkbuf_16)
                                                         clknet_0_clk (net)
                      0.040866    0.000320    0.195848 ^ clkbuf_1_1__f_clk/A (sky130_fd_sc_hd__clkbuf_16)
    12    0.039354    0.059145    0.139753    0.335601 ^ clkbuf_1_1__f_clk/X (sky130_fd_sc_hd__clkbuf_16)
                                                         clknet_1_1__leaf_clk (net)
                      0.059162    0.000910    0.336511 ^ _156_/CLK (sky130_fd_sc_hd__dfxtp_1)
     2    0.007395    0.080038    0.335296    0.671807 ^ _156_/Q (sky130_fd_sc_hd__dfxtp_1)
                                                         net6 (net)
                      0.080038    0.000281    0.672088 ^ output6/A (sky130_fd_sc_hd__buf_2)
     1    0.034072    0.169432    0.210373    0.882460 ^ output6/X (sky130_fd_sc_hd__buf_2)
                                                         adc_out[3] (net)
                      0.169432    0.000622    0.883082 ^ adc_out[3] (out)
                                              0.883082   data arrival time

                                 50.000000   50.000000   clock clk (rise edge)
                                  0.000000   50.000000   clock network delay (propagated)
                                 -0.250000   49.749996   clock uncertainty
                                  0.000000   49.749996   clock reconvergence pessimism
                                -10.000000   39.749996   output external delay
                                             39.749996   data required time
---------------------------------------------------------------------------------------------
                                             39.749996   data required time
                                             -0.883082   data arrival time
---------------------------------------------------------------------------------------------
                                             38.866913   slack (MET)


Startpoint: _159_ (rising edge-triggered flip-flop clocked by clk)
Endpoint: adc_out[6] (output port clocked by clk)
Path Group: clk
Path Type: max

Fanout         Cap        Slew       Delay        Time   Description
---------------------------------------------------------------------------------------------
                                  0.000000    0.000000   clock clk (rise edge)
                                  0.000000    0.000000   clock source latency
     1    0.017250    0.083453    0.057184    0.057184 ^ clk (in)
                                                         clk (net)
                      0.083459    0.000000    0.057184 ^ clkbuf_0_clk/A (sky130_fd_sc_hd__clkbuf_16)
     2    0.018808    0.040866    0.138344    0.195528 ^ clkbuf_0_clk/X (sky130_fd_sc_hd__clkbuf_16)
                                                         clknet_0_clk (net)
                      0.040866    0.000320    0.195848 ^ clkbuf_1_1__f_clk/A (sky130_fd_sc_hd__clkbuf_16)
    12    0.039354    0.059145    0.139753    0.335601 ^ clkbuf_1_1__f_clk/X (sky130_fd_sc_hd__clkbuf_16)
                                                         clknet_1_1__leaf_clk (net)
                      0.059178    0.001190    0.336791 ^ _159_/CLK (sky130_fd_sc_hd__dfxtp_1)
     2    0.006690    0.073853    0.330696    0.667487 ^ _159_/Q (sky130_fd_sc_hd__dfxtp_1)
                                                         net9 (net)
                      0.073853    0.000183    0.667670 ^ output9/A (sky130_fd_sc_hd__buf_2)
     1    0.034401    0.170936    0.209161    0.876830 ^ output9/X (sky130_fd_sc_hd__buf_2)
                                                         adc_out[6] (net)
                      0.170936    0.000657    0.877488 ^ adc_out[6] (out)
                                              0.877488   data arrival time

                                 50.000000   50.000000   clock clk (rise edge)
                                  0.000000   50.000000   clock network delay (propagated)
                                 -0.250000   49.749996   clock uncertainty
                                  0.000000   49.749996   clock reconvergence pessimism
                                -10.000000   39.749996   output external delay
                                             39.749996   data required time
---------------------------------------------------------------------------------------------
                                             39.749996   data required time
                                             -0.877488   data arrival time
---------------------------------------------------------------------------------------------
                                             38.872509   slack (MET)


Startpoint: _155_ (rising edge-triggered flip-flop clocked by clk)
Endpoint: adc_out[2] (output port clocked by clk)
Path Group: clk
Path Type: max

Fanout         Cap        Slew       Delay        Time   Description
---------------------------------------------------------------------------------------------
                                  0.000000    0.000000   clock clk (rise edge)
                                  0.000000    0.000000   clock source latency
     1    0.017250    0.083453    0.057184    0.057184 ^ clk (in)
                                                         clk (net)
                      0.083459    0.000000    0.057184 ^ clkbuf_0_clk/A (sky130_fd_sc_hd__clkbuf_16)
     2    0.018808    0.040866    0.138344    0.195528 ^ clkbuf_0_clk/X (sky130_fd_sc_hd__clkbuf_16)
                                                         clknet_0_clk (net)
                      0.040866    0.000320    0.195848 ^ clkbuf_1_1__f_clk/A (sky130_fd_sc_hd__clkbuf_16)
    12    0.039354    0.059145    0.139753    0.335601 ^ clkbuf_1_1__f_clk/X (sky130_fd_sc_hd__clkbuf_16)
                                                         clknet_1_1__leaf_clk (net)
                      0.059169    0.001038    0.336639 ^ _155_/CLK (sky130_fd_sc_hd__dfxtp_1)
     2    0.005875    0.066740    0.325329    0.661968 ^ _155_/Q (sky130_fd_sc_hd__dfxtp_1)
                                                         net5 (net)
                      0.066740    0.000168    0.662136 ^ output5/A (sky130_fd_sc_hd__buf_2)
     1    0.034059    0.169293    0.205428    0.867564 ^ output5/X (sky130_fd_sc_hd__buf_2)
                                                         adc_out[2] (net)
                      0.169293    0.000622    0.868186 ^ adc_out[2] (out)
                                              0.868186   data arrival time

                                 50.000000   50.000000   clock clk (rise edge)
                                  0.000000   50.000000   clock network delay (propagated)
                                 -0.250000   49.749996   clock uncertainty
                                  0.000000   49.749996   clock reconvergence pessimism
                                -10.000000   39.749996   output external delay
                                             39.749996   data required time
---------------------------------------------------------------------------------------------
                                             39.749996   data required time
                                             -0.868186   data arrival time
---------------------------------------------------------------------------------------------
                                             38.881809   slack (MET)


Startpoint: _157_ (rising edge-triggered flip-flop clocked by clk)
Endpoint: adc_out[4] (output port clocked by clk)
Path Group: clk
Path Type: max

Fanout         Cap        Slew       Delay        Time   Description
---------------------------------------------------------------------------------------------
                                  0.000000    0.000000   clock clk (rise edge)
                                  0.000000    0.000000   clock source latency
     1    0.017250    0.083453    0.057184    0.057184 ^ clk (in)
                                                         clk (net)
                      0.083459    0.000000    0.057184 ^ clkbuf_0_clk/A (sky130_fd_sc_hd__clkbuf_16)
     2    0.018808    0.040866    0.138344    0.195528 ^ clkbuf_0_clk/X (sky130_fd_sc_hd__clkbuf_16)
                                                         clknet_0_clk (net)
                      0.040866    0.000320    0.195848 ^ clkbuf_1_1__f_clk/A (sky130_fd_sc_hd__clkbuf_16)
    12    0.039354    0.059145    0.139753    0.335601 ^ clkbuf_1_1__f_clk/X (sky130_fd_sc_hd__clkbuf_16)
                                                         clknet_1_1__leaf_clk (net)
                      0.059175    0.001143    0.336743 ^ _157_/CLK (sky130_fd_sc_hd__dfxtp_1)
     2    0.005536    0.063795    0.323113    0.659856 ^ _157_/Q (sky130_fd_sc_hd__dfxtp_1)
                                                         net7 (net)
                      0.063795    0.000150    0.660006 ^ output7/A (sky130_fd_sc_hd__buf_2)
     1    0.034064    0.169302    0.204360    0.864367 ^ output7/X (sky130_fd_sc_hd__buf_2)
                                                         adc_out[4] (net)
                      0.169302    0.000622    0.864989 ^ adc_out[4] (out)
                                              0.864989   data arrival time

                                 50.000000   50.000000   clock clk (rise edge)
                                  0.000000   50.000000   clock network delay (propagated)
                                 -0.250000   49.749996   clock uncertainty
                                  0.000000   49.749996   clock reconvergence pessimism
                                -10.000000   39.749996   output external delay
                                             39.749996   data required time
---------------------------------------------------------------------------------------------
                                             39.749996   data required time
                                             -0.864989   data arrival time
---------------------------------------------------------------------------------------------
                                             38.885006   slack (MET)


Startpoint: _158_ (rising edge-triggered flip-flop clocked by clk)
Endpoint: adc_out[5] (output port clocked by clk)
Path Group: clk
Path Type: max

Fanout         Cap        Slew       Delay        Time   Description
---------------------------------------------------------------------------------------------
                                  0.000000    0.000000   clock clk (rise edge)
                                  0.000000    0.000000   clock source latency
     1    0.017250    0.083453    0.057184    0.057184 ^ clk (in)
                                                         clk (net)
                      0.083459    0.000000    0.057184 ^ clkbuf_0_clk/A (sky130_fd_sc_hd__clkbuf_16)
     2    0.018808    0.040866    0.138344    0.195528 ^ clkbuf_0_clk/X (sky130_fd_sc_hd__clkbuf_16)
                                                         clknet_0_clk (net)
                      0.040866    0.000320    0.195848 ^ clkbuf_1_1__f_clk/A (sky130_fd_sc_hd__clkbuf_16)
    12    0.039354    0.059145    0.139753    0.335601 ^ clkbuf_1_1__f_clk/X (sky130_fd_sc_hd__clkbuf_16)
                                                         clknet_1_1__leaf_clk (net)
                      0.059177    0.001186    0.336787 ^ _158_/CLK (sky130_fd_sc_hd__dfxtp_1)
     2    0.005283    0.061600    0.321451    0.658238 ^ _158_/Q (sky130_fd_sc_hd__dfxtp_1)
                                                         net8 (net)
                      0.061600    0.000119    0.658356 ^ output8/A (sky130_fd_sc_hd__buf_2)
     1    0.034067    0.169301    0.203560    0.861916 ^ output8/X (sky130_fd_sc_hd__buf_2)
                                                         adc_out[5] (net)
                      0.169301    0.000622    0.862538 ^ adc_out[5] (out)
                                              0.862538   data arrival time

                                 50.000000   50.000000   clock clk (rise edge)
                                  0.000000   50.000000   clock network delay (propagated)
                                 -0.250000   49.749996   clock uncertainty
                                  0.000000   49.749996   clock reconvergence pessimism
                                -10.000000   39.749996   output external delay
                                             39.749996   data required time
---------------------------------------------------------------------------------------------
                                             39.749996   data required time
                                             -0.862538   data arrival time
---------------------------------------------------------------------------------------------
                                             38.887459   slack (MET)


Startpoint: rst_n (input port clocked by clk)
Endpoint: _160_ (rising edge-triggered flip-flop clocked by clk)
Path Group: clk
Path Type: max

Fanout         Cap        Slew       Delay        Time   Description
---------------------------------------------------------------------------------------------
                                  0.000000    0.000000   clock clk (rise edge)
                                  0.000000    0.000000   clock network delay (propagated)
                                 10.000000   10.000000 ^ input external delay
     1    0.003541    0.022944    0.012922   10.012922 ^ rst_n (in)
                                                         rst_n (net)
                      0.022951    0.000000   10.012922 ^ input2/A (sky130_fd_sc_hd__buf_1)
     2    0.022952    0.271999    0.230887   10.243810 ^ input2/X (sky130_fd_sc_hd__buf_1)
                                                         net2 (net)
                      0.272020    0.001992   10.245802 ^ _102_/C1 (sky130_fd_sc_hd__o211a_1)
     1    0.002173    0.039659    0.184780   10.430582 ^ _102_/X (sky130_fd_sc_hd__o211a_1)
                                                         _009_ (net)
                      0.039659    0.000060   10.430642 ^ hold3/A (sky130_fd_sc_hd__dlygate4sd3_1)
     1    0.002220    0.048199    0.527643   10.958285 ^ hold3/X (sky130_fd_sc_hd__dlygate4sd3_1)
                                                         net38 (net)
                      0.048199    0.000063   10.958348 ^ _160_/D (sky130_fd_sc_hd__dfxtp_1)
                                             10.958348   data arrival time

                                 50.000000   50.000000   clock clk (rise edge)
                                  0.000000   50.000000   clock source latency
     1    0.017250    0.083453    0.057184   50.057182 ^ clk (in)
                                                         clk (net)
                      0.083459    0.000000   50.057182 ^ clkbuf_0_clk/A (sky130_fd_sc_hd__clkbuf_16)
     2    0.018808    0.040866    0.138343   50.195526 ^ clkbuf_0_clk/X (sky130_fd_sc_hd__clkbuf_16)
                                                         clknet_0_clk (net)
                      0.040866    0.000320   50.195847 ^ clkbuf_1_1__f_clk/A (sky130_fd_sc_hd__clkbuf_16)
    12    0.039354    0.059145    0.139753   50.335598 ^ clkbuf_1_1__f_clk/X (sky130_fd_sc_hd__clkbuf_16)
                                                         clknet_1_1__leaf_clk (net)
                      0.059150    0.000590   50.336189 ^ _160_/CLK (sky130_fd_sc_hd__dfxtp_1)
                                 -0.250000   50.086185   clock uncertainty
                                  0.000000   50.086185   clock reconvergence pessimism
                                 -0.052712   50.033474   library setup time
                                             50.033474   data required time
---------------------------------------------------------------------------------------------
                                             50.033474   data required time
                                            -10.958348   data arrival time
---------------------------------------------------------------------------------------------
                                             39.075127   slack (MET)


Startpoint: rst_n (input port clocked by clk)
Endpoint: _153_ (rising edge-triggered flip-flop clocked by clk)
Path Group: clk
Path Type: max

Fanout         Cap        Slew       Delay        Time   Description
---------------------------------------------------------------------------------------------
                                  0.000000    0.000000   clock clk (rise edge)
                                  0.000000    0.000000   clock network delay (propagated)
                                 10.000000   10.000000 ^ input external delay
     1    0.003541    0.022944    0.012922   10.012922 ^ rst_n (in)
                                                         rst_n (net)
                      0.022951    0.000000   10.012922 ^ input2/A (sky130_fd_sc_hd__buf_1)
     2    0.022952    0.271999    0.230887   10.243810 ^ input2/X (sky130_fd_sc_hd__buf_1)
                                                         net2 (net)
                      0.272014    0.001681   10.245491 ^ fanout34/A (sky130_fd_sc_hd__buf_2)
    10    0.038362    0.189815    0.279853   10.525345 ^ fanout34/X (sky130_fd_sc_hd__buf_2)
                                                         net34 (net)
                      0.189834    0.002006   10.527350 ^ _088_/C1 (sky130_fd_sc_hd__o211a_1)
     1    0.002281    0.040569    0.164897   10.692247 ^ _088_/X (sky130_fd_sc_hd__o211a_1)
                                                         _002_ (net)
                      0.040569    0.000066   10.692313 ^ _153_/D (sky130_fd_sc_hd__dfxtp_1)
                                             10.692313   data arrival time

                                 50.000000   50.000000   clock clk (rise edge)
                                  0.000000   50.000000   clock source latency
     1    0.017250    0.083453    0.057184   50.057182 ^ clk (in)
                                                         clk (net)
                      0.083459    0.000000   50.057182 ^ clkbuf_0_clk/A (sky130_fd_sc_hd__clkbuf_16)
     2    0.018808    0.040866    0.138343   50.195526 ^ clkbuf_0_clk/X (sky130_fd_sc_hd__clkbuf_16)
                                                         clknet_0_clk (net)
                      0.040866    0.000320   50.195847 ^ clkbuf_1_1__f_clk/A (sky130_fd_sc_hd__clkbuf_16)
    12    0.039354    0.059145    0.139753   50.335598 ^ clkbuf_1_1__f_clk/X (sky130_fd_sc_hd__clkbuf_16)
                                                         clknet_1_1__leaf_clk (net)
                      0.059162    0.000895   50.336494 ^ _153_/CLK (sky130_fd_sc_hd__dfxtp_1)
                                 -0.250000   50.086494   clock uncertainty
                                  0.000000   50.086494   clock reconvergence pessimism
                                 -0.050953   50.035542   library setup time
                                             50.035542   data required time
---------------------------------------------------------------------------------------------
                                             50.035542   data required time
                                            -10.692313   data arrival time
---------------------------------------------------------------------------------------------
                                             39.343227   slack (MET)


Startpoint: rst_n (input port clocked by clk)
Endpoint: _159_ (rising edge-triggered flip-flop clocked by clk)
Path Group: clk
Path Type: max

Fanout         Cap        Slew       Delay        Time   Description
---------------------------------------------------------------------------------------------
                                  0.000000    0.000000   clock clk (rise edge)
                                  0.000000    0.000000   clock network delay (propagated)
                                 10.000000   10.000000 ^ input external delay
     1    0.003541    0.022944    0.012922   10.012922 ^ rst_n (in)
                                                         rst_n (net)
                      0.022951    0.000000   10.012922 ^ input2/A (sky130_fd_sc_hd__buf_1)
     2    0.022952    0.271999    0.230887   10.243810 ^ input2/X (sky130_fd_sc_hd__buf_1)
                                                         net2 (net)
                      0.272014    0.001681   10.245491 ^ fanout34/A (sky130_fd_sc_hd__buf_2)
    10    0.038362    0.189815    0.279853   10.525345 ^ fanout34/X (sky130_fd_sc_hd__buf_2)
                                                         net34 (net)
                      0.189841    0.002252   10.527596 ^ _100_/C1 (sky130_fd_sc_hd__o211a_1)
     1    0.002225    0.039230    0.164456   10.692053 ^ _100_/X (sky130_fd_sc_hd__o211a_1)
                                                         _008_ (net)
                      0.039230    0.000065   10.692118 ^ _159_/D (sky130_fd_sc_hd__dfxtp_1)
                                             10.692118   data arrival time

                                 50.000000   50.000000   clock clk (rise edge)
                                  0.000000   50.000000   clock source latency
     1    0.017250    0.083453    0.057184   50.057182 ^ clk (in)
                                                         clk (net)
                      0.083459    0.000000   50.057182 ^ clkbuf_0_clk/A (sky130_fd_sc_hd__clkbuf_16)
     2    0.018808    0.040866    0.138343   50.195526 ^ clkbuf_0_clk/X (sky130_fd_sc_hd__clkbuf_16)
                                                         clknet_0_clk (net)
                      0.040866    0.000320   50.195847 ^ clkbuf_1_1__f_clk/A (sky130_fd_sc_hd__clkbuf_16)
    12    0.039354    0.059145    0.139753   50.335598 ^ clkbuf_1_1__f_clk/X (sky130_fd_sc_hd__clkbuf_16)
                                                         clknet_1_1__leaf_clk (net)
                      0.059178    0.001190   50.336788 ^ _159_/CLK (sky130_fd_sc_hd__dfxtp_1)
                                 -0.250000   50.086788   clock uncertainty
                                  0.000000   50.086788   clock reconvergence pessimism
                                 -0.050642   50.036148   library setup time
                                             50.036148   data required time
---------------------------------------------------------------------------------------------
                                             50.036148   data required time
                                            -10.692118   data arrival time
---------------------------------------------------------------------------------------------
                                             39.344032   slack (MET)


Startpoint: rst_n (input port clocked by clk)
Endpoint: _155_ (rising edge-triggered flip-flop clocked by clk)
Path Group: clk
Path Type: max

Fanout         Cap        Slew       Delay        Time   Description
---------------------------------------------------------------------------------------------
                                  0.000000    0.000000   clock clk (rise edge)
                                  0.000000    0.000000   clock network delay (propagated)
                                 10.000000   10.000000 ^ input external delay
     1    0.003541    0.022944    0.012922   10.012922 ^ rst_n (in)
                                                         rst_n (net)
                      0.022951    0.000000   10.012922 ^ input2/A (sky130_fd_sc_hd__buf_1)
     2    0.022952    0.271999    0.230887   10.243810 ^ input2/X (sky130_fd_sc_hd__buf_1)
                                                         net2 (net)
                      0.272014    0.001681   10.245491 ^ fanout34/A (sky130_fd_sc_hd__buf_2)
    10    0.038362    0.189815    0.279853   10.525345 ^ fanout34/X (sky130_fd_sc_hd__buf_2)
                                                         net34 (net)
                      0.189838    0.002140   10.527484 ^ _092_/C1 (sky130_fd_sc_hd__o211a_1)
     1    0.002032    0.038816    0.162958   10.690442 ^ _092_/X (sky130_fd_sc_hd__o211a_1)
                                                         _004_ (net)
                      0.038816    0.000057   10.690498 ^ _155_/D (sky130_fd_sc_hd__dfxtp_1)
                                             10.690498   data arrival time

                                 50.000000   50.000000   clock clk (rise edge)
                                  0.000000   50.000000   clock source latency
     1    0.017250    0.083453    0.057184   50.057182 ^ clk (in)
                                                         clk (net)
                      0.083459    0.000000   50.057182 ^ clkbuf_0_clk/A (sky130_fd_sc_hd__clkbuf_16)
     2    0.018808    0.040866    0.138343   50.195526 ^ clkbuf_0_clk/X (sky130_fd_sc_hd__clkbuf_16)
                                                         clknet_0_clk (net)
                      0.040866    0.000320   50.195847 ^ clkbuf_1_1__f_clk/A (sky130_fd_sc_hd__clkbuf_16)
    12    0.039354    0.059145    0.139753   50.335598 ^ clkbuf_1_1__f_clk/X (sky130_fd_sc_hd__clkbuf_16)
                                                         clknet_1_1__leaf_clk (net)
                      0.059169    0.001041   50.336639 ^ _155_/CLK (sky130_fd_sc_hd__dfxtp_1)
                                 -0.250000   50.086639   clock uncertainty
                                  0.000000   50.086639   clock reconvergence pessimism
                                 -0.050548   50.036091   library setup time
                                             50.036091   data required time
---------------------------------------------------------------------------------------------
                                             50.036091   data required time
                                            -10.690498   data arrival time
---------------------------------------------------------------------------------------------
                                             39.345592   slack (MET)


Startpoint: rst_n (input port clocked by clk)
Endpoint: _157_ (rising edge-triggered flip-flop clocked by clk)
Path Group: clk
Path Type: max

Fanout         Cap        Slew       Delay        Time   Description
---------------------------------------------------------------------------------------------
                                  0.000000    0.000000   clock clk (rise edge)
                                  0.000000    0.000000   clock network delay (propagated)
                                 10.000000   10.000000 ^ input external delay
     1    0.003541    0.022944    0.012922   10.012922 ^ rst_n (in)
                                                         rst_n (net)
                      0.022951    0.000000   10.012922 ^ input2/A (sky130_fd_sc_hd__buf_1)
     2    0.022952    0.271999    0.230887   10.243810 ^ input2/X (sky130_fd_sc_hd__buf_1)
                                                         net2 (net)
                      0.272014    0.001681   10.245491 ^ fanout34/A (sky130_fd_sc_hd__buf_2)
    10    0.038362    0.189815    0.279853   10.525345 ^ fanout34/X (sky130_fd_sc_hd__buf_2)
                                                         net34 (net)
                      0.189839    0.002185   10.527530 ^ _096_/C1 (sky130_fd_sc_hd__o211a_1)
     1    0.002037    0.037802    0.162995   10.690524 ^ _096_/X (sky130_fd_sc_hd__o211a_1)
                                                         _006_ (net)
                      0.037802    0.000057   10.690581 ^ _157_/D (sky130_fd_sc_hd__dfxtp_1)
                                             10.690581   data arrival time

                                 50.000000   50.000000   clock clk (rise edge)
                                  0.000000   50.000000   clock source latency
     1    0.017250    0.083453    0.057184   50.057182 ^ clk (in)
                                                         clk (net)
                      0.083459    0.000000   50.057182 ^ clkbuf_0_clk/A (sky130_fd_sc_hd__clkbuf_16)
     2    0.018808    0.040866    0.138343   50.195526 ^ clkbuf_0_clk/X (sky130_fd_sc_hd__clkbuf_16)
                                                         clknet_0_clk (net)
                      0.040866    0.000320   50.195847 ^ clkbuf_1_1__f_clk/A (sky130_fd_sc_hd__clkbuf_16)
    12    0.039354    0.059145    0.139753   50.335598 ^ clkbuf_1_1__f_clk/X (sky130_fd_sc_hd__clkbuf_16)
                                                         clknet_1_1__leaf_clk (net)
                      0.059175    0.001144   50.336742 ^ _157_/CLK (sky130_fd_sc_hd__dfxtp_1)
                                 -0.250000   50.086742   clock uncertainty
                                  0.000000   50.086742   clock reconvergence pessimism
                                 -0.050313   50.036427   library setup time
                                             50.036427   data required time
---------------------------------------------------------------------------------------------
                                             50.036427   data required time
                                            -10.690581   data arrival time
---------------------------------------------------------------------------------------------
                                             39.345848   slack (MET)


Startpoint: rst_n (input port clocked by clk)
Endpoint: _156_ (rising edge-triggered flip-flop clocked by clk)
Path Group: clk
Path Type: max

Fanout         Cap        Slew       Delay        Time   Description
---------------------------------------------------------------------------------------------
                                  0.000000    0.000000   clock clk (rise edge)
                                  0.000000    0.000000   clock network delay (propagated)
                                 10.000000   10.000000 ^ input external delay
     1    0.003541    0.022944    0.012922   10.012922 ^ rst_n (in)
                                                         rst_n (net)
                      0.022951    0.000000   10.012922 ^ input2/A (sky130_fd_sc_hd__buf_1)
     2    0.022952    0.271999    0.230887   10.243810 ^ input2/X (sky130_fd_sc_hd__buf_1)
                                                         net2 (net)
                      0.272014    0.001681   10.245491 ^ fanout34/A (sky130_fd_sc_hd__buf_2)
    10    0.038362    0.189815    0.279853   10.525345 ^ fanout34/X (sky130_fd_sc_hd__buf_2)
                                                         net34 (net)
                      0.189830    0.001813   10.527157 ^ _094_/C1 (sky130_fd_sc_hd__o211a_1)
     1    0.002014    0.038170    0.162814   10.689971 ^ _094_/X (sky130_fd_sc_hd__o211a_1)
                                                         _005_ (net)
                      0.038170    0.000058   10.690029 ^ _156_/D (sky130_fd_sc_hd__dfxtp_1)
                                             10.690029   data arrival time

                                 50.000000   50.000000   clock clk (rise edge)
                                  0.000000   50.000000   clock source latency
     1    0.017250    0.083453    0.057184   50.057182 ^ clk (in)
                                                         clk (net)
                      0.083459    0.000000   50.057182 ^ clkbuf_0_clk/A (sky130_fd_sc_hd__clkbuf_16)
     2    0.018808    0.040866    0.138343   50.195526 ^ clkbuf_0_clk/X (sky130_fd_sc_hd__clkbuf_16)
                                                         clknet_0_clk (net)
                      0.040866    0.000320   50.195847 ^ clkbuf_1_1__f_clk/A (sky130_fd_sc_hd__clkbuf_16)
    12    0.039354    0.059145    0.139753   50.335598 ^ clkbuf_1_1__f_clk/X (sky130_fd_sc_hd__clkbuf_16)
                                                         clknet_1_1__leaf_clk (net)
                      0.059162    0.000909   50.336510 ^ _156_/CLK (sky130_fd_sc_hd__dfxtp_1)
                                 -0.250000   50.086506   clock uncertainty
                                  0.000000   50.086506   clock reconvergence pessimism
                                 -0.050400   50.036110   library setup time
                                             50.036110   data required time
---------------------------------------------------------------------------------------------
                                             50.036110   data required time
                                            -10.690029   data arrival time
---------------------------------------------------------------------------------------------
                                             39.346077   slack (MET)


Startpoint: rst_n (input port clocked by clk)
Endpoint: _158_ (rising edge-triggered flip-flop clocked by clk)
Path Group: clk
Path Type: max

Fanout         Cap        Slew       Delay        Time   Description
---------------------------------------------------------------------------------------------
                                  0.000000    0.000000   clock clk (rise edge)
                                  0.000000    0.000000   clock network delay (propagated)
                                 10.000000   10.000000 ^ input external delay
     1    0.003541    0.022944    0.012922   10.012922 ^ rst_n (in)
                                                         rst_n (net)
                      0.022951    0.000000   10.012922 ^ input2/A (sky130_fd_sc_hd__buf_1)
     2    0.022952    0.271999    0.230887   10.243810 ^ input2/X (sky130_fd_sc_hd__buf_1)
                                                         net2 (net)
                      0.272014    0.001681   10.245491 ^ fanout34/A (sky130_fd_sc_hd__buf_2)
    10    0.038362    0.189815    0.279853   10.525345 ^ fanout34/X (sky130_fd_sc_hd__buf_2)
                                                         net34 (net)
                      0.189840    0.002218   10.527562 ^ _098_/C1 (sky130_fd_sc_hd__o211a_1)
     1    0.001984    0.037413    0.162586   10.690148 ^ _098_/X (sky130_fd_sc_hd__o211a_1)
                                                         _007_ (net)
                      0.037413    0.000039   10.690187 ^ _158_/D (sky130_fd_sc_hd__dfxtp_1)
                                             10.690187   data arrival time

                                 50.000000   50.000000   clock clk (rise edge)
                                  0.000000   50.000000   clock source latency
     1    0.017250    0.083453    0.057184   50.057182 ^ clk (in)
                                                         clk (net)
                      0.083459    0.000000   50.057182 ^ clkbuf_0_clk/A (sky130_fd_sc_hd__clkbuf_16)
     2    0.018808    0.040866    0.138343   50.195526 ^ clkbuf_0_clk/X (sky130_fd_sc_hd__clkbuf_16)
                                                         clknet_0_clk (net)
                      0.040866    0.000320   50.195847 ^ clkbuf_1_1__f_clk/A (sky130_fd_sc_hd__clkbuf_16)
    12    0.039354    0.059145    0.139753   50.335598 ^ clkbuf_1_1__f_clk/X (sky130_fd_sc_hd__clkbuf_16)
                                                         clknet_1_1__leaf_clk (net)
                      0.059177    0.001187   50.336784 ^ _158_/CLK (sky130_fd_sc_hd__dfxtp_1)
                                 -0.250000   50.086784   clock uncertainty
                                  0.000000   50.086784   clock reconvergence pessimism
                                 -0.050223   50.036560   library setup time
                                             50.036560   data required time
---------------------------------------------------------------------------------------------
                                             50.036560   data required time
                                            -10.690187   data arrival time
---------------------------------------------------------------------------------------------
                                             39.346375   slack (MET)


Startpoint: rst_n (input port clocked by clk)
Endpoint: _154_ (rising edge-triggered flip-flop clocked by clk)
Path Group: clk
Path Type: max

Fanout         Cap        Slew       Delay        Time   Description
---------------------------------------------------------------------------------------------
                                  0.000000    0.000000   clock clk (rise edge)
                                  0.000000    0.000000   clock network delay (propagated)
                                 10.000000   10.000000 ^ input external delay
     1    0.003541    0.022944    0.012922   10.012922 ^ rst_n (in)
                                                         rst_n (net)
                      0.022951    0.000000   10.012922 ^ input2/A (sky130_fd_sc_hd__buf_1)
     2    0.022952    0.271999    0.230887   10.243810 ^ input2/X (sky130_fd_sc_hd__buf_1)
                                                         net2 (net)
                      0.272014    0.001681   10.245491 ^ fanout34/A (sky130_fd_sc_hd__buf_2)
    10    0.038362    0.189815    0.279853   10.525345 ^ fanout34/X (sky130_fd_sc_hd__buf_2)
                                                         net34 (net)
                      0.189822    0.001411   10.526755 ^ _090_/C1 (sky130_fd_sc_hd__o211a_1)
     1    0.001916    0.037014    0.162043   10.688799 ^ _090_/X (sky130_fd_sc_hd__o211a_1)
                                                         _003_ (net)
                      0.037014    0.000053   10.688852 ^ _154_/D (sky130_fd_sc_hd__dfxtp_1)
                                             10.688852   data arrival time

                                 50.000000   50.000000   clock clk (rise edge)
                                  0.000000   50.000000   clock source latency
     1    0.017250    0.083453    0.057184   50.057182 ^ clk (in)
                                                         clk (net)
                      0.083459    0.000000   50.057182 ^ clkbuf_0_clk/A (sky130_fd_sc_hd__clkbuf_16)
     2    0.018808    0.040866    0.138343   50.195526 ^ clkbuf_0_clk/X (sky130_fd_sc_hd__clkbuf_16)
                                                         clknet_0_clk (net)
                      0.040866    0.000320   50.195847 ^ clkbuf_1_1__f_clk/A (sky130_fd_sc_hd__clkbuf_16)
    12    0.039354    0.059145    0.139753   50.335598 ^ clkbuf_1_1__f_clk/X (sky130_fd_sc_hd__clkbuf_16)
                                                         clknet_1_1__leaf_clk (net)
                      0.059158    0.000806   50.336407 ^ _154_/CLK (sky130_fd_sc_hd__dfxtp_1)
                                 -0.250000   50.086403   clock uncertainty
                                  0.000000   50.086403   clock reconvergence pessimism
                                 -0.050134   50.036266   library setup time
                                             50.036266   data required time
---------------------------------------------------------------------------------------------
                                             50.036266   data required time
                                            -10.688852   data arrival time
---------------------------------------------------------------------------------------------
                                             39.347416   slack (MET)



%OL_END_REPORT
%OL_CREATE_REPORT checks.rpt

===========================================================================
report_checks -unconstrained
===========================================================================
======================= nom_tt_025C_1v80 Corner ===================================

Startpoint: _152_ (rising edge-triggered flip-flop clocked by clk')
Endpoint: comparator_clk (output port clocked by clk)
Path Group: clk
Path Type: max

Fanout         Cap        Slew       Delay        Time   Description
---------------------------------------------------------------------------------------------
                                 25.000000   25.000000   clock clk' (rise edge)
                                  0.000000   25.000000   clock source latency
     1    0.016256    0.038010    0.026418   25.026417 v clk (in)
                                                         clk (net)
                      0.038021    0.000000   25.026417 v clkbuf_0_clk/A (sky130_fd_sc_hd__clkbuf_16)
     2    0.016820    0.033324    0.141295   25.167711 v clkbuf_0_clk/X (sky130_fd_sc_hd__clkbuf_16)
                                                         clknet_0_clk (net)
                      0.033324    0.000286   25.167997 v clkbuf_1_1__f_clk/A (sky130_fd_sc_hd__clkbuf_16)
    12    0.037173    0.044736    0.153022   25.321020 v clkbuf_1_1__f_clk/X (sky130_fd_sc_hd__clkbuf_16)
                                                         clknet_1_1__leaf_clk (net)
                      0.044738    0.000613   25.321634 v _083__1/A (sky130_fd_sc_hd__inv_2)
     1    0.002361    0.021570    0.038497   25.360130 ^ _083__1/Y (sky130_fd_sc_hd__inv_2)
                                                         net35 (net)
                      0.021570    0.000068   25.360199 ^ _152_/CLK (sky130_fd_sc_hd__dfxtp_1)
     3    0.014682    0.144887    0.368425   25.728624 ^ _152_/Q (sky130_fd_sc_hd__dfxtp_1)
                                                         net11 (net)
                      0.144887    0.000428   25.729052 ^ output11/A (sky130_fd_sc_hd__buf_2)
     1    0.035357    0.175736    0.236174   25.965225 ^ output11/X (sky130_fd_sc_hd__buf_2)
                                                         comparator_clk (net)
                      0.175737    0.000862   25.966087 ^ comparator_clk (out)
                                             25.966087   data arrival time

                                 50.000000   50.000000   clock clk (rise edge)
                                  0.000000   50.000000   clock network delay (propagated)
                                 -0.250000   49.749996   clock uncertainty
                                  0.000000   49.749996   clock reconvergence pessimism
                                -10.000000   39.749996   output external delay
                                             39.749996   data required time
---------------------------------------------------------------------------------------------
                                             39.749996   data required time
                                            -25.966087   data arrival time
---------------------------------------------------------------------------------------------
                                             13.783910   slack (MET)




===========================================================================
report_checks --slack_max -0.01
============================================================================
======================= nom_tt_025C_1v80 Corner ===================================

No paths found.


===========================================================================
 report_check_types -max_slew -max_cap -max_fanout -violators
============================================================================
======================= nom_tt_025C_1v80 Corner ===================================

max slew

Pin                                        Limit        Slew       Slack
------------------------------------------------------------------------
_085_/Y                                 0.750000    0.759815   -0.009815 (VIOLATED)
_089_/B                                 0.750000    0.759815   -0.009815 (VIOLATED)
_093_/B                                 0.750000    0.759815   -0.009815 (VIOLATED)
_101_/B                                 0.750000    0.759815   -0.009815 (VIOLATED)
max_cap29/A                             0.750000    0.759815   -0.009815 (VIOLATED)

max fanout

Pin                                   Limit Fanout  Slack
---------------------------------------------------------
clkbuf_1_1__f_clk/X                      10     12     -2 (VIOLATED)



===========================================================================
report_parasitic_annotation -report_unannotated
============================================================================
Found 1 unannotated drivers.
 clkload0/Y
Found 0 partially unannotated drivers.

===========================================================================
max slew violation count 5
%OL_METRIC_I design__max_slew_violation__count__corner:nom_tt_025C_1v80 5
max fanout violation count 1
%OL_METRIC_I design__max_fanout_violation__count__corner:nom_tt_025C_1v80 1
max cap violation count 0
%OL_METRIC_I design__max_cap_violation__count__corner:nom_tt_025C_1v80 0
============================================================================

===========================================================================
check_setup -verbose -unconstrained_endpoints -multiple_clock -no_clock -no_input_delay -loops -generated_clocks
===========================================================================
%OL_END_REPORT
%OL_CREATE_REPORT power.rpt

===========================================================================
 report_power
============================================================================
======================= nom_tt_025C_1v80 Corner ===================================

Group                    Internal    Switching      Leakage        Total
                            Power        Power        Power        Power (Watts)
------------------------------------------------------------------------
Sequential           1.716309e-05 5.204324e-07 1.708741e-10 1.768369e-05  44.5%
Combinational        1.507908e-06 3.123232e-06 5.039776e-10 4.631645e-06  11.7%
Clock                1.091667e-05 6.519476e-06 4.204500e-10 1.743657e-05  43.9%
Macro                0.000000e+00 0.000000e+00 0.000000e+00 0.000000e+00   0.0%
Pad                  0.000000e+00 0.000000e+00 0.000000e+00 0.000000e+00   0.0%
------------------------------------------------------------------------
Total                2.958768e-05 1.016314e-05 1.095302e-09 3.975191e-05 100.0%
                            74.4%        25.6%         0.0%
%OL_METRIC_F power__internal__total 2.958767618110869e-5
%OL_METRIC_F power__switching__total 1.016314035950927e-5
%OL_METRIC_F power__leakage__total 1.0953018492187994e-9
%OL_METRIC_F power__total 3.9751910662744194e-5

%OL_END_REPORT
%OL_CREATE_REPORT skew.min.rpt

===========================================================================
Clock Skew (Hold)
============================================================================
%OL_METRIC_F clock__skew__worst_hold__corner:nom_tt_025C_1v80 -0.25073374641772656
======================= nom_tt_025C_1v80 Corner ===================================

Clock clk
0.336974 source latency _169_/CLK ^
-0.337707 target latency _164_/CLK ^
-0.250000 clock uncertainty
0.000000 CRPR
--------------
-0.250734 hold skew

%OL_END_REPORT
%OL_CREATE_REPORT skew.max.rpt

===========================================================================
Clock Skew (Setup)
============================================================================
%OL_METRIC_F clock__skew__worst_setup__corner:nom_tt_025C_1v80 0.2741756066453067
======================= nom_tt_025C_1v80 Corner ===================================

Clock clk
0.360199 source latency _152_/CLK ^
-0.336023 target latency _165_/CLK ^
0.250000 clock uncertainty
0.000000 CRPR
--------------
0.274176 setup skew

%OL_END_REPORT
%OL_CREATE_REPORT ws.min.rpt

===========================================================================
Worst Slack (Hold)
============================================================================
%OL_METRIC_F timing__hold__ws__corner:nom_tt_025C_1v80 0.35329767888996344
nom_tt_025C_1v80: 0.35329767888996344
%OL_END_REPORT
%OL_CREATE_REPORT ws.max.rpt

===========================================================================
Worst Slack (Setup)
============================================================================
%OL_METRIC_F timing__setup__ws__corner:nom_tt_025C_1v80 13.783909515044577
nom_tt_025C_1v80: 13.783909515044577
%OL_END_REPORT
%OL_CREATE_REPORT tns.min.rpt

===========================================================================
Total Negative Slack (Hold)
============================================================================
%OL_METRIC_F timing__hold__tns__corner:nom_tt_025C_1v80 0.0
nom_tt_025C_1v80: 0.0
%OL_END_REPORT
%OL_CREATE_REPORT tns.max.rpt

===========================================================================
Total Negative Slack (Setup)
============================================================================
%OL_METRIC_F timing__setup__tns__corner:nom_tt_025C_1v80 0.0
nom_tt_025C_1v80: 0.0
%OL_END_REPORT
%OL_CREATE_REPORT wns.min.rpt

===========================================================================
Worst Negative Slack (Hold)
============================================================================
%OL_METRIC_F timing__hold__wns__corner:nom_tt_025C_1v80 0
nom_tt_025C_1v80: 0
%OL_END_REPORT
%OL_CREATE_REPORT wns.max.rpt

===========================================================================
Worst Negative Slack (Setup)
============================================================================
%OL_METRIC_F timing__setup__wns__corner:nom_tt_025C_1v80 0.0
nom_tt_025C_1v80: 0.0
%OL_END_REPORT
%OL_CREATE_REPORT violator_list.rpt

===========================================================================
Violator List
============================================================================
%OL_METRIC_I timing__hold_vio__count__corner:nom_tt_025C_1v80 0
%OL_METRIC_F timing__hold_r2r__ws__corner:nom_tt_025C_1v80 0.353298
%OL_METRIC_I timing__hold_r2r_vio__count__corner:nom_tt_025C_1v80 0
%OL_METRIC_I timing__setup_vio__count__corner:nom_tt_025C_1v80 0
%OL_METRIC_F timing__setup_r2r__ws__corner:nom_tt_025C_1v80 23.226498
%OL_METRIC_I timing__setup_r2r_vio__count__corner:nom_tt_025C_1v80 0
%OL_END_REPORT
%OL_CREATE_REPORT unpropagated.rpt
%OL_END_REPORT
%OL_CREATE_REPORT clock.rpt
Clock: clk
Sources: clk 
Generated: no
Virtual: yes
Propagated: no
Period: 50.000000

===========================================================================
report_clock_properties
============================================================================
Clock                   Period          Waveform
----------------------------------------------------
clk                  50.000000    0.000000 25.000000

===========================================================================
report_clock_latency
============================================================================
Clock clk
rise -> rise
    min     max
0.000000 0.000000 source latency
0.336023         network latency _165_/CLK
        0.337707 network latency _164_/CLK
---------------
0.336023 0.337707 latency
        0.001684 skew

rise -> fall
    min     max
0.000000 0.000000 source latency
0.363138         network latency _152_/CLK
        0.363138 network latency _152_/CLK
---------------
0.363138 0.363138 latency
        0.000000 skew

fall -> rise
    min     max
0.000000 0.000000 source latency
0.360199         network latency _152_/CLK
        0.360199 network latency _152_/CLK
---------------
0.360199 0.360199 latency
        0.000000 skew

fall -> fall
    min     max
0.000000 0.000000 source latency
0.321419         network latency _165_/CLK
        0.322492 network latency _164_/CLK
---------------
0.321419 0.322492 latency
        0.001073 skew



===========================================================================
report_clock_min_period
============================================================================
clk period_min = 2.33 fmax = 429.18
%OL_END_REPORT
Writing SDF files for all corners…
Removing Clock latencies before writing libs…
Writing timing models for all corners…
Writing timing models for the nom_tt_025C_1v80 corner to /home/dt/Documents/madvlsi/final/schematics/controller/librelane/runs/RUN_2025-12-16_17-02-26/54-openroad-stapostpnr/nom_tt_025C_1v80/controller__nom_tt_025C_1v80.lib…
