 time            v(adc0)         v(adc1)         v(adc2)         v(adc3)         v(adc4)         v(adc5)         v(adc6)         v(adc7)        
 0.00000000e+00  4.65826120e-09  4.65826120e-09  4.65826120e-09  4.65826120e-09  4.65826120e-09  4.65826120e-09  4.65826120e-09  4.65826120e-09 
 2.00000000e-11  4.65826087e-09  4.65826110e-09  4.65826092e-09  4.65826094e-09  4.65807835e-09  4.65807836e-09  4.65826095e-09  4.65826053e-09 
 4.00000000e-11  4.65826100e-09  4.65826108e-09  4.65826106e-09  4.65826106e-09  4.65876345e-09  4.65876338e-09  4.65826107e-09  4.65826316e-09 
 8.00000000e-11  4.65826115e-09  4.65826114e-09  4.65826106e-09  4.65826121e-09  4.65708897e-09  4.65708931e-09  4.65826118e-09  4.65825344e-09 
 1.60000000e-10  4.65826154e-09  4.65826154e-09  4.65826192e-09  4.65826140e-09  4.65970231e-09  4.65970216e-09  4.65826142e-09  4.65827337e-09 
 3.20000000e-10  4.65826068e-09  4.65826092e-09  4.65826034e-09  4.65826102e-09  4.65675502e-09  4.65675507e-09  4.65826095e-09  4.65824677e-09 
 6.40000000e-10  4.65826170e-09  4.65826140e-09  4.65826201e-09  4.65826126e-09  4.65977836e-09  4.65977838e-09  4.65826131e-09  4.65827676e-09 
 1.28000000e-09  4.65826077e-09  4.65826105e-09  4.65826039e-09  4.65826105e-09  4.65674379e-09  4.65674381e-09  4.65826113e-09  4.65824497e-09 
 2.56000000e-09  4.65826154e-09  4.65826124e-09  4.65826202e-09  4.65826129e-09  4.65977735e-09  4.65977738e-09  4.65826127e-09  4.65827772e-09 
 4.56000000e-09  4.65826085e-09  4.65826110e-09  4.65826034e-09  4.65826103e-09  4.65674619e-09  4.65674620e-09  4.65826110e-09  4.65824438e-09 
 6.56000000e-09  4.65826153e-09  4.65826129e-09  4.65826205e-09  4.65826124e-09  4.65977461e-09  4.65977460e-09  4.65826130e-09  4.65827822e-09 
 8.56000000e-09  4.65826087e-09  4.65826110e-09  4.65826034e-09  4.65826110e-09  4.65674963e-09  4.65674968e-09  4.65826110e-09  4.65824396e-09 
 1.05600000e-08  4.65826149e-09  4.65826128e-09  4.65826206e-09  4.65826122e-09  4.65977048e-09  4.65977043e-09  4.65826129e-09  4.65827863e-09 
 1.25600000e-08  4.65826092e-09  4.65826111e-09  4.65826033e-09  4.65826112e-09  4.65675445e-09  4.65675446e-09  4.65826111e-09  4.65824356e-09 
 1.45600000e-08  4.65826140e-09  4.65826127e-09  4.65826207e-09  4.65826127e-09  4.65976500e-09  4.65976502e-09  4.65826128e-09  4.65827897e-09 
 1.65600000e-08  4.65826095e-09  4.65826114e-09  4.65826030e-09  4.65826113e-09  4.65676056e-09  4.65676056e-09  4.65826111e-09  4.65824317e-09 
 1.85600000e-08  4.65826143e-09  4.65826125e-09  4.65826210e-09  4.65826126e-09  4.65975825e-09  4.65975822e-09  4.65826127e-09  4.65827936e-09 
 2.05600000e-08  4.65826097e-09  4.65826113e-09  4.65826029e-09  4.65826114e-09  4.65676800e-09  4.65676799e-09  4.65826113e-09  4.65824277e-09 
 2.25600000e-08  4.65826142e-09  4.65826120e-09  4.65826211e-09  4.65826119e-09  4.65975014e-09  4.65975014e-09  4.65826127e-09  4.65827976e-09 
 2.45600000e-08  4.65826097e-09  4.65826109e-09  4.65826028e-09  4.65826115e-09  4.65677674e-09  4.65677672e-09  4.65826113e-09  4.65824238e-09 
 2.65600000e-08  4.65826140e-09  4.65826124e-09  4.65826212e-09  4.65826122e-09  4.65974078e-09  4.65974080e-09  4.65826127e-09  4.65828016e-09 
 2.85600000e-08  4.65826101e-09  4.65826111e-09  4.65826033e-09  4.65826115e-09  4.65678667e-09  4.65678669e-09  4.65826112e-09  4.65824199e-09 
 3.05600000e-08  4.65826136e-09  4.65826122e-09  4.65826213e-09  4.65826121e-09  4.65973020e-09  4.65973017e-09  4.65826124e-09  4.65828049e-09 
 3.25600000e-08  4.65826105e-09  4.65826116e-09  4.65826026e-09  4.65826116e-09  4.65679791e-09  4.65679791e-09  4.65826113e-09  4.65824166e-09 
 3.45600000e-08  4.65826134e-09  4.65826123e-09  4.65826215e-09  4.65826123e-09  4.65971846e-09  4.65971845e-09  4.65826123e-09  4.65828089e-09 
 3.65600000e-08  4.65826105e-09  4.65826116e-09  4.65826022e-09  4.65826117e-09  4.65681027e-09  4.65681028e-09  4.65826113e-09  4.65824129e-09 
 3.85600000e-08  4.65826134e-09  4.65826123e-09  4.65826213e-09  4.65826122e-09  4.65970539e-09  4.65970545e-09  4.65826125e-09  4.65828123e-09 
 4.05600000e-08  4.65826106e-09  4.65826115e-09  4.65826020e-09  4.65826118e-09  4.65682390e-09  4.65682389e-09  4.65826114e-09  4.65824093e-09 
 4.25600000e-08  4.65826132e-09  4.65826118e-09  4.65826215e-09  4.65826121e-09  4.65969126e-09  4.65969123e-09  4.65826125e-09  4.65828160e-09 
 4.45600000e-08  4.65826103e-09  4.65826116e-09  4.65826018e-09  4.65826118e-09  4.65683859e-09  4.65683863e-09  4.65826108e-09  4.65824059e-09 
 4.65600000e-08  4.65826125e-09  4.65826122e-09  4.65826217e-09  4.65826121e-09  4.65967600e-09  4.65967597e-09  4.65826125e-09  4.65828191e-09 
 4.85600000e-08  4.65826110e-09  4.65826118e-09  4.65826016e-09  4.65826119e-09  4.65685446e-09  4.65685443e-09  4.65826114e-09  4.65824026e-09 
 5.05600000e-08  4.65826129e-09  4.65826120e-09  4.65826225e-09  4.65826120e-09  4.65965959e-09  4.65965963e-09  4.65826122e-09  4.65828223e-09 
 5.25600000e-08  4.65826110e-09  4.65826119e-09  4.65826014e-09  4.65826119e-09  4.65687133e-09  4.65687135e-09  4.65826114e-09  4.65823995e-09 
 5.45600000e-08  4.65826128e-09  4.65826121e-09  4.65826226e-09  4.65826121e-09  4.65964217e-09  4.65964218e-09  4.65826125e-09  4.65828254e-09 
 5.65600000e-08  4.65826110e-09  4.65826118e-09  4.65826012e-09  4.65826119e-09  4.65688929e-09  4.65688927e-09  4.65826115e-09  4.65823971e-09 
 5.85600000e-08  4.65826130e-09  4.65826122e-09  4.65826223e-09  4.65826121e-09  4.65962372e-09  4.65962377e-09  4.65826124e-09  4.65828283e-09 
 6.05600000e-08  4.65826110e-09  4.65826118e-09  4.65826009e-09  4.65826118e-09  4.65690828e-09  4.65690822e-09  4.65826115e-09  4.65823936e-09 
 6.25600000e-08  4.65826128e-09  4.65826116e-09  4.65826225e-09  4.65826121e-09  4.65960425e-09  4.65960428e-09  4.65826124e-09  4.65828306e-09 
 6.45600000e-08  4.65826107e-09  4.65826117e-09  4.65826008e-09  4.65826118e-09  4.65692821e-09  4.65692816e-09  4.65826115e-09  4.65823913e-09 
 6.65600000e-08  4.65826126e-09  4.65826117e-09  4.65826233e-09  4.65826121e-09  4.65958384e-09  4.65958383e-09  4.65826125e-09  4.65828335e-09 
 6.85600000e-08  4.65826113e-09  4.65826116e-09  4.65826005e-09  4.65826118e-09  4.65694911e-09  4.65694910e-09  4.65826114e-09  4.65823886e-09 
 7.05600000e-08  4.65826125e-09  4.65826122e-09  4.65826234e-09  4.65826121e-09  4.65956246e-09  4.65956244e-09  4.65826126e-09  4.65828367e-09 
 7.25600000e-08  4.65826116e-09  4.65826118e-09  4.65826004e-09  4.65826118e-09  4.65697090e-09  4.65697089e-09  4.65826108e-09  4.65823860e-09 
 7.45600000e-08  4.65826123e-09  4.65826120e-09  4.65826236e-09  4.65826121e-09  4.65954022e-09  4.65954019e-09  4.65826125e-09  4.65828387e-09 
 7.65600000e-08  4.65826115e-09  4.65826120e-09  4.65826002e-09  4.65826119e-09  4.65699364e-09  4.65699358e-09  4.65826115e-09  4.65823835e-09 
 7.85600000e-08  4.65826124e-09  4.65826118e-09  4.65826238e-09  4.65826114e-09  4.65951707e-09  4.65951707e-09  4.65826124e-09  4.65828410e-09 
 8.05600000e-08  4.65826111e-09  4.65826121e-09  4.65826000e-09  4.65826120e-09  4.65701717e-09  4.65701719e-09  4.65826115e-09  4.65823812e-09 
 8.25600000e-08  4.65826122e-09  4.65826113e-09  4.65826235e-09  4.65826113e-09  4.65949306e-09  4.65949306e-09  4.65826124e-09  4.65828432e-09 
 8.45600000e-08  4.65826117e-09  4.65826120e-09  4.65825997e-09  4.65826121e-09  4.65704162e-09  4.65704161e-09  4.65826115e-09  4.65823790e-09 
 8.65600000e-08  4.65826121e-09  4.65826114e-09  4.65826240e-09  4.65826119e-09  4.65946826e-09  4.65946826e-09  4.65826124e-09  4.65828453e-09 
 8.85600000e-08  4.65826117e-09  4.65826119e-09  4.65825996e-09  4.65826120e-09  4.65706684e-09  4.65706684e-09  4.65826115e-09  4.65823770e-09 
 9.05600000e-08  4.65826117e-09  4.65826119e-09  4.65826244e-09  4.65826120e-09  4.65944267e-09  4.65944262e-09  4.65826124e-09  4.65828479e-09 
 9.25600000e-08  4.65826117e-09  4.65826121e-09  4.65826000e-09  4.65826113e-09  4.65709282e-09  4.65709279e-09  4.65826114e-09  4.65823751e-09 
 9.45600000e-08  4.65826122e-09  4.65826117e-09  4.65826245e-09  4.65826120e-09  4.65941630e-09  4.65941631e-09  4.65826125e-09  4.65828491e-09 
 9.65600000e-08  4.65826118e-09  4.65826124e-09  4.65825999e-09  4.65826119e-09  4.65711951e-09  4.65711950e-09  4.65826115e-09  4.65823740e-09 
 9.85600000e-08  4.65826120e-09  4.65826115e-09  4.65826244e-09  4.65826120e-09  4.65938917e-09  4.65938925e-09  4.65826125e-09  4.65828507e-09 
 1.00560000e-07  4.65826114e-09  4.65826124e-09  4.65825991e-09  4.65826119e-09  4.65714697e-09  4.65714694e-09  4.65826109e-09  4.65823724e-09 
 1.02560000e-07  4.65826119e-09  4.65826115e-09  4.65826244e-09  4.65826120e-09  4.65936141e-09  4.65936144e-09  4.65826121e-09  4.65828523e-09 
 1.04560000e-07  4.65826121e-09  4.65826123e-09  4.65825988e-09  4.65826119e-09  4.65717509e-09  4.65717505e-09  4.65826115e-09  4.65823710e-09 
 1.06560000e-07  4.65826119e-09  4.65826117e-09  4.65826246e-09  4.65826115e-09  4.65933295e-09  4.65933303e-09  4.65826124e-09  4.65828536e-09 
 1.08560000e-07  4.65826121e-09  4.65826121e-09  4.65825993e-09  4.65826119e-09  4.65720387e-09  4.65720382e-09  4.65826109e-09  4.65823697e-09 
 1.10560000e-07  4.65826113e-09  4.65826120e-09  4.65826253e-09  4.65826120e-09  4.65930385e-09  4.65930390e-09  4.65826122e-09  4.65828548e-09 
 1.12560000e-07  4.65826120e-09  4.65826119e-09  4.65825986e-09  4.65826119e-09  4.65723329e-09  4.65723320e-09  4.65826114e-09  4.65823681e-09 
 1.14560000e-07  4.65826114e-09  4.65826120e-09  4.65826248e-09  4.65826120e-09  4.65927416e-09  4.65927424e-09  4.65826125e-09  4.65828557e-09 
 1.16560000e-07  4.65826119e-09  4.65826120e-09  4.65825984e-09  4.65826120e-09  4.65726324e-09  4.65726319e-09  4.65826115e-09  4.65823672e-09 
 1.18560000e-07  4.65826119e-09  4.65826120e-09  4.65826251e-09  4.65826120e-09  4.65924391e-09  4.65924396e-09  4.65826124e-09  4.65828566e-09 
 1.20560000e-07  4.65826121e-09  4.65826118e-09  4.65825987e-09  4.65826120e-09  4.65729383e-09  4.65729375e-09  4.65826109e-09  4.65823664e-09 
 1.22560000e-07  4.65826117e-09  4.65826123e-09  4.65826254e-09  4.65826120e-09  4.65921305e-09  4.65921315e-09  4.65826125e-09  4.65828567e-09 
 1.24560000e-07  4.65826123e-09  4.65826116e-09  4.65825985e-09  4.65826119e-09  4.65732490e-09  4.65732483e-09  4.65826114e-09  4.65823658e-09 
 1.26560000e-07  4.65826115e-09  4.65826124e-09  4.65826256e-09  4.65826120e-09  4.65918178e-09  4.65918181e-09  4.65826126e-09  4.65828578e-09 
 1.28560000e-07  4.65826123e-09  4.65826116e-09  4.65825977e-09  4.65826119e-09  4.65735645e-09  4.65735642e-09  4.65826108e-09  4.65823659e-09 
 1.30560000e-07  4.65826118e-09  4.65826122e-09  4.65826263e-09  4.65826121e-09  4.65914994e-09  4.65914994e-09  4.65826126e-09  4.65828581e-09 
 1.32560000e-07  4.65826121e-09  4.65826116e-09  4.65825976e-09  4.65826112e-09  4.65738851e-09  4.65738851e-09  4.65826107e-09  4.65823651e-09 
 1.34560000e-07  4.65826118e-09  4.65826122e-09  4.65826263e-09  4.65826121e-09  4.65911762e-09  4.65911768e-09  4.65826127e-09  4.65828578e-09 
 1.36560000e-07  4.65826121e-09  4.65826119e-09  4.65825981e-09  4.65826112e-09  4.65742106e-09  4.65742103e-09  4.65826112e-09  4.65823649e-09 
 1.38560000e-07  4.65826120e-09  4.65826120e-09  4.65826265e-09  4.65826122e-09  4.65908488e-09  4.65908490e-09  4.65826127e-09  4.65828585e-09 
 1.40560000e-07  4.65826119e-09  4.65826120e-09  4.65825974e-09  4.65826117e-09  4.65745401e-09  4.65745402e-09  4.65826112e-09  4.65823649e-09 
 1.42560000e-07  4.65826120e-09  4.65826120e-09  4.65826266e-09  4.65826122e-09  4.65905168e-09  4.65905169e-09  4.65826127e-09  4.65828584e-09 
 1.44560000e-07  4.65826121e-09  4.65826118e-09  4.65825972e-09  4.65826117e-09  4.65748741e-09  4.65748741e-09  4.65826106e-09  4.65823651e-09 
 1.46560000e-07  4.65826118e-09  4.65826116e-09  4.65826262e-09  4.65826122e-09  4.65901811e-09  4.65901812e-09  4.65826123e-09  4.65828580e-09 
 1.48560000e-07  4.65826117e-09  4.65826117e-09  4.65825971e-09  4.65826117e-09  4.65752114e-09  4.65752116e-09  4.65826105e-09  4.65823661e-09 
 1.50560000e-07  4.65826116e-09  4.65826124e-09  4.65826262e-09  4.65826122e-09  4.65898416e-09  4.65898417e-09  4.65826129e-09  4.65828576e-09 
 1.52560000e-07  4.65826123e-09  4.65826115e-09  4.65825976e-09  4.65826117e-09  4.65755530e-09  4.65755526e-09  4.65826111e-09  4.65823665e-09 
 1.54560000e-07  4.65826115e-09  4.65826123e-09  4.65826263e-09  4.65826122e-09  4.65894987e-09  4.65894987e-09  4.65826129e-09  4.65828571e-09 
 1.56560000e-07  4.65826124e-09  4.65826112e-09  4.65825970e-09  4.65826117e-09  4.65758972e-09  4.65758973e-09  4.65826111e-09  4.65823672e-09 
 1.58560000e-07  4.65826116e-09  4.65826121e-09  4.65826264e-09  4.65826122e-09  4.65891531e-09  4.65891525e-09  4.65826125e-09  4.65828562e-09 
 1.60560000e-07  4.65826122e-09  4.65826117e-09  4.65825974e-09  4.65826118e-09  4.65762449e-09  4.65762452e-09  4.65826112e-09  4.65823682e-09 
 1.62560000e-07  4.65826118e-09  4.65826121e-09  4.65826266e-09  4.65826116e-09  4.65888040e-09  4.65888039e-09  4.65826127e-09  4.65828552e-09 
 1.64560000e-07  4.65826120e-09  4.65826120e-09  4.65825967e-09  4.65826118e-09  4.65765955e-09  4.65765955e-09  4.65826112e-09  4.65823686e-09 
 1.66560000e-07  4.65826119e-09  4.65826119e-09  4.65826273e-09  4.65826121e-09  4.65884523e-09  4.65884523e-09  4.65826124e-09  4.65828541e-09 
 1.68560000e-07  4.65826120e-09  4.65826115e-09  4.65825966e-09  4.65826118e-09  4.65769481e-09  4.65769484e-09  4.65826107e-09  4.65823699e-09 
 1.70560000e-07  4.65826118e-09  4.65826118e-09  4.65826269e-09  4.65826121e-09  4.65880982e-09  4.65880978e-09  4.65826122e-09  4.65828528e-09 
 1.72560000e-07  4.65826123e-09  4.65826122e-09  4.65825970e-09  4.65826118e-09  4.65773034e-09  4.65773035e-09  4.65826112e-09  4.65823715e-09 
 1.74560000e-07  4.65826116e-09  4.65826113e-09  4.65826269e-09  4.65826121e-09  4.65877417e-09  4.65877413e-09  4.65826127e-09  4.65828514e-09 
 1.76560000e-07  4.65826118e-09  4.65826120e-09  4.65825963e-09  4.65826118e-09  4.65776614e-09  4.65776614e-09  4.65826112e-09  4.65823728e-09 
 1.78560000e-07  4.65826115e-09  4.65826114e-09  4.65826271e-09  4.65826121e-09  4.65873825e-09  4.65873828e-09  4.65826127e-09  4.65828498e-09 
 1.80560000e-07  4.65826125e-09  4.65826119e-09  4.65825968e-09  4.65826118e-09  4.65780210e-09  4.65780206e-09  4.65826113e-09  4.65823745e-09 
 1.82560000e-07  4.65826113e-09  4.65826115e-09  4.65826272e-09  4.65826121e-09  4.65870220e-09  4.65870222e-09  4.65826126e-09  4.65828480e-09 
 1.84560000e-07  4.65826127e-09  4.65826118e-09  4.65825962e-09  4.65826118e-09  4.65783827e-09  4.65783825e-09  4.65826113e-09  4.65823769e-09 
 1.86560000e-07  4.65826112e-09  4.65826121e-09  4.65826272e-09  4.65826121e-09  4.65866598e-09  4.65866597e-09  4.65826126e-09  4.65828467e-09 
 1.88560000e-07  4.65826128e-09  4.65826118e-09  4.65825961e-09  4.65826118e-09  4.65787456e-09  4.65787454e-09  4.65826113e-09  4.65823788e-09 
 1.90560000e-07  4.65826112e-09  4.65826120e-09  4.65826272e-09  4.65826121e-09  4.65862963e-09  4.65862965e-09  4.65826126e-09  4.65828441e-09 
 1.92560000e-07  4.65826126e-09  4.65826114e-09  4.65825961e-09  4.65826119e-09  4.65791098e-09  4.65791094e-09  4.65826113e-09  4.65823804e-09 
 1.94560000e-07  4.65826113e-09  4.65826118e-09  4.65826272e-09  4.65826121e-09  4.65859315e-09  4.65859316e-09  4.65826125e-09  4.65828425e-09 
 1.96560000e-07  4.65826125e-09  4.65826116e-09  4.65825962e-09  4.65826119e-09  4.65794753e-09  4.65794750e-09  4.65826114e-09  4.65823826e-09 
 1.98560000e-07  4.65826115e-09  4.65826113e-09  4.65826271e-09  4.65826121e-09  4.65855657e-09  4.65855657e-09  4.65826119e-09  4.65828401e-09 
 2.00560000e-07  4.65826125e-09  4.65826120e-09  4.65825968e-09  4.65826119e-09  4.65798413e-09  4.65798413e-09  4.65826115e-09  4.65823851e-09 
 2.02560000e-07  4.65826114e-09  4.65826118e-09  4.65826274e-09  4.65826120e-09  4.65851991e-09  4.65851987e-09  4.65826121e-09  4.65828376e-09 
 2.04560000e-07  4.65826126e-09  4.65826123e-09  4.65825968e-09  4.65826119e-09  4.65802086e-09  4.65802084e-09  4.65826115e-09  4.65823877e-09 
 2.06560000e-07  4.65826112e-09  4.65826116e-09  4.65826270e-09  4.65826120e-09  4.65848314e-09  4.65848317e-09  4.65826124e-09  4.65828349e-09 
 2.08560000e-07  4.65826127e-09  4.65826122e-09  4.65825963e-09  4.65826119e-09  4.65805759e-09  4.65805763e-09  4.65826115e-09  4.65823903e-09 
 2.10560000e-07  4.65826107e-09  4.65826113e-09  4.65826277e-09  4.65826121e-09  4.65844638e-09  4.65844634e-09  4.65826124e-09  4.65828316e-09 
 2.12560000e-07  4.65826127e-09  4.65826120e-09  4.65825963e-09  4.65826119e-09  4.65809441e-09  4.65809441e-09  4.65826109e-09  4.65823926e-09 
 2.14560000e-07  4.65826113e-09  4.65826119e-09  4.65826277e-09  4.65826120e-09  4.65840953e-09  4.65840955e-09  4.65826125e-09  4.65828293e-09 
 2.16560000e-07  4.65826127e-09  4.65826119e-09  4.65825968e-09  4.65826119e-09  4.65813124e-09  4.65813125e-09  4.65826109e-09  4.65823961e-09 
 2.18560000e-07  4.65826112e-09  4.65826121e-09  4.65826271e-09  4.65826121e-09  4.65837272e-09  4.65837269e-09  4.65826125e-09  4.65828263e-09 
 2.20560000e-07  4.65826127e-09  4.65826117e-09  4.65825963e-09  4.65826119e-09  4.65816810e-09  4.65816810e-09  4.65826114e-09  4.65823986e-09 
 2.22560000e-07  4.65826111e-09  4.65826124e-09  4.65826277e-09  4.65826121e-09  4.65833586e-09  4.65833583e-09  4.65826125e-09  4.65828231e-09 
 2.24560000e-07  4.65826122e-09  4.65826115e-09  4.65825963e-09  4.65826112e-09  4.65820491e-09  4.65820492e-09  4.65826114e-09  4.65824020e-09 
 2.26560000e-07  4.65826113e-09  4.65826122e-09  4.65826277e-09  4.65826122e-09  4.65829906e-09  4.65829903e-09  4.65826125e-09  4.65828202e-09 
 2.28560000e-07  4.65826126e-09  4.65826114e-09  4.65825963e-09  4.65826117e-09  4.65824168e-09  4.65824174e-09  4.65826114e-09  4.65824057e-09 
 2.30560000e-07  4.65826113e-09  4.65826124e-09  4.65826270e-09  4.65826122e-09  4.65826228e-09  4.65826222e-09  4.65826125e-09  4.65828162e-09 
 2.32560000e-07  4.65826125e-09  4.65826117e-09  4.65825964e-09  4.65826118e-09  4.65827851e-09  4.65827850e-09  4.65826114e-09  4.65824090e-09 
 2.34560000e-07  4.65826115e-09  4.65826123e-09  4.65826269e-09  4.65826115e-09  4.65822553e-09  4.65822548e-09  4.65826125e-09  4.65828128e-09 
 2.36560000e-07  4.65826123e-09  4.65826116e-09  4.65825966e-09  4.65826119e-09  4.65831520e-09  4.65831522e-09  4.65826114e-09  4.65824127e-09 
 2.38560000e-07  4.65826117e-09  4.65826123e-09  4.65826268e-09  4.65826114e-09  4.65818882e-09  4.65818878e-09  4.65826123e-09  4.65828093e-09 
 2.40000000e-07  4.65826121e-09  4.65826116e-09  4.65825968e-09  4.65826121e-09  4.65835895e-09  4.65835894e-09  4.65826109e-09  4.65824169e-09 
 2.40200000e-07  4.65826118e-09  4.65826122e-09  4.65826114e-09  4.65826118e-09  4.65821559e-09  4.65821558e-09  4.65826120e-09  4.65826064e-09 
 2.40600000e-07  4.65826116e-09  4.65826116e-09  4.65826124e-09  4.65826121e-09  4.65830639e-09  4.65830638e-09  4.65826114e-09  4.65826171e-09 
 2.41400000e-07  4.65826127e-09  4.65826127e-09  4.65826115e-09  4.65826111e-09  4.65821619e-09  4.65821621e-09  4.65826117e-09  4.65826065e-09 
 2.42462548e-07  4.65826112e-09  4.65826110e-09  4.65826126e-09  4.65826124e-09  4.65830606e-09  4.65830604e-09  4.65826125e-09  4.65826175e-09 
 2.43628393e-07  4.65867337e-09  4.65867337e-09  4.65867322e-09  4.65867324e-09  4.65862859e-09  4.65862855e-09  4.65867323e-09  4.65867276e-09 
 2.44415386e-07  4.65250745e-09  4.65250735e-09  4.65250744e-09  4.65250739e-09  4.65255180e-09  4.65255184e-09  4.65250740e-09  4.65250720e-09 
 2.45000000e-07  4.69136942e-09  4.69136954e-09  4.69136956e-09  4.69136960e-09  4.69132549e-09  4.69132550e-09  4.69136960e-09  4.69137783e-09 
 2.45072830e-07  4.58471707e-09  4.58471699e-09  4.58471708e-09  4.58471711e-09  4.58472145e-09  4.58472128e-09  4.58471716e-09  4.58434849e-09 
 2.45218491e-07  4.15783973e-09  4.15783968e-09  4.15783954e-09  4.15783957e-09  4.15781637e-09  4.15781658e-09  4.15783952e-09  4.15943371e-09 
 2.45509812e-07  5.93123023e-09  5.93123022e-09  5.93123028e-09  5.93123020e-09  5.93126856e-09  5.93126831e-09  5.93123018e-09  5.92862190e-09 
 2.45847036e-07  2.38526456e-09  2.38526452e-09  2.38526462e-09  2.38526468e-09  2.38521385e-09  2.38521411e-09  2.38526469e-09  2.38892701e-09 
 2.46521484e-07  7.54248178e-09  7.54248178e-09  7.54248169e-09  7.54248165e-09  7.54253672e-09  7.54253648e-09  7.54248164e-09  7.53824761e-09 
 2.47870381e-07  1.44257505e-09  1.44257505e-09  1.44257518e-09  1.44257518e-09  1.44251895e-09  1.44251918e-09  1.44257519e-09  1.44710298e-09 
 2.49870381e-07  8.10662401e-09  8.10662402e-09  8.10662392e-09  8.10662390e-09  8.10668043e-09  8.10668024e-09  8.10662386e-09  8.10189560e-09 
 2.51870381e-07  9.70203361e-10  9.70203348e-10  9.70203452e-10  9.70203450e-10  9.70147035e-10  9.70147213e-10  9.70203461e-10  9.75133894e-10 
 2.53870381e-07  8.59274555e-09  8.59274549e-09  8.59274544e-09  8.59274542e-09  8.59280125e-09  8.59280107e-09  8.59274540e-09  8.58761153e-09 
 2.55870381e-07  4.70911034e-10  4.70911049e-10  4.70911077e-10  4.70911113e-10  4.70856318e-10  4.70856494e-10  4.70911117e-10  4.76249567e-10 
 2.57870381e-07  9.10460957e-09  9.10460953e-09  9.10460951e-09  9.10460948e-09  9.10466269e-09  9.10466252e-09  9.10460950e-09  9.09906569e-09 
 2.59870381e-07 -5.29232899e-11 -5.29232655e-11 -5.29232726e-11 -5.29232582e-11 -5.29743366e-11 -5.29741683e-11 -5.29232289e-11 -4.71717140e-11 
 2.61870381e-07  9.63978304e-09  9.63978303e-09  9.63978302e-09  9.63978298e-09  9.63983134e-09  9.63983118e-09  9.63978297e-09  9.63382329e-09 
 2.63870381e-07 -5.98950096e-10 -5.98950030e-10 -5.98950062e-10 -5.98950057e-10 -5.98995070e-10 -5.98994920e-10 -5.98950056e-10 -5.92781948e-10 
 2.65870381e-07  1.01960074e-08  1.01960074e-08  1.01960074e-08  1.01960074e-08  1.01960485e-08  1.01960484e-08  1.01960074e-08  1.01896310e-08 
 2.67870381e-07 -1.16471475e-09 -1.16471475e-09 -1.16471478e-09 -1.16471474e-09 -1.16475128e-09 -1.16475110e-09 -1.16471474e-09 -1.15813020e-09 
 2.69870381e-07  1.07706418e-08  1.07706418e-08  1.07706418e-08  1.07706418e-08  1.07706731e-08  1.07706730e-08  1.07706418e-08  1.07638498e-08 
 2.71870381e-07 -1.74754960e-09 -1.74754961e-09 -1.74754966e-09 -1.74754956e-09 -1.74757503e-09 -1.74757491e-09 -1.74754958e-09 -1.74055066e-09 
 2.73870381e-07  1.13609990e-08  1.13609990e-08  1.13609990e-08  1.13609990e-08  1.13610179e-08  1.13610178e-08  1.13609990e-08  1.13537941e-08 
 2.75870381e-07 -2.34475493e-09 -2.34475491e-09 -2.34475496e-09 -2.34475493e-09 -2.34476660e-09 -2.34476650e-09 -2.34475492e-09 -2.33734518e-09 
 2.77870381e-07  1.19643735e-08  1.19643735e-08  1.19643735e-08  1.19643735e-08  1.19643774e-08  1.19643773e-08  1.19643735e-08  1.19567603e-08 
 2.79870381e-07 -2.95362560e-09 -2.95362554e-09 -2.95362565e-09 -2.95362559e-09 -2.95362102e-09 -2.95362094e-09 -2.95362560e-09 -2.94581037e-09 
 2.81870381e-07  1.25780664e-08  1.25780664e-08  1.25780664e-08  1.25780663e-08  1.25780528e-08  1.25780527e-08  1.25780663e-08  1.25700510e-08 
 2.83870381e-07 -3.57147465e-09 -3.57147464e-09 -3.57147465e-09 -3.57147461e-09 -3.57145146e-09 -3.57145135e-09 -3.57147460e-09 -3.56326093e-09 
 2.85870381e-07  1.31994079e-08  1.31994078e-08  1.31994079e-08  1.31994078e-08  1.31993745e-08  1.31993745e-08  1.31994078e-08  1.31909981e-08 
 2.87870381e-07 -4.19565419e-09 -4.19565419e-09 -4.19565426e-09 -4.19565420e-09 -4.19561023e-09 -4.19561017e-09 -4.19565417e-09 -4.18705060e-09 
 2.89870381e-07  1.38257766e-08  1.38257765e-08  1.38257766e-08  1.38257766e-08  1.38257215e-08  1.38257215e-08  1.38257766e-08  1.38169818e-08 
 2.91870381e-07 -4.82357371e-09 -4.82357367e-09 -4.82357376e-09 -4.82357369e-09 -4.82350716e-09 -4.82350711e-09 -4.82357370e-09 -4.81459034e-09 
 2.93870381e-07  1.44546166e-08  1.44546166e-08  1.44546167e-08  1.44546167e-08  1.44545383e-08  1.44545382e-08  1.44546166e-08  1.44454477e-08 
 2.95870381e-07 -5.45271559e-09 -5.45271552e-09 -5.45271565e-09 -5.45271557e-09 -5.45262510e-09 -5.45262503e-09 -5.45271558e-09 -5.44336407e-09 
 2.97870381e-07  1.50834520e-08  1.50834520e-08  1.50834521e-08  1.50834521e-08  1.50833493e-08  1.50833492e-08  1.50834521e-08  1.50739214e-08 
 2.99870381e-07 -6.08064855e-09 -6.08064851e-09 -6.08064864e-09 -6.08064861e-09 -6.08053344e-09 -6.08053339e-09 -6.08064861e-09 -6.07094216e-09 
 3.01870381e-07  1.57098993e-08  1.57098993e-08  1.57098994e-08  1.57098994e-08  1.57097718e-08  1.57097717e-08  1.57098994e-08  1.57000209e-08 
 3.03870381e-07 -6.70503937e-09 -6.70503935e-09 -6.70503945e-09 -6.70503945e-09 -6.70489943e-09 -6.70489942e-09 -6.70503943e-09 -6.69499267e-09 
 3.05870381e-07  1.63316775e-08  1.63316774e-08  1.63316775e-08  1.63316775e-08  1.63315254e-08  1.63315253e-08  1.63316775e-08  1.63214666e-08 
 3.07870381e-07 -7.32366152e-09 -7.32366150e-09 -7.32366156e-09 -7.32366154e-09 -7.32349754e-09 -7.32349746e-09 -7.32366156e-09 -7.31329059e-09 
 3.09870381e-07  1.69516856e-08  1.69516856e-08  1.69516857e-08  1.69516856e-08  1.69515101e-08  1.69515100e-08  1.69516856e-08  1.69411559e-08 
 3.11870381e-07 -7.93382830e-09 -7.93382830e-09 -7.93382836e-09 -7.93382834e-09 -7.93364183e-09 -7.93364180e-09 -7.93382834e-09 -7.92315101e-09 
 3.13870381e-07  1.75573880e-08  1.75573880e-08  1.75573880e-08  1.75573880e-08  1.75571911e-08  1.75571910e-08  1.75573880e-08  1.75465611e-08 
 3.15870381e-07 -8.53419734e-09 -8.53419735e-09 -8.53419741e-09 -8.53419741e-09 -8.53399091e-09 -8.53399090e-09 -8.53419739e-09 -8.52323267e-09 
 3.17870381e-07  1.81523354e-08  1.81523354e-08  1.81523354e-08  1.81523354e-08  1.81521202e-08  1.81521202e-08  1.81523354e-08  1.81412310e-08 
 3.19870381e-07 -9.12289269e-09 -9.12289272e-09 -9.12289279e-09 -9.12289274e-09 -9.12267002e-09 -9.12267002e-09 -9.12289277e-09 -9.11166092e-09 
 3.21870381e-07  1.87347152e-08  1.87347152e-08  1.87347153e-08  1.87347153e-08  1.87344860e-08  1.87344860e-08  1.87347152e-08  1.87233543e-08 
 3.23870381e-07 -9.69541159e-09 -9.69541156e-09 -9.69541165e-09 -9.69541156e-09 -9.69517749e-09 -9.69517748e-09 -9.69541163e-09 -9.68393788e-09 
 3.25870381e-07  1.93034388e-08  1.93034388e-08  1.93034389e-08  1.93034388e-08  1.93032010e-08  1.93032010e-08  1.93034389e-08  1.92918436e-08 
 3.27870381e-07 -1.02560203e-08 -1.02560203e-08 -1.02560204e-08 -1.02560203e-08 -1.02557807e-08 -1.02557808e-08 -1.02560204e-08 -1.02443241e-08 
 3.29870381e-07  1.98562731e-08  1.98562730e-08  1.98562731e-08  1.98562731e-08  1.98560333e-08  1.98560333e-08  1.98562731e-08  1.98444672e-08 
 3.31870381e-07 -1.08000281e-08 -1.08000280e-08 -1.08000281e-08 -1.08000281e-08 -1.07997904e-08 -1.07997903e-08 -1.08000281e-08 -1.07881337e-08 
 3.33870381e-07  2.03918056e-08  2.03918056e-08  2.03918056e-08  2.03918056e-08  2.03915719e-08  2.03915719e-08  2.03918056e-08  2.03798142e-08 
 3.35870381e-07 -1.13260875e-08 -1.13260875e-08 -1.13260876e-08 -1.13260876e-08 -1.13258605e-08 -1.13258604e-08 -1.13260876e-08 -1.13140208e-08 
 3.37870381e-07  2.09087523e-08  2.09087523e-08  2.09087523e-08  2.09087523e-08  2.09085341e-08  2.09085341e-08  2.09087523e-08  2.08966018e-08 
 3.39870381e-07 -1.18329788e-08 -1.18329788e-08 -1.18329789e-08 -1.18329788e-08 -1.18327726e-08 -1.18327726e-08 -1.18329788e-08 -1.18207670e-08 
 3.41870381e-07  2.14059554e-08  2.14059554e-08  2.14059555e-08  2.14059554e-08  2.14057638e-08  2.14057638e-08  2.14059554e-08  2.13936739e-08 
 3.43870381e-07 -1.23196074e-08 -1.23196075e-08 -1.23196075e-08 -1.23196074e-08 -1.23194338e-08 -1.23194338e-08 -1.23196074e-08 -1.23072789e-08 
 3.45870381e-07  2.18823816e-08  2.18823815e-08  2.18823816e-08  2.18823816e-08  2.18822290e-08  2.18822290e-08  2.18823815e-08  2.18699980e-08 
 3.47870381e-07 -1.27850015e-08 -1.27850016e-08 -1.27850016e-08 -1.27850015e-08 -1.27848738e-08 -1.27848737e-08 -1.27850015e-08 -1.27725861e-08 
 3.49870381e-07  2.23371185e-08  2.23371185e-08  2.23371185e-08  2.23371184e-08  2.23370191e-08  2.23370191e-08  2.23371184e-08  2.23246633e-08 
 3.51870381e-07 -1.32283088e-08 -1.32283088e-08 -1.32283088e-08 -1.32283087e-08 -1.32282419e-08 -1.32282419e-08 -1.32283087e-08 -1.32158374e-08 
 3.53870381e-07  2.27693718e-08  2.27693718e-08  2.27693719e-08  2.27693718e-08  2.27693414e-08  2.27693414e-08  2.27693718e-08  2.27568767e-08 
 3.55870381e-07 -1.36487929e-08 -1.36487929e-08 -1.36487929e-08 -1.36487928e-08 -1.36488033e-08 -1.36488033e-08 -1.36487928e-08 -1.36362979e-08 
 3.57870381e-07  2.31784613e-08  2.31784613e-08  2.31784614e-08  2.31784613e-08  2.31785172e-08  2.31785172e-08  2.31784612e-08  2.31659591e-08 
 3.59870381e-07 -1.40458294e-08 -1.40458294e-08 -1.40458294e-08 -1.40458293e-08 -1.40459353e-08 -1.40459353e-08 -1.40458293e-08 -1.40333441e-08 
 3.61870381e-07  2.35638165e-08  2.35638165e-08  2.35638165e-08  2.35638165e-08  2.35639775e-08  2.35639775e-08  2.35638164e-08  2.35513411e-08 
 3.63870381e-07 -1.44189014e-08 -1.44189014e-08 -1.44189015e-08 -1.44189013e-08 -1.44191225e-08 -1.44191225e-08 -1.44189013e-08 -1.44064605e-08 
 3.65870381e-07  2.39249722e-08  2.39249722e-08  2.39249722e-08  2.39249721e-08  2.39252590e-08  2.39252590e-08  2.39249721e-08  2.39125589e-08 
 3.67870381e-07 -1.47675949e-08 -1.47675949e-08 -1.47675950e-08 -1.47675949e-08 -1.47679527e-08 -1.47679526e-08 -1.47675949e-08 -1.47552340e-08 
 3.69870381e-07  2.42615638e-08  2.42615639e-08  2.42615639e-08  2.42615638e-08  2.42619987e-08  2.42619986e-08  2.42615638e-08  2.42492489e-08 
 3.71870381e-07 -1.50915941e-08 -1.50915942e-08 -1.50915943e-08 -1.50915941e-08 -1.50921115e-08 -1.50921115e-08 -1.50915941e-08 -1.50793500e-08 
 3.73870381e-07  2.45733228e-08  2.45733229e-08  2.45733229e-08  2.45733227e-08  2.45739294e-08  2.45739294e-08  2.45733227e-08  2.45611434e-08 
 3.75870381e-07 -1.53906766e-08 -1.53906767e-08 -1.53906767e-08 -1.53906765e-08 -1.53913781e-08 -1.53913780e-08 -1.53906765e-08 -1.53785868e-08 
 3.77870381e-07  2.48600711e-08  2.48600712e-08  2.48600712e-08  2.48600710e-08  2.48608748e-08  2.48608748e-08  2.48600710e-08  2.48480654e-08 
 3.79870381e-07 -1.56647078e-08 -1.56647078e-08 -1.56647078e-08 -1.56647076e-08 -1.56656195e-08 -1.56656194e-08 -1.56647077e-08 -1.56528111e-08 
 3.81870381e-07  2.51217165e-08  2.51217165e-08  2.51217166e-08  2.51217164e-08  2.51227442e-08  2.51227442e-08  2.51217164e-08  2.51099236e-08 
 3.83870381e-07 -1.59136364e-08 -1.59136365e-08 -1.59136365e-08 -1.59136364e-08 -1.59147860e-08 -1.59147860e-08 -1.59136363e-08 -1.59019724e-08 
 3.85870381e-07  2.53582472e-08  2.53582473e-08  2.53582474e-08  2.53582472e-08  2.53595273e-08  2.53595274e-08  2.53582472e-08  2.53467073e-08 
 3.87870381e-07 -1.61374893e-08 -1.61374894e-08 -1.61374895e-08 -1.61374893e-08 -1.61389059e-08 -1.61389058e-08 -1.61374893e-08 -1.61260982e-08 
 3.89870381e-07  2.55697274e-08  2.55697275e-08  2.55697276e-08  2.55697273e-08  2.55712897e-08  2.55712897e-08  2.55697274e-08  2.55584810e-08 
 3.91870381e-07 -1.63363663e-08 -1.63363664e-08 -1.63363665e-08 -1.63363662e-08 -1.63380802e-08 -1.63380802e-08 -1.63363663e-08 -1.63252891e-08 
 3.93870381e-07  2.57562915e-08  2.57562916e-08  2.57562917e-08  2.57562914e-08  2.57581670e-08  2.57581670e-08  2.57562914e-08  2.57453800e-08 
 3.95870381e-07 -1.65104351e-08 -1.65104351e-08 -1.65104352e-08 -1.65104349e-08 -1.65124780e-08 -1.65124780e-08 -1.65104349e-08 -1.64997136e-08 
 3.97870381e-07  2.59181393e-08  2.59181394e-08  2.59181395e-08  2.59181392e-08  2.59203605e-08  2.59203605e-08  2.59181392e-08  2.59076049e-08 
 3.99870381e-07 -1.66599262e-08 -1.66599262e-08 -1.66599264e-08 -1.66599261e-08 -1.66623314e-08 -1.66623314e-08 -1.66599261e-08 -1.66496027e-08 
 4.01870381e-07  2.60555315e-08  2.60555315e-08  2.60555317e-08  2.60555314e-08  2.60581321e-08  2.60581322e-08  2.60555314e-08  2.60454167e-08 
 4.03870381e-07 -1.67851288e-08 -1.67851288e-08 -1.67851290e-08 -1.67851286e-08 -1.67879304e-08 -1.67879304e-08 -1.67851287e-08 -1.67752461e-08 
 4.05870381e-07  2.61687846e-08  2.61687846e-08  2.61687848e-08  2.61687844e-08  2.61717995e-08  2.61717994e-08  2.61687844e-08  2.61591324e-08 
 4.07870381e-07 -1.68863851e-08 -1.68863851e-08 -1.68863853e-08 -1.68863850e-08 -1.68896185e-08 -1.68896186e-08 -1.68863850e-08 -1.68769865e-08 
 4.09870381e-07  2.62582661e-08  2.62582660e-08  2.62582663e-08  2.62582659e-08  2.62617312e-08  2.62617312e-08  2.62582659e-08  2.62491201e-08 
 4.11870381e-07 -1.69640865e-08 -1.69640865e-08 -1.69640868e-08 -1.69640863e-08 -1.69677882e-08 -1.69677882e-08 -1.69640864e-08 -1.69552157e-08 
 4.13870381e-07  2.63243904e-08  2.63243904e-08  2.63243907e-08  2.63243903e-08  2.63283427e-08  2.63283427e-08  2.63243903e-08  2.63157944e-08 
 4.15870381e-07 -1.70186690e-08 -1.70186690e-08 -1.70186693e-08 -1.70186688e-08 -1.70228763e-08 -1.70228763e-08 -1.70186689e-08 -1.70103697e-08 
 4.17870381e-07  2.63676146e-08  2.63676146e-08  2.63676149e-08  2.63676145e-08  2.63720918e-08  2.63720918e-08  2.63676145e-08  2.63596125e-08 
 4.19870381e-07 -1.70506084e-08 -1.70506084e-08 -1.70506088e-08 -1.70506084e-08 -1.70553596e-08 -1.70553596e-08 -1.70506084e-08 -1.70429247e-08 
 4.21870381e-07  2.63884332e-08  2.63884332e-08  2.63884336e-08  2.63884332e-08  2.63934741e-08  2.63934741e-08  2.63884332e-08  2.63810693e-08 
 4.23870381e-07 -1.70604171e-08 -1.70604171e-08 -1.70604174e-08 -1.70604169e-08 -1.70657511e-08 -1.70657510e-08 -1.70604170e-08 -1.70533931e-08 
 4.25870381e-07  2.63873755e-08  2.63873755e-08  2.63873759e-08  2.63873754e-08  2.63930192e-08  2.63930193e-08  2.63873754e-08  2.63806938e-08 
 4.27870381e-07 -1.70486390e-08 -1.70486390e-08 -1.70486394e-08 -1.70486389e-08 -1.70545954e-08 -1.70545954e-08 -1.70486389e-08 -1.70423189e-08 
 4.29870381e-07  2.63567478e-08  2.63567478e-08  2.63567482e-08  2.63567477e-08  2.63630327e-08  2.63630327e-08  2.63567477e-08  2.63507945e-08 
 4.31870381e-07 -1.70212059e-08 -1.70212060e-08 -1.70212064e-08 -1.70212059e-08 -1.70278274e-08 -1.70278274e-08 -1.70212059e-08 -1.70156324e-08 
 4.33870381e-07  2.63218585e-08  2.63218586e-08  2.63218590e-08  2.63218584e-08  2.63288285e-08  2.63288285e-08  2.63218584e-08  2.63166735e-08 
 4.35870381e-07 -1.69626058e-08 -1.69626058e-08 -1.69626063e-08 -1.69626058e-08 -1.69699283e-08 -1.69699283e-08 -1.69626057e-08 -1.69578255e-08 
 4.37870381e-07  2.62586358e-08  2.62586357e-08  2.62586363e-08  2.62586357e-08  2.62663302e-08  2.62663302e-08  2.62586357e-08  2.62542650e-08 
 4.39870381e-07 -1.68895930e-08 -1.68895930e-08 -1.68895935e-08 -1.68895929e-08 -1.68976590e-08 -1.68976590e-08 -1.68895930e-08 -1.68856471e-08 
 4.41870381e-07  2.61759077e-08  2.61759077e-08  2.61759083e-08  2.61759077e-08  2.61843651e-08  2.61843651e-08  2.61759077e-08  2.61723919e-08 
 4.43870381e-07 -1.68027089e-08 -1.68027088e-08 -1.68027095e-08 -1.68027088e-08 -1.68115597e-08 -1.68115597e-08 -1.68027088e-08 -1.67996368e-08 
 4.45870381e-07  2.60662442e-08  2.60662442e-08  2.60662449e-08  2.60662442e-08  2.60755009e-08  2.60755008e-08  2.60662442e-08  2.60636248e-08 
 4.47870381e-07 -1.66922101e-08 -1.66922101e-08 -1.66922107e-08 -1.66922100e-08 -1.67018826e-08 -1.67018825e-08 -1.66922100e-08 -1.66900536e-08 
 4.49870381e-07  2.59468249e-08  2.59468249e-08  2.59468255e-08  2.59468248e-08  2.59569229e-08  2.59569229e-08  2.59468248e-08  2.59451412e-08 
 4.51870381e-07 -1.65640447e-08 -1.65640447e-08 -1.65640454e-08 -1.65640446e-08 -1.65745788e-08 -1.65745788e-08 -1.65640447e-08 -1.65628445e-08 
 4.53870381e-07  2.58100937e-08  2.58100936e-08  2.58100943e-08  2.58100936e-08  2.58210744e-08  2.58210744e-08  2.58100936e-08  2.58093875e-08 
 4.55870381e-07 -1.64189149e-08 -1.64189149e-08 -1.64189156e-08 -1.64189149e-08 -1.64303532e-08 -1.64303532e-08 -1.64189149e-08 -1.64187137e-08 
 4.57870381e-07  2.56567317e-08  2.56567317e-08  2.56567324e-08  2.56567316e-08  2.56686381e-08  2.56686381e-08  2.56567317e-08  2.56570459e-08 
 4.59870381e-07 -1.62574826e-08 -1.62574826e-08 -1.62574834e-08 -1.62574826e-08 -1.62698679e-08 -1.62698679e-08 -1.62574826e-08 -1.62583229e-08 
 4.61870381e-07  2.54873971e-08  2.54873971e-08  2.54873980e-08  2.54873971e-08  2.55002718e-08  2.55002718e-08  2.54873971e-08  2.54887736e-08 
 4.63870381e-07 -1.60804091e-08 -1.60804091e-08 -1.60804100e-08 -1.60804091e-08 -1.60937840e-08 -1.60937840e-08 -1.60804091e-08 -1.60823324e-08 
 4.65870381e-07  2.53027539e-08  2.53027538e-08  2.53027548e-08  2.53027539e-08  2.53166393e-08  2.53166392e-08  2.53027539e-08  2.53052340e-08 
 4.67870381e-07 -1.58883605e-08 -1.58883605e-08 -1.58883614e-08 -1.58883605e-08 -1.59027671e-08 -1.59027671e-08 -1.58883605e-08 -1.58914077e-08 
 4.69870381e-07  2.51034696e-08  2.51034695e-08  2.51034705e-08  2.51034695e-08  2.51184076e-08  2.51184075e-08  2.51034695e-08  2.51070936e-08 
 4.71870381e-07 -1.56820053e-08 -1.56820052e-08 -1.56820062e-08 -1.56820053e-08 -1.56974853e-08 -1.56974853e-08 -1.56820053e-08 -1.56862162e-08 
 4.73870381e-07  2.48902130e-08  2.48902129e-08  2.48902139e-08  2.48902130e-08  2.49062451e-08  2.49062451e-08  2.48902130e-08  2.48950202e-08 
 4.75870381e-07 -1.54620123e-08 -1.54620122e-08 -1.54620132e-08 -1.54620122e-08 -1.54786068e-08 -1.54786069e-08 -1.54620122e-08 -1.54674255e-08 
 4.77870381e-07  2.46636525e-08  2.46636524e-08  2.46636534e-08  2.46636524e-08  2.46808195e-08  2.46808196e-08  2.46636524e-08  2.46696811e-08 
 4.79870381e-07 -1.52290484e-08 -1.52290483e-08 -1.52290494e-08 -1.52290483e-08 -1.52467982e-08 -1.52467982e-08 -1.52290484e-08 -1.52357018e-08 
 4.81870381e-07  2.44244535e-08  2.44244534e-08  2.44244545e-08  2.44244534e-08  2.44427957e-08  2.44427958e-08  2.44244534e-08  2.44317405e-08 
 4.83870381e-07 -1.49837775e-08 -1.49837774e-08 -1.49837786e-08 -1.49837774e-08 -1.50027223e-08 -1.50027223e-08 -1.49837774e-08 -1.49917074e-08 
 4.85000000e-07  2.40735283e-08  2.40735283e-08  2.40735294e-08  2.40735283e-08  2.40935633e-08  2.40935633e-08  2.40735283e-08  2.40826174e-08 
 4.85200000e-07  5.01117768e-09  5.01117767e-09  5.01117762e-09  5.01117769e-09  5.00958200e-09  5.00958204e-09  5.01117769e-09  5.00948551e-09 
 4.85600000e-07  4.27796182e-09  4.27796178e-09  4.27796187e-09  4.27796183e-09  4.27965622e-09  4.27965619e-09  4.27796181e-09  4.27973656e-09 
 4.86400000e-07  5.05051103e-09  5.05051103e-09  5.05051091e-09  5.05051096e-09  5.04876900e-09  5.04876902e-09  5.05051101e-09  5.04869759e-09 
 4.87150302e-07  4.25451787e-09  4.25451789e-09  4.25451795e-09  4.25451787e-09  4.25630835e-09  4.25630834e-09  4.25451782e-09  4.25637023e-09 
 4.87697243e-07  5.07573472e-09  5.07573464e-09  5.07573469e-09  5.07573476e-09  5.07389160e-09  5.07389152e-09  5.07573476e-09  5.07383309e-09 
 4.88110657e-07  4.22609011e-09  4.22609033e-09  4.22609027e-09  4.22609017e-09  4.22788523e-09  4.22788530e-09  4.22609019e-09  4.22805032e-09 
 4.88505800e-07  5.08887187e-09  5.08887172e-09  5.08887179e-09  5.08887184e-09  5.08756603e-09  5.08756597e-09  5.08887188e-09  5.08685599e-09 
 4.88884222e-07  4.28990266e-09  4.28990268e-09  4.28990258e-09  4.28990255e-09  4.28957758e-09  4.28957763e-09  4.28990247e-09  4.29197719e-09 
 4.89276647e-07  4.84332468e-09  4.84332475e-09  4.84332471e-09  4.84332484e-09  4.84717758e-09  4.84717747e-09  4.84332482e-09  4.84118357e-09 
 4.89720189e-07  4.84182713e-09  4.84182716e-09  4.84182726e-09  4.84182714e-09  4.83242281e-09  4.83242288e-09  4.84182715e-09  4.84404426e-09 
 4.90000000e-07  2.82486673e-09  2.82486672e-09  2.82486672e-09  2.82486679e-09  2.84975573e-09  2.84975582e-09  2.82486674e-09  2.82247768e-09 
 4.90048558e-07  1.90623262e-08  1.90623260e-08  1.90623250e-08  1.90623260e-08  1.90083222e-08  1.90083221e-08  1.90623261e-08  1.90625917e-08 
 4.90145674e-07 -3.98935463e-08 -3.98935461e-08 -3.98935414e-08 -3.98935460e-08 -3.97877303e-08 -3.97877302e-08 -3.98935461e-08 -3.98930438e-08 
 4.90339905e-07  6.92241593e-08  6.92241592e-08  6.92241506e-08  6.92241592e-08  6.90939904e-08  6.90939903e-08  6.92241592e-08  6.92226836e-08 
 4.90627869e-07 -7.38757341e-08 -7.38757341e-08 -7.38757218e-08 -7.38757340e-08 -7.37316751e-08 -7.37316751e-08 -7.38757340e-08 -7.38733802e-08 
 4.91200190e-07  9.00406571e-08  9.00406571e-08  9.00406427e-08  9.00406571e-08  8.98906591e-08  8.98906592e-08  9.00406572e-08  9.00378363e-08 
 4.92198380e-07 -8.45509112e-08 -8.45509112e-08 -8.45508954e-08 -8.45509111e-08 -8.43978616e-08 -8.43978616e-08 -8.45509112e-08 -8.45478290e-08 
 4.94194760e-07  9.57451198e-08  9.57451199e-08  9.57451033e-08  9.57451197e-08  9.55906480e-08  9.55906480e-08  9.57451198e-08  9.57419112e-08 
 4.96194760e-07 -8.82780441e-08 -8.82780442e-08 -8.82780270e-08 -8.82780441e-08 -8.81222220e-08 -8.81222220e-08 -8.82780441e-08 -8.82747135e-08 
 4.98194760e-07  9.94159364e-08  9.94159365e-08  9.94159185e-08  9.94159363e-08  9.92588365e-08  9.92588365e-08  9.94159364e-08  9.94124890e-08 
 5.00000000e-07 -9.20844395e-08 -9.20844396e-08 -9.20844206e-08 -9.20844394e-08 -9.19260080e-08 -9.19260080e-08 -9.20844394e-08 -9.20808695e-08 
 5.00100000e-07  1.26987647e-08  1.26987650e-08  1.26987604e-08  1.26987648e-08  1.26947891e-08  1.26947891e-08  1.26987648e-08  1.26985578e-08 
 5.00300000e-07 -1.26334719e-09 -1.26334751e-09 -1.26334184e-09 -1.26334718e-09 -1.26375978e-09 -1.26375984e-09 -1.26334709e-09 -1.26410993e-09 
 5.00700000e-07  9.42212813e-09  9.42212838e-09  9.42212240e-09  9.42212809e-09  9.42798983e-09  9.42798989e-09  9.42212801e-09  9.42670497e-09 
 5.01000000e-07  1.46229542e-09  1.46229523e-09  1.46230157e-09  1.46229546e-09  1.41586571e-09  1.41586570e-09  1.46229543e-09  1.41915055e-09 
 5.01045302e-07  2.27943497e-09  2.27943515e-09  2.27943470e-09  2.27943497e-09  2.71112245e-09  2.71112237e-09  2.27943511e-09  2.71117869e-09 
 5.01135906e-07  6.40368546e-09  6.40368517e-09  6.40368540e-09  6.40368558e-09  5.43989098e-09  5.43989110e-09  6.40368547e-09  5.42914399e-09 
 5.01317114e-07  3.32945084e-09  3.32945105e-09  3.32945063e-09  3.32945056e-09  4.44741066e-09  4.44741057e-09  3.32945062e-09  4.46651262e-09 
 5.01679529e-07  5.78213548e-09  5.78213531e-09  5.78213580e-09  5.78213574e-09  4.62885459e-09  4.62885461e-09  5.78213567e-09  4.60508011e-09 
 5.02222100e-07  3.66667964e-09  3.66667986e-09  3.66667925e-09  3.66667949e-09  4.83155451e-09  4.83155444e-09  3.66667953e-09  4.85851628e-09 
 5.03307241e-07  5.58542446e-09  5.58542429e-09  5.58542490e-09  5.58542453e-09  4.41822756e-09  4.41822760e-09  5.58542449e-09  4.38966882e-09 
 5.05307241e-07  3.76551852e-09  3.76551866e-09  3.76551804e-09  3.76551846e-09  4.93303178e-09  4.93303173e-09  3.76551849e-09  4.96245516e-09 
 5.07307241e-07  5.51697493e-09  5.51697477e-09  5.51697545e-09  5.51697493e-09  4.34979912e-09  4.34979913e-09  5.51697492e-09  4.31951345e-09 
 5.09307241e-07  3.83317336e-09  3.83317354e-09  3.83317282e-09  3.83317334e-09  4.99936538e-09  4.99936533e-09  3.83317341e-09  5.03051021e-09 
 5.11307241e-07  5.45013663e-09  5.45013643e-09  5.45013724e-09  5.45013664e-09  4.28556686e-09  4.28556692e-09  5.45013657e-09  4.25356656e-09 
 5.13307241e-07  3.89917485e-09  3.89917504e-09  3.89917418e-09  3.89917486e-09  5.06149205e-09  5.06149205e-09  3.89917488e-09  5.09434320e-09 
 5.15307241e-07  5.38499055e-09  5.38499040e-09  5.38499132e-09  5.38499061e-09  4.22554783e-09  4.22554789e-09  5.38499055e-09  4.19185099e-09 
 5.17307241e-07  3.96344836e-09  3.96344851e-09  3.96344755e-09  3.96344834e-09  5.11940329e-09  5.11940325e-09  3.96344836e-09  5.15393994e-09 
 5.19307241e-07  5.32160521e-09  5.32160507e-09  5.32160612e-09  5.32160525e-09  4.16974248e-09  4.16974251e-09  5.32160521e-09  4.13437257e-09 
 5.21307241e-07  4.02593148e-09  4.02593156e-09  4.02593046e-09  4.02593145e-09  5.17310667e-09  5.17310671e-09  4.02593144e-09  5.20930273e-09 
 5.23307241e-07  5.26003716e-09  5.26003702e-09  5.26003823e-09  5.26003718e-09  4.11813528e-09  4.11813527e-09  5.26003713e-09  4.08112096e-09 
 5.25307241e-07  4.08657304e-09  4.08657320e-09  4.08657186e-09  4.08657304e-09  5.22262528e-09  5.22262524e-09  4.08657306e-09  5.26044939e-09 
 5.27307241e-07  5.20033221e-09  5.20033207e-09  5.20033350e-09  5.20033224e-09  4.07069611e-09  4.07069612e-09  5.20033217e-09  4.03207114e-09 
 5.29307241e-07  4.14533232e-09  4.14533248e-09  4.14533102e-09  4.14533237e-09  5.26799580e-09  5.26799580e-09  4.14533238e-09  5.30741205e-09 
 5.31307241e-07  5.14252630e-09  5.14252611e-09  5.14252773e-09  5.14252628e-09  4.02738173e-09  4.02738174e-09  5.14252621e-09  3.98718444e-09 
 5.33307241e-07  4.20217831e-09  4.20217845e-09  4.20217673e-09  4.20217833e-09  5.30926793e-09  5.30926791e-09  4.20217837e-09  5.35023560e-09 
 5.35307241e-07  5.08664592e-09  5.08664573e-09  5.08664763e-09  5.08664588e-09  3.98813671e-09  3.98813670e-09  5.08664584e-09  3.94640984e-09 
 5.37307241e-07  4.25708858e-09  4.25708874e-09  4.25708678e-09  4.25708863e-09  5.34650271e-09  5.34650269e-09  4.25708864e-09  5.38897673e-09 
 5.39307241e-07  5.03270924e-09  5.03270908e-09  5.03271118e-09  5.03270919e-09  3.95289392e-09  3.95289390e-09  5.03270917e-09  3.90968543e-09 
 5.41307241e-07  4.31004905e-09  4.31004921e-09  4.31004697e-09  4.31004914e-09  5.37977426e-09  5.37977426e-09  4.31004915e-09  5.42370354e-09 
 5.43307241e-07  4.98072664e-09  4.98072649e-09  4.98072891e-09  4.98072658e-09  3.92157039e-09  3.92157039e-09  4.98072657e-09  3.87693494e-09 
 5.45307241e-07  4.36105297e-09  4.36105310e-09  4.36105058e-09  4.36105303e-09  5.40917369e-09  5.40917367e-09  4.36105305e-09  5.45450045e-09 
 5.47307241e-07  4.93070145e-09  4.93070129e-09  4.93070401e-09  4.93070140e-09  3.89407053e-09  3.89407048e-09  4.93070139e-09  3.84806766e-09 
 5.49307241e-07  4.41010019e-09  4.41010037e-09  4.41009750e-09  4.41010021e-09  5.43479934e-09  5.43479933e-09  4.41010025e-09  5.48146271e-09 
 5.51307241e-07  4.88263064e-09  4.88263052e-09  4.88263356e-09  4.88263055e-09  3.87029310e-09  3.87029308e-09  4.88263057e-09  3.82298512e-09 
 5.53307241e-07  4.45719678e-09  4.45719695e-09  4.45719373e-09  4.45719686e-09  5.45675503e-09  5.45675507e-09  4.45719688e-09  5.50469138e-09 
 5.55307241e-07  4.83650528e-09  4.83650518e-09  4.83650859e-09  4.83650525e-09  3.85013209e-09  3.85013214e-09  4.83650518e-09  3.80158386e-09 
 5.57307241e-07  4.50235445e-09  4.50235457e-09  4.50235093e-09  4.50235452e-09  5.47514876e-09  5.47514875e-09  4.50235450e-09  5.52429207e-09 
 5.59307241e-07  4.79231122e-09  4.79231111e-09  4.79231494e-09  4.79231119e-09  3.83347776e-09  3.83347778e-09  4.79231118e-09  3.78375640e-09 
 5.61307241e-07  4.54558963e-09  4.54558974e-09  4.54558575e-09  4.54558965e-09  5.49009189e-09  5.49009187e-09  4.54558966e-09  5.54037395e-09 
 5.63307241e-07  4.75002957e-09  4.75002953e-09  4.75003377e-09  4.75002960e-09  3.82021736e-09  3.82021737e-09  4.75002959e-09  3.76939215e-09 
 5.65307241e-07  4.58692355e-09  4.58692358e-09  4.58691912e-09  4.58692351e-09  5.50169836e-09  5.50169835e-09  4.58692351e-09  5.55304891e-09 
 5.67307241e-07  4.70963726e-09  4.70963722e-09  4.70964189e-09  4.70963728e-09  3.81023582e-09  3.81023584e-09  4.70963728e-09  3.75837801e-09 
 5.69307241e-07  4.62638138e-09  4.62638143e-09  4.62637648e-09  4.62638136e-09  5.51008409e-09  5.51008413e-09  4.62638136e-09  5.56243094e-09 
 5.71307241e-07  4.67110596e-09  4.67110597e-09  4.67111115e-09  4.67110604e-09  3.80341658e-09  3.80341655e-09  4.67110604e-09  3.75059913e-09 
 5.73307241e-07  4.66399461e-09  4.66399460e-09  4.66398924e-09  4.66399459e-09  5.51536631e-09  5.51536632e-09  4.66399459e-09  5.56863570e-09 
 5.75307241e-07  4.63440153e-09  4.63440158e-09  4.63440723e-09  4.63440160e-09  3.79964197e-09  3.79964196e-09  4.63440162e-09  3.74593937e-09 
 5.77307241e-07  4.69979974e-09  4.69979971e-09  4.69979379e-09  4.69979965e-09  5.51766286e-09  5.51766290e-09  4.69979969e-09  5.57177956e-09 
 5.79307241e-07  4.59948603e-09  4.59948608e-09  4.59949228e-09  4.59948616e-09  3.79879387e-09  3.79879386e-09  4.59948611e-09  3.74428216e-09 
 5.81307241e-07  4.73383563e-09  4.73383561e-09  4.73382911e-09  4.73383551e-09  5.51709202e-09  5.51709203e-09  4.73383555e-09  5.57197940e-09 
 5.83307241e-07  4.56631962e-09  4.56631962e-09  4.56632643e-09  4.56631975e-09  3.80075422e-09  3.80075422e-09  4.56631969e-09  3.74551049e-09 
 5.85307241e-07  4.76614293e-09  4.76614293e-09  4.76613584e-09  4.76614283e-09  5.51377162e-09  5.51377160e-09  4.76614287e-09  5.56935212e-09 
 5.87307241e-07  4.53486090e-09  4.53486089e-09  4.53486824e-09  4.53486092e-09  3.80540530e-09  3.80540530e-09  4.53486092e-09  3.74950772e-09 
 5.89307241e-07  4.79676377e-09  4.79676379e-09  4.79675613e-09  4.79676374e-09  5.50781899e-09  5.50781900e-09  4.79676370e-09  5.56401397e-09 
 5.91307241e-07  4.50506711e-09  4.50506711e-09  4.50507505e-09  4.50506716e-09  3.81263034e-09  3.81263030e-09  4.50506715e-09  3.75615786e-09 
 5.93307241e-07  4.82574147e-09  4.82574143e-09  4.82573320e-09  4.82574142e-09  5.49935056e-09  5.49935057e-09  4.82574141e-09  5.55608064e-09 
 5.95307241e-07  4.47689448e-09  4.47689448e-09  4.47690303e-09  4.47689450e-09  3.82231345e-09  3.82231347e-09  4.47689452e-09  3.76534579e-09 
 5.97307241e-07  4.85312022e-09  4.85312020e-09  4.85311131e-09  4.85312019e-09  5.48848133e-09  5.48848133e-09  4.85312018e-09  5.54566651e-09 
 5.99307241e-07  4.45029829e-09  4.45029829e-09  4.45030752e-09  4.45029835e-09  3.83434056e-09  3.83434058e-09  4.45029833e-09  3.77695796e-09 
 6.01307241e-07  4.87894507e-09  4.87894507e-09  4.87893553e-09  4.87894505e-09  5.47532426e-09  5.47532430e-09  4.87894504e-09  5.53288413e-09 
 6.03307241e-07  4.42523341e-09  4.42523342e-09  4.42524329e-09  4.42523342e-09  3.84859954e-09  3.84859948e-09  4.42523346e-09  3.79088258e-09 
 6.05307241e-07  4.90326146e-09  4.90326146e-09  4.90325127e-09  4.90326147e-09  5.45999138e-09  5.45999141e-09  4.90326145e-09  5.51784516e-09 
 6.07307241e-07  4.40165394e-09  4.40165398e-09  4.40166454e-09  4.40165397e-09  3.86497870e-09  3.86497867e-09  4.40165401e-09  3.80700827e-09 
 6.09307241e-07  4.92611553e-09  4.92611551e-09  4.92610459e-09  4.92611552e-09  5.44259321e-09  5.44259324e-09  4.92611550e-09  5.50066007e-09 
 6.11307241e-07  4.37951371e-09  4.37951377e-09  4.37952505e-09  4.37951377e-09  3.88336885e-09  3.88336881e-09  4.37951378e-09  3.82522582e-09 
 6.13307241e-07  4.94755349e-09  4.94755339e-09  4.94754179e-09  4.94755344e-09  5.42323783e-09  5.42323782e-09  4.94755342e-09  5.48143686e-09 
 6.15307241e-07  4.35876653e-09  4.35876658e-09  4.35877858e-09  4.35876656e-09  3.90366310e-09  3.90366311e-09  4.35876661e-09  3.84542826e-09 
 6.17307241e-07  4.96762152e-09  4.96762148e-09  4.96760904e-09  4.96762148e-09  5.40203080e-09  5.40203082e-09  4.96762143e-09  5.46028127e-09 
 6.19307241e-07  4.33936619e-09  4.33936621e-09  4.33937898e-09  4.33936617e-09  3.92575721e-09  3.92575721e-09  4.33936624e-09  3.86751117e-09 
 6.21307241e-07  4.98636569e-09  4.98636568e-09  4.98635252e-09  4.98636567e-09  5.37907501e-09  5.37907503e-09  4.98636568e-09  5.43729655e-09 
 6.23307241e-07  4.32126657e-09  4.32126662e-09  4.32128016e-09  4.32126661e-09  3.94954955e-09  3.94954956e-09  4.32126660e-09  3.89137252e-09 
 6.25307241e-07  5.00383214e-09  5.00383210e-09  5.00381815e-09  5.00383211e-09  5.35447090e-09  5.35447092e-09  5.00383209e-09  5.41258356e-09 
 6.27307241e-07  4.30442190e-09  4.30442197e-09  4.30443633e-09  4.30442190e-09  3.97494081e-09  3.97494078e-09  4.30442192e-09  3.91691241e-09 
 6.29307241e-07  5.02006639e-09  5.02006633e-09  5.02005155e-09  5.02006639e-09  5.32831651e-09  5.32831656e-09  5.02006640e-09  5.38624084e-09 
 6.31307241e-07  4.28878680e-09  4.28878684e-09  4.28880203e-09  4.28878683e-09  4.00183489e-09  4.00183483e-09  4.28878687e-09  3.94403434e-09 
 6.33307241e-07  5.03511356e-09  5.03511350e-09  5.03509791e-09  5.03511347e-09  5.30070585e-09  5.30070590e-09  5.03511351e-09  5.35836304e-09 
 6.35307241e-07  4.27431653e-09  4.27431656e-09  4.27433261e-09  4.27431659e-09  4.03013921e-09  4.03013915e-09  4.27431661e-09  3.97264495e-09 
 6.37307241e-07  5.04901800e-09  5.04901797e-09  5.04900145e-09  5.04901793e-09  5.27173049e-09  5.27173054e-09  5.04901791e-09  5.32904234e-09 
 6.39307241e-07  4.26096687e-09  4.26096693e-09  4.26098385e-09  4.26096696e-09  4.05976347e-09  4.05976342e-09  4.26096695e-09  4.00265331e-09 
 6.41307241e-07  5.06182371e-09  5.06182369e-09  5.06180631e-09  5.06182365e-09  5.24147924e-09  5.24147930e-09  5.06182361e-09  5.29836846e-09 
 6.43307241e-07  4.24869425e-09  4.24869430e-09  4.24871215e-09  4.24869437e-09  4.09062008e-09  4.09062002e-09  4.24869437e-09  4.03397087e-09 
 6.45307241e-07  5.07357392e-09  5.07357388e-09  5.07355563e-09  5.07357383e-09  5.21003849e-09  5.21003852e-09  5.07357381e-09  5.26642862e-09 
 6.47307241e-07  4.23745586e-09  4.23745587e-09  4.23747461e-09  4.23745590e-09  4.12262404e-09  4.12262396e-09  4.23745596e-09  4.06651182e-09 
 6.49307241e-07  5.08431103e-09  5.08431103e-09  5.08429189e-09  5.08431097e-09  5.17749192e-09  5.17749197e-09  5.08431095e-09  5.23330750e-09 
 6.51307241e-07  4.22720959e-09  4.22720962e-09  4.22722926e-09  4.22720966e-09  4.15569298e-09  4.15569293e-09  4.22720970e-09  4.10019265e-09 
 6.53307241e-07  5.09407687e-09  5.09407679e-09  5.09405671e-09  5.09407675e-09  5.14392053e-09  5.14392057e-09  5.09407670e-09  5.19908718e-09 
 6.55307241e-07  4.21791411e-09  4.21791419e-09  4.21793469e-09  4.21791422e-09  4.18974720e-09  4.18974722e-09  4.21791422e-09  4.13493253e-09 
 6.57307241e-07  5.10291209e-09  5.10291204e-09  5.10289104e-09  5.10291199e-09  5.10940269e-09  5.10940273e-09  5.10291198e-09  5.16384721e-09 
 6.59307241e-07  4.20952904e-09  4.20952912e-09  4.20955052e-09  4.20952914e-09  4.22470978e-09  4.22470968e-09  4.20952918e-09  4.17065340e-09 
 6.61307241e-07  5.11085686e-09  5.11085678e-09  5.11083489e-09  5.11085676e-09  5.07401407e-09  5.07401414e-09  5.11085670e-09  5.12766435e-09 
 6.63307241e-07  4.20201486e-09  4.20201496e-09  4.20203729e-09  4.20201495e-09  4.26050619e-09  4.26050616e-09  4.20201497e-09  4.20727963e-09 
 6.65307241e-07  5.11795009e-09  5.11795002e-09  5.11792722e-09  5.11795001e-09  5.03782780e-09  5.03782780e-09  5.11794996e-09  5.09061299e-09 
 6.67307241e-07  4.19533299e-09  4.19533308e-09  4.19535633e-09  4.19533305e-09  4.29706479e-09  4.29706476e-09  4.19533311e-09  4.24473829e-09 
 6.69307241e-07  5.12423000e-09  5.12422991e-09  5.12420620e-09  5.12422994e-09  5.00091408e-09  5.00091411e-09  5.12422992e-09  5.05276470e-09 
 6.71307241e-07  4.18944576e-09  4.18944585e-09  4.18947009e-09  4.18944581e-09  4.33431659e-09  4.33431655e-09  4.18944586e-09  4.28295885e-09 
 6.73307241e-07  5.12973369e-09  5.12973358e-09  5.12970892e-09  5.12973359e-09  4.96334088e-09  4.96334092e-09  5.12973358e-09  5.01418880e-09 
 6.75307241e-07  4.18431661e-09  4.18431670e-09  4.18434184e-09  4.18431670e-09  4.37219490e-09  4.37219487e-09  4.18431667e-09  4.32187346e-09 
 6.77307241e-07  5.13449726e-09  5.13449718e-09  5.13447157e-09  5.13449721e-09  4.92517337e-09  4.92517340e-09  5.13449717e-09  4.97495182e-09 
 6.79307241e-07  4.17990983e-09  4.17990991e-09  4.17993600e-09  4.17990987e-09  4.41063590e-09  4.41063588e-09  4.17990990e-09  4.36141676e-09 
 6.81307241e-07  5.13855589e-09  5.13855581e-09  5.13852924e-09  5.13855584e-09  4.88647423e-09  4.88647425e-09  5.13855584e-09  4.93511794e-09 
 6.83307241e-07  4.17619078e-09  4.17619084e-09  4.17621788e-09  4.17619082e-09  4.44957812e-09  4.44957813e-09  4.17619087e-09  4.40152579e-09 
 6.85307241e-07  5.14194374e-09  5.14194368e-09  5.14191616e-09  5.14194372e-09  4.84730378e-09  4.84730376e-09  5.14194370e-09  4.89474892e-09 
 6.87307241e-07  4.17312585e-09  4.17312584e-09  4.17315387e-09  4.17312585e-09  4.48896246e-09  4.48896246e-09  4.17312587e-09  4.44214001e-09 
 6.89307241e-07  5.14469406e-09  5.14469399e-09  5.14466554e-09  5.14469405e-09  4.80771968e-09  4.80771971e-09  5.14469399e-09  4.85386874e-09 
 6.91307241e-07  4.17068215e-09  4.17068216e-09  4.17071116e-09  4.17068218e-09  4.52873242e-09  4.52873236e-09  4.17068219e-09  4.48327007e-09 
 6.93307241e-07  5.14683894e-09  5.14683891e-09  5.14680949e-09  5.14683894e-09  4.76777747e-09  4.76777750e-09  5.14683892e-09  4.81253889e-09 
 6.95307241e-07  4.16882819e-09  4.16882823e-09  4.16885814e-09  4.16882820e-09  4.56883355e-09  4.56883353e-09  4.16882822e-09  4.52478673e-09 
 6.97307241e-07  5.14840967e-09  5.14840966e-09  5.14837927e-09  5.14840970e-09  4.72749505e-09  4.72749507e-09  5.14840969e-09  4.77084824e-09 
 6.99307241e-07  4.16753313e-09  4.16753320e-09  4.16756400e-09  4.16753312e-09  4.60928286e-09  4.60928281e-09  4.16753312e-09  4.56663888e-09 
 7.01307241e-07  5.14943644e-09  5.14943643e-09  5.14940513e-09  5.14943645e-09  4.68692771e-09  4.68692773e-09  5.14943645e-09  4.72884702e-09 
 7.03307241e-07  4.16676737e-09  4.16676740e-09  4.16679916e-09  4.16676734e-09  4.64995658e-09  4.64995656e-09  4.16676738e-09  4.60877713e-09 
 7.05307241e-07  5.14994836e-09  5.14994837e-09  5.14991618e-09  5.14994842e-09  4.64615901e-09  4.64615903e-09  5.14994844e-09  4.68658364e-09 
 7.07307241e-07  4.16650218e-09  4.16650216e-09  4.16653481e-09  4.16650215e-09  4.69080905e-09  4.69080905e-09  4.16650209e-09  4.65115394e-09 
 7.09307241e-07  5.14997377e-09  5.14997380e-09  5.14994068e-09  5.14997384e-09  4.60523373e-09  4.60523372e-09  5.14997386e-09  4.64410482e-09 
 7.11307241e-07  4.16670981e-09  4.16670977e-09  4.16674336e-09  4.16670970e-09  4.73179646e-09  4.73179648e-09  4.16670970e-09  4.69372350e-09 
 7.13307241e-07  5.14953985e-09  5.14953986e-09  5.14950581e-09  5.14953991e-09  4.56419479e-09  4.56419480e-09  5.14953993e-09  4.60145555e-09 
 7.15307241e-07  4.16736350e-09  4.16736350e-09  4.16739794e-09  4.16736342e-09  4.77287662e-09  4.77287656e-09  4.16736339e-09  4.73644175e-09 
 7.17307241e-07  5.14867283e-09  5.14867282e-09  5.14863796e-09  5.14867287e-09  4.52308362e-09  4.52308362e-09  5.14867290e-09  4.55867897e-09 
 7.19307241e-07  4.16843749e-09  4.16843752e-09  4.16847281e-09  4.16843737e-09  4.81400891e-09  4.81400891e-09  4.16843740e-09  4.77926625e-09 
 7.21307241e-07  5.14739806e-09  5.14739807e-09  5.14736226e-09  5.14739814e-09  4.48193982e-09  4.48193982e-09  5.14739813e-09  4.51581671e-09 
 7.23307241e-07  4.16990695e-09  4.16990697e-09  4.16994320e-09  4.16990688e-09  4.85515477e-09  4.85515477e-09  4.16990689e-09  4.82215637e-09 
 7.25307241e-07  5.14573979e-09  5.14573976e-09  5.14570308e-09  5.14573988e-09  4.44080126e-09  4.44080126e-09  5.14573983e-09  4.47290848e-09 
 7.27307241e-07  4.17174811e-09  4.17174818e-09  4.17178530e-09  4.17174807e-09  4.89627691e-09  4.89627691e-09  4.17174812e-09  4.86507319e-09 
 7.29307241e-07  5.14372150e-09  5.14372145e-09  5.14368394e-09  5.14372149e-09  4.39970445e-09  4.39970442e-09  5.14372150e-09  4.42999251e-09 
 7.31307241e-07  4.17393798e-09  4.17393805e-09  4.17397600e-09  4.17393797e-09  4.93733976e-09  4.93733976e-09  4.17393797e-09  4.90797924e-09 
 7.33307241e-07  5.14136561e-09  5.14136557e-09  5.14132716e-09  5.14136561e-09  4.35868409e-09  4.35868406e-09  5.14136558e-09  4.38710526e-09 
 7.35307241e-07  4.17645450e-09  4.17645455e-09  4.17649334e-09  4.17645453e-09  4.97830930e-09  4.97830930e-09  4.17645452e-09  4.95083895e-09 
 7.37307241e-07  5.13869373e-09  5.13869372e-09  5.13865451e-09  5.13869374e-09  4.31777348e-09  4.31777351e-09  5.13869377e-09  4.34428169e-09 
 7.39307241e-07  4.17927654e-09  4.17927657e-09  4.17931620e-09  4.17927649e-09  5.01915299e-09  5.01915301e-09  4.17927652e-09  4.99361807e-09 
 7.40000000e-07  5.13267835e-09  5.13267841e-09  5.13263769e-09  5.13267846e-09  4.23880006e-09  4.23880006e-09  5.13267845e-09  4.26146702e-09 
 7.40200000e-07  4.66282832e-09  4.66282830e-09  4.66282923e-09  4.66282831e-09  4.70846078e-09  4.70846072e-09  4.66282829e-09  4.71103741e-09 
 7.40600000e-07  4.65302502e-09  4.65302506e-09  4.65302413e-09  4.65302502e-09  4.60890027e-09  4.60890034e-09  4.65302502e-09  4.60622227e-09 
 7.41400000e-07  4.66378385e-09  4.66378390e-09  4.66378470e-09  4.66378394e-09  4.70712789e-09  4.70712781e-09  4.66378389e-09  4.70985368e-09 
 7.43000000e-07  4.65272275e-09  4.65272268e-09  4.65272200e-09  4.65272276e-09  4.60977632e-09  4.60977639e-09  4.65272278e-09  4.60702737e-09 
 7.44463343e-07  4.66311996e-09  4.66312000e-09  4.66312073e-09  4.66311997e-09  4.70562636e-09  4.70562630e-09  4.66311995e-09  4.70839991e-09 
 7.45000000e-07  4.66688723e-09  4.66688725e-09  4.66688653e-09  4.66688717e-09  4.62560726e-09  4.62560729e-09  4.66688717e-09  4.62276993e-09 
 7.45135119e-07  4.61185904e-09  4.61185894e-09  4.61185892e-09  4.61185907e-09  4.61059385e-09  4.61059391e-09  4.61185907e-09  4.61064925e-09 
 7.45405358e-07  4.71847037e-09  4.71847044e-09  4.71847046e-09  4.71847033e-09  4.71978058e-09  4.71978060e-09  4.71847029e-09  4.71973595e-09 
 7.45945835e-07  4.62340484e-09  4.62340481e-09  4.62340480e-09  4.62340490e-09  4.62208123e-09  4.62208123e-09  4.62340494e-09  4.62212038e-09 
 7.47026789e-07  4.66753827e-09  4.66753823e-09  4.66753828e-09  4.66753814e-09  4.66886631e-09  4.66886631e-09  4.66753813e-09  4.66882991e-09 
 7.49026789e-07  4.66691461e-09  4.66691462e-09  4.66691461e-09  4.66691468e-09  4.66558471e-09  4.66558468e-09  4.66691472e-09  4.66561960e-09 
 7.51026789e-07  4.62862293e-09  4.62862292e-09  4.62862292e-09  4.62862283e-09  4.62995427e-09  4.62995433e-09  4.62862276e-09  4.62992088e-09 
 7.53026789e-07  4.71204443e-09  4.71204451e-09  4.71204448e-09  4.71204457e-09  4.71071198e-09  4.71071192e-09  4.71204464e-09  4.71074385e-09 
 7.55026789e-07  4.57708193e-09  4.57708190e-09  4.57708190e-09  4.57708182e-09  4.57841523e-09  4.57841529e-09  4.57708177e-09  4.57838481e-09 
 7.57026789e-07  4.77016400e-09  4.77016397e-09  4.77016401e-09  4.77016409e-09  4.76883016e-09  4.76883014e-09  4.77016411e-09  4.76885917e-09 
 7.59026789e-07  4.51224508e-09  4.51224506e-09  4.51224504e-09  4.51224498e-09  4.51357913e-09  4.51357911e-09  4.51224492e-09  4.51355160e-09 
 7.61026789e-07  4.84182886e-09  4.84182891e-09  4.84182886e-09  4.84182898e-09  4.84049488e-09  4.84049490e-09  4.84182900e-09  4.84052092e-09 
 7.63026789e-07  4.43366866e-09  4.43366860e-09  4.43366865e-09  4.43366855e-09  4.43500228e-09  4.43500231e-09  4.43366855e-09  4.43497774e-09 
 7.65026789e-07  4.92737386e-09  4.92737391e-09  4.92737384e-09  4.92737395e-09  4.92604077e-09  4.92604078e-09  4.92737400e-09  4.92606389e-09 
 7.67026789e-07  4.34112337e-09  4.34112325e-09  4.34112332e-09  4.34112327e-09  4.34245569e-09  4.34245568e-09  4.34112319e-09  4.34243401e-09 
 7.69026789e-07  5.02692683e-09  5.02692693e-09  5.02692684e-09  5.02692695e-09  5.02559542e-09  5.02559546e-09  5.02692697e-09  5.02561571e-09 
 7.71026789e-07  4.23457864e-09  4.23457856e-09  4.23457859e-09  4.23457849e-09  4.23590888e-09  4.23590889e-09  4.23457845e-09  4.23589007e-09 
 7.73026789e-07  5.14042514e-09  5.14042527e-09  5.14042525e-09  5.14042533e-09  5.13909622e-09  5.13909620e-09  5.14042537e-09  5.13911354e-09 
 7.75026789e-07  4.11418590e-09  4.11418579e-09  4.11418576e-09  4.11418566e-09  4.11551337e-09  4.11551334e-09  4.11418565e-09  4.11549750e-09 
 7.77026789e-07  5.26763324e-09  5.26763336e-09  5.26763337e-09  5.26763349e-09  5.26630729e-09  5.26630732e-09  5.26763351e-09  5.26632170e-09 
 7.79026789e-07  3.98026034e-09  3.98026023e-09  3.98026020e-09  3.98026014e-09  3.98158467e-09  3.98158467e-09  3.98026012e-09  3.98157177e-09 
 7.81026789e-07  5.40816065e-09  5.40816078e-09  5.40816073e-09  5.40816085e-09  5.40683800e-09  5.40683796e-09  5.40816087e-09  5.40684938e-09 
 7.83026789e-07  3.83326309e-09  3.83326302e-09  3.83326309e-09  3.83326298e-09  3.83458414e-09  3.83458412e-09  3.83326292e-09  3.83457420e-09 
 7.85026789e-07  5.56148017e-09  5.56148026e-09  5.56148021e-09  5.56148027e-09  5.56016089e-09  5.56016091e-09  5.56148035e-09  5.56016931e-09 
 7.87026789e-07  3.67378295e-09  3.67378286e-09  3.67378291e-09  3.67378284e-09  3.67510051e-09  3.67510052e-09  3.67378285e-09  3.67509366e-09 
 7.89026789e-07  5.72694601e-09  5.72694608e-09  5.72694608e-09  5.72694614e-09  5.72563018e-09  5.72563018e-09  5.72694615e-09  5.72563548e-09 
 7.91026789e-07  3.50251837e-09  3.50251831e-09  3.50251836e-09  3.50251826e-09  3.50383262e-09  3.50383266e-09  3.50251825e-09  3.50382890e-09 
 7.93026789e-07  5.90381123e-09  5.90381130e-09  5.90381127e-09  5.90381139e-09  5.90249852e-09  5.90249853e-09  5.90381139e-09  5.90250068e-09 
 7.95026789e-07  3.32026055e-09  3.32026052e-09  3.32026056e-09  3.32026044e-09  3.32157188e-09  3.32157189e-09  3.32026042e-09  3.32157132e-09 
 7.97026789e-07  6.09124451e-09  6.09124454e-09  6.09124451e-09  6.09124461e-09  6.08993450e-09  6.08993443e-09  6.09124457e-09  6.08993341e-09 
 7.99026789e-07  3.12787712e-09  3.12787708e-09  3.12787711e-09  3.12787703e-09  3.12918600e-09  3.12918602e-09  3.12787701e-09  3.12918868e-09 
 8.01026789e-07  6.28834571e-09  6.28834576e-09  6.28834570e-09  6.28834581e-09  6.28703784e-09  6.28703783e-09  6.28834585e-09  6.28703342e-09 
 8.03026789e-07  2.92629661e-09  2.92629658e-09  2.92629659e-09  2.92629651e-09  2.92760372e-09  2.92760377e-09  2.92629653e-09  2.92760983e-09 
 8.05026789e-07  6.49416150e-09  6.49416153e-09  6.49416148e-09  6.49416159e-09  6.49285492e-09  6.49285494e-09  6.49416154e-09  6.49284704e-09 
 8.07026789e-07  2.71649419e-09  2.71649419e-09  2.71649422e-09  2.71649411e-09  2.71780039e-09  2.71780043e-09  2.71649413e-09  2.71781013e-09 
 8.09026789e-07  6.70769818e-09  6.70769822e-09  6.70769813e-09  6.70769826e-09  6.70639206e-09  6.70639203e-09  6.70769822e-09  6.70638048e-09 
 8.11026789e-07  2.49947850e-09  2.49947848e-09  2.49947857e-09  2.49947847e-09  2.50078480e-09  2.50078480e-09  2.49947848e-09  2.50079825e-09 
 8.13026789e-07  6.92793513e-09  6.92793517e-09  6.92793509e-09  6.92793521e-09  6.92662844e-09  6.92662844e-09  6.92793518e-09  6.92661300e-09 
 8.15026789e-07  2.27627946e-09  2.27627945e-09  2.27627956e-09  2.27627944e-09  2.27758684e-09  2.27758685e-09  2.27627949e-09  2.27760432e-09 
 8.17026789e-07  7.15383609e-09  7.15383610e-09  7.15383597e-09  7.15383609e-09  7.15252771e-09  7.15252772e-09  7.15383607e-09  7.15250822e-09 
 8.19026789e-07  2.04793716e-09  2.04793713e-09  2.04793729e-09  2.04793718e-09  2.04924668e-09  2.04924667e-09  2.04793718e-09  2.04926833e-09 
 8.21026789e-07  7.38435946e-09  7.38435949e-09  7.38435934e-09  7.38435944e-09  7.38304855e-09  7.38304854e-09  7.38435946e-09  7.38302467e-09 
 8.23026789e-07  1.81549201e-09  1.81549199e-09  1.81549214e-09  1.81549203e-09  1.81680467e-09  1.81680463e-09  1.81549201e-09  1.81683079e-09 
 8.25026789e-07  7.61846830e-09  7.61846830e-09  7.61846815e-09  7.61846828e-09  7.61715363e-09  7.61715367e-09  7.61846825e-09  7.61712517e-09 
 8.27026789e-07  1.57997574e-09  1.57997573e-09  1.57997587e-09  1.57997576e-09  1.58129258e-09  1.58129259e-09  1.57997576e-09  1.58132349e-09 
 8.29026789e-07  7.85513796e-09  7.85513794e-09  7.85513782e-09  7.85513796e-09  7.85381865e-09  7.85381863e-09  7.85513792e-09  7.85378528e-09 
 8.31026789e-07  1.34240382e-09  1.34240384e-09  1.34240397e-09  1.34240385e-09  1.34372581e-09  1.34372582e-09  1.34240387e-09  1.34376182e-09 
 8.33026789e-07  8.09336395e-09  8.09336396e-09  8.09336384e-09  8.09336397e-09  8.09203909e-09  8.09203908e-09  8.09336392e-09  8.09200036e-09 
 8.35026789e-07  1.10376838e-09  1.10376839e-09  1.10376853e-09  1.10376841e-09  1.10509626e-09  1.10509630e-09  1.10376840e-09  1.10513775e-09 
 8.37026789e-07  8.33216794e-09  8.33216799e-09  8.33216786e-09  8.33216795e-09  8.33083694e-09  8.33083694e-09  8.33216793e-09  8.33079255e-09 
 8.39026789e-07  8.65032466e-10  8.65032417e-10  8.65032538e-10  8.65032424e-10  8.66366744e-10  8.66366737e-10  8.65032445e-10  8.66414104e-10 
 8.41026789e-07  8.57060352e-09  8.57060356e-09  8.57060350e-09  8.57060360e-09  8.56926590e-09  8.56926591e-09  8.57060364e-09  8.56921547e-09 
 8.43026789e-07  6.27124739e-10  6.27124749e-10  6.27124814e-10  6.27124687e-10  6.28465812e-10  6.28465776e-10  6.27124700e-10  6.28519433e-10 
 8.45026789e-07  8.80776075e-09  8.80776074e-09  8.80776065e-09  8.80776076e-09  8.80641624e-09  8.80641624e-09  8.80776078e-09  8.80635930e-09 
 8.47026789e-07  3.90935527e-10  3.90935468e-10  3.90935606e-10  3.90935512e-10  3.92283420e-10  3.92283442e-10  3.90935506e-10  3.92343815e-10 
 8.49026789e-07  9.04276976e-09  9.04276984e-09  9.04276975e-09  9.04276984e-09  9.04141856e-09  9.04141857e-09  9.04276982e-09  9.04135464e-09 
 8.51026789e-07  1.57313242e-10  1.57313191e-10  1.57313347e-10  1.57313204e-10  1.58667732e-10  1.58667725e-10  1.57313229e-10  1.58735273e-10 
 8.53026789e-07  9.27480431e-09  9.27480435e-09  9.27480422e-09  9.27480436e-09  9.27344683e-09  9.27344683e-09  9.27480431e-09  9.27337549e-09 
 8.55026789e-07 -7.29571625e-11 -7.29572088e-11 -7.29570680e-11 -7.29572180e-11 -7.15963714e-11 -7.15964042e-11 -7.29571983e-11 -7.15211298e-11 
 8.57026789e-07  9.50312125e-09  9.50312135e-09  9.50312119e-09  9.50312134e-09  9.50175749e-09  9.50175753e-09  9.50312132e-09  9.50167814e-09 
 8.59026789e-07 -2.99189518e-10 -2.99189617e-10 -2.99189487e-10 -2.99189606e-10 -2.97823063e-10 -2.97823047e-10 -2.99189559e-10 -2.97739567e-10 
 8.61026789e-07  9.72709137e-09  9.72709149e-09  9.72709134e-09  9.72709144e-09  9.72572259e-09  9.72572257e-09  9.72709140e-09  9.72563478e-09 
 8.63026789e-07 -5.20724410e-10 -5.20724466e-10 -5.20724320e-10 -5.20724479e-10 -5.19353713e-10 -5.19353777e-10 -5.20724442e-10 -5.19261467e-10 
 8.65026789e-07  9.94602584e-09  9.94602588e-09  9.94602568e-09  9.94602582e-09  9.94465374e-09  9.94465372e-09  9.94602583e-09  9.94455689e-09 
 8.67026789e-07 -7.36897766e-10 -7.36897841e-10 -7.36897658e-10 -7.36897741e-10 -7.35524830e-10 -7.35524842e-10 -7.36897743e-10 -7.35423263e-10 
 8.69026789e-07  1.01592854e-08  1.01592854e-08  1.01592853e-08  1.01592854e-08  1.01579123e-08  1.01579123e-08  1.01592854e-08  1.01578058e-08 
 8.71026789e-07 -9.47095298e-10 -9.47095340e-10 -9.47095181e-10 -9.47095299e-10 -9.45722684e-10 -9.45722699e-10 -9.47095298e-10 -9.45611236e-10 
 8.73026789e-07  1.03662808e-08  1.03662808e-08  1.03662808e-08  1.03662809e-08  1.03649096e-08  1.03649096e-08  1.03662809e-08  1.03647929e-08 
 8.75026789e-07 -1.15075286e-09 -1.15075286e-09 -1.15075274e-09 -1.15075286e-09 -1.14938366e-09 -1.14938368e-09 -1.15075289e-09 -1.14926173e-09 
 8.77026789e-07  1.05664730e-08  1.05664730e-08  1.05664729e-08  1.05664730e-08  1.05651068e-08  1.05651069e-08  1.05664730e-08  1.05649794e-08 
 8.79026789e-07 -1.34735602e-09 -1.34735605e-09 -1.34735594e-09 -1.34735608e-09 -1.34599398e-09 -1.34599397e-09 -1.34735608e-09 -1.34586091e-09 
 8.81026789e-07  1.07593722e-08  1.07593722e-08  1.07593721e-08  1.07593723e-08  1.07580152e-08  1.07580152e-08  1.07593722e-08  1.07578764e-08 
 8.83026789e-07 -1.53643992e-09 -1.53643997e-09 -1.53643988e-09 -1.53644000e-09 -1.53508920e-09 -1.53508923e-09 -1.53643997e-09 -1.53494447e-09 
 8.85026789e-07  1.09445379e-08  1.09445379e-08  1.09445379e-08  1.09445380e-08  1.09431946e-08  1.09431946e-08  1.09445380e-08  1.09430438e-08 
 8.87026789e-07 -1.71758808e-09 -1.71758810e-09 -1.71758807e-09 -1.71758816e-09 -1.71625355e-09 -1.71625361e-09 -1.71758818e-09 -1.71609644e-09 
 8.89026789e-07  1.11215776e-08  1.11215776e-08  1.11215776e-08  1.11215777e-08  1.11202532e-08  1.11202533e-08  1.11215777e-08  1.11200897e-08 
 8.91026789e-07 -1.89043166e-09 -1.89043170e-09 -1.89043163e-09 -1.89043176e-09 -1.88911882e-09 -1.88911882e-09 -1.89043175e-09 -1.88894875e-09 
 8.93026789e-07  1.12901457e-08  1.12901458e-08  1.12901457e-08  1.12901458e-08  1.12888460e-08  1.12888460e-08  1.12901458e-08  1.12886692e-08 
 8.95026789e-07 -2.05464792e-09 -2.05464791e-09 -2.05464787e-09 -2.05464800e-09 -2.05336282e-09 -2.05336282e-09 -2.05464796e-09 -2.05317917e-09 
 8.97026789e-07  1.14499421e-08  1.14499421e-08  1.14499420e-08  1.14499422e-08  1.14486734e-08  1.14486734e-08  1.14499422e-08  1.14484827e-08 
 8.99026789e-07 -2.20995892e-09 -2.20995897e-09 -2.20995885e-09 -2.20995901e-09 -2.20870837e-09 -2.20870837e-09 -2.20995900e-09 -2.20851048e-09 
 9.01026789e-07  1.16043026e-08  1.16043026e-08  1.16043025e-08  1.16043026e-08  1.16030716e-08  1.16030716e-08  1.16043026e-08  1.16028663e-08 
 9.03026789e-07 -2.35534239e-09 -2.35534242e-09 -2.35534230e-09 -2.35534243e-09 -2.35413413e-09 -2.35413415e-09 -2.35534243e-09 -2.35392145e-09 
 9.05026789e-07  1.17459260e-08  1.17459260e-08  1.17459259e-08  1.17459260e-08  1.17447409e-08  1.17447409e-08  1.17459260e-08  1.17445204e-08 
 9.07026789e-07 -2.49218556e-09 -2.49218555e-09 -2.49218542e-09 -2.49218553e-09 -2.49102715e-09 -2.49102717e-09 -2.49218559e-09 -2.49079891e-09 
 9.09026789e-07  1.18781235e-08  1.18781235e-08  1.18781234e-08  1.18781235e-08  1.18769925e-08  1.18769926e-08  1.18781235e-08  1.18767561e-08 
 9.11026789e-07 -2.61953749e-09 -2.61953755e-09 -2.61953745e-09 -2.61953752e-09 -2.61843759e-09 -2.61843762e-09 -2.61953750e-09 -2.61819317e-09 
 9.13026789e-07  1.20007619e-08  1.20007619e-08  1.20007618e-08  1.20007619e-08  1.19996940e-08  1.19996940e-08  1.20007619e-08  1.19994411e-08 
 9.15026789e-07 -2.73728368e-09 -2.73728373e-09 -2.73728360e-09 -2.73728370e-09 -2.73625162e-09 -2.73625165e-09 -2.73728374e-09 -2.73599037e-09 
 9.17026789e-07  1.21137446e-08  1.21137447e-08  1.21137445e-08  1.21137447e-08  1.21127494e-08  1.21127495e-08  1.21137447e-08  1.21124794e-08 
 9.19026789e-07 -2.84534551e-09 -2.84534557e-09 -2.84534543e-09 -2.84534556e-09 -2.84439113e-09 -2.84439110e-09 -2.84534554e-09 -2.84411246e-09 
 9.21026789e-07  1.22170103e-08  1.22170104e-08  1.22170103e-08  1.22170103e-08  1.22160981e-08  1.22160980e-08  1.22170104e-08  1.22158103e-08 
 9.23026789e-07 -2.94367818e-09 -2.94367823e-09 -2.94367814e-09 -2.94367820e-09 -2.94281192e-09 -2.94281193e-09 -2.94367824e-09 -2.94251526e-09 
 9.25026789e-07  1.23105304e-08  1.23105304e-08  1.23105303e-08  1.23105304e-08  1.23097118e-08  1.23097118e-08  1.23105304e-08  1.23094057e-08 
 9.27026789e-07 -3.03226881e-09 -3.03226887e-09 -3.03226880e-09 -3.03226887e-09 -3.03150186e-09 -3.03150185e-09 -3.03226886e-09 -3.03118650e-09 
 9.29026789e-07  1.23943071e-08  1.23943072e-08  1.23943071e-08  1.23943072e-08  1.23935936e-08  1.23935936e-08  1.23943072e-08  1.23932685e-08 
 9.31026789e-07 -3.11113460e-09 -3.11113466e-09 -3.11113457e-09 -3.11113461e-09 -3.11047845e-09 -3.11047845e-09 -3.11113465e-09 -3.11014390e-09 
 9.33026789e-07  1.24683721e-08  1.24683722e-08  1.24683720e-08  1.24683721e-08  1.24677755e-08  1.24677755e-08  1.24683721e-08  1.24674309e-08 
 9.35026789e-07 -3.18032064e-09 -3.18032070e-09 -3.18032058e-09 -3.18032064e-09 -3.17978751e-09 -3.17978753e-09 -3.18032067e-09 -3.17943316e-09 
 9.37026789e-07  1.25327835e-08  1.25327835e-08  1.25327835e-08  1.25327835e-08  1.25323164e-08  1.25323164e-08  1.25327836e-08  1.25319517e-08 
 9.39026789e-07 -3.23989808e-09 -3.23989810e-09 -3.23989801e-09 -3.23989807e-09 -3.23950078e-09 -3.23950076e-09 -3.23989812e-09 -3.23912598e-09 
 9.41026789e-07  1.25876251e-08  1.25876251e-08  1.25876251e-08  1.25876251e-08  1.25873004e-08  1.25873004e-08  1.25876251e-08  1.25869150e-08 
 9.43026789e-07 -3.28996230e-09 -3.28996234e-09 -3.28996222e-09 -3.28996231e-09 -3.28971404e-09 -3.28971405e-09 -3.28996233e-09 -3.28931832e-09 
 9.45026789e-07  1.26330036e-08  1.26330037e-08  1.26330036e-08  1.26330036e-08  1.26328349e-08  1.26328349e-08  1.26330037e-08  1.26324282e-08 
 9.47026789e-07 -3.33063103e-09 -3.33063103e-09 -3.33063095e-09 -3.33063104e-09 -3.33054544e-09 -3.33054543e-09 -3.33063103e-09 -3.33012827e-09 
 9.49026789e-07  1.26690473e-08  1.26690474e-08  1.26690473e-08  1.26690473e-08  1.26690484e-08  1.26690484e-08  1.26690474e-08  1.26686200e-08 
 9.51026789e-07 -3.36204243e-09 -3.36204239e-09 -3.36204235e-09 -3.36204240e-09 -3.36213361e-09 -3.36213360e-09 -3.36204242e-09 -3.36169441e-09 
 9.53026789e-07  1.26959041e-08  1.26959041e-08  1.26959040e-08  1.26959040e-08  1.26960892e-08  1.26960892e-08  1.26959041e-08  1.26956386e-08 
 9.55026789e-07 -3.38435340e-09 -3.38435337e-09 -3.38435331e-09 -3.38435335e-09 -3.38463591e-09 -3.38463591e-09 -3.38435337e-09 -3.38417416e-09 
 9.57026789e-07  1.27137397e-08  1.27137396e-08  1.27137396e-08  1.27137396e-08  1.27141236e-08  1.27141236e-08  1.27137397e-08  1.27136502e-08 
 9.59026789e-07 -3.39773796e-09 -3.39773791e-09 -3.39773788e-09 -3.39773794e-09 -3.39822663e-09 -3.39822656e-09 -3.39773793e-09 -3.39774196e-09 
 9.61026789e-07  1.27227361e-08  1.27227361e-08  1.27227360e-08  1.27227361e-08  1.27233339e-08  1.27233338e-08  1.27227361e-08  1.27228373e-08 
 9.63026789e-07 -3.40238548e-09 -3.40238543e-09 -3.40238542e-09 -3.40238544e-09 -3.40309543e-09 -3.40309543e-09 -3.40238546e-09 -3.40258740e-09 
 9.65026789e-07  1.27230900e-08  1.27230899e-08  1.27230899e-08  1.27230899e-08  1.27239169e-08  1.27239169e-08  1.27230899e-08  1.27233966e-08 
 9.67026789e-07 -3.39847261e-09 -3.39847256e-09 -3.39847254e-09 -3.39847257e-09 -3.39941906e-09 -3.39941909e-09 -3.39847259e-09 -3.39888728e-09 
 9.69026789e-07  1.27149635e-08  1.27149634e-08  1.27149634e-08  1.27149634e-08  1.27160345e-08  1.27160345e-08  1.27149634e-08  1.27154903e-08 
 9.71026789e-07 -3.38624264e-09 -3.38624254e-09 -3.38624255e-09 -3.38624260e-09 -3.38744058e-09 -3.38744059e-09 -3.38624256e-09 -3.38688460e-09 
 9.73026789e-07  1.26986755e-08  1.26986754e-08  1.26986753e-08  1.26986754e-08  1.27000057e-08  1.27000057e-08  1.26986754e-08  1.26994372e-08 
 9.75026789e-07 -3.36598194e-09 -3.36598186e-09 -3.36598183e-09 -3.36598186e-09 -3.36744662e-09 -3.36744667e-09 -3.36598187e-09 -3.36686621e-09 
 9.77026789e-07  1.26744787e-08  1.26744787e-08  1.26744786e-08  1.26744787e-08  1.26760837e-08  1.26760837e-08  1.26744787e-08  1.26754906e-08 
 9.79026789e-07 -3.33794609e-09 -3.33794597e-09 -3.33794594e-09 -3.33794599e-09 -3.33969317e-09 -3.33969321e-09 -3.33794602e-09 -3.33908811e-09 
 9.81026789e-07  1.26426318e-08  1.26426318e-08  1.26426318e-08  1.26426317e-08  1.26445272e-08  1.26445272e-08  1.26426318e-08  1.26439093e-08 
 9.83026789e-07 -3.30239578e-09 -3.30239561e-09 -3.30239563e-09 -3.30239562e-09 -3.30444091e-09 -3.30444096e-09 -3.30239567e-09 -3.30381091e-09 
 9.85000000e-07  1.26031606e-08  1.26031604e-08  1.26031604e-08  1.26031604e-08  1.26053642e-08  1.26053642e-08  1.26031604e-08  1.26047210e-08 
 9.85200000e-07  4.72494222e-09  4.72494218e-09  4.72494229e-09  4.72494235e-09  4.72452631e-09  4.72452633e-09  4.72494231e-09  4.72455759e-09 
 9.85600000e-07  4.57166945e-09  4.57166948e-09  4.57166939e-09  4.57166934e-09  4.57213501e-09  4.57213504e-09  4.57166936e-09  4.57210317e-09 
 9.86400000e-07  4.75400271e-09  4.75400260e-09  4.75400264e-09  4.75400270e-09  4.75351238e-09  4.75351235e-09  4.75400267e-09  4.75354439e-09 
 9.87150302e-07  4.55336278e-09  4.55336280e-09  4.55336278e-09  4.55336274e-09  4.55439899e-09  4.55439900e-09  4.55336282e-09  4.55384696e-09 
 9.87687001e-07  4.77492840e-09  4.77492831e-09  4.77492835e-09  4.77492847e-09  4.76542050e-09  4.76542044e-09  4.77492839e-09  4.77440806e-09 
 9.88110589e-07  4.52838745e-09  4.52838765e-09  4.52838755e-09  4.52838752e-09  4.58811942e-09  4.58811955e-09  4.52838756e-09  4.52895697e-09 
 9.88521453e-07  4.78864465e-09  4.78864445e-09  4.78864441e-09  4.78864452e-09  4.59487391e-09  4.59487376e-09  4.78864446e-09  4.78800695e-09 
 9.88835576e-07  4.60964110e-09  4.60964130e-09  4.60964188e-09  4.60964129e-09  5.13782966e-09  5.13782971e-09  4.60964133e-09  4.61044831e-09 
 9.89039628e-07  3.88574530e-09  3.88574523e-09  3.88574008e-09  3.88574522e-09  2.57895190e-09  2.57895192e-09  3.88574540e-09  3.88428848e-09 
 9.89218519e-07  9.89584712e-09  9.89584701e-09  9.89587310e-09  9.89584703e-09  1.21312784e-08  1.21312785e-08  9.89584649e-09  9.89894298e-09 
 9.89406539e-07 -1.31977829e-08 -1.31977827e-08 -1.31978596e-08 -1.31977829e-08 -1.59227429e-08 -1.59227430e-08 -1.31977812e-08 -1.32034288e-08 
 9.89666935e-07  4.00682577e-08  4.00682576e-08  4.00683979e-08  4.00682577e-08  4.26904913e-08  4.26904914e-08  4.00682542e-08  4.00761254e-08 
 9.89978919e-07 -5.27336080e-08 -5.27336080e-08 -5.27338217e-08 -5.27336080e-08 -5.48971553e-08 -5.48971554e-08 -5.27336021e-08 -5.27432688e-08 
 9.90000000e-07  8.72428565e-07  8.72428565e-07  8.72423386e-07  8.72428565e-07  8.40320690e-07  8.40320690e-07  8.72428068e-07  8.72636634e-07 
 9.90042163e-07 -1.44582583e-07 -1.44582583e-07 -1.44580497e-07 -1.44582583e-07 -1.37074633e-07 -1.37074633e-07 -1.44582439e-07 -1.44650750e-07 
 9.90126488e-07  1.29204533e-07  1.29204533e-07  1.29201176e-07  1.29204533e-07  1.21917671e-07  1.21917671e-07  1.29204337e-07  1.29334333e-07 
 9.90276774e-07 -9.77191192e-08 -9.77191191e-08 -9.77149652e-08 -9.77191193e-08 -9.08451203e-08 -9.08451202e-08 -9.77188941e-08 -9.79009244e-08 
 9.90577345e-07  9.51380581e-08  9.51380578e-08  9.51335016e-08  9.51380581e-08  8.85173081e-08  8.85173079e-08  9.51378181e-08  9.53504239e-08 
 9.91178487e-07 -7.98067100e-08 -7.98067098e-08 -7.98019534e-08 -7.98067100e-08 -7.33215467e-08 -7.33215465e-08 -7.98064626e-08 -8.00353887e-08 
 9.92380770e-07  8.61193379e-08  8.61193378e-08  8.61144820e-08  8.61193379e-08  7.97038173e-08  7.97038172e-08  8.61190869e-08  8.63563983e-08 
 9.94309849e-07 -7.49324255e-08 -7.49324254e-08 -7.49275081e-08 -7.49324256e-08 -6.85609414e-08 -6.85609413e-08 -7.49321723e-08 -7.51747856e-08 
 9.96309849e-07  8.24485664e-08  8.24485663e-08  8.24435897e-08  8.24485664e-08  7.61199451e-08  7.61199450e-08  8.24483110e-08  8.26960880e-08 
 9.98309849e-07 -7.13345091e-08 -7.13345091e-08 -7.13294735e-08 -7.13345092e-08 -6.50491771e-08 -6.50491770e-08 -7.13342517e-08 -7.15872429e-08 
 1.00030985e-06  7.88584582e-08  7.88584581e-08  7.88533639e-08  7.88584582e-08  7.26167687e-08  7.26167686e-08  7.88581985e-08  7.91164498e-08 
 1.00230985e-06 -6.77535062e-08 -6.77535061e-08 -6.77483534e-08 -6.77535062e-08 -6.15558594e-08 -6.15558593e-08 -6.77532444e-08 -6.80168029e-08 
 1.00430985e-06  7.52877866e-08  7.52877866e-08  7.52825757e-08  7.52877867e-08  6.91345105e-08  6.91345104e-08  7.52875227e-08  7.55564311e-08 
 1.00630985e-06 -6.41943671e-08 -6.41943671e-08 -6.41890983e-08 -6.41943672e-08 -5.80858367e-08 -5.80858365e-08 -6.41941011e-08 -6.44684033e-08 
 1.00830985e-06  7.17413108e-08  7.17413108e-08  7.17359844e-08  7.17413109e-08  6.56778294e-08  6.56778292e-08  7.17410426e-08  7.20207778e-08 
 1.01030985e-06 -6.06616637e-08 -6.06616637e-08 -6.06562801e-08 -6.06616638e-08 -5.46435823e-08 -5.46435821e-08 -6.06613934e-08 -6.09466020e-08 
 1.01230985e-06  6.82234189e-08  6.82234188e-08  6.82179783e-08  6.82234189e-08  6.22510174e-08  6.22510173e-08  6.82231465e-08  6.85138641e-08 
 1.01430985e-06 -5.71596043e-08 -5.71596043e-08 -5.71541072e-08 -5.71596044e-08 -5.12332106e-08 -5.12332104e-08 -5.71593299e-08 -5.74555936e-08 
 1.01630985e-06  6.47381438e-08  6.47381438e-08  6.47325905e-08  6.47381439e-08  5.88580153e-08  5.88580152e-08  6.47378673e-08  6.50397091e-08 
 1.01830985e-06 -5.36920505e-08 -5.36920505e-08 -5.36864414e-08 -5.36920506e-08 -4.78584927e-08 -4.78584926e-08 -5.36917720e-08 -5.39992253e-08 
 1.02030985e-06  6.12891796e-08  6.12891796e-08  6.12835150e-08  6.12891797e-08  5.55024287e-08  5.55024286e-08  6.12888990e-08  6.16019924e-08 
 1.02230985e-06 -5.02625327e-08 -5.02625327e-08 -5.02568131e-08 -5.02625328e-08 -4.45228724e-08 -4.45228724e-08 -5.02622501e-08 -5.05810131e-08 
 1.02430985e-06  5.78798973e-08  5.78798972e-08  5.78741231e-08  5.78798973e-08  5.21875431e-08  5.21875430e-08  5.78796126e-08  5.82040702e-08 
 1.02630985e-06 -4.68742662e-08 -4.68742662e-08 -4.68684377e-08 -4.68742662e-08 -4.12294812e-08 -4.12294811e-08 -4.68739795e-08 -4.72041575e-08 
 1.02830985e-06  5.45133604e-08  5.45133604e-08  5.45074783e-08  5.45133604e-08  4.89163403e-08  4.89163402e-08  5.45130717e-08  5.48489914e-08 
 1.03030985e-06 -4.35301667e-08 -4.35301667e-08 -4.35242313e-08 -4.35301668e-08 -3.79811544e-08 -3.79811544e-08 -4.35298761e-08 -4.38715596e-08 
 1.03230985e-06  5.12062189e-08  5.12062189e-08  5.12002288e-08  5.12062189e-08  4.57037387e-08  4.57037387e-08  5.12059262e-08  5.15535054e-08 
 1.03430985e-06 -4.02300437e-08 -4.02300437e-08 -4.02240029e-08 -4.02300437e-08 -3.47777011e-08 -3.47777011e-08 -4.02297491e-08 -4.05830236e-08 
 1.03630985e-06  4.79295656e-08  4.79295656e-08  4.79234710e-08  4.79295657e-08  4.25241636e-08  4.25241635e-08  4.79292690e-08  4.82884740e-08 
 1.03830985e-06 -3.69794907e-08 -3.69794907e-08 -3.69733465e-08 -3.69794907e-08 -3.16245545e-08 -3.16245545e-08 -3.69791922e-08 -3.73441164e-08 
 1.04030985e-06  4.46916957e-08  4.46916957e-08  4.46855006e-08  4.46916957e-08  3.93856623e-08  3.93856622e-08  4.46913953e-08  4.50621555e-08 
 1.04230985e-06 -3.37748529e-08 -3.37748529e-08 -3.37686094e-08 -3.37748529e-08 -2.85194827e-08 -2.85194826e-08 -3.37745507e-08 -3.41510344e-08 
 1.04430985e-06  4.15353375e-08  4.15353375e-08  4.15290402e-08  4.15353375e-08  3.63259718e-08  3.63259717e-08  4.15350333e-08  4.19176088e-08 
 1.04630985e-06 -3.06399566e-08 -3.06399566e-08 -3.06336119e-08 -3.06399565e-08 -2.54816166e-08 -2.54816166e-08 -3.06396505e-08 -3.10279723e-08 
 1.04830985e-06  3.84155651e-08  3.84155651e-08  3.84091695e-08  3.84155650e-08  3.33051891e-08  3.33051891e-08  3.84152570e-08  3.88095709e-08 
 1.05030985e-06 -2.75423969e-08 -2.75423970e-08 -2.75359571e-08 -2.75423969e-08 -2.24847809e-08 -2.24847808e-08 -2.75420873e-08 -2.79420177e-08 
 1.05230985e-06  3.53542244e-08  3.53542244e-08  3.53477328e-08  3.53542243e-08  3.03432543e-08  3.03432543e-08  3.53539127e-08  3.57599605e-08 
 1.05430985e-06 -2.45112297e-08 -2.45112298e-08 -2.45046951e-08 -2.45112297e-08 -1.95531846e-08 -1.95531846e-08 -2.45109164e-08 -2.49225720e-08 
 1.05630985e-06  3.23496980e-08  3.23496981e-08  3.23431127e-08  3.23496980e-08  2.74385747e-08  2.74385747e-08  3.23493828e-08  3.27671578e-08 
 1.05830985e-06 -2.15374352e-08 -2.15374352e-08 -2.15308079e-08 -2.15374351e-08 -1.66793705e-08 -1.66793705e-08 -2.15371183e-08 -2.19604851e-08 
 1.06030985e-06  2.94031284e-08  2.94031284e-08  2.93964515e-08  2.94031283e-08  2.45922309e-08  2.45922308e-08  2.94028096e-08  2.98322907e-08 
 1.06230985e-06 -1.86220625e-08 -1.86220626e-08 -1.86153450e-08 -1.86220624e-08 -1.38643271e-08 -1.38643270e-08 -1.86217421e-08 -1.90567917e-08 
 1.06430985e-06  2.65154759e-08  2.65154759e-08  2.65087100e-08  2.65154759e-08  2.18051237e-08  2.18051236e-08  2.65151536e-08  2.69563052e-08 
 1.06630985e-06 -1.57659853e-08 -1.57659854e-08 -1.57591800e-08 -1.57659853e-08 -1.11088693e-08 -1.11088692e-08 -1.57656615e-08 -1.62123510e-08 
 1.06830985e-06  2.36875313e-08  2.36875314e-08  2.36806787e-08  2.36875313e-08  1.90779862e-08  1.90779862e-08  2.36872057e-08  2.41399778e-08 
 1.07030985e-06 -1.29699132e-08 -1.29699132e-08 -1.29630225e-08 -1.29699131e-08 -8.41365015e-09 -8.41365015e-09 -1.29695860e-08 -1.34278588e-08 
 1.07230985e-06  2.09199268e-08  2.09199268e-08  2.09129900e-08  2.09199267e-08  1.64113949e-08  1.64113949e-08  2.09195978e-08  2.13839268e-08 
 1.07430985e-06 -1.02344027e-08 -1.02344028e-08 -1.02274291e-08 -1.02344027e-08 -5.77917163e-09 -5.77917162e-09 -1.02340724e-08 -1.07038578e-08 
 1.07630985e-06  1.82131468e-08  1.82131468e-08  1.82061283e-08  1.82131468e-08  1.38057804e-08  1.38057804e-08  1.82128146e-08  1.86886232e-08 
 1.07830985e-06 -7.55986840e-09 -7.55986845e-09 -7.55281439e-09 -7.55986835e-09 -3.20579519e-09 -3.20579520e-09 -7.55953480e-09 -8.04074903e-09 
 1.08030985e-06  1.55675385e-08  1.55675385e-08  1.55604409e-08  1.55675385e-08  1.12614380e-08  1.12614380e-08  1.55672031e-08  1.60544007e-08 
 1.08230985e-06 -4.94659204e-09 -4.94659207e-09 -4.93946023e-09 -4.94659204e-09 -6.93751763e-10 -6.93751809e-10 -4.94625530e-09 -5.43880132e-09 
 1.08430985e-06  1.29833216e-08  1.29833216e-08  1.29761474e-08  1.29833216e-08  8.77766875e-09  8.77766877e-09  1.29829831e-08  1.34814663e-08 
 1.08630985e-06 -2.39473310e-09 -2.39473310e-09 -2.38752612e-09 -2.39473307e-09  1.75571937e-09  1.75571935e-09 -2.39439334e-09 -2.89816137e-09 
 1.08830985e-06  1.04582583e-08  1.04582583e-08  1.04510170e-08  1.04582583e-08  6.35969408e-09  6.35969410e-09  1.04579171e-08  1.09699088e-08 
 1.09030985e-06  9.55064274e-11  9.55064425e-11  1.02781462e-10  9.55064408e-11  4.14223798e-09  4.14223797e-09  9.58489706e-11 -4.18862758e-10 
 1.09230985e-06  7.99952353e-09  7.99952357e-09  7.99221547e-09  7.99952351e-09  4.00460113e-09  4.00460114e-09  7.99917961e-09  8.51923331e-09 
 1.09430985e-06  2.52279121e-09  2.52279117e-09  2.53013168e-09  2.52279117e-09  6.46596900e-09  6.46596903e-09  2.52313641e-09  1.99777404e-09 
 1.09630985e-06  5.60364590e-09  5.60364594e-09  5.59627373e-09  5.60364587e-09  1.71217762e-09  1.71217762e-09  5.60329931e-09  6.13393103e-09 
 1.09830985e-06  4.88733821e-09  4.88733815e-09  4.89474137e-09  4.88733815e-09  8.73118348e-09  8.73118350e-09  4.88768607e-09  4.35182105e-09 
 1.10030985e-06  3.27036421e-09  3.27036425e-09  3.26293065e-09  3.27036423e-09 -5.18324061e-10 -5.18324070e-10  3.27001509e-09  3.81107108e-09 
 1.10230985e-06  7.18945094e-09  7.18945085e-09  7.19691415e-09  7.18945092e-09  1.09327426e-08  1.09327426e-08  7.18980136e-09  6.64359299e-09 
 1.10430985e-06  9.99334352e-10  9.99334371e-10  9.91842202e-10  9.99334362e-10 -2.68822562e-09 -2.68822557e-09  9.98982683e-10  1.55029838e-09 
 1.10630985e-06  9.43433116e-09  9.43433110e-09  9.44185864e-09  9.43433119e-09  1.30738528e-08  1.30738528e-08  9.43468445e-09  8.87778302e-09 
 1.10830985e-06 -1.21084281e-09 -1.21084275e-09 -1.21839542e-09 -1.21084278e-09 -4.79792610e-09 -4.79792609e-09 -1.21119710e-09 -6.49455936e-10 
 1.11030985e-06  1.16158511e-08  1.16158510e-08  1.16234377e-08  1.16158511e-08  1.51549496e-08  1.51549496e-08  1.16162069e-08  1.10489644e-08 
 1.11230985e-06 -3.36104186e-09 -3.36104177e-09 -3.36865218e-09 -3.36104188e-09 -6.84789508e-09 -6.84789504e-09 -3.36139876e-09 -2.78941631e-09 
 1.11430985e-06  1.37375940e-08  1.37375940e-08  1.37452370e-08  1.37375941e-08  1.71765357e-08  1.71765356e-08  1.37379524e-08  1.31605579e-08 
 1.11630985e-06 -5.45175812e-09 -5.45175805e-09 -5.45942332e-09 -5.45175819e-09 -8.83866606e-09 -8.83866602e-09 -5.45211750e-09 -4.87008739e-09 
 1.11830985e-06  1.58000862e-08  1.58000861e-08  1.58077827e-08  1.58000863e-08  1.91391745e-08  1.91391745e-08  1.58004471e-08  1.52130989e-08 
 1.12030985e-06 -7.48354626e-09 -7.48354626e-09 -7.49126365e-09 -7.48354634e-09 -1.07708306e-08 -1.07708305e-08 -7.48390811e-09 -6.89203309e-09 
 1.12230985e-06  1.78039103e-08  1.78039102e-08  1.78116575e-08  1.78039104e-08  2.10434850e-08  2.10434850e-08  1.78042735e-08  1.72071791e-08 
 1.12430985e-06 -9.45701496e-09 -9.45701491e-09 -9.46478159e-09 -9.45701510e-09 -1.26450326e-08 -1.26450326e-08 -9.45737914e-09 -8.85587070e-09 
 1.12630985e-06  1.97497003e-08  1.97497002e-08  1.97574953e-08  1.97497004e-08  2.28901357e-08  2.28901357e-08  1.97500658e-08  1.91434408e-08 
 1.12830985e-06 -1.13728214e-08 -1.13728213e-08 -1.13806344e-08 -1.13728215e-08 -1.44619632e-08 -1.44619632e-08 -1.13731878e-08 -1.07622656e-08 
 1.13030985e-06  2.16381363e-08  2.16381362e-08  2.16459762e-08  2.16381363e-08  2.46798399e-08  2.46798399e-08  2.16385040e-08  2.10225721e-08 
 1.13230985e-06 -1.32316663e-08 -1.32316662e-08 -1.32395228e-08 -1.32316664e-08 -1.62223556e-08 -1.62223556e-08 -1.32320348e-08 -1.26119263e-08 
 1.13430985e-06  2.34699393e-08  2.34699392e-08  2.34778214e-08  2.34699394e-08  2.64133507e-08  2.64133507e-08  2.34703091e-08  2.28453019e-08 
 1.13630985e-06 -1.50342892e-08 -1.50342891e-08 -1.50421863e-08 -1.50342893e-08 -1.79269806e-08 -1.79269806e-08 -1.50346597e-08 -1.44055998e-08 
 1.13830985e-06  2.52458674e-08  2.52458673e-08  2.52537887e-08  2.52458675e-08  2.80914566e-08  2.80914565e-08  2.52462392e-08  2.46123951e-08 
 1.14030985e-06 -1.67814644e-08 -1.67814643e-08 -1.67893993e-08 -1.67814645e-08 -1.95766422e-08 -1.95766423e-08 -1.67818369e-08 -1.61440674e-08 
 1.14230985e-06  2.69667111e-08  2.69667110e-08  2.69746688e-08  2.69667112e-08  2.97149770e-08  2.97149770e-08  2.69670848e-08  2.63246491e-08 
 1.14430985e-06 -1.84739965e-08 -1.84739965e-08 -1.84819664e-08 -1.84739967e-08 -2.11721737e-08 -2.11721737e-08 -1.84743709e-08 -1.78281400e-08 
 1.14630985e-06  2.86332892e-08  2.86332892e-08  2.86412805e-08  2.86332893e-08  3.12847590e-08  3.12847590e-08  2.86336648e-08  2.79828889e-08 
 1.14830985e-06 -2.01127170e-08 -2.01127169e-08 -2.01207189e-08 -2.01127171e-08 -2.27144336e-08 -2.27144336e-08 -2.01130931e-08 -1.94586552e-08 
 1.15030985e-06  3.02464459e-08  3.02464457e-08  3.02544677e-08  3.02464459e-08  3.28016732e-08  3.28016732e-08  3.02468231e-08  2.95879645e-08 
 1.15230985e-06 -2.16984802e-08 -2.16984800e-08 -2.17065112e-08 -2.16984802e-08 -2.42043026e-08 -2.42043026e-08 -2.16988580e-08 -2.10364730e-08 
 1.15430985e-06  3.18070462e-08  3.18070461e-08  3.18150959e-08  3.18070463e-08  3.42666105e-08  3.42666105e-08  3.18074252e-08  3.11407465e-08 
 1.15630985e-06 -2.32321604e-08 -2.32321603e-08 -2.32402179e-08 -2.32321605e-08 -2.56426798e-08 -2.56426798e-08 -2.32325399e-08 -2.25624729e-08 
 1.15830985e-06  3.33159740e-08  3.33159740e-08  3.33240487e-08  3.33159741e-08  3.56804787e-08  3.56804787e-08  3.33163545e-08  3.26421237e-08 
 1.16030985e-06 -2.47146489e-08 -2.47146487e-08 -2.47227299e-08 -2.47146489e-08 -2.70304800e-08 -2.70304800e-08 -2.47150299e-08 -2.40375510e-08 
 1.16230985e-06  3.47741282e-08  3.47741281e-08  3.47822250e-08  3.47741284e-08  3.70442002e-08  3.70442002e-08  3.47745103e-08  3.40929997e-08 
 1.16430985e-06 -2.61468504e-08 -2.61468504e-08 -2.61549522e-08 -2.61468505e-08 -2.83686310e-08 -2.83686310e-08 -2.61472330e-08 -2.54626165e-08 
 1.16630985e-06  3.61824205e-08  3.61824204e-08  3.61905366e-08  3.61824206e-08  3.83587086e-08  3.83587085e-08  3.61828040e-08  3.54942902e-08 
 1.16830985e-06 -2.75296816e-08 -2.75296816e-08 -2.75378013e-08 -2.75296817e-08 -2.96580705e-08 -2.96580705e-08 -2.75300656e-08 -2.68385900e-08 
 1.17030985e-06  3.75417725e-08  3.75417724e-08  3.75499051e-08  3.75417726e-08  3.96249464e-08  3.96249464e-08  3.75421573e-08  3.68469208e-08 
 1.17230985e-06 -2.88640676e-08 -2.88640676e-08 -2.88722023e-08 -2.88640678e-08 -3.08997442e-08 -3.08997443e-08 -2.88644528e-08 -2.81664000e-08 
 1.17430985e-06  3.88531137e-08  3.88531136e-08  3.88612600e-08  3.88531138e-08  4.08438631e-08  4.08438631e-08  3.88534997e-08  3.81518242e-08 
 1.17630985e-06 -3.01509403e-08 -3.01509402e-08 -3.01590873e-08 -3.01509404e-08 -3.20946035e-08 -3.20946035e-08 -3.01513267e-08 -2.94469818e-08 
 1.17830985e-06  4.01173789e-08  4.01173789e-08  4.01255362e-08  4.01173791e-08  4.20164127e-08  4.20164126e-08  4.01177661e-08  3.94099384e-08 
 1.18030985e-06 -3.13912359e-08 -3.13912359e-08 -3.13993925e-08 -3.13912360e-08 -3.32436030e-08 -3.32436030e-08 -3.13916234e-08 -3.06812744e-08 
 1.18230985e-06  4.13355068e-08  4.13355068e-08  4.13436722e-08  4.13355070e-08  4.31435514e-08  4.31435514e-08  4.13358951e-08  4.06222047e-08 
 1.18430985e-06 -3.25858936e-08 -3.25858936e-08 -3.25940569e-08 -3.25858937e-08 -3.43476992e-08 -3.43476992e-08 -3.25862821e-08 -3.18702195e-08 
 1.18630985e-06  4.25084377e-08  4.25084377e-08  4.25166086e-08  4.25084378e-08  4.42262366e-08  4.42262366e-08  4.25088270e-08  4.17895655e-08 
 1.18830985e-06 -3.37358532e-08 -3.37358532e-08 -3.37440206e-08 -3.37358533e-08 -3.54078485e-08 -3.54078485e-08 -3.37362426e-08 -3.30147589e-08 
 1.19030985e-06  4.36371119e-08  4.36371118e-08  4.36452855e-08  4.36371120e-08  4.52654246e-08  4.52654246e-08  4.36375020e-08  4.29129632e-08 
 1.19230985e-06 -3.48420539e-08 -3.48420539e-08 -3.48502227e-08 -3.48420541e-08 -3.64250054e-08 -3.64250055e-08 -3.48424442e-08 -3.41158337e-08 
 1.19430985e-06  4.47224681e-08  4.47224681e-08  4.47306418e-08  4.47224683e-08  4.62620693e-08  4.62620693e-08  4.47228590e-08  4.39933381e-08 
 1.19630985e-06 -3.59054326e-08 -3.59054326e-08 -3.59136002e-08 -3.59054328e-08 -3.74001218e-08 -3.74001218e-08 -3.59058237e-08 -3.51743820e-08 
 1.19830985e-06  4.57654424e-08  4.57654424e-08  4.57736134e-08  4.57654426e-08  4.72171209e-08  4.72171209e-08  4.57658341e-08  4.50316273e-08 
 1.20030985e-06 -3.69269228e-08 -3.69269228e-08 -3.69350863e-08 -3.69269229e-08 -3.83341446e-08 -3.83341446e-08 -3.69273145e-08 -3.61913383e-08 
 1.20230985e-06  4.67669665e-08  4.67669665e-08  4.67751322e-08  4.67669666e-08  4.81315243e-08  4.81315243e-08  4.67673588e-08  4.60287635e-08 
 1.20430985e-06 -3.79074529e-08 -3.79074530e-08 -3.79156098e-08 -3.79074531e-08 -3.92280153e-08 -3.92280153e-08 -3.79078452e-08 -3.71676319e-08 
 1.20630985e-06  4.77279667e-08  4.77279667e-08  4.77361244e-08  4.77279668e-08  4.90062184e-08  4.90062185e-08  4.77283595e-08  4.69856735e-08 
 1.20830985e-06 -3.88479457e-08 -3.88479457e-08 -3.88560933e-08 -3.88479457e-08 -4.00826685e-08 -4.00826686e-08 -3.88483384e-08 -3.81041859e-08 
 1.21030985e-06  4.86493629e-08  4.86493629e-08  4.86575100e-08  4.86493629e-08  4.98421348e-08  4.98421348e-08  4.86497560e-08  4.79032775e-08 
 1.21230985e-06 -3.97493167e-08 -3.97493167e-08 -3.97574525e-08 -3.97493167e-08 -4.08990313e-08 -4.08990313e-08 -3.97497097e-08 -3.90019160e-08 
 1.21430985e-06  4.95320674e-08  4.95320675e-08  4.95402015e-08  4.95320674e-08  5.06401967e-08  5.06401967e-08  4.95324609e-08  4.87824880e-08 
 1.21630985e-06 -4.06124737e-08 -4.06124738e-08 -4.06205952e-08 -4.06124738e-08 -4.16780219e-08 -4.16780219e-08 -4.06128671e-08 -3.98617299e-08 
 1.21830985e-06  5.03769845e-08  5.03769846e-08  5.03851029e-08  5.03769845e-08  5.14013185e-08  5.14013185e-08  5.03773783e-08  4.96242087e-08 
 1.22030985e-06 -4.14383160e-08 -4.14383161e-08 -4.14464206e-08 -4.14383161e-08 -4.24205492e-08 -4.24205492e-08 -4.14387096e-08 -4.06845262e-08 
 1.22230985e-06  5.11850093e-08  5.11850094e-08  5.11931096e-08  5.11850094e-08  5.21264045e-08  5.21264045e-08  5.11854032e-08  5.04293342e-08 
 1.22430985e-06 -4.22277333e-08 -4.22277334e-08 -4.22358185e-08 -4.22277333e-08 -4.31275118e-08 -4.31275119e-08 -4.22281270e-08 -4.14711939e-08 
 1.22630985e-06  5.19570270e-08  5.19570271e-08  5.19651066e-08  5.19570271e-08  5.28163487e-08  5.28163487e-08  5.19574211e-08  5.11987487e-08 
 1.22830985e-06 -4.29816050e-08 -4.29816051e-08 -4.29896683e-08 -4.29816050e-08 -4.37997977e-08 -4.37997977e-08 -4.29819988e-08 -4.22226114e-08 
 1.23030985e-06  5.26939126e-08  5.26939126e-08  5.27019691e-08  5.26939127e-08  5.34720339e-08  5.34720339e-08  5.26943066e-08  5.19333261e-08 
 1.23230985e-06 -4.37008001e-08 -4.37008002e-08 -4.37088392e-08 -4.37008002e-08 -4.44382833e-08 -4.44382833e-08 -4.37011938e-08 -4.29396467e-08 
 1.23430985e-06  5.33965299e-08  5.33965299e-08  5.34045608e-08  5.33965299e-08  5.40943313e-08  5.40943313e-08  5.33969238e-08  5.26339288e-08 
 1.23630985e-06 -4.43861763e-08 -4.43861763e-08 -4.43941886e-08 -4.43861763e-08 -4.50438332e-08 -4.50438332e-08 -4.43865699e-08 -4.36231556e-08 
 1.23830985e-06  5.40657313e-08  5.40657313e-08  5.40737344e-08  5.40657313e-08  5.46840999e-08  5.46840999e-08  5.40661250e-08  5.33014077e-08 
 1.24000000e-06 -4.50941330e-08 -4.50941330e-08 -4.51021130e-08 -4.50941330e-08 -4.56656286e-08 -4.56656287e-08 -4.50945263e-08 -4.43294490e-08 
 1.24020000e-06  5.43624016e-09  5.43624010e-09  5.43620470e-09  5.43624016e-09  5.34020063e-09  5.34020056e-09  5.43623998e-09  5.43435038e-09 
 1.24060000e-06  3.98372957e-09  3.98372959e-09  3.98377214e-09  3.98372947e-09  4.07611594e-09  4.07611600e-09  3.98372992e-09  3.98467404e-09 
 1.24140000e-06  5.28467123e-09  5.28467121e-09  5.28462522e-09  5.28467133e-09  5.19402800e-09  5.19402795e-09  5.28467076e-09  5.28418330e-09 
 1.24246255e-06  4.06664972e-09  4.06664976e-09  4.06669836e-09  4.06664963e-09  4.15578546e-09  4.15578553e-09  4.06665030e-09  4.06680173e-09 
 1.24341363e-06  5.21325596e-09  5.21325598e-09  5.21320450e-09  5.21325606e-09  5.12773918e-09  5.12773914e-09  5.21325525e-09  5.21347139e-09 
 1.24437321e-06  4.13404599e-09  4.13404599e-09  4.13410022e-09  4.13404592e-09  4.20957421e-09  4.20957423e-09  4.13404680e-09  4.13347451e-09 
 1.24500000e-06  5.15725379e-09  5.15725376e-09  5.15719553e-09  5.15725378e-09  5.12696435e-09  5.12696434e-09  5.15725276e-09  5.15835624e-09 
 1.24509691e-06  4.62529546e-09  4.62529534e-09  4.62530079e-09  4.62529537e-09  4.31534440e-09  4.31534441e-09  4.62529560e-09  4.62440709e-09 
 1.24529072e-06  4.55915892e-09  4.55915905e-09  4.55915734e-09  4.55915891e-09  5.24649563e-09  5.24649561e-09  4.55915877e-09  4.56035554e-09 
 1.24567835e-06  5.03526260e-09  5.03526249e-09  5.03526016e-09  5.03526259e-09  4.21138706e-09  4.21138707e-09  5.03526269e-09  5.03372382e-09 
 1.24626428e-06  3.98551055e-09  3.98551057e-09  3.98551688e-09  3.98551052e-09  4.85067105e-09  4.85067100e-09  3.98551042e-09  3.98735873e-09 
 1.24736758e-06  5.52685977e-09  5.52685971e-09  5.52685078e-09  5.52685973e-09  4.65798616e-09  4.65798615e-09  5.52685985e-09  5.52482112e-09 
 1.24936758e-06  3.66989260e-09  3.66989269e-09  3.66990321e-09  3.66989263e-09  4.53526119e-09  4.53526121e-09  3.66989250e-09  3.67204353e-09 
 1.25136758e-06  5.77472435e-09  5.77472426e-09  5.77471199e-09  5.77472434e-09  4.91679174e-09  4.91679174e-09  5.77472444e-09  5.77245639e-09 
 1.25336758e-06  3.40542308e-09  3.40542315e-09  3.40543731e-09  3.40542304e-09  4.25202738e-09  4.25202738e-09  3.40542295e-09  3.40781256e-09 
 1.25536758e-06  6.05568418e-09  6.05568417e-09  6.05566797e-09  6.05568428e-09  5.22424600e-09  5.22424600e-09  6.05568435e-09  6.05316903e-09 
 1.25736758e-06  3.10813646e-09  3.10813648e-09  3.10815486e-09  3.10813642e-09  3.92064081e-09  3.92064084e-09  3.10813632e-09  3.11078118e-09 
 1.25936758e-06  6.36908742e-09  6.36908741e-09  6.36906667e-09  6.36908749e-09  5.57920233e-09  5.57920232e-09  6.36908759e-09  6.36630957e-09 
 1.26136758e-06  2.77887026e-09  2.77887030e-09  2.77889351e-09  2.77887019e-09  3.54254468e-09  3.54254466e-09  2.77887009e-09  2.78178425e-09 
 1.26336758e-06  6.71392189e-09  6.71392188e-09  6.71389600e-09  6.71392194e-09  5.97994627e-09  5.97994624e-09  6.71392201e-09  6.71086908e-09 
 1.26536758e-06  2.41880009e-09  2.41880011e-09  2.41882876e-09  2.41880007e-09  3.11970094e-09  3.11970094e-09  2.41879992e-09  2.42199392e-09 
 1.26736758e-06  7.08885953e-09  7.08885956e-09  7.08882796e-09  7.08885963e-09  6.42429099e-09  6.42429100e-09  7.08885973e-09  7.08552294e-09 
 1.26936758e-06  2.02939555e-09  2.02939557e-09  2.02943022e-09  2.02939544e-09  2.65449899e-09  2.65449895e-09  2.02939533e-09  2.03287627e-09 
 1.27136758e-06  7.49229996e-09  7.49229993e-09  7.49226211e-09  7.49230010e-09  6.90966541e-09  6.90966542e-09  7.49230020e-09  7.48867426e-09 
 1.27336758e-06  1.61237756e-09  1.61237758e-09  1.61241881e-09  1.61237740e-09  2.14967222e-09  2.14967224e-09  1.61237730e-09  1.61614855e-09 
 1.27536758e-06  7.92241188e-09  7.92241184e-09  7.92236707e-09  7.92241203e-09  7.43319263e-09  7.43319265e-09  7.92241211e-09  7.91849564e-09 
 1.27736758e-06  1.16967782e-09  1.16967783e-09  1.16972628e-09  1.16967762e-09  1.60822308e-09  1.60822309e-09  1.16967758e-09  1.17373857e-09 
 1.27936758e-06  8.37717272e-09  8.37717266e-09  8.37712045e-09  8.37717289e-09  7.99176143e-09  7.99176145e-09  8.37717296e-09  8.37296861e-09 
 1.28136758e-06  7.03400209e-10  7.03400222e-10  7.03456341e-10  7.03399998e-10  1.03335588e-09  1.03335585e-09  7.03399918e-10  7.07745953e-10 
 1.28336758e-06  8.85440644e-09  8.85440643e-09  8.85434622e-09  8.85440664e-09  8.58208912e-09  8.58208915e-09  8.85440673e-09  8.84992119e-09 
 1.28536758e-06  2.15784357e-10  2.15784410e-10  2.15848748e-10  2.15784187e-10  4.28417754e-10  4.28417683e-10  2.15784091e-10  2.20406333e-10 
 1.28736758e-06  9.35181819e-09  9.35181818e-09  9.35174945e-09  9.35181838e-09  9.20077738e-09  9.20077736e-09  9.35181850e-09  9.34706273e-09 
 1.28936758e-06 -2.90917027e-10 -2.90917088e-10 -2.90843934e-10 -2.90917227e-10 -2.03216830e-10 -2.03216808e-10 -2.90917377e-10 -2.86030360e-10 
 1.29136758e-06  9.86720463e-09  9.86720462e-09  9.86712705e-09  9.86720483e-09  9.84448621e-09  9.84448618e-09  9.86720493e-09  9.86219098e-09 
 1.29336758e-06 -8.14453475e-10 -8.14453518e-10 -8.14371357e-10 -8.14453680e-10 -8.58270340e-10 -8.58270337e-10 -8.14453806e-10 -8.09317689e-10 
 1.29536758e-06  1.03982750e-08  1.03982751e-08  1.03981884e-08  1.03982752e-08  1.05100102e-08  1.05100102e-08  1.03982753e-08  1.03930224e-08 
 1.29736758e-06 -1.35244409e-09 -1.35244410e-09 -1.35235278e-09 -1.35244431e-09 -1.53340015e-09 -1.53340015e-09 -1.35244438e-09 -1.34708035e-09 
 1.29936758e-06  1.09425656e-08  1.09425656e-08  1.09424696e-08  1.09425658e-08  1.11938789e-08  1.11938789e-08  1.09425659e-08  1.09370971e-08 
 1.30136758e-06 -1.90241852e-09 -1.90241852e-09 -1.90231783e-09 -1.90241874e-09 -2.22515325e-09 -2.22515322e-09 -1.90241883e-09 -1.89685206e-09 
 1.30336758e-06  1.14976051e-08  1.14976051e-08  1.14974997e-08  1.14976053e-08  1.18926640e-08  1.18926640e-08  1.14976054e-08  1.14919480e-08 
 1.30536758e-06 -2.46191045e-09 -2.46191049e-09 -2.46180030e-09 -2.46191065e-09 -2.93013252e-09 -2.93013255e-09 -2.46191074e-09 -2.45617044e-09 
 1.30736758e-06  1.20609371e-08  1.20609372e-08  1.20608223e-08  1.20609373e-08  1.26030058e-08  1.26030058e-08  1.20609374e-08  1.20551226e-08 
 1.30936758e-06 -3.02847794e-09 -3.02847798e-09 -3.02835840e-09 -3.02847814e-09 -3.64502135e-09 -3.64502134e-09 -3.02847823e-09 -3.02259751e-09 
 1.31136758e-06  1.26301389e-08  1.26301389e-08  1.26300148e-08  1.26301391e-08  1.33216357e-08  1.33216357e-08  1.26301391e-08  1.26242017e-08 
 1.31336758e-06 -3.59972170e-09 -3.59972169e-09 -3.59959296e-09 -3.59972186e-09 -4.36660384e-09 -4.36660384e-09 -3.59972193e-09 -3.59373740e-09 
 1.31536758e-06  1.32028383e-08  1.32028383e-08  1.32027051e-08  1.32028385e-08  1.40453948e-08  1.40453948e-08  1.32028385e-08  1.31968170e-08 
 1.31736758e-06 -4.17330041e-09 -4.17330043e-09 -4.17316283e-09 -4.17330055e-09 -5.09178174e-09 -5.09178175e-09 -4.17330061e-09 -4.16725241e-09 
 1.31936758e-06  1.37767283e-08  1.37767284e-08  1.37765865e-08  1.37767285e-08  1.47712489e-08  1.47712489e-08  1.37767285e-08  1.37706646e-08 
 1.32136758e-06 -4.74694444e-09 -4.74694443e-09 -4.74679845e-09 -4.74694452e-09 -5.81758777e-09 -5.81758775e-09 -4.74694458e-09 -4.74087620e-09 
 1.32336758e-06  1.43495795e-08  1.43495796e-08  1.43494296e-08  1.43495796e-08  1.54963002e-08  1.54963002e-08  1.43495797e-08  1.43435185e-08 
 1.32536758e-06 -5.31846724e-09 -5.31846723e-09 -5.31831353e-09 -5.31846725e-09 -6.54119637e-09 -6.54119634e-09 -5.31846731e-09 -5.31242535e-09 
 1.32736758e-06  1.49192507e-08  1.49192507e-08  1.49190934e-08  1.49192507e-08  1.62177972e-08  1.62177972e-08  1.49192508e-08  1.49132403e-08 
 1.32936758e-06 -5.88577490e-09 -5.88577492e-09 -5.88561423e-09 -5.88577491e-09 -7.25993151e-09 -7.25993146e-09 -5.88577501e-09 -5.87980887e-09 
 1.33136758e-06  1.54836972e-08  1.54836972e-08  1.54835334e-08  1.54836972e-08  1.69331410e-08  1.69331410e-08  1.54836973e-08  1.54777884e-08 
 1.33336758e-06 -6.44687421e-09 -6.44687426e-09 -6.44670744e-09 -6.44687423e-09 -7.97127258e-09 -7.97127259e-09 -6.44687434e-09 -6.44103608e-09 
 1.33536758e-06  1.60409785e-08  1.60409785e-08  1.60408091e-08  1.60409785e-08  1.76398901e-08  1.76398901e-08  1.60409786e-08  1.60352246e-08 
 1.33736758e-06 -6.99987846e-09 -6.99987848e-09 -6.99970666e-09 -6.99987850e-09 -8.67285816e-09 -8.67285819e-09 -6.99987855e-09 -6.99422282e-09 
 1.33936758e-06  1.65892631e-08  1.65892632e-08  1.65890893e-08  1.65892632e-08  1.83357637e-08  1.83357637e-08  1.65892633e-08  1.65837199e-08 
 1.34136758e-06 -7.54301245e-09 -7.54301251e-09 -7.54283683e-09 -7.54301257e-09 -9.36248813e-09 -9.36248812e-09 -7.54301266e-09 -7.53759619e-09 
 1.34336758e-06  1.71268331e-08  1.71268331e-08  1.71266560e-08  1.71268332e-08  1.90186426e-08  1.90186426e-08  1.71268333e-08  1.71215584e-08 
 1.34536758e-06 -8.07461619e-09 -8.07461625e-09 -8.07443791e-09 -8.07461626e-09 -1.00381247e-08 -1.00381247e-08 -8.07461631e-09 -8.06949800e-09 
 1.34736758e-06  1.76520866e-08  1.76520867e-08  1.76519075e-08  1.76520867e-08  1.96865696e-08  1.96865697e-08  1.76520867e-08  1.76471401e-08 
 1.34936758e-06 -8.59314642e-09 -8.59314650e-09 -8.59296693e-09 -8.59314646e-09 -1.06978908e-08 -1.06978908e-08 -8.59314655e-09 -8.58838698e-09 
 1.35136758e-06  1.81635395e-08  1.81635396e-08  1.81633600e-08  1.81635395e-08  2.03377481e-08  2.03377481e-08  1.81635396e-08  1.81589827e-08 
 1.35336758e-06 -9.09717832e-09 -9.09717836e-09 -9.09699917e-09 -9.09717835e-09 -1.13400694e-08 -1.13400694e-08 -9.09717840e-09 -9.09283998e-09 
 1.35536758e-06  1.86598262e-08  1.86598262e-08  1.86596479e-08  1.86598263e-08  2.09705396e-08  2.09705396e-08  1.86598263e-08  1.86557222e-08 
 1.35736758e-06 -9.58540559e-09 -9.58540558e-09 -9.58522843e-09 -9.58540557e-09 -1.19631000e-08 -1.19631000e-08 -9.58540562e-09 -9.58155189e-09 
 1.35936758e-06  1.91455118e-08  1.91455118e-08  1.91453363e-08  1.91455118e-08  2.15899842e-08  2.15899842e-08  1.91455119e-08  1.91419233e-08 
 1.36136758e-06 -1.00561687e-08 -1.00561687e-08 -1.00559954e-08 -1.00561686e-08 -1.25649782e-08 -1.25649782e-08 -1.00561687e-08 -1.00528641e-08 
 1.36336758e-06  1.96075505e-08  1.96075505e-08  1.96073797e-08  1.96075505e-08  2.21813358e-08  2.21813358e-08  1.96075505e-08  1.96045441e-08 
 1.36536758e-06 -1.05058736e-08 -1.05058736e-08 -1.05057061e-08 -1.05058736e-08 -1.31412953e-08 -1.31412953e-08 -1.05058737e-08 -1.05031851e-08 
 1.36736758e-06  2.00515815e-08  2.00515815e-08  2.00514175e-08  2.00515815e-08  2.27509883e-08  2.27509882e-08  2.00515815e-08  2.00492240e-08 
 1.36936758e-06 -1.09399923e-08 -1.09399923e-08 -1.09398325e-08 -1.09399923e-08 -1.36989846e-08 -1.36989845e-08 -1.09399923e-08 -1.09379855e-08 
 1.37136758e-06  2.04761257e-08  2.04761257e-08  2.04759705e-08  2.04761257e-08  2.32971768e-08  2.32971767e-08  2.04761257e-08  2.04744839e-08 
 1.37336758e-06 -1.13542288e-08 -1.13542287e-08 -1.13540788e-08 -1.13542288e-08 -1.42327565e-08 -1.42327565e-08 -1.13542288e-08 -1.13529708e-08 
 1.37536758e-06  2.08803940e-08  2.08803941e-08  2.08802498e-08  2.08803941e-08  2.38189972e-08  2.38189973e-08  2.08803941e-08  2.08795353e-08 
 1.37736758e-06 -1.17478482e-08 -1.17478483e-08 -1.17477103e-08 -1.17478483e-08 -1.47417734e-08 -1.47417733e-08 -1.17478482e-08 -1.17474066e-08 
 1.37936758e-06  2.12637042e-08  2.12637043e-08  2.12635730e-08  2.12637043e-08  2.43156761e-08  2.43156761e-08  2.12637042e-08  2.12636961e-08 
 1.38136758e-06 -1.21202208e-08 -1.21202208e-08 -1.21200970e-08 -1.21202208e-08 -1.52253251e-08 -1.52253251e-08 -1.21202207e-08 -1.21206633e-08 
 1.38336758e-06  2.16254769e-08  2.16254769e-08  2.16253610e-08  2.16254769e-08  2.47865642e-08  2.47865642e-08  2.16254768e-08  2.16263874e-08 
 1.38536758e-06 -1.24708174e-08 -1.24708174e-08 -1.24707101e-08 -1.24708174e-08 -1.56828230e-08 -1.56828230e-08 -1.24708173e-08 -1.24722118e-08 
 1.38736758e-06  2.19652316e-08  2.19652316e-08  2.19651334e-08  2.19652316e-08  2.52311310e-08  2.52311311e-08  2.19652316e-08  2.19671286e-08 
 1.38936758e-06 -1.27992060e-08 -1.27992060e-08 -1.27991175e-08 -1.27992059e-08 -1.61137939e-08 -1.61137939e-08 -1.27992059e-08 -1.28016201e-08 
 1.39136758e-06  2.22825831e-08  2.22825832e-08  2.22825049e-08  2.22825831e-08  2.56489586e-08  2.56489587e-08  2.22825830e-08  2.22855343e-08 
 1.39336758e-06 -1.31050471e-08 -1.31050472e-08 -1.31049798e-08 -1.31050471e-08 -1.65178741e-08 -1.65178741e-08 -1.31050470e-08 -1.31085485e-08 
 1.39536758e-06  2.25772363e-08  2.25772363e-08  2.25771805e-08  2.25772362e-08  2.60397354e-08  2.60397354e-08  2.25772362e-08  2.25813091e-08 
 1.39736758e-06 -1.33880896e-08 -1.33880896e-08 -1.33880459e-08 -1.33880895e-08 -1.68948028e-08 -1.68948028e-08 -1.33880894e-08 -1.33927455e-08 
 1.39936758e-06  2.28489823e-08  2.28489824e-08  2.28489514e-08  2.28489822e-08  2.64032498e-08  2.64032498e-08  2.28489822e-08  2.28542438e-08 
 1.40136758e-06 -1.36481659e-08 -1.36481659e-08 -1.36481483e-08 -1.36481658e-08 -1.72444165e-08 -1.72444166e-08 -1.36481657e-08 -1.36540430e-08 
 1.40336758e-06  2.30976937e-08  2.30976937e-08  2.30976901e-08  2.30976936e-08  2.67393845e-08  2.67393845e-08  2.30976935e-08  2.31042103e-08 
 1.40536758e-06 -1.38851874e-08 -1.38851875e-08 -1.38851984e-08 -1.38851874e-08 -1.75666427e-08 -1.75666426e-08 -1.38851872e-08 -1.38923519e-08 
 1.40736758e-06  2.33233194e-08  2.33233195e-08  2.33233457e-08  2.33233194e-08  2.70481100e-08  2.70481100e-08  2.33233193e-08  2.33311570e-08 
 1.40936758e-06 -1.40991401e-08 -1.40991402e-08 -1.40991822e-08 -1.40991401e-08 -1.78614935e-08 -1.78614935e-08 -1.40991399e-08 -1.41076572e-08 
 1.41136758e-06  2.35258811e-08  2.35258812e-08  2.35259397e-08  2.35258810e-08  2.73294790e-08  2.73294791e-08  2.35258809e-08  2.35351045e-08 
 1.41336758e-06 -1.42900796e-08 -1.42900797e-08 -1.42901552e-08 -1.42900795e-08 -1.81290607e-08 -1.81290607e-08 -1.42900794e-08 -1.43000138e-08 
 1.41536758e-06  2.37054674e-08  2.37054674e-08  2.37055607e-08  2.37054673e-08  2.75836207e-08  2.75836206e-08  2.37054672e-08  2.37161406e-08 
 1.41736758e-06 -1.44581266e-08 -1.44581266e-08 -1.44582382e-08 -1.44581265e-08 -1.83695089e-08 -1.83695089e-08 -1.44581263e-08 -1.44695412e-08 
 1.41936758e-06  2.38622300e-08  2.38622300e-08  2.38623606e-08  2.38622299e-08  2.78107341e-08  2.78107342e-08  2.38622297e-08  2.38744159e-08 
 1.42136758e-06 -1.46034623e-08 -1.46034623e-08 -1.46036123e-08 -1.46034621e-08 -1.85830706e-08 -1.85830706e-08 -1.46034620e-08 -1.46164196e-08 
 1.42336758e-06  2.39963789e-08  2.39963789e-08  2.39965492e-08  2.39963788e-08  2.80110841e-08  2.80110841e-08  2.39963786e-08  2.40101392e-08 
 1.42536758e-06 -1.47263239e-08 -1.47263240e-08 -1.47265149e-08 -1.47263239e-08 -1.87700407e-08 -1.87700408e-08 -1.47263237e-08 -1.47408852e-08 
 1.42736758e-06  2.41081777e-08  2.41081778e-08  2.41083902e-08  2.41081777e-08  2.81849948e-08  2.81849948e-08  2.41081775e-08  2.41235732e-08 
 1.42936758e-06 -1.48270005e-08 -1.48270006e-08 -1.48272350e-08 -1.48270005e-08 -1.89307710e-08 -1.89307711e-08 -1.48270003e-08 -1.48432256e-08 
 1.43136758e-06  2.41979401e-08  2.41979401e-08  2.41981972e-08  2.41979400e-08  2.83328448e-08  2.83328448e-08  2.41979398e-08  2.42150296e-08 
 1.43336758e-06 -1.49058285e-08 -1.49058286e-08 -1.49061087e-08 -1.49058285e-08 -1.90656655e-08 -1.90656655e-08 -1.49058282e-08 -1.49237755e-08 
 1.43536758e-06  2.42660246e-08  2.42660247e-08  2.42663287e-08  2.42660246e-08  2.84550625e-08  2.84550625e-08  2.42660243e-08  2.42848658e-08 
 1.43736758e-06 -1.49631874e-08 -1.49631874e-08 -1.49635157e-08 -1.49631874e-08 -1.91751750e-08 -1.91751751e-08 -1.49631871e-08 -1.49829132e-08 
 1.43936758e-06  2.43128312e-08  2.43128313e-08  2.43131846e-08  2.43128312e-08  2.85521211e-08  2.85521211e-08  2.43128310e-08  2.43334802e-08 
 1.44136758e-06 -1.49994959e-08 -1.49994960e-08 -1.49998746e-08 -1.49994959e-08 -1.92597933e-08 -1.92597933e-08 -1.49994956e-08 -1.50210558e-08 
 1.44336758e-06  2.43387972e-08  2.43387973e-08  2.43392022e-08  2.43387972e-08  2.86245339e-08  2.86245340e-08  2.43387969e-08  2.43613085e-08 
 1.44536758e-06 -1.50152084e-08 -1.50152084e-08 -1.50156396e-08 -1.50152084e-08 -1.93200517e-08 -1.93200517e-08 -1.50152081e-08 -1.50386559e-08 
 1.44736758e-06  2.43443934e-08  2.43443934e-08  2.43448520e-08  2.43443934e-08  2.86728503e-08  2.86728503e-08  2.43443931e-08  2.43688196e-08 
 1.44936758e-06 -1.50154489e-08 -1.50154490e-08 -1.50159351e-08 -1.50154489e-08 -1.93624939e-08 -1.93624940e-08 -1.50154486e-08 -1.50408431e-08 
 1.45136758e-06  2.43223715e-08  2.43223716e-08  2.43228858e-08  2.43223715e-08  2.86884962e-08  2.86884962e-08  2.43223711e-08  2.43487545e-08 
 1.45336758e-06 -1.49914118e-08 -1.49914119e-08 -1.49919548e-08 -1.49914117e-08 -1.93757320e-08 -1.93757320e-08 -1.49914114e-08 -1.50187963e-08 
 1.45536758e-06  2.42887377e-08  2.42887378e-08  2.42893099e-08  2.42887377e-08  2.86903668e-08  2.86903668e-08  2.42887373e-08  2.43171354e-08 
 1.45736758e-06 -1.49483153e-08 -1.49483154e-08 -1.49489173e-08 -1.49483153e-08 -1.93663895e-08 -1.93663895e-08 -1.49483150e-08 -1.49777385e-08 
 1.45936758e-06  2.42363268e-08  2.42363268e-08  2.42369588e-08  2.42363267e-08  2.86699761e-08  2.86699761e-08  2.42363263e-08  2.42667856e-08 
 1.46136758e-06 -1.48867390e-08 -1.48867390e-08 -1.48874017e-08 -1.48867389e-08 -1.93351099e-08 -1.93351099e-08 -1.48867385e-08 -1.49182433e-08 
 1.46336758e-06  2.41657447e-08  2.41657448e-08  2.41664384e-08  2.41657446e-08  2.86279769e-08  2.86279769e-08  2.41657443e-08  2.41983036e-08 
 1.46536758e-06 -1.48073090e-08 -1.48073091e-08 -1.48080343e-08 -1.48073090e-08 -1.92825553e-08 -1.92825553e-08 -1.48073086e-08 -1.48409320e-08 
 1.46736758e-06  2.40776316e-08  2.40776316e-08  2.40783887e-08  2.40776315e-08  2.85650417e-08  2.85650418e-08  2.40776312e-08  2.41123272e-08 
 1.46936758e-06 -1.47106721e-08 -1.47106721e-08 -1.47114615e-08 -1.47106721e-08 -1.92094106e-08 -1.92094107e-08 -1.47106716e-08 -1.47464496e-08 
 1.47136758e-06  2.39726364e-08  2.39726364e-08  2.39734584e-08  2.39726364e-08  2.84818743e-08  2.84818743e-08  2.39726359e-08  2.40095041e-08 
 1.47336758e-06 -1.45974789e-08 -1.45974790e-08 -1.45983341e-08 -1.45974790e-08 -1.91164079e-08 -1.91164080e-08 -1.45974785e-08 -1.46354457e-08 
 1.47536758e-06  2.38514116e-08  2.38514117e-08  2.38523002e-08  2.38514116e-08  2.83792306e-08  2.83792306e-08  2.38514111e-08  2.38904853e-08 
 1.47736758e-06 -1.44683789e-08 -1.44683789e-08 -1.44693014e-08 -1.44683789e-08 -1.90043105e-08 -1.90043105e-08 -1.44683784e-08 -1.45085690e-08 
 1.47936758e-06  2.37145937e-08  2.37145937e-08  2.37155504e-08  2.37145937e-08  2.82578729e-08  2.82578730e-08  2.37145932e-08  2.37559098e-08 
 1.48136758e-06 -1.43239936e-08 -1.43239936e-08 -1.43249850e-08 -1.43239936e-08 -1.88738794e-08 -1.88738794e-08 -1.43239931e-08 -1.43664458e-08 
 1.48336758e-06  2.35627949e-08  2.35627949e-08  2.35638214e-08  2.35627949e-08  2.81185608e-08  2.81185608e-08  2.35627944e-08  2.36063921e-08 
 1.48500000e-06 -1.41461263e-08 -1.41461263e-08 -1.41471964e-08 -1.41461263e-08 -1.87081301e-08 -1.87081301e-08 -1.41461258e-08 -1.41911391e-08 
 1.48520000e-06  4.43875324e-09  4.43875326e-09  4.43884584e-09  4.43875330e-09  4.44988514e-09  4.44988510e-09  4.43875327e-09  4.44174873e-09 
 1.48560000e-06  4.91673047e-09  4.91673044e-09  4.91663386e-09  4.91673042e-09  4.91349090e-09  4.91349096e-09  4.91673045e-09  4.91363246e-09 
 1.48640000e-06  4.38226869e-09  4.38226869e-09  4.38236685e-09  4.38226870e-09  4.38179577e-09  4.38179568e-09  4.38226866e-09  4.38540754e-09 
 1.48715030e-06  4.95156456e-09  4.95156451e-09  4.95146484e-09  4.95156448e-09  4.95583288e-09  4.95583300e-09  4.95156449e-09  4.94838935e-09 
 1.48769748e-06  4.34344120e-09  4.34344124e-09  4.34354238e-09  4.34344133e-09  4.33422930e-09  4.33422926e-09  4.34344128e-09  4.34665434e-09 
 1.48811443e-06  4.99759848e-09  4.99759856e-09  4.99749621e-09  4.99759841e-09  5.01287344e-09  5.01287348e-09  4.99759844e-09  4.99435353e-09 
 1.48850989e-06  4.28448076e-09  4.28448070e-09  4.28458346e-09  4.28448076e-09  4.26328868e-09  4.26328859e-09  4.28448071e-09  4.28774181e-09 
 1.48885174e-06  5.13784668e-09  5.13784661e-09  5.13774434e-09  5.13784667e-09  5.16527773e-09  5.16527781e-09  5.13784668e-09  5.13458763e-09 
 1.48908012e-06  3.53253036e-09  3.53253063e-09  3.53263065e-09  3.53253055e-09  3.49819784e-09  3.49819785e-09  3.53253049e-09  3.53568416e-09 
 1.48931930e-06  7.99373557e-09  7.99373539e-09  7.99363919e-09  7.99373551e-09  8.02841101e-09  8.02841103e-09  7.99373558e-09  7.99096367e-09 
 1.48948828e-06 -9.42757550e-09 -9.42757553e-09 -9.42748679e-09 -9.42757581e-09 -9.44079423e-09 -9.44079419e-09 -9.42757588e-09 -9.42631457e-09 
 1.48966833e-06  4.34158911e-08  4.34158912e-08  4.34158105e-08  4.34158914e-08  4.33766402e-08  4.33766402e-08  4.34158914e-08  4.34173833e-08 
 1.48986566e-06 -7.45807943e-08 -7.45807943e-08 -7.45807212e-08 -7.45807944e-08 -7.44647830e-08 -7.44647830e-08 -7.45807944e-08 -7.45857568e-08 
 1.49000000e-06  1.79538994e-07  1.79538994e-07  1.79538929e-07  1.79538994e-07  1.79277292e-07  1.79277292e-07  1.79538994e-07  1.79549164e-07 
 1.49002197e-06 -2.40450834e-07 -2.40450834e-07 -2.40450810e-07 -2.40450834e-07 -2.40296822e-07 -2.40296822e-07 -2.40450833e-07 -2.40476083e-07 
 1.49006590e-06  2.93611762e-07  2.93611762e-07  2.93611678e-07  2.93611762e-07  2.93827649e-07  2.93827649e-07  2.93611762e-07  2.93754884e-07 
 1.49015377e-06 -2.49624232e-07 -2.49624232e-07 -2.49624135e-07 -2.49624232e-07 -2.50149481e-07 -2.50149481e-07 -2.49624233e-07 -2.49902042e-07 
 1.49032950e-06  2.32128611e-07  2.32128611e-07  2.32128519e-07  2.32128611e-07  2.32824515e-07  2.32824515e-07  2.32128613e-07  2.32497533e-07 
 1.49068097e-06 -2.07976063e-07 -2.07976062e-07 -2.07975976e-07 -2.07976062e-07 -2.08759679e-07 -2.08759679e-07 -2.07976065e-07 -2.08396219e-07 
 1.49138390e-06  2.09647536e-07  2.09647536e-07  2.09647454e-07  2.09647536e-07  2.10475267e-07  2.10475266e-07  2.09647539e-07  2.10094542e-07 
 1.49257218e-06 -1.95747325e-07 -1.95747325e-07 -1.95747245e-07 -1.95747325e-07 -1.96601229e-07 -1.96601229e-07 -1.95747328e-07 -1.96210592e-07 
 1.49445960e-06  2.02161089e-07  2.02161089e-07  2.02161011e-07  2.02161089e-07  2.03031477e-07  2.03031477e-07  2.02161092e-07  2.02634720e-07 
 1.49645960e-06 -1.90091938e-07 -1.90091938e-07 -1.90091862e-07 -1.90091938e-07 -1.90977893e-07 -1.90977893e-07 -1.90091942e-07 -1.90575444e-07 
 1.49845960e-06  1.96646945e-07  1.96646945e-07  1.96646871e-07  1.96646945e-07  1.97548464e-07  1.97548464e-07  1.96646949e-07  1.97140408e-07 
 1.50045960e-06 -1.84558118e-07 -1.84558118e-07 -1.84558046e-07 -1.84558118e-07 -1.85475206e-07 -1.85475206e-07 -1.84558122e-07 -1.85061623e-07 
 1.50245960e-06  1.91095482e-07  1.91095482e-07  1.91095412e-07  1.91095481e-07  1.92028129e-07  1.92028129e-07  1.91095486e-07  1.91609104e-07 
 1.50445960e-06 -1.78991011e-07 -1.78991011e-07 -1.78990943e-07 -1.78991011e-07 -1.79939216e-07 -1.79939216e-07 -1.78991015e-07 -1.79514833e-07 
 1.50645960e-06  1.85514673e-07  1.85514673e-07  1.85514607e-07  1.85514673e-07  1.86478421e-07  1.86478421e-07  1.85514677e-07  1.86048764e-07 
 1.50845960e-06 -1.73398416e-07 -1.73398416e-07 -1.73398353e-07 -1.73398416e-07 -1.74377700e-07 -1.74377700e-07 -1.73398421e-07 -1.73942852e-07 
 1.51045960e-06  1.79912146e-07  1.79912146e-07  1.79912085e-07  1.79912146e-07  1.80906944e-07  1.80906944e-07  1.79912150e-07  1.80466991e-07 
 1.51245960e-06 -1.67787788e-07 -1.67787788e-07 -1.67787729e-07 -1.67787787e-07 -1.68798087e-07 -1.68798087e-07 -1.67787792e-07 -1.68353112e-07 
 1.51445960e-06  1.74295181e-07  1.74295181e-07  1.74295125e-07  1.74295181e-07  1.75320954e-07  1.75320954e-07  1.74295186e-07  1.74871043e-07 
 1.51645960e-06 -1.62166235e-07 -1.62166234e-07 -1.62166181e-07 -1.62166235e-07 -1.63207463e-07 -1.63207463e-07 -1.62166240e-07 -1.62752699e-07 
 1.51845960e-06  1.68670718e-07  1.68670718e-07  1.68670668e-07  1.68670718e-07  1.69727368e-07  1.69727369e-07  1.68670723e-07  1.69267838e-07 
 1.52045960e-06 -1.56540529e-07 -1.56540529e-07 -1.56540481e-07 -1.56540529e-07 -1.57612576e-07 -1.57612576e-07 -1.56540535e-07 -1.57148362e-07 
 1.52245960e-06  1.63045363e-07  1.63045363e-07  1.63045318e-07  1.63045363e-07  1.64132768e-07  1.64132768e-07  1.63045369e-07  1.63663957e-07 
 1.52445960e-06 -1.50917111e-07 -1.50917111e-07 -1.50917069e-07 -1.50917111e-07 -1.52019842e-07 -1.52019842e-07 -1.50917117e-07 -1.51546518e-07 
 1.52645960e-06  1.57425392e-07  1.57425392e-07  1.57425353e-07  1.57425392e-07  1.58543405e-07  1.58543405e-07  1.57425398e-07  1.58065654e-07 
 1.52845960e-06 -1.45302094e-07 -1.45302094e-07 -1.45302058e-07 -1.45302094e-07 -1.46435352e-07 -1.46435352e-07 -1.45302100e-07 -1.45953257e-07 
 1.53045960e-06  1.51816758e-07  1.51816758e-07  1.51816725e-07  1.51816758e-07  1.52965211e-07  1.52965211e-07  1.51816765e-07  1.52478858e-07 
 1.53245960e-06 -1.39701273e-07 -1.39701273e-07 -1.39701244e-07 -1.39701273e-07 -1.40864877e-07 -1.40864877e-07 -1.39701280e-07 -1.40374350e-07 
 1.53445960e-06  1.46225101e-07  1.46225101e-07  1.46225074e-07  1.46225101e-07  1.47403800e-07  1.47403800e-07  1.46225107e-07  1.46909184e-07 
 1.53645960e-06 -1.34120133e-07 -1.34120133e-07 -1.34120110e-07 -1.34120133e-07 -1.35313879e-07 -1.35313879e-07 -1.34120140e-07 -1.34815257e-07 
 1.53845960e-06  1.40655751e-07  1.40655751e-07  1.40655731e-07  1.40655751e-07  1.41864482e-07  1.41864482e-07  1.40655758e-07  1.41361939e-07 
 1.54045960e-06 -1.28563854e-07 -1.28563854e-07 -1.28563839e-07 -1.28563854e-07 -1.29787515e-07 -1.29787515e-07 -1.28563862e-07 -1.29281135e-07 
 1.54245960e-06  1.35113741e-07  1.35113741e-07  1.35113729e-07  1.35113741e-07  1.36352265e-07  1.36352265e-07  1.35113748e-07  1.35842132e-07 
 1.54445960e-06 -1.23037322e-07 -1.23037322e-07 -1.23037314e-07 -1.23037322e-07 -1.24290649e-07 -1.24290649e-07 -1.23037330e-07 -1.23776845e-07 
 1.54645960e-06  1.29603811e-07  1.29603811e-07  1.29603807e-07  1.29603811e-07  1.30871869e-07  1.30871869e-07  1.29603819e-07  1.30354479e-07 
 1.54845960e-06 -1.17545135e-07 -1.17545135e-07 -1.17545134e-07 -1.17545135e-07 -1.18827856e-07 -1.18827856e-07 -1.17545143e-07 -1.18306962e-07 
 1.55045960e-06  1.24130421e-07  1.24130421e-07  1.24130424e-07  1.24130421e-07  1.25427730e-07  1.25427730e-07  1.24130430e-07  1.24903415e-07 
 1.55245960e-06 -1.12091614e-07 -1.12091613e-07 -1.12091620e-07 -1.12091613e-07 -1.13403436e-07 -1.13403436e-07 -1.12091622e-07 -1.12875783e-07 
 1.55445960e-06  1.18697755e-07  1.18697755e-07  1.18697766e-07  1.18697755e-07  1.20024010e-07  1.20024010e-07  1.18697764e-07  1.19493101e-07 
 1.55645960e-06 -1.06680808e-07 -1.06680808e-07 -1.06680823e-07 -1.06680808e-07 -1.08021417e-07 -1.08021418e-07 -1.06680817e-07 -1.07487334e-07 
 1.55845960e-06  1.13309732e-07  1.13309732e-07  1.13309751e-07  1.13309732e-07  1.14664609e-07  1.14664609e-07  1.13309741e-07  1.14127432e-07 
 1.56045960e-06 -1.01316510e-07 -1.01316509e-07 -1.01316533e-07 -1.01316510e-07 -1.02685570e-07 -1.02685570e-07 -1.01316519e-07 -1.02145381e-07 
 1.56245960e-06  1.08000005e-07  1.08000005e-07  1.08000033e-07  1.08000005e-07  1.09383605e-07  1.09383605e-07  1.08000015e-07  1.08840311e-07 
 1.56445960e-06 -9.59977455e-08 -9.59977453e-08 -9.59977775e-08 -9.59977455e-08 -9.73949264e-08 -9.73949264e-08 -9.59977553e-08 -9.68489497e-08 
 1.56645960e-06  1.02677819e-07  1.02677818e-07  1.02677855e-07  1.02677819e-07  1.04088904e-07  1.04088904e-07  1.02677829e-07  1.03540157e-07 
 1.56845960e-06 -9.07374296e-08 -9.07374294e-08 -9.07374704e-08 -9.07374296e-08 -9.21623245e-08 -9.21623245e-08 -9.07374398e-08 -9.16108865e-08 
 1.57045960e-06  9.74452846e-08  9.74452845e-08  9.74453300e-08  9.74452846e-08  9.88838886e-08  9.88838886e-08  9.74452951e-08  9.83298387e-08 
 1.57245960e-06 -8.55334438e-08 -8.55334436e-08 -8.55334936e-08 -8.55334438e-08 -8.69856572e-08 -8.69856572e-08 -8.55334545e-08 -8.64290745e-08 
 1.57445960e-06  9.22705297e-08  9.22705296e-08  9.22705842e-08  9.22705298e-08  9.37362473e-08  9.37362473e-08  9.22705406e-08  9.31772096e-08 
 1.57645960e-06 -8.03886306e-08 -8.03886305e-08 -8.03886899e-08 -8.03886307e-08 -8.18677477e-08 -8.18677477e-08 -8.03886418e-08 -8.13063335e-08 
 1.57845960e-06  8.71562864e-08  8.71562863e-08  8.71563504e-08  8.71562866e-08  8.86486933e-08  8.86486933e-08  8.71562979e-08  8.80849793e-08 
 1.58045960e-06 -7.53056148e-08 -7.53056147e-08 -7.53056835e-08 -7.53056149e-08 -7.68112019e-08 -7.68112019e-08 -7.53056264e-08 -7.62452657e-08 
 1.58245960e-06  8.21050738e-08  8.21050737e-08  8.21051474e-08  8.21050739e-08  8.36237272e-08  8.36237272e-08  8.21050857e-08  8.30556445e-08 
 1.58445960e-06 -7.02868116e-08 -7.02868115e-08 -7.02868901e-08 -7.02868118e-08 -7.18184170e-08 -7.18184171e-08 -7.02868237e-08 -7.12482646e-08 
 1.58645960e-06  7.71192057e-08  7.71192056e-08  7.71192891e-08  7.71192058e-08  7.86636449e-08  7.86636449e-08  7.71192180e-08  7.80914975e-08 
 1.58845960e-06 -6.53344357e-08 -6.53344356e-08 -6.53345241e-08 -6.53344358e-08 -6.68915900e-08 -6.68915900e-08 -6.53344482e-08 -6.63175234e-08 
 1.59045960e-06  7.22007995e-08  7.22007993e-08  7.22008928e-08  7.22007995e-08  7.37705465e-08  7.37705465e-08  7.22008122e-08  7.31946344e-08 
 1.59245960e-06 -6.04505091e-08 -6.04505090e-08 -6.04506075e-08 -6.04505092e-08 -6.20327257e-08 -6.20327257e-08 -6.04505221e-08 -6.14550430e-08 
 1.59445960e-06  6.73517841e-08  6.73517841e-08  6.73518877e-08  6.73517842e-08  6.89463441e-08  6.89463442e-08  6.73517974e-08  6.83669634e-08 
 1.59645960e-06 -5.56368697e-08 -5.56368696e-08 -5.56369784e-08 -5.56368698e-08 -5.72436456e-08 -5.72436457e-08 -5.56368832e-08 -5.66626409e-08 
 1.59845960e-06  6.25739085e-08  6.25739084e-08  6.25740224e-08  6.25739085e-08  6.41927704e-08  6.41927705e-08  6.25739222e-08  6.36102131e-08 
 1.60045960e-06 -5.08951792e-08 -5.08951792e-08 -5.08952984e-08 -5.08951793e-08 -5.25259956e-08 -5.25259956e-08 -5.08951932e-08 -5.19419587e-08 
 1.60245960e-06  5.78687491e-08  5.78687490e-08  5.78688735e-08  5.78687492e-08  5.95113863e-08  5.95113864e-08  5.78687633e-08  5.89259402e-08 
 1.60445960e-06 -4.62269309e-08 -4.62269308e-08 -4.62270607e-08 -4.62269310e-08 -4.78812535e-08 -4.78812536e-08 -4.62269454e-08 -4.72944701e-08 
 1.60645960e-06  5.32377178e-08  5.32377177e-08  5.32378529e-08  5.32377179e-08  5.49035888e-08  5.49035888e-08  5.32377325e-08  5.43155374e-08 
 1.60845960e-06 -4.16334571e-08 -4.16334570e-08 -4.16335977e-08 -4.16334573e-08 -4.33107372e-08 -4.33107372e-08 -4.16334721e-08 -4.27214887e-08 
 1.61045960e-06  4.86820695e-08  4.86820694e-08  4.86822155e-08  4.86820696e-08  5.03706183e-08  5.03706183e-08  4.86820847e-08  4.97802409e-08 
 1.61245960e-06 -3.71159370e-08 -3.71159369e-08 -3.71160884e-08 -3.71159371e-08 -3.88156116e-08 -3.88156116e-08 -3.71159524e-08 -3.82241752e-08 
 1.61445960e-06  4.42029094e-08  4.42029093e-08  4.42030662e-08  4.42029095e-08  4.59135663e-08  4.59135663e-08  4.42029250e-08  4.53211379e-08 
 1.61645960e-06 -3.26687351e-08 -3.26687351e-08 -3.26688975e-08 -3.26687352e-08 -3.43896798e-08 -3.43896798e-08 -3.26687511e-08 -3.37965147e-08 
 1.61845960e-06  3.98049255e-08  3.98049254e-08  3.98050935e-08  3.98049257e-08  4.15370867e-08  4.15370867e-08  3.98049417e-08  4.09428802e-08 
 1.62045960e-06 -2.83162335e-08 -2.83162334e-08 -2.83164070e-08 -2.83162337e-08 -3.00589360e-08 -3.00589361e-08 -2.83162499e-08 -2.94639398e-08 
 1.62245960e-06  3.54810226e-08  3.54810225e-08  3.54812017e-08  3.54810227e-08  3.72341171e-08  3.72341171e-08  3.54810393e-08  3.66383956e-08 
 1.62445960e-06 -2.40317785e-08 -2.40317785e-08 -2.40319633e-08 -2.40317787e-08 -2.57951123e-08 -2.57951124e-08 -2.40317955e-08 -2.51987325e-08 
 1.62645960e-06  3.12361479e-08  3.12361478e-08  3.12363383e-08  3.12361480e-08  3.30095688e-08  3.30095688e-08  3.12361651e-08  3.24125939e-08 
 1.62845960e-06 -1.98266512e-08 -1.98266512e-08 -1.98268474e-08 -1.98266514e-08 -2.16100038e-08 -2.16100037e-08 -1.98266687e-08 -2.10124994e-08 
 1.63045960e-06  2.70758627e-08  2.70758626e-08  2.70760645e-08  2.70758628e-08  2.88695617e-08  2.88695617e-08  2.70758804e-08  2.82714026e-08 
 1.63245960e-06 -1.56977542e-08 -1.56977542e-08 -1.56979618e-08 -1.56977544e-08 -1.75005215e-08 -1.75005215e-08 -1.56977722e-08 -1.69021454e-08 
 1.63445960e-06  2.29822832e-08  2.29822831e-08  2.29824965e-08  2.29822833e-08  2.47945107e-08  2.47945107e-08  2.29823014e-08  2.41957929e-08 
 1.63645960e-06 -1.16531800e-08 -1.16531799e-08 -1.16533990e-08 -1.16531801e-08 -1.34747068e-08 -1.34747068e-08 -1.16531984e-08 -1.28757106e-08 
 1.63845960e-06  1.89779043e-08  1.89779042e-08  1.89781291e-08  1.89779044e-08  2.08085713e-08  2.08085713e-08  1.89779230e-08  2.02093566e-08 
 1.64045960e-06 -7.68908145e-09 -7.68908139e-09 -7.68931207e-09 -7.68908161e-09 -9.52872541e-09 -9.52872544e-09 -7.68910046e-09 -8.92935424e-09 
 1.64245960e-06  1.50541122e-08  1.50541121e-08  1.50543486e-08  1.50541124e-08  1.69025719e-08  1.69025719e-08  1.50541315e-08  1.63031030e-08 
 1.64445960e-06 -3.80612579e-09 -3.80612574e-09 -3.80636802e-09 -3.80612598e-09 -5.66276550e-09 -5.66276554e-09 -3.80614532e-09 -5.06333656e-09 
 1.64645960e-06  1.12119917e-08  1.12119917e-08  1.12122397e-08  1.12119919e-08  1.30766522e-08  1.30766522e-08  1.12120116e-08  1.24773200e-08 
 1.64845960e-06 -7.27925863e-12 -7.27917536e-12 -7.53293196e-12 -7.27939044e-12 -1.87967359e-09 -1.87967360e-09 -7.29927585e-12 -1.28060794e-09 
 1.65045960e-06  7.45458370e-09  7.45458360e-09  7.45484314e-09  7.45458377e-09  9.33454995e-09  9.33454996e-09  7.45460393e-09  8.73580881e-09 
 1.65245960e-06  3.71205643e-09  3.71205650e-09  3.71179119e-09  3.71205638e-09  1.82466434e-09  1.82466428e-09  3.71203594e-09  2.42302912e-09 
 1.65445960e-06  3.77642460e-09  3.77642453e-09  3.77669570e-09  3.77642465e-09  5.67154301e-09  5.67154303e-09  3.77644535e-09  5.07353768e-09 
 1.65645960e-06  7.34740955e-09  7.34740959e-09  7.34713258e-09  7.34740955e-09  5.44474062e-09  5.44474055e-09  7.34738854e-09  6.04232987e-09 
 1.65845960e-06  1.81332080e-10  1.81332053e-10  1.81614919e-10  1.81332109e-10  2.09150240e-09  2.09150243e-09  1.81353328e-10  1.49426876e-09 
 1.66045960e-06  1.09022935e-08  1.09022935e-08  1.09020048e-08  1.09022934e-08  8.98479979e-09  8.98479973e-09  1.09022720e-08  9.58162151e-09 
 1.66245960e-06 -3.33339414e-09 -3.33339415e-09 -3.33309951e-09 -3.33339407e-09 -1.40874245e-09 -1.40874238e-09 -3.33337237e-09 -2.00509897e-09 
 1.66445960e-06  1.43816099e-08  1.43816099e-08  1.43813092e-08  1.43816098e-08  1.24493809e-08  1.24493809e-08  1.43815878e-08  1.30454041e-08 
 1.66645960e-06 -6.76269162e-09 -6.76269166e-09 -6.76238529e-09 -6.76269163e-09 -4.82487330e-09 -4.82487320e-09 -6.76266935e-09 -5.41994776e-09 
 1.66845960e-06  1.77776245e-08  1.77776244e-08  1.77773121e-08  1.77776244e-08  1.58319460e-08  1.58319460e-08  1.77776019e-08  1.64267703e-08 
 1.67045960e-06 -1.01200298e-08 -1.01200298e-08 -1.01197116e-08 -1.01200298e-08 -8.16851332e-09 -8.16851328e-09 -1.01200070e-08 -8.76247149e-09 
 1.67245960e-06  2.10840710e-08  2.10840710e-08  2.10837469e-08  2.10840710e-08  1.91262697e-08  1.91262697e-08  2.10840479e-08  1.97194985e-08 
 1.67445960e-06 -1.33958304e-08 -1.33958304e-08 -1.33955004e-08 -1.33958304e-08 -1.14319132e-08 -1.14319132e-08 -1.33958071e-08 -1.20243626e-08 
 1.67645960e-06  2.43282490e-08  2.43282490e-08  2.43279130e-08  2.43282490e-08  2.23577866e-08  2.23577865e-08  2.43282254e-08  2.29495910e-08 
 1.67845960e-06 -1.65897383e-08 -1.65897383e-08 -1.65893965e-08 -1.65897383e-08 -1.46141444e-08 -1.46141444e-08 -1.65897144e-08 -1.52048818e-08 
 1.68045960e-06  2.74840855e-08  2.74840855e-08  2.74837376e-08  2.74840854e-08  2.55022932e-08  2.55022932e-08  2.74840613e-08  2.60922865e-08 
 1.68245960e-06 -1.96991488e-08 -1.96991488e-08 -1.96987954e-08 -1.96991489e-08 -1.77131955e-08 -1.77131954e-08 -1.96991245e-08 -1.83018402e-08 
 1.68445960e-06  3.05650209e-08  3.05650209e-08  3.05646613e-08  3.05650210e-08  2.85725801e-08  2.85725801e-08  3.05649963e-08  2.91605703e-08 
 1.68645960e-06 -2.27392296e-08 -2.27392296e-08 -2.27388644e-08 -2.27392296e-08 -2.07429873e-08 -2.07429872e-08 -2.27392047e-08 -2.13295352e-08 
 1.68845960e-06  3.35573509e-08  3.35573509e-08  3.35569797e-08  3.35573509e-08  3.15555899e-08  3.15555899e-08  3.35573258e-08  3.21412041e-08 
 1.69045960e-06 -2.57047898e-08 -2.57047899e-08 -2.57044129e-08 -2.57047899e-08 -2.36989449e-08 -2.36989448e-08 -2.57047644e-08 -2.42832111e-08 
 1.69245960e-06  3.64971149e-08  3.64971149e-08  3.64967318e-08  3.64971149e-08  3.44854796e-08  3.44854796e-08  3.64970891e-08  3.50689026e-08 
 1.69445960e-06 -2.85905791e-08 -2.85905791e-08 -2.85901905e-08 -2.85905791e-08 -2.65758628e-08 -2.65758628e-08 -2.85905531e-08 -2.71576634e-08 
 1.69645960e-06  3.93466812e-08  3.93466813e-08  3.93462866e-08  3.93466813e-08  3.73265241e-08  3.73265240e-08  3.93466550e-08  3.79073903e-08 
 1.69845960e-06 -3.14004838e-08 -3.14004838e-08 -3.14000836e-08 -3.14004838e-08 -2.93776050e-08 -2.93776050e-08 -3.14004573e-08 -2.99567625e-08 
 1.70045960e-06  4.21206832e-08  4.21206833e-08  4.21202771e-08  4.21206833e-08  4.00927133e-08  4.00927133e-08  4.21206566e-08  4.06708475e-08 
 1.70245960e-06 -3.41352514e-08 -3.41352515e-08 -3.41348397e-08 -3.41352515e-08 -3.21049187e-08 -3.21049187e-08 -3.41352245e-08 -3.26812600e-08 
 1.70445960e-06  4.48198869e-08  4.48198869e-08  4.48194692e-08  4.48198869e-08  4.27848129e-08  4.27848129e-08  4.48198597e-08  4.33600442e-08 
 1.70645960e-06 -3.67956647e-08 -3.67956647e-08 -3.67952415e-08 -3.67956647e-08 -3.47585858e-08 -3.47585858e-08 -3.67956372e-08 -3.53319427e-08 
 1.70845960e-06  4.74450920e-08  4.74450920e-08  4.74446629e-08  4.74450920e-08  4.54036217e-08  4.54036217e-08  4.74450642e-08  4.59757840e-08 
 1.71045960e-06 -3.93825389e-08 -3.93825390e-08 -3.93821044e-08 -3.93825389e-08 -3.73394207e-08 -3.73394206e-08 -3.93825109e-08 -3.79096291e-08 
 1.71245960e-06  4.99971297e-08  4.99971297e-08  4.99966892e-08  4.99971296e-08  4.79499695e-08  4.79499695e-08  4.99971013e-08  4.85189009e-08 
 1.71445960e-06 -4.18967192e-08 -4.18967192e-08 -4.18962734e-08 -4.18967192e-08 -3.98482665e-08 -3.98482664e-08 -4.18966906e-08 -4.04151671e-08 
 1.71645960e-06  5.24768595e-08  5.24768595e-08  5.24764078e-08  5.24768595e-08  5.04247139e-08  5.04247138e-08  5.24768307e-08  5.09902571e-08 
 1.71845960e-06 -4.43390779e-08 -4.43390779e-08 -4.43386209e-08 -4.43390779e-08 -4.22859935e-08 -4.22859935e-08 -4.43390488e-08 -4.28494313e-08 
 1.72045960e-06  5.48851673e-08  5.48851673e-08  5.48847044e-08  5.48851672e-08  5.28287381e-08  5.28287380e-08  5.48851379e-08  5.33907403e-08 
 1.72245960e-06 -4.67105121e-08 -4.67105121e-08 -4.67100440e-08 -4.67105121e-08 -4.46534963e-08 -4.46534962e-08 -4.67104825e-08 -4.52133207e-08 
 1.72445960e-06  5.72229620e-08  5.72229620e-08  5.72224880e-08  5.72229619e-08  5.51629484e-08  5.51629484e-08  5.72229320e-08  5.57212611e-08 
 1.72645960e-06 -4.90119412e-08 -4.90119412e-08 -4.90114621e-08 -4.90119412e-08 -4.69516910e-08 -4.69516910e-08 -4.90119111e-08 -4.75077559e-08 
 1.72845960e-06  5.94911740e-08  5.94911740e-08  5.94906891e-08  5.94911740e-08  5.74282721e-08  5.74282720e-08  5.94911437e-08  5.79827511e-08 
 1.73045960e-06 -5.12443049e-08 -5.12443049e-08 -5.12438149e-08 -5.12443049e-08 -4.91815140e-08 -4.91815140e-08 -5.12442742e-08 -4.97336773e-08 
 1.73245960e-06  6.16907530e-08  6.16907529e-08  6.16902572e-08  6.16907529e-08  5.96256547e-08  5.96256548e-08  6.16907220e-08  6.01761601e-08 
 1.73445960e-06 -5.34085607e-08 -5.34085606e-08 -5.34080598e-08 -5.34085606e-08 -5.13439188e-08 -5.13439188e-08 -5.34085295e-08 -5.18920427e-08 
 1.73645960e-06  6.38226652e-08  6.38226652e-08  6.38221587e-08  6.38226652e-08  6.17560587e-08  6.17560587e-08  6.38226338e-08  6.23024547e-08 
 1.73845960e-06 -5.55056820e-08 -5.55056819e-08 -5.55051705e-08 -5.55056819e-08 -5.34398745e-08 -5.34398745e-08 -5.55056503e-08 -5.39838255e-08 
 1.74000000e-06  6.61965457e-08  6.61965456e-08  6.61960270e-08  6.61965456e-08  6.41288593e-08  6.41288593e-08  6.61965137e-08  6.46704215e-08 
 1.74020000e-06  2.27644854e-09  2.27644855e-09  2.27646102e-09  2.27644846e-09  2.27430084e-09  2.27430081e-09  2.27644907e-09  2.28031303e-09 
 1.74060000e-06  6.86324512e-09  6.86324509e-09  6.86323307e-09  6.86324530e-09  6.86731643e-09  6.86731642e-09  6.86324469e-09  6.86094787e-09 
 1.74140000e-06  2.54095727e-09  2.54095736e-09  2.54096907e-09  2.54095712e-09  2.53593317e-09  2.53593321e-09  2.54095771e-09  2.54246535e-09 
 1.74246255e-06  6.71009626e-09  6.71009616e-09  6.71008457e-09  6.71009637e-09  6.71560751e-09  6.71560753e-09  6.71009579e-09  6.70918455e-09 
 1.74341398e-06  2.67976062e-09  2.67976075e-09  2.67977210e-09  2.67976052e-09  2.67568406e-09  2.67568400e-09  2.67976110e-09  2.68000469e-09 
 1.74437311e-06  6.56064619e-09  6.56064604e-09  6.56063483e-09  6.56064623e-09  6.55682916e-09  6.55682921e-09  6.56064568e-09  6.56106510e-09 
 1.74500000e-06  2.89015464e-09  2.89015475e-09  2.89016570e-09  2.89015465e-09  2.93630165e-09  2.93630164e-09  2.89015521e-09  2.88872322e-09 
 1.74509695e-06  4.38346033e-09  4.38346038e-09  4.38346027e-09  4.38346017e-09  4.07619130e-09  4.07619120e-09  4.38346017e-09  4.38499424e-09 
 1.74529086e-06  4.77699641e-09  4.77699629e-09  4.77699940e-09  4.77699651e-09  5.46474214e-09  5.46474231e-09  4.77699651e-09  4.77590968e-09 
 1.74567866e-06  4.82917204e-09  4.82917220e-09  4.82916549e-09  4.82917200e-09  4.00323976e-09  4.00323962e-09  4.82917200e-09  4.82982952e-09 
 1.74626506e-06  4.18418147e-09  4.18418136e-09  4.18419175e-09  4.18418152e-09  5.05274221e-09  5.05274231e-09  4.18418150e-09  4.18389604e-09 
 1.74736912e-06  5.33203716e-09  5.33203728e-09  5.33202434e-09  5.33203714e-09  4.45893428e-09  4.45893420e-09  5.33203712e-09  5.33209750e-09 
 1.74936912e-06  3.86253923e-09  3.86253909e-09  3.86255360e-09  3.86253921e-09  4.73262533e-09  4.73262543e-09  3.86253920e-09  3.86261077e-09 
 1.75136912e-06  5.58424089e-09  5.58424098e-09  5.58422480e-09  5.58424089e-09  4.72108362e-09  4.72108358e-09  5.58424090e-09  5.58403241e-09 
 1.75336912e-06  3.59375650e-09  3.59375640e-09  3.59377438e-09  3.59375646e-09  4.44611117e-09  4.44611124e-09  3.59375645e-09  3.59410658e-09 
 1.75536912e-06  5.86948769e-09  5.86948775e-09  5.86946777e-09  5.86948772e-09  5.03175493e-09  5.03175487e-09  5.86948771e-09  5.86899137e-09 
 1.75736912e-06  3.29220953e-09  3.29220950e-09  3.29223158e-09  3.29220956e-09  4.11157048e-09  4.11157054e-09  3.29220952e-09  3.29285616e-09 
 1.75936912e-06  6.18712424e-09  6.18712425e-09  6.18709991e-09  6.18712425e-09  5.38980325e-09  5.38980319e-09  6.18712425e-09  6.18632361e-09 
 1.76136912e-06  2.95873731e-09  2.95873731e-09  2.95876404e-09  2.95873728e-09  3.73044364e-09  3.73044376e-09  2.95873728e-09  2.95969520e-09 
 1.76336912e-06  6.53613727e-09  6.53613731e-09  6.53610801e-09  6.53613732e-09  5.79351737e-09  5.79351731e-09  6.53613732e-09  6.53501926e-09 
 1.76536912e-06  2.59451607e-09  2.59451602e-09  2.59454809e-09  2.59451602e-09  3.30468897e-09  3.30468905e-09  2.59451605e-09  2.59579666e-09 
 1.76736912e-06  6.91519843e-09  6.91519841e-09  6.91516354e-09  6.91519845e-09  6.24071512e-09  6.24071503e-09  6.91519844e-09  6.91375320e-09 
 1.76936912e-06  2.20101582e-09  2.20101586e-09  2.20105376e-09  2.20101580e-09  2.83669077e-09  2.83669081e-09  2.20101580e-09  2.20262713e-09 
 1.77136912e-06  7.32270661e-09  7.32270660e-09  7.32266550e-09  7.32270671e-09  6.72883048e-09  6.72883048e-09  7.32270665e-09  7.32092816e-09 
 1.77336912e-06  1.77995795e-09  1.77995796e-09  1.78000241e-09  1.77995788e-09  2.32917674e-09  2.32917677e-09  1.77995787e-09  1.78190413e-09 
 1.77536912e-06  7.75683042e-09  7.75683040e-09  7.75678248e-09  7.75683051e-09  7.25499286e-09  7.25499280e-09  7.75683052e-09  7.75471648e-09 
 1.77736912e-06  1.33327425e-09  1.33327427e-09  1.33332577e-09  1.33327414e-09  1.78514306e-09  1.78514310e-09  1.33327415e-09  1.33555548e-09 
 1.77936912e-06  8.21554736e-09  8.21554729e-09  8.21549209e-09  8.21554746e-09  7.81609718e-09  7.81609717e-09  8.21554750e-09  8.21309979e-09 
 1.78136912e-06  8.63068429e-10  8.63068468e-10  8.63127657e-10  8.63068356e-10  1.20778774e-09  1.20778775e-09  8.63068324e-10  8.65680786e-10 
 1.78336912e-06  8.69668140e-09  8.69668137e-09  8.69661819e-09  8.69668150e-09  8.40886736e-09  8.40886729e-09  8.69668151e-09  8.69390625e-09 
 1.78536912e-06  3.71580161e-10  3.71580147e-10  3.71647501e-10  3.71580049e-10  6.00451172e-10  6.00451158e-10  3.71580043e-10  3.74515581e-10 
 1.78736912e-06  9.19793781e-09  9.19793776e-09  9.19786623e-09  9.19793787e-09  9.02991156e-09  9.02991157e-09  9.19793791e-09  9.19484523e-09 
 1.78936912e-06 -1.38890094e-10 -1.38890075e-10 -1.38814174e-10 -1.38890210e-10 -3.34449256e-11 -3.34449393e-11 -1.38890217e-10 -1.35642909e-10 
 1.79136912e-06  9.71701768e-09  9.71701767e-09  9.71693735e-09  9.71701781e-09  9.67578963e-09  9.67578962e-09  9.71701782e-09  9.71362009e-09 
 1.79336912e-06 -6.66094310e-10 -6.66094295e-10 -6.66009490e-10 -6.66094437e-10 -6.90631699e-10 -6.90631658e-10 -6.66094456e-10 -6.62550814e-10 
 1.79536912e-06  1.02517303e-08  1.02517303e-08  1.02516409e-08  1.02517304e-08  1.03434122e-08  1.03434122e-08  1.02517304e-08  1.02480461e-08 
 1.79736912e-06 -1.20770147e-09 -1.20770147e-09 -1.20760742e-09 -1.20770160e-09 -1.36782710e-09 -1.36782709e-09 -1.20770158e-09 -1.20388215e-09 
 1.79936912e-06  1.07996117e-08  1.07996118e-08  1.07995130e-08  1.07996119e-08  1.10293151e-08  1.10293151e-08  1.07996119e-08  1.07956635e-08 
 1.80136912e-06 -1.76124121e-09 -1.76124123e-09 -1.76113786e-09 -1.76124130e-09 -2.06158418e-09 -2.06158413e-09 -1.76124136e-09 -1.75717068e-09 
 1.80336912e-06  1.13581911e-08  1.13581911e-08  1.13580830e-08  1.13581912e-08  1.17300754e-08  1.17300754e-08  1.13581912e-08  1.13540054e-08 
 1.80536912e-06 -2.32424750e-09 -2.32424754e-09 -2.32413474e-09 -2.32424762e-09 -2.76851130e-09 -2.76851128e-09 -2.32424762e-09 -2.31995431e-09 
 1.80736912e-06  1.19250121e-08  1.19250122e-08  1.19248946e-08  1.19250122e-08  1.24423390e-08  1.24423390e-08  1.19250122e-08  1.19206195e-08 
 1.80936912e-06 -2.89427870e-09 -2.89427877e-09 -2.89415660e-09 -2.89427879e-09 -3.48529708e-09 -3.48529704e-09 -2.89427881e-09 -2.88979515e-09 
 1.81136912e-06  1.24976522e-08  1.24976523e-08  1.24975255e-08  1.24976523e-08  1.31628423e-08  1.31628423e-08  1.24976524e-08  1.24930868e-08 
 1.81336912e-06 -3.46893551e-09 -3.46893557e-09 -3.46880427e-09 -3.46893559e-09 -4.20873062e-09 -4.20873059e-09 -3.46893561e-09 -3.46429773e-09 
 1.81536912e-06  1.30737396e-08  1.30737396e-08  1.30736038e-08  1.30737396e-08  1.38884313e-08  1.38884312e-08  1.30737396e-08  1.30690392e-08 
 1.81736912e-06 -4.04587697e-09 -4.04587699e-09 -4.04573688e-09 -4.04587702e-09 -4.93571819e-09 -4.93571817e-09 -4.04587703e-09 -4.04112448e-09 
 1.81936912e-06  1.36509672e-08  1.36509672e-08  1.36508228e-08  1.36509672e-08  1.46160759e-08  1.46160759e-08  1.36509673e-08  1.36461733e-08 
 1.82136912e-06 -4.62283359e-09 -4.62283359e-09 -4.62268507e-09 -4.62283362e-09 -5.66329681e-09 -5.66329675e-09 -4.62283358e-09 -4.61800939e-09 
 1.82336912e-06  1.42271060e-08  1.42271060e-08  1.42269535e-08  1.42271060e-08  1.53428827e-08  1.53428827e-08  1.42271060e-08  1.42222631e-08 
 1.82536912e-06 -5.19761906e-09 -5.19761907e-09 -5.19746270e-09 -5.19761902e-09 -6.38864468e-09 -6.38864466e-09 -5.19761904e-09 -5.19276920e-09 
 1.82736912e-06  1.48000150e-08  1.48000150e-08  1.47998550e-08  1.48000149e-08  1.60661038e-08  1.60661038e-08  1.48000149e-08  1.47951704e-08 
 1.82936912e-06 -5.76813978e-09 -5.76813978e-09 -5.76797629e-09 -5.76813970e-09 -7.10908953e-09 -7.10908951e-09 -5.76813972e-09 -5.76331315e-09 
 1.83136912e-06  1.53676497e-08  1.53676497e-08  1.53674830e-08  1.53676496e-08  1.67831437e-08  1.67831436e-08  1.53676496e-08  1.53628540e-08 
 1.83336912e-06 -6.33240255e-09 -6.33240255e-09 -6.33223284e-09 -6.33240244e-09 -7.82211381e-09 -7.82211377e-09 -6.33240244e-09 -6.32765086e-09 
 1.83536912e-06  1.59280698e-08  1.59280698e-08  1.59278974e-08  1.59280697e-08  1.74915638e-08  1.74915638e-08  1.59280698e-08  1.59233758e-08 
 1.83736912e-06 -6.88852092e-09 -6.88852096e-09 -6.88834604e-09 -6.88852084e-09 -8.52535900e-09 -8.52535902e-09 -6.88852085e-09 -6.88389839e-09 
 1.83936912e-06  1.64794440e-08  1.64794440e-08  1.64792670e-08  1.64794440e-08  1.81890862e-08  1.81890862e-08  1.64794440e-08  1.64749071e-08 
 1.84136912e-06 -7.43472005e-09 -7.43472006e-09 -7.43454117e-09 -7.43471997e-09 -9.21662776e-09 -9.21662774e-09 -7.43472000e-09 -7.43028307e-09 
 1.84336912e-06  1.70200546e-08  1.70200546e-08  1.70198742e-08  1.70200546e-08  1.88735943e-08  1.88735943e-08  1.70200545e-08  1.70157322e-08 
 1.84536912e-06 -7.96933982e-09 -7.96933991e-09 -7.96915828e-09 -7.96933977e-09 -9.89388437e-09 -9.89388433e-09 -7.96933978e-09 -7.96514696e-09 
 1.84736912e-06  1.75482998e-08  1.75482998e-08  1.75481175e-08  1.75482998e-08  1.95431330e-08  1.95431330e-08  1.75482998e-08  1.75442515e-08 
 1.84936912e-06 -8.49083748e-09 -8.49083749e-09 -8.49065463e-09 -8.49083749e-09 -1.05552541e-08 -1.05552541e-08 -8.49083748e-09 -8.48694897e-09 
 1.85136912e-06  1.80626959e-08  1.80626959e-08  1.80625129e-08  1.80626959e-08  2.01959076e-08  2.01959075e-08  1.80626958e-08  1.80589826e-08 
 1.85336912e-06 -8.99778832e-09 -8.99778837e-09 -8.99760566e-09 -8.99778834e-09 -1.11990217e-08 -1.11990217e-08 -8.99778832e-09 -8.99426614e-09 
 1.85536912e-06  1.85618773e-08  1.85618774e-08  1.85616954e-08  1.85618773e-08  2.08302813e-08  2.08302813e-08  1.85618773e-08  1.85585619e-08 
 1.85736912e-06 -9.48888618e-09 -9.48888626e-09 -9.48870540e-09 -9.48888621e-09 -1.18236282e-08 -1.18236282e-08 -9.48888618e-09 -9.48579367e-09 
 1.85936912e-06  1.90503785e-08  1.90503786e-08  1.90501992e-08  1.90503785e-08  2.14512517e-08  2.14512517e-08  1.90503785e-08  1.90475239e-08 
 1.86136912e-06 -9.96246996e-09 -9.96247004e-09 -9.96229282e-09 -9.96247003e-09 -1.24270701e-08 -1.24270702e-08 -9.96247001e-09 -9.95987142e-09 
 1.86336912e-06  1.95152149e-08  1.95152149e-08  1.95150401e-08  1.95152149e-08  2.20441623e-08  2.20441623e-08  1.95152149e-08  1.95128871e-08 
 1.86536912e-06 -1.04149776e-08 -1.04149777e-08 -1.04148060e-08 -1.04149777e-08 -1.30049840e-08 -1.30049840e-08 -1.04149776e-08 -1.04129396e-08 
 1.86736912e-06  1.99619980e-08  1.99619980e-08  1.99618297e-08  1.99619980e-08  2.26153643e-08  2.26153643e-08  1.99619979e-08  1.99602635e-08 
 1.86936912e-06 -1.08518227e-08 -1.08518228e-08 -1.08516585e-08 -1.08518227e-08 -1.35642172e-08 -1.35642172e-08 -1.08518227e-08 -1.08504109e-08 
 1.87136912e-06  2.03892465e-08  2.03892465e-08  2.03890867e-08  2.03892465e-08  2.31630934e-08  2.31630934e-08  2.03892464e-08  2.03881721e-08 
 1.87336912e-06 -1.12687381e-08 -1.12687381e-08 -1.12685834e-08 -1.12687381e-08 -1.40995245e-08 -1.40995245e-08 -1.12687381e-08 -1.12680194e-08 
 1.87536912e-06  2.07961718e-08  2.07961718e-08  2.07960226e-08  2.07961718e-08  2.36864463e-08  2.36864463e-08  2.07961717e-08  2.07958246e-08 
 1.87736912e-06 -1.16649892e-08 -1.16649892e-08 -1.16648461e-08 -1.16649892e-08 -1.46100689e-08 -1.46100689e-08 -1.16649892e-08 -1.16650310e-08 
 1.87936912e-06  2.11820918e-08  2.11820918e-08  2.11819552e-08  2.11820918e-08  2.41846500e-08  2.41846500e-08  2.11820917e-08  2.11825394e-08 
 1.88136912e-06 -1.20399463e-08 -1.20399464e-08 -1.20398171e-08 -1.20399464e-08 -1.50951410e-08 -1.50951410e-08 -1.20399463e-08 -1.20408164e-08 
 1.88336912e-06  2.15464272e-08  2.15464272e-08  2.15463056e-08  2.15464272e-08  2.46570560e-08  2.46570560e-08  2.15464271e-08  2.15477376e-08 
 1.88536912e-06 -1.23930807e-08 -1.23930807e-08 -1.23929675e-08 -1.23930807e-08 -1.55541526e-08 -1.55541526e-08 -1.23930806e-08 -1.23948469e-08 
 1.88736912e-06  2.18886980e-08  2.18886980e-08  2.18885937e-08  2.18886980e-08  2.51031343e-08  2.51031343e-08  2.18886979e-08  2.18909391e-08 
 1.88936912e-06 -1.27239605e-08 -1.27239605e-08 -1.27238658e-08 -1.27239606e-08 -1.59866309e-08 -1.59866309e-08 -1.27239605e-08 -1.27266907e-08 
 1.89136912e-06  2.22085191e-08  2.22085192e-08  2.22084344e-08  2.22085191e-08  2.55224672e-08  2.55224671e-08  2.22085191e-08  2.22117586e-08 
 1.89336912e-06 -1.30322467e-08 -1.30322467e-08 -1.30321726e-08 -1.30322466e-08 -1.63922123e-08 -1.63922123e-08 -1.30322465e-08 -1.30360083e-08 
 1.89536912e-06  2.25055958e-08  2.25055958e-08  2.25055330e-08  2.25055958e-08  2.59147432e-08  2.59147432e-08  2.25055957e-08  2.25099012e-08 
 1.89736912e-06 -1.33176881e-08 -1.33176881e-08 -1.33176372e-08 -1.33176881e-08 -1.67706364e-08 -1.67706364e-08 -1.33176880e-08 -1.33225486e-08 
 1.89936912e-06  2.27797195e-08  2.27797195e-08  2.27796811e-08  2.27797194e-08  2.62797511e-08  2.62797511e-08  2.27797193e-08  2.27851579e-08 
 1.90136912e-06 -1.35801177e-08 -1.35801177e-08 -1.35800924e-08 -1.35801176e-08 -1.71217398e-08 -1.71217397e-08 -1.35801175e-08 -1.35861439e-08 
 1.90336912e-06  2.30307629e-08  2.30307628e-08  2.30307512e-08  2.30307628e-08  2.66173735e-08  2.66173735e-08  2.30307626e-08  2.30374009e-08 
 1.90536912e-06 -1.38194471e-08 -1.38194471e-08 -1.38194499e-08 -1.38194470e-08 -1.74454498e-08 -1.74454499e-08 -1.38194468e-08 -1.38267053e-08 
 1.90736912e-06  2.32586754e-08  2.32586754e-08  2.32586931e-08  2.32586753e-08  2.69275812e-08  2.69275812e-08  2.32586751e-08  2.32665791e-08 
 1.90936912e-06 -1.40356626e-08 -1.40356626e-08 -1.40356959e-08 -1.40356625e-08 -1.77417791e-08 -1.77417791e-08 -1.40356623e-08 -1.40442183e-08 
 1.91136912e-06  2.34634788e-08  2.34634788e-08  2.34635284e-08  2.34634787e-08  2.72104268e-08  2.72104267e-08  2.34634786e-08  2.34727134e-08 
 1.91336912e-06 -1.42288201e-08 -1.42288201e-08 -1.42288864e-08 -1.42288200e-08 -1.80108189e-08 -1.80108189e-08 -1.42288198e-08 -1.42387380e-08 
 1.91536912e-06  2.36452624e-08  2.36452623e-08  2.36453461e-08  2.36452622e-08  2.74660391e-08  2.74660391e-08  2.36452620e-08  2.36558919e-08 
 1.91736912e-06 -1.43990407e-08 -1.43990407e-08 -1.43991424e-08 -1.43990406e-08 -1.82527341e-08 -1.82527341e-08 -1.43990404e-08 -1.44103844e-08 
 1.91936912e-06  2.38041779e-08  2.38041778e-08  2.38042983e-08  2.38041778e-08  2.76946176e-08  2.76946176e-08  2.38041776e-08  2.38162656e-08 
 1.92136912e-06 -1.45465060e-08 -1.45465060e-08 -1.45466456e-08 -1.45465059e-08 -1.84677569e-08 -1.84677569e-08 -1.45465056e-08 -1.45593381e-08 
 1.92336912e-06  2.39404358e-08  2.39404358e-08  2.39405954e-08  2.39404357e-08  2.78964266e-08  2.78964266e-08  2.39404355e-08  2.39540438e-08 
 1.92536912e-06 -1.46714536e-08 -1.46714536e-08 -1.46716336e-08 -1.46714535e-08 -1.86561821e-08 -1.86561821e-08 -1.46714533e-08 -1.46858356e-08 
 1.92736912e-06  2.40543003e-08  2.40543003e-08  2.40545014e-08  2.40543001e-08  2.80717903e-08  2.80717903e-08  2.40542999e-08  2.40694894e-08 
 1.92936912e-06 -1.47741729e-08 -1.47741729e-08 -1.47743955e-08 -1.47741728e-08 -1.88183615e-08 -1.88183615e-08 -1.47741726e-08 -1.47901649e-08 
 1.93136912e-06  2.41460851e-08  2.41460851e-08  2.41463300e-08  2.41460850e-08  2.82210872e-08  2.82210872e-08  2.41460848e-08  2.41629148e-08 
 1.93336912e-06 -1.48550006e-08 -1.48550007e-08 -1.48552682e-08 -1.48550005e-08 -1.89546987e-08 -1.89546987e-08 -1.48550003e-08 -1.48726614e-08 
 1.93536912e-06  2.42161493e-08  2.42161493e-08  2.42164405e-08  2.42161492e-08  2.83447454e-08  2.83447453e-08  2.42161489e-08  2.42346777e-08 
 1.93736912e-06 -1.49143167e-08 -1.49143167e-08 -1.49146316e-08 -1.49143165e-08 -1.90656445e-08 -1.90656445e-08 -1.49143163e-08 -1.49337035e-08 
 1.93936912e-06  2.42648933e-08  2.42648933e-08  2.42652330e-08  2.42648931e-08  2.84432378e-08  2.84432378e-08  2.42648929e-08  2.42851768e-08 
 1.94136912e-06 -1.49525404e-08 -1.49525404e-08 -1.49529049e-08 -1.49525402e-08 -1.91516922e-08 -1.91516922e-08 -1.49525399e-08 -1.49737089e-08 
 1.94336912e-06  2.42927547e-08  2.42927547e-08  2.42931451e-08  2.42927545e-08  2.85170776e-08  2.85170776e-08  2.42927543e-08  2.43148483e-08 
 1.94536912e-06 -1.49701263e-08 -1.49701262e-08 -1.49705426e-08 -1.49701261e-08 -1.92133732e-08 -1.92133732e-08 -1.49701258e-08 -1.49931305e-08 
 1.94736912e-06  2.43002048e-08  2.43002048e-08  2.43006481e-08  2.43002046e-08  2.85668139e-08  2.85668139e-08  2.43002043e-08  2.43241617e-08 
 1.94936912e-06 -1.49721848e-08 -1.49721847e-08 -1.49726552e-08 -1.49721846e-08 -1.92571975e-08 -1.92571975e-08 -1.49721843e-08 -1.49970843e-08 
 1.95136912e-06  2.42800083e-08  2.42800082e-08  2.42805065e-08  2.42800081e-08  2.85839048e-08  2.85839048e-08  2.42800078e-08  2.43058712e-08 
 1.95336912e-06 -1.49499397e-08 -1.49499396e-08 -1.49504662e-08 -1.49499395e-08 -1.92718441e-08 -1.92718441e-08 -1.49499392e-08 -1.49767787e-08 
 1.95536912e-06  2.42481462e-08  2.42481462e-08  2.42487015e-08  2.42481460e-08  2.85871802e-08  2.85871803e-08  2.42481457e-08  2.42759734e-08 
 1.95736912e-06 -1.49085948e-08 -1.49085948e-08 -1.49091794e-08 -1.49085947e-08 -1.92639026e-08 -1.92639026e-08 -1.49085943e-08 -1.49374224e-08 
 1.95936912e-06  2.41974662e-08  2.41974662e-08  2.41980806e-08  2.41974661e-08  2.85681865e-08  2.85681865e-08  2.41974657e-08  2.42273047e-08 
 1.96136912e-06 -1.48487274e-08 -1.48487275e-08 -1.48493721e-08 -1.48487274e-08 -1.92340161e-08 -1.92340161e-08 -1.48487270e-08 -1.48795868e-08 
 1.96336912e-06  2.41285709e-08  2.41285710e-08  2.41292462e-08  2.41285709e-08  2.85275767e-08  2.85275766e-08  2.41285705e-08  2.41604604e-08 
 1.96536912e-06 -1.47709624e-08 -1.47709625e-08 -1.47716688e-08 -1.47709623e-08 -1.91828467e-08 -1.91828467e-08 -1.47709620e-08 -1.48038917e-08 
 1.96736912e-06  2.40421010e-08  2.40421011e-08  2.40428389e-08  2.40421010e-08  2.84660222e-08  2.84660222e-08  2.40421006e-08  2.40760789e-08 
 1.96936912e-06 -1.46759471e-08 -1.46759473e-08 -1.46767169e-08 -1.46759472e-08 -1.91110774e-08 -1.91110774e-08 -1.46759468e-08 -1.47109830e-08 
 1.97136912e-06  2.39387065e-08  2.39387065e-08  2.39395084e-08  2.39387064e-08  2.83842244e-08  2.83842244e-08  2.39387060e-08  2.39748088e-08 
 1.97336912e-06 -1.45643338e-08 -1.45643339e-08 -1.45651684e-08 -1.45643338e-08 -1.90194387e-08 -1.90194387e-08 -1.45643334e-08 -1.46015117e-08 
 1.97536912e-06  2.38190408e-08  2.38190409e-08  2.38199084e-08  2.38190408e-08  2.82829389e-08  2.82829389e-08  2.38190403e-08  2.38573024e-08 
 1.97736912e-06 -1.44367732e-08 -1.44367732e-08 -1.44376742e-08 -1.44367732e-08 -1.89086939e-08 -1.89086939e-08 -1.44367727e-08 -1.44761281e-08 
 1.97936912e-06  2.36837440e-08  2.36837441e-08  2.36846789e-08  2.36837440e-08  2.81629283e-08  2.81629283e-08  2.36837435e-08  2.37242020e-08 
 1.98136912e-06 -1.42938914e-08 -1.42938915e-08 -1.42948605e-08 -1.42938915e-08 -1.87796042e-08 -1.87796042e-08 -1.42938910e-08 -1.43354627e-08 
 1.98336912e-06  2.35334313e-08  2.35334314e-08  2.35344350e-08  2.35334313e-08  2.80249521e-08  2.80249522e-08  2.35334309e-08  2.35761250e-08 
 1.98500000e-06 -1.41175598e-08 -1.41175598e-08 -1.41186065e-08 -1.41175598e-08 -1.86152443e-08 -1.86152444e-08 -1.41175593e-08 -1.41616429e-08 
 1.98520000e-06  4.44048315e-09  4.44048313e-09  4.44057443e-09  4.44048315e-09  4.45144983e-09  4.45144984e-09  4.44048311e-09  4.44342284e-09 
 1.98560000e-06  4.91509520e-09  4.91509520e-09  4.91499988e-09  4.91509515e-09  4.91194457e-09  4.91194461e-09  4.91509522e-09  4.91205092e-09 
 1.98640000e-06  4.38385668e-09  4.38385666e-09  4.38395357e-09  4.38385669e-09  4.38333103e-09  4.38333100e-09  4.38385660e-09  4.38694300e-09 
 1.98715030e-06  4.95002670e-09  4.95002664e-09  4.94992833e-09  4.95002661e-09  4.95431050e-09  4.95431052e-09  4.95002671e-09  4.94690270e-09 
 1.98769748e-06  4.34491092e-09  4.34491098e-09  4.34501090e-09  4.34491110e-09  4.33573365e-09  4.33573363e-09  4.34491096e-09  4.34807475e-09 
 1.98811443e-06  4.99621653e-09  4.99621637e-09  4.99611529e-09  4.99621634e-09  5.01138576e-09  5.01138578e-09  4.99621646e-09  4.99301832e-09 
 1.98850989e-06  4.28577326e-09  4.28577355e-09  4.28587508e-09  4.28577349e-09  4.26478970e-09  4.26478964e-09  4.28577338e-09  4.28899027e-09 
 1.98885200e-06  5.13650224e-09  5.13650194e-09  5.13640081e-09  5.13650200e-09  5.16351550e-09  5.16351559e-09  5.13650207e-09  5.13328415e-09 
 1.98908032e-06  3.53399090e-09  3.53399111e-09  3.53409015e-09  3.53399115e-09  3.50067976e-09  3.50067978e-09  3.53399116e-09  3.53710693e-09 
 1.98931880e-06  8.00355943e-09  8.00355918e-09  8.00346403e-09  8.00355916e-09  8.03618556e-09  8.03618545e-09  8.00355923e-09  8.00082864e-09 
 1.98948797e-06 -9.43712379e-09 -9.43712363e-09 -9.43703556e-09 -9.43712353e-09 -9.44598044e-09 -9.44598038e-09 -9.43712362e-09 -9.43593048e-09 
 1.98966817e-06  4.34094853e-08  4.34094852e-08  4.34094054e-08  4.34094853e-08  4.33626419e-08  4.33626419e-08  4.34094853e-08  4.34111240e-08 
 1.98986546e-06 -7.45819319e-08 -7.45819319e-08 -7.45818594e-08 -7.45819319e-08 -7.44541007e-08 -7.44541008e-08 -7.45819319e-08 -7.45871941e-08 
 1.99000000e-06  1.79363261e-07  1.79363261e-07  1.79363195e-07  1.79363260e-07  1.79081031e-07  1.79081031e-07  1.79363260e-07  1.79374148e-07 
 1.99002198e-06 -2.40214971e-07 -2.40214971e-07 -2.40214942e-07 -2.40214970e-07 -2.40036842e-07 -2.40036842e-07 -2.40214970e-07 -2.40241751e-07 
 1.99006594e-06  2.93457319e-07  2.93457320e-07  2.93457224e-07  2.93457320e-07  2.93638949e-07  2.93638949e-07  2.93457320e-07  2.93602861e-07 
 1.99015386e-06 -2.49585957e-07 -2.49585958e-07 -2.49585842e-07 -2.49585958e-07 -2.50076035e-07 -2.50076035e-07 -2.49585959e-07 -2.49866244e-07 
 1.99032970e-06  2.32150178e-07  2.32150178e-07  2.32150063e-07  2.32150178e-07  2.32811556e-07  2.32811556e-07  2.32150181e-07  2.32521485e-07 
 1.99068137e-06 -2.08025890e-07 -2.08025890e-07 -2.08025780e-07 -2.08025891e-07 -2.08775550e-07 -2.08775550e-07 -2.08025894e-07 -2.08448361e-07 
 1.99138473e-06  2.09710840e-07  2.09710840e-07  2.09710733e-07  2.09710840e-07  2.10504955e-07  2.10504955e-07  2.09710845e-07  2.10160120e-07 
 1.99257292e-06 -1.95815372e-07 -1.95815372e-07 -1.95815267e-07 -1.95815372e-07 -1.96635896e-07 -1.96635896e-07 -1.95815377e-07 -1.96280898e-07 
 1.99446153e-06  2.02234005e-07  2.02234005e-07  2.02233902e-07  2.02234005e-07  2.03071155e-07  2.03071155e-07  2.02234010e-07  2.02709877e-07 
 1.99646153e-06 -1.90167674e-07 -1.90167674e-07 -1.90167572e-07 -1.90167674e-07 -1.91020541e-07 -1.91020541e-07 -1.90167679e-07 -1.90653411e-07 
 1.99846153e-06  1.96725426e-07  1.96725426e-07  1.96725326e-07  1.96725426e-07  1.97594010e-07  1.97594010e-07  1.96725431e-07  1.97221110e-07 
 2.00046153e-06 -1.84639273e-07 -1.84639273e-07 -1.84639174e-07 -1.84639273e-07 -1.85523583e-07 -1.85523583e-07 -1.84639278e-07 -1.85144988e-07 
 2.00246153e-06  1.91179238e-07  1.91179238e-07  1.91179141e-07  1.91179238e-07  1.92079268e-07  1.92079268e-07  1.91179243e-07  1.91695061e-07 
 2.00446153e-06 -1.79077299e-07 -1.79077299e-07 -1.79077204e-07 -1.79077299e-07 -1.79993053e-07 -1.79993053e-07 -1.79077305e-07 -1.79603310e-07 
 2.00646153e-06  1.85603423e-07  1.85603423e-07  1.85603329e-07  1.85603423e-07  1.86534888e-07  1.86534888e-07  1.85603428e-07  1.86139692e-07 
 2.00846153e-06 -1.73489560e-07 -1.73489560e-07 -1.73489468e-07 -1.73489560e-07 -1.74436733e-07 -1.74436733e-07 -1.73489566e-07 -1.74036162e-07 
 2.01046153e-06  1.80005614e-07  1.80005614e-07  1.80005525e-07  1.80005614e-07  1.80968478e-07  1.80968478e-07  1.80005620e-07  1.80562614e-07 
 2.01246153e-06 -1.67883515e-07 -1.67883515e-07 -1.67883428e-07 -1.67883515e-07 -1.68862060e-07 -1.68862060e-07 -1.67883521e-07 -1.68450983e-07 
 2.01446153e-06  1.74393100e-07  1.74393100e-07  1.74393015e-07  1.74393100e-07  1.75387302e-07  1.75387303e-07  1.74393106e-07  1.74971094e-07 
 2.01646153e-06 -1.62266282e-07 -1.62266282e-07 -1.62266199e-07 -1.62266282e-07 -1.63276126e-07 -1.63276126e-07 -1.62266288e-07 -1.62854866e-07 
 2.01846153e-06  1.68772828e-07  1.68772828e-07  1.68772748e-07  1.68772828e-07  1.69798284e-07  1.69798284e-07  1.68772835e-07  1.69372056e-07 
 2.02046153e-06 -1.56644640e-07 -1.56644640e-07 -1.56644562e-07 -1.56644640e-07 -1.57685686e-07 -1.57685686e-07 -1.56644647e-07 -1.57254570e-07 
 2.02246153e-06  1.63151412e-07  1.63151412e-07  1.63151337e-07  1.63151412e-07  1.64208012e-07  1.64208012e-07  1.63151419e-07  1.63772090e-07 
 2.02446153e-06 -1.51025037e-07 -1.51025037e-07 -1.51024965e-07 -1.51025037e-07 -1.52097163e-07 -1.52097163e-07 -1.51025044e-07 -1.51656516e-07 
 2.02646153e-06  1.57535135e-07  1.57535135e-07  1.57535065e-07  1.57535135e-07  1.58622746e-07  1.58622746e-07  1.57535142e-07  1.58177457e-07 
 2.02846153e-06 -1.45413594e-07 -1.45413594e-07 -1.45413527e-07 -1.45413595e-07 -1.46516656e-07 -1.46516656e-07 -1.45413602e-07 -1.46066805e-07 
 2.03046153e-06  1.51929958e-07  1.51929958e-07  1.51929894e-07  1.51929958e-07  1.53048423e-07  1.53048423e-07  1.51929966e-07  1.52594092e-07 
 2.03246153e-06 -1.39816115e-07 -1.39816115e-07 -1.39816054e-07 -1.39816115e-07 -1.40949943e-07 -1.40949943e-07 -1.39816123e-07 -1.40491214e-07 
 2.03446153e-06  1.46341528e-07  1.46341528e-07  1.46341470e-07  1.46341528e-07  1.47490666e-07  1.47490666e-07  1.46341536e-07  1.47027621e-07 
 2.03646153e-06 -1.34238091e-07 -1.34238091e-07 -1.34238036e-07 -1.34238091e-07 -1.35402493e-07 -1.35402493e-07 -1.34238100e-07 -1.34935212e-07 
 2.03846153e-06  1.40775184e-07  1.40775184e-07  1.40775133e-07  1.40775185e-07  1.41954791e-07  1.41954791e-07  1.40775193e-07  1.41483357e-07 
 2.04046153e-06 -1.28684711e-07 -1.28684711e-07 -1.28684662e-07 -1.28684711e-07 -1.29879470e-07 -1.29879470e-07 -1.28684720e-07 -1.29403963e-07 
 2.04246153e-06  1.35235967e-07  1.35235967e-07  1.35235922e-07  1.35235967e-07  1.36445815e-07  1.36445815e-07  1.35235976e-07  1.35966317e-07 
 2.04446153e-06 -1.23160867e-07 -1.23160867e-07 -1.23160825e-07 -1.23160867e-07 -1.24385745e-07 -1.24385745e-07 -1.23160877e-07 -1.23902337e-07 
 2.04646153e-06  1.29728624e-07  1.29728624e-07  1.29728586e-07  1.29728625e-07  1.30968463e-07  1.30968463e-07  1.29728634e-07  1.30481226e-07 
 2.04846153e-06 -1.17671166e-07 -1.17671166e-07 -1.17671131e-07 -1.17671167e-07 -1.18925901e-07 -1.18925901e-07 -1.17671176e-07 -1.18434915e-07 
 2.05046153e-06  1.24257622e-07  1.24257622e-07  1.24257591e-07  1.24257623e-07  1.25527179e-07  1.25527179e-07  1.24257633e-07  1.25032524e-07 
 2.05246153e-06 -1.12219937e-07 -1.12219937e-07 -1.12219909e-07 -1.12219937e-07 -1.13504244e-07 -1.13504244e-07 -1.12219947e-07 -1.13006001e-07 
 2.05446153e-06  1.18827153e-07  1.18827153e-07  1.18827129e-07  1.18827154e-07  1.20126132e-07  1.20126133e-07  1.18827164e-07  1.19624382e-07 
 2.05646153e-06 -1.06811236e-07 -1.06811236e-07 -1.06811216e-07 -1.06811236e-07 -1.08124810e-07 -1.08124810e-07 -1.06811247e-07 -1.07619631e-07 
 2.05846153e-06  1.13441144e-07  1.13441144e-07  1.13441128e-07  1.13441144e-07  1.14769229e-07  1.14769229e-07  1.13441155e-07  1.14260700e-07 
 2.06046153e-06 -1.01448862e-07 -1.01448861e-07 -1.01448849e-07 -1.01448862e-07 -1.02791375e-07 -1.02791375e-07 -1.01448873e-07 -1.02279577e-07 
 2.06246153e-06  1.08133298e-07  1.08133298e-07  1.08133290e-07  1.08133298e-07  1.09490591e-07  1.09490591e-07  1.08133310e-07  1.08975437e-07 
 2.06446153e-06 -9.61318508e-08 -9.61318507e-08 -9.61318465e-08 -9.61318509e-08 -9.75029823e-08 -9.75029824e-08 -9.61318623e-08 -9.69848739e-08 
 2.06646153e-06  1.02812737e-07  1.02812737e-07  1.02812737e-07  1.02812737e-07  1.04198024e-07  1.04198024e-07  1.02812749e-07  1.03676881e-07 
 2.06846153e-06 -9.08731205e-08 -9.08731204e-08 -9.08731245e-08 -9.08731205e-08 -9.22724697e-08 -9.22724699e-08 -9.08731324e-08 -9.17483712e-08 
 2.07046153e-06  9.75817084e-08  9.75817083e-08  9.75817167e-08  9.75817084e-08  9.89950212e-08  9.89950213e-08  9.75817206e-08  9.84680438e-08 
 2.07246153e-06 -8.56705615e-08 -8.56705614e-08 -8.56705740e-08 -8.56705615e-08 -8.70977399e-08 -8.70977400e-08 -8.56705739e-08 -8.65679610e-08 
 2.07446153e-06  9.24083035e-08  9.24083034e-08  9.24083205e-08  9.24083036e-08  9.38492439e-08  9.38492440e-08  9.24083162e-08  9.33167398e-08 
 2.07646153e-06 -8.05270231e-08 -8.05270230e-08 -8.05270445e-08 -8.05270232e-08 -8.19816224e-08 -8.19816226e-08 -8.05270361e-08 -8.14464700e-08 
 2.07846153e-06  8.72952615e-08  8.72952614e-08  8.72952874e-08  8.72952616e-08  8.87634114e-08  8.87634116e-08  8.72952747e-08  8.82256862e-08 
 2.08046153e-06 -7.54451366e-08 -7.54451365e-08 -7.54451671e-08 -7.54451367e-08 -7.69267294e-08 -7.69267295e-08 -7.54451501e-08 -7.63865071e-08 
 2.08246153e-06  8.22451079e-08  8.22451078e-08  8.22451429e-08  8.22451080e-08  8.37400307e-08  8.37400308e-08  8.22451216e-08  8.31973861e-08 
 2.08446153e-06 -7.04273238e-08 -7.04273237e-08 -7.04273635e-08 -7.04273238e-08 -7.19354639e-08 -7.19354640e-08 -7.04273377e-08 -7.13904723e-08 
 2.08646153e-06  7.72601629e-08  7.72601629e-08  7.72602072e-08  7.72601630e-08  7.87814034e-08  7.87814035e-08  7.72601771e-08  7.82341383e-08 
 2.08846153e-06 -6.54758053e-08 -6.54758052e-08 -6.54758544e-08 -6.54758054e-08 -6.70100288e-08 -6.70100289e-08 -6.54758198e-08 -6.64605648e-08 
 2.09046153e-06  7.23425501e-08  7.23425501e-08  7.23426041e-08  7.23425502e-08  7.38896353e-08  7.38896355e-08  7.23425649e-08  7.33380451e-08 
 2.09246153e-06 -6.05926096e-08 -6.05926096e-08 -6.05926685e-08 -6.05926097e-08 -6.21524348e-08 -6.21524349e-08 -6.05926246e-08 -6.15987919e-08 
 2.09446153e-06  6.74942046e-08  6.74942046e-08  6.74942683e-08  6.74942048e-08  6.90666445e-08  6.90666446e-08  6.74942199e-08  6.85110207e-08 
 2.09646153e-06 -5.57795805e-08 -5.57795804e-08 -5.57796491e-08 -5.57795806e-08 -5.73645089e-08 -5.73645090e-08 -5.57795959e-08 -5.68069769e-08 
 2.09846153e-06  6.27168810e-08  6.27168810e-08  6.27169547e-08  6.27168812e-08  6.43141690e-08  6.43141691e-08  6.27168968e-08  6.37547995e-08 
 2.10046153e-06 -5.10383852e-08 -5.10383852e-08 -5.10384639e-08 -5.10383854e-08 -5.26479023e-08 -5.26479024e-08 -5.10384013e-08 -5.20867672e-08 
 2.10246153e-06  5.80121614e-08  5.80121615e-08  5.80122453e-08  5.80121617e-08  5.96337749e-08  5.96337749e-08  5.80121778e-08  5.90709440e-08 
 2.10446153e-06 -4.63705227e-08 -4.63705227e-08 -4.63706118e-08 -4.63705229e-08 -4.80040980e-08 -4.80040981e-08 -4.63705394e-08 -4.74396423e-08 
 2.10646153e-06  5.33814634e-08  5.33814634e-08  5.33815577e-08  5.33814637e-08  5.50268643e-08  5.50268644e-08  5.33814804e-08  5.44608524e-08 
 2.10846153e-06 -4.17773309e-08 -4.17773309e-08 -4.17774303e-08 -4.17773312e-08 -4.34344191e-08 -4.34344192e-08 -4.17773481e-08 -4.28669210e-08 
 2.11046153e-06  4.88260472e-08  4.88260471e-08  4.88261518e-08  4.88260474e-08  5.04946829e-08  5.04946830e-08  4.88260646e-08  4.99257663e-08 
 2.11246153e-06 -3.72599941e-08 -3.72599940e-08 -3.72601040e-08 -3.72599943e-08 -3.89400354e-08 -3.89400355e-08 -3.72600118e-08 -3.83697694e-08 
 2.11446153e-06  4.43470228e-08  4.43470228e-08  4.43471380e-08  4.43470230e-08  4.60383268e-08  4.60383269e-08  4.43470407e-08  4.54667778e-08 
 2.11646153e-06 -3.28128350e-08 -3.28128350e-08 -3.28129555e-08 -3.28128352e-08 -3.45147135e-08 -3.45147136e-08 -3.28128532e-08 -3.39421302e-08 
 2.11846153e-06  3.99490832e-08  3.99490832e-08  3.99492091e-08  3.99490834e-08  4.16624538e-08  4.16624539e-08  3.99491017e-08  4.10885437e-08 
 2.12046153e-06 -2.84603806e-08 -2.84603806e-08 -2.84605119e-08 -2.84603808e-08 -3.01845750e-08 -3.01845751e-08 -2.84603994e-08 -2.96095825e-08 
 2.12246153e-06  3.56251385e-08  3.56251384e-08  3.56252753e-08  3.56251387e-08  3.73600077e-08  3.73600078e-08  3.56251575e-08  3.67839972e-08 
 2.12446153e-06 -2.41758424e-08 -2.41758424e-08 -2.41759847e-08 -2.41758426e-08 -2.59212344e-08 -2.59212345e-08 -2.41758617e-08 -2.53442720e-08 
 2.12646153e-06  3.13801403e-08  3.13801403e-08  3.13802881e-08  3.13801405e-08  3.31359033e-08  3.31359033e-08  3.13801599e-08  3.25580522e-08 
 2.12846153e-06 -1.99705525e-08 -1.99705524e-08 -1.99707058e-08 -1.99705527e-08 -2.17365314e-08 -2.17365314e-08 -1.99705723e-08 -2.11578568e-08 
 2.13046153e-06  2.72197008e-08  2.72197008e-08  2.72198598e-08  2.72197010e-08  2.89963060e-08  2.89963061e-08  2.72197209e-08  2.84166879e-08 
 2.13246153e-06 -1.58414178e-08 -1.58414177e-08 -1.58415822e-08 -1.58414179e-08 -1.76273816e-08 -1.76273817e-08 -1.58414382e-08 -1.70472461e-08 
 2.13446153e-06  2.31258012e-08  2.31258012e-08  2.31259713e-08  2.31258014e-08  2.49215107e-08  2.49215107e-08  2.31258219e-08  2.43407388e-08 
 2.13646153e-06 -1.17965348e-08 -1.17965348e-08 -1.17967105e-08 -1.17965350e-08 -1.36018294e-08 -1.36018294e-08 -1.17965557e-08 -1.30204841e-08 
 2.13846153e-06  1.91210797e-08  1.91210797e-08  1.91212611e-08  1.91210799e-08  2.09358004e-08  2.09358004e-08  1.91211010e-08  2.03539417e-08 
 2.14046153e-06 -7.83206088e-09 -7.83206084e-09 -7.83224794e-09 -7.83206103e-09 -9.65604463e-09 -9.65604470e-09 -7.83208237e-09 -9.07373436e-09 
 2.14246153e-06  1.51968803e-08  1.51968802e-08  1.51970731e-08  1.51968805e-08  1.70299661e-08  1.70299661e-08  1.51969021e-08  1.64472630e-08 
 2.14446153e-06 -3.94862073e-09 -3.94862069e-09 -3.94881918e-09 -3.94862089e-09 -5.79021932e-09 -5.79021935e-09 -3.94864275e-09 -5.20721815e-09 
 2.14646153e-06  1.13541995e-08  1.13541994e-08  1.13544036e-08  1.13541997e-08  1.32041512e-08  1.32041513e-08  1.13542218e-08  1.26209094e-08 
 2.14846153e-06 -1.49185796e-10 -1.49185763e-10 -1.49395631e-10 -1.49186015e-10 -2.00716170e-09 -2.00716173e-09 -1.49208447e-10 -1.42388728e-09 
 2.15046153e-06  7.59617501e-09  7.59617497e-09  7.59639053e-09  7.59617521e-09  9.46201329e-09  9.46201334e-09  7.59619792e-09  8.87876415e-09 
 2.15246153e-06  3.57079260e-09  3.57079257e-09  3.57057134e-09  3.57079238e-09  1.69723785e-09  1.69723781e-09  3.57076943e-09  2.28040984e-09 
 2.15446153e-06  3.91739402e-09  3.91739399e-09  3.91762103e-09  3.91739425e-09  5.79891959e-09  5.79891958e-09  3.91741747e-09  5.21584892e-09 
 2.15646153e-06  7.20674748e-09  7.20674748e-09  7.20651468e-09  7.20674728e-09  5.31742650e-09  5.31742642e-09  7.20672375e-09  5.90033946e-09 
 2.15846153e-06  3.21674834e-10  3.21674805e-10  3.21913438e-10  3.21675002e-10  2.21878397e-09  2.21878406e-09  3.21698831e-10  1.63593206e-09 
 2.16046153e-06  1.07622821e-08  1.07622822e-08  1.07620377e-08  1.07622819e-08  8.85756290e-09  8.85756282e-09  1.07622579e-08  9.44029723e-09 
 2.16246153e-06 -3.19372538e-09 -3.19372541e-09 -3.19347511e-09 -3.19372518e-09 -1.28156151e-09 -1.28156146e-09 -3.19370085e-09 -1.86412481e-09 
 2.16446153e-06  1.42422495e-08  1.42422495e-08  1.42419934e-08  1.42422493e-08  1.23222257e-08  1.23222257e-08  1.42422247e-08  1.29047453e-08 
 2.16646153e-06 -6.62378672e-09 -6.62378671e-09 -6.62352486e-09 -6.62378657e-09 -4.69787997e-09 -4.69787996e-09 -6.62376169e-09 -5.27975259e-09 
 2.16846153e-06  1.76390034e-08  1.76390034e-08  1.76387356e-08  1.76390033e-08  1.57049576e-08  1.57049575e-08  1.76389781e-08  1.62868655e-08 
 2.17046153e-06 -9.98183876e-09 -9.98183877e-09 -9.98156522e-09 -9.98183870e-09 -8.04166576e-09 -8.04166567e-09 -9.98181318e-09 -8.62300415e-09 
 2.17246153e-06  2.09462742e-08  2.09462742e-08  2.09459948e-08  2.09462741e-08  1.89995308e-08  1.89995307e-08  2.09462484e-08  1.95804323e-08 
 2.17446153e-06 -1.32584370e-08 -1.32584370e-08 -1.32581517e-08 -1.32584368e-08 -1.13052921e-08 -1.13052920e-08 -1.32584108e-08 -1.18857067e-08 
 2.17646153e-06  2.41912232e-08  2.41912231e-08  2.41909320e-08  2.41912231e-08  2.22312513e-08  2.22312512e-08  2.41911967e-08  2.28113091e-08 
 2.17846153e-06 -1.64531781e-08 -1.64531782e-08 -1.64528812e-08 -1.64531780e-08 -1.44877871e-08 -1.44877870e-08 -1.64531514e-08 -1.50670725e-08 
 2.18046153e-06  2.73479099e-08  2.73479099e-08  2.73476070e-08  2.73479098e-08  2.53760391e-08  2.53760391e-08  2.73478830e-08  2.59548679e-08 
 2.18246153e-06 -1.95634991e-08 -1.95634991e-08 -1.95631905e-08 -1.95634990e-08 -1.75871773e-08 -1.75871772e-08 -1.95634719e-08 -1.81649544e-08 
 2.18446153e-06  3.04297272e-08  3.04297272e-08  3.04294126e-08  3.04297271e-08  2.84466397e-08  2.84466397e-08  3.04296997e-08  2.90240461e-08 
 2.18646153e-06 -2.26044759e-08 -2.26044760e-08 -2.26041556e-08 -2.26044759e-08 -2.06172982e-08 -2.06172981e-08 -2.26044482e-08 -2.11935579e-08 
 2.18846153e-06  3.34230120e-08  3.34230120e-08  3.34226858e-08  3.34230119e-08  3.14300351e-08  3.14300350e-08  3.34229839e-08  3.20056471e-08 
 2.19046153e-06 -2.55709599e-08 -2.55709600e-08 -2.55706280e-08 -2.55709599e-08 -2.35736141e-08 -2.35736140e-08 -2.55709317e-08 -2.41481695e-08 
 2.19246153e-06  3.63636696e-08  3.63636696e-08  3.63633316e-08  3.63636696e-08  3.43602564e-08  3.43602563e-08  3.63636410e-08  3.49342507e-08 
 2.19446153e-06 -2.84576988e-08 -2.84576989e-08 -2.84573553e-08 -2.84576988e-08 -2.64509185e-08 -2.64509184e-08 -2.84576700e-08 -2.70235830e-08 
 2.19646153e-06  3.92141982e-08  3.92141983e-08  3.92138487e-08  3.92141983e-08  3.72017006e-08  3.72017005e-08  3.92141692e-08  3.77737120e-08 
 2.19846153e-06 -3.12685767e-08 -3.12685767e-08 -3.12682215e-08 -3.12685767e-08 -2.92530728e-08 -2.92530727e-08 -3.12685473e-08 -2.98236663e-08 
 2.20046153e-06  4.19891850e-08  4.19891851e-08  4.19888239e-08  4.19891851e-08  3.99683142e-08  3.99683141e-08  4.19891554e-08  4.05381649e-08 
 2.20246153e-06 -3.40043388e-08 -3.40043389e-08 -3.40039722e-08 -3.40043389e-08 -3.19808221e-08 -3.19808220e-08 -3.40043090e-08 -3.25491691e-08 
 2.20446153e-06  4.46893938e-08  4.46893939e-08  4.46890211e-08  4.46893939e-08  4.26608609e-08  4.26608608e-08  4.46893637e-08  4.32283772e-08 
 2.20646153e-06 -3.66657661e-08 -3.66657662e-08 -3.66653879e-08 -3.66657662e-08 -3.46349468e-08 -3.46349467e-08 -3.66657357e-08 -3.52008759e-08 
 2.20846153e-06  4.73156225e-08  4.73156226e-08  4.73152384e-08  4.73156227e-08  4.52801378e-08  4.52801377e-08  4.73155919e-08  4.58451507e-08 
 2.21046153e-06 -3.92536718e-08 -3.92536719e-08 -3.92532821e-08 -3.92536719e-08 -3.72162592e-08 -3.72162590e-08 -3.92536409e-08 -3.77796037e-08 
 2.21246153e-06  4.98687005e-08  4.98687006e-08  4.98683049e-08  4.98687006e-08  4.78269729e-08  4.78269729e-08  4.98686693e-08  4.83893176e-08 
 2.21446153e-06 -4.17688993e-08 -4.17688995e-08 -4.17684983e-08 -4.17688994e-08 -3.97256010e-08 -3.97256009e-08 -4.17688679e-08 -4.02861985e-08 
 2.21646153e-06  5.23494855e-08  5.23494857e-08  5.23490786e-08  5.23494857e-08  5.03022223e-08  5.03022223e-08  5.23494538e-08  5.08617383e-08 
 2.21846153e-06 -4.42123193e-08 -4.42123194e-08 -4.42119070e-08 -4.42123194e-08 -4.21638410e-08 -4.21638409e-08 -4.42122873e-08 -4.27215331e-08 
 2.22046153e-06  5.47588617e-08  5.47588617e-08  5.47584434e-08  5.47588617e-08  5.27067678e-08  5.27067677e-08  5.47588294e-08  5.32632988e-08 
 2.22246153e-06 -4.65848272e-08 -4.65848273e-08 -4.65844036e-08 -4.65848273e-08 -4.45318721e-08 -4.45318720e-08 -4.65847947e-08 -4.50865050e-08 
 2.22446153e-06  5.70977365e-08  5.70977365e-08  5.70973070e-08  5.70977366e-08  5.50415140e-08  5.50415140e-08  5.70977037e-08  5.55949083e-08 
 2.22646153e-06 -4.88873410e-08 -4.88873410e-08 -4.88869062e-08 -4.88873411e-08 -4.68306092e-08 -4.68306092e-08 -4.88873080e-08 -4.73820331e-08 
 2.22846153e-06  5.93670388e-08  5.93670389e-08  5.93665982e-08  5.93670389e-08  5.73073869e-08  5.73073868e-08  5.93670055e-08  5.78574967e-08 
 2.23046153e-06 -5.11207988e-08 -5.11207988e-08 -5.11203529e-08 -5.11207988e-08 -4.90609873e-08 -4.90609872e-08 -5.11207652e-08 -4.96090566e-08 
 2.23246153e-06  6.15677169e-08  6.15677169e-08  6.15672652e-08  6.15677169e-08  5.95053309e-08  5.95053308e-08  6.15676829e-08  6.00520126e-08 
 2.23446153e-06 -5.32861567e-08 -5.32861567e-08 -5.32856999e-08 -5.32861567e-08 -5.12239586e-08 -5.12239585e-08 -5.32861225e-08 -5.17685319e-08 
 2.23646153e-06  6.37007355e-08  6.37007355e-08  6.37002730e-08  6.37007355e-08  6.16363070e-08  6.16363070e-08  6.37007010e-08  6.21794213e-08 
 2.23846153e-06 -5.53843870e-08 -5.53843869e-08 -5.53839193e-08 -5.53843870e-08 -5.33204910e-08 -5.33204909e-08 -5.53843523e-08 -5.38614311e-08 
 2.24000000e-06  6.60775578e-08  6.60775577e-08  6.60770828e-08  6.60775578e-08  6.40114383e-08  6.40114382e-08  6.60775227e-08  6.45503335e-08 
 2.24020000e-06  2.27502568e-09  2.27502576e-09  2.27503871e-09  2.27502592e-09  2.27353308e-09  2.27353309e-09  2.27502649e-09  2.27888051e-09 
 2.24060000e-06  6.86467801e-09  6.86467804e-09  6.86466536e-09  6.86467789e-09  6.86810299e-09  6.86810293e-09  6.86467734e-09  6.86238973e-09 
 2.24140000e-06  2.53952268e-09  2.53952269e-09  2.53953516e-09  2.53952283e-09  2.53513969e-09  2.53513975e-09  2.53952337e-09  2.54102215e-09 
 2.24246255e-06  6.71153082e-09  6.71153081e-09  6.71151848e-09  6.71153067e-09  6.71640522e-09  6.71640517e-09  6.71153016e-09  6.71062745e-09 
 2.24341431e-06  2.67830090e-09  2.67830087e-09  2.67831303e-09  2.67830102e-09  2.67485477e-09  2.67485481e-09  2.67830155e-09  2.67853725e-09 
 2.24437344e-06  6.56210616e-09  6.56210618e-09  6.56209423e-09  6.56210610e-09  6.55766570e-09  6.55766568e-09  6.56210556e-09  6.56253265e-09 
 2.24500000e-06  2.88876755e-09  2.88876743e-09  2.88877917e-09  2.88876763e-09  2.93555808e-09  2.93555807e-09  2.88876814e-09  2.88732837e-09 
 2.24509698e-06  4.38352511e-09  4.38352538e-09  4.38352511e-09  4.38352500e-09  4.07673314e-09  4.07673313e-09  4.38352493e-09  4.38505806e-09 
 2.24529095e-06  4.77725713e-09  4.77725697e-09  4.77726009e-09  4.77725722e-09  5.46317424e-09  5.46317428e-09  4.77725731e-09  4.77617020e-09 
 2.24567888e-06  4.82844760e-09  4.82844773e-09  4.82844098e-09  4.82844754e-09  4.00527511e-09  4.00527509e-09  4.82844742e-09  4.82910656e-09 
 2.24626588e-06  4.18562322e-09  4.18562314e-09  4.18563365e-09  4.18562330e-09  5.05077761e-09  5.05077759e-09  4.18562341e-09  4.18533490e-09 
 2.24737103e-06  5.33011851e-09  5.33011860e-09  5.33010564e-09  5.33011848e-09  4.46073194e-09  4.46073201e-09  5.33011833e-09  5.33018274e-09 
 2.24937103e-06  3.86462835e-09  3.86462826e-09  3.86464271e-09  3.86462838e-09  4.73083301e-09  4.73083304e-09  3.86462848e-09  3.86469554e-09 
 2.25137103e-06  5.58197607e-09  5.58197617e-09  5.58195992e-09  5.58197607e-09  4.72286466e-09  4.72286463e-09  5.58197591e-09  5.58177238e-09 
 2.25337103e-06  3.59620206e-09  3.59620194e-09  3.59621998e-09  3.59620203e-09  4.44434721e-09  4.44434719e-09  3.59620215e-09  3.59654694e-09 
 2.25537103e-06  5.86685672e-09  5.86685678e-09  5.86683675e-09  5.86685666e-09  5.03349612e-09  5.03349614e-09  5.86685660e-09  5.86636616e-09 
 2.25737103e-06  3.29503039e-09  3.29503033e-09  3.29505247e-09  3.29503040e-09  4.10985766e-09  4.10985773e-09  3.29503052e-09  3.29567061e-09 
 2.25937103e-06  6.18410945e-09  6.18410947e-09  6.18408511e-09  6.18410943e-09  5.39148212e-09  5.39148209e-09  6.18410935e-09  6.18331585e-09 
 2.26137103e-06  2.96194983e-09  2.96194980e-09  2.96197652e-09  2.96194980e-09  3.72880422e-09  3.72880421e-09  2.96194987e-09  2.96289999e-09 
 2.26337103e-06  6.53272356e-09  6.53272361e-09  6.53269431e-09  6.53272363e-09  5.79511225e-09  5.79511228e-09  6.53272356e-09  6.53161389e-09 
 2.26537103e-06  2.59813418e-09  2.59813416e-09  2.59816621e-09  2.59813415e-09  3.30314379e-09  3.30314374e-09  2.59813419e-09  2.59940581e-09 
 2.26737103e-06  6.91137292e-09  6.91137295e-09  6.91133811e-09  6.91137300e-09  6.24220568e-09  6.24220567e-09  6.91137295e-09  6.90993741e-09 
 2.26937103e-06  2.20505126e-09  2.20505121e-09  2.20508906e-09  2.20505112e-09  2.83525953e-09  2.83525950e-09  2.20505116e-09  2.20665211e-09 
 2.27137103e-06  7.31845905e-09  7.31845906e-09  7.31841799e-09  7.31845912e-09  6.73019788e-09  6.73019790e-09  7.31845908e-09  7.31669167e-09 
 2.27337103e-06  1.78441975e-09  1.78441979e-09  1.78446417e-09  1.78441970e-09  2.32787762e-09  2.32787763e-09  1.78441971e-09  1.78635411e-09 
 2.27537103e-06  7.75215263e-09  7.75215261e-09  7.75210475e-09  7.75215270e-09  7.25621961e-09  7.25621959e-09  7.75215266e-09  7.75005129e-09 
 2.27737103e-06  1.33816953e-09  1.33816952e-09  1.33822105e-09  1.33816946e-09  1.78399258e-09  1.78399257e-09  1.33816952e-09  1.34043733e-09 
 2.27937103e-06  8.21043340e-09  8.21043336e-09  8.21037821e-09  8.21043349e-09  7.81716763e-09  7.81716764e-09  8.21043345e-09  8.20800015e-09 
 2.28137103e-06  8.68402047e-10  8.68402067e-10  8.68461133e-10  8.68401940e-10  1.20680074e-09  1.20680076e-09  8.68401977e-10  8.70999214e-10 
 2.28337103e-06  8.69112749e-09  8.69112747e-09  8.69106444e-09  8.69112760e-09  8.40976755e-09  8.40976754e-09  8.69112754e-09  8.68836844e-09 
 2.28537103e-06  3.77354809e-10  3.77354817e-10  3.77421956e-10  3.77354709e-10  5.99640693e-10  5.99640720e-10  3.77354712e-10  3.80273126e-10 
 2.28737103e-06  9.19194225e-09  9.19194226e-09  9.19187090e-09  9.19194236e-09  9.03062945e-09  9.03062945e-09  9.19194231e-09  9.18886774e-09 
 2.28937103e-06 -1.32671783e-10 -1.32671804e-10 -1.32596150e-10 -1.32671895e-10 -3.40677948e-11 -3.40677951e-11 -1.32671846e-10 -1.29443734e-10 
 2.29137103e-06  9.71057696e-09  9.71057699e-09  9.71049691e-09  9.71057704e-09  9.67631515e-09  9.67631511e-09  9.71057703e-09  9.70719945e-09 
 2.29337103e-06 -6.59431566e-10 -6.59431602e-10 -6.59347057e-10 -6.59431682e-10 -6.91057659e-10 -6.91057613e-10 -6.59431703e-10 -6.55909282e-10 
 2.29537103e-06  1.02448463e-08  1.02448464e-08  1.02447573e-08  1.02448465e-08  1.03437367e-08  1.03437367e-08  1.02448464e-08  1.02411844e-08 
 2.29737103e-06 -1.20059711e-09 -1.20059712e-09 -1.20050344e-09 -1.20059718e-09 -1.36804839e-09 -1.36804838e-09 -1.20059722e-09 -1.19680126e-09 
 2.29937103e-06  1.07922882e-08  1.07922882e-08  1.07921899e-08  1.07922883e-08  1.10294315e-08  1.10294315e-08  1.07922883e-08  1.07883646e-08 
 2.30137103e-06 -1.75369980e-09 -1.75369985e-09 -1.75359681e-09 -1.75369991e-09 -2.06159454e-09 -2.06159453e-09 -1.75369989e-09 -1.74965504e-09 
 2.30337103e-06  1.13504334e-08  1.13504334e-08  1.13503257e-08  1.13504334e-08  1.17299785e-08  1.17299785e-08  1.13504334e-08  1.13462746e-08 
 2.30537103e-06 -2.31627511e-09 -2.31627516e-09 -2.31616276e-09 -2.31627519e-09 -2.76830621e-09 -2.76830618e-09 -2.31627518e-09 -2.31201008e-09 
 2.30737103e-06  1.19168270e-08  1.19168270e-08  1.19167100e-08  1.19168271e-08  1.24420250e-08  1.24420250e-08  1.19168271e-08  1.19124638e-08 
 2.30937103e-06 -2.88588290e-09 -2.88588289e-09 -2.88576122e-09 -2.88588293e-09 -3.48487366e-09 -3.48487366e-09 -2.88588294e-09 -2.88143005e-09 
 2.31137103e-06  1.24890480e-08  1.24890481e-08  1.24889217e-08  1.24890481e-08  1.31623091e-08  1.31623091e-08  1.24890481e-08  1.24845146e-08 
 2.31337103e-06 -3.46012524e-09 -3.46012526e-09 -3.45999444e-09 -3.46012529e-09 -4.20808739e-09 -4.20808745e-09 -3.46012524e-09 -3.45552067e-09 
 2.31537103e-06  1.30647258e-08  1.30647258e-08  1.30645906e-08  1.30647258e-08  1.38876781e-08  1.38876781e-08  1.30647258e-08  1.30600601e-08 
 2.31737103e-06 -4.03666233e-09 -4.03666232e-09 -4.03652280e-09 -4.03666237e-09 -4.93485523e-09 -4.93485523e-09 -4.03666234e-09 -4.03194585e-09 
 2.31937103e-06  1.36415546e-08  1.36415546e-08  1.36414109e-08  1.36415546e-08  1.46151035e-08  1.46151035e-08  1.36415546e-08  1.36367981e-08 
 2.32137103e-06 -4.61322590e-09 -4.61322591e-09 -4.61307805e-09 -4.61322592e-09 -5.66221537e-09 -5.66221543e-09 -4.61322589e-09 -4.60844049e-09 
 2.32337103e-06  1.42173064e-08  1.42173064e-08  1.42171546e-08  1.42173064e-08  1.53416930e-08  1.53416930e-08  1.42173064e-08  1.42125037e-08 
 2.32537103e-06 -5.18763063e-09 -5.18763061e-09 -5.18747508e-09 -5.18763065e-09 -6.38734743e-09 -6.38734744e-09 -5.18763065e-09 -5.18282237e-09 
 2.32737103e-06  1.47898411e-08  1.47898411e-08  1.47896820e-08  1.47898411e-08  1.60647000e-08  1.60647000e-08  1.47898411e-08  1.47850396e-08 
 2.32937103e-06 -5.75778381e-09 -5.75778381e-09 -5.75762128e-09 -5.75778384e-09 -7.10758009e-09 -7.10758011e-09 -5.75778379e-09 -5.75300179e-09 
 2.33137103e-06  1.53571153e-08  1.53571153e-08  1.53569496e-08  1.53571153e-08  1.67815299e-08  1.67815299e-08  1.53571153e-08  1.53523656e-08 
 2.33337103e-06 -6.32169319e-09 -6.32169321e-09 -6.32152455e-09 -6.32169320e-09 -7.82039697e-09 -7.82039699e-09 -6.32169318e-09 -6.31698906e-09 
 2.33537103e-06  1.59171894e-08  1.59171894e-08  1.59170180e-08  1.59171893e-08  1.74897454e-08  1.74897454e-08  1.59171893e-08  1.59125443e-08 
 2.33737103e-06 -6.87747301e-09 -6.87747303e-09 -6.87729922e-09 -6.87747299e-09 -8.52344045e-09 -8.52344049e-09 -6.87747296e-09 -6.87290091e-09 
 2.33937103e-06  1.64682326e-08  1.64682326e-08  1.64680567e-08  1.64682325e-08  1.81870693e-08  1.81870693e-08  1.64682325e-08  1.64637475e-08 
 2.34137103e-06 -7.42334889e-09 -7.42334894e-09 -7.42317120e-09 -7.42334888e-09 -9.21451404e-09 -9.21451409e-09 -7.42334885e-09 -7.41896534e-09 
 2.34337103e-06  1.70085278e-08  1.70085279e-08  1.70083486e-08  1.70085278e-08  1.88713857e-08  1.88713857e-08  1.70085278e-08  1.70042604e-08 
 2.34537103e-06 -7.95766145e-09 -7.95766153e-09 -7.95748114e-09 -7.95766140e-09 -9.89158277e-09 -9.89158277e-09 -7.95766137e-09 -7.95352495e-09 
 2.34737103e-06  1.75364739e-08  1.75364740e-08  1.75362927e-08  1.75364739e-08  1.95407405e-08  1.95407404e-08  1.75364739e-08  1.75324834e-08 
 2.34937103e-06 -8.47886814e-09 -8.47886821e-09 -8.47868657e-09 -8.47886810e-09 -1.05527727e-08 -1.05527727e-08 -8.47886808e-09 -8.47503905e-09 
 2.35137103e-06  1.80505873e-08  1.80505874e-08  1.80504057e-08  1.80505873e-08  2.01933394e-08  2.01933393e-08  1.80505873e-08  1.80469350e-08 
 2.35337103e-06 -8.98554477e-09 -8.98554480e-09 -8.98536346e-09 -8.98554473e-09 -1.11963690e-08 -1.11963690e-08 -8.98554471e-09 -8.98208503e-09 
 2.35537103e-06  1.85495031e-08  1.85495031e-08  1.85493225e-08  1.85495031e-08  2.08275463e-08  2.08275464e-08  1.85495030e-08  1.85462517e-08 
 2.35737103e-06 -9.47638539e-09 -9.47638545e-09 -9.47620613e-09 -9.47638541e-09 -1.18208133e-08 -1.18208133e-08 -9.47638538e-09 -9.47335845e-09 
 2.35937103e-06  1.90377517e-08  1.90377518e-08  1.90375740e-08  1.90377517e-08  2.14483585e-08  2.14483585e-08  1.90377516e-08  1.90349642e-08 
 2.36137103e-06 -9.94972946e-09 -9.94972950e-09 -9.94955386e-09 -9.94972942e-09 -1.24241028e-08 -1.24241028e-08 -9.94972935e-09 -9.94719958e-09 
 2.36337103e-06  1.95023570e-08  1.95023570e-08  1.95021839e-08  1.95023569e-08  2.20411214e-08  2.20411214e-08  1.95023569e-08  1.95000994e-08 
 2.36537103e-06 -1.04020187e-08 -1.04020187e-08 -1.04018488e-08 -1.04020187e-08 -1.30018750e-08 -1.30018750e-08 -1.04020186e-08 -1.04000523e-08 
 2.36737103e-06  1.99489260e-08  1.99489260e-08  1.99487595e-08  1.99489259e-08  2.26121858e-08  2.26121858e-08  1.99489259e-08  1.99472648e-08 
 2.36937103e-06 -1.08386586e-08 -1.08386586e-08 -1.08384962e-08 -1.08386585e-08 -1.35609757e-08 -1.35609757e-08 -1.08386585e-08 -1.08373214e-08 
 2.37137103e-06  2.03759780e-08  2.03759780e-08  2.03758200e-08  2.03759779e-08  2.31597875e-08  2.31597875e-08  2.03759778e-08  2.03749798e-08 
 2.37337103e-06 -1.12553862e-08 -1.12553862e-08 -1.12552334e-08 -1.12553862e-08 -1.40961610e-08 -1.40961610e-08 -1.12553861e-08 -1.12547453e-08 
 2.37537103e-06  2.07827242e-08  2.07827242e-08  2.07825769e-08  2.07827240e-08  2.36830236e-08  2.36830236e-08  2.07827240e-08  2.07824563e-08 
 2.37737103e-06 -1.16514670e-08 -1.16514671e-08 -1.16513260e-08 -1.16514669e-08 -1.46065940e-08 -1.46065940e-08 -1.16514669e-08 -1.16515897e-08 
 2.37937103e-06  2.11684823e-08  2.11684823e-08  2.11683479e-08  2.11684822e-08  2.41811212e-08  2.41811212e-08  2.11684822e-08  2.11690124e-08 
 2.38137103e-06 -1.20262712e-08 -1.20262711e-08 -1.20261441e-08 -1.20262710e-08 -1.50915654e-08 -1.50915654e-08 -1.20262710e-08 -1.20272250e-08 
 2.38337103e-06  2.15326732e-08  2.15326732e-08  2.15325539e-08  2.15326731e-08  2.46534318e-08  2.46534319e-08  2.15326731e-08  2.15340690e-08 
 2.38537103e-06 -1.23792697e-08 -1.23792697e-08 -1.23791589e-08 -1.23792696e-08 -1.55504871e-08 -1.55504871e-08 -1.23792695e-08 -1.23811226e-08 
 2.38737103e-06  2.18748167e-08  2.18748168e-08  2.18747149e-08  2.18748166e-08  2.50994256e-08  2.50994255e-08  2.18748165e-08  2.18771460e-08 
 2.38937103e-06 -1.27100307e-08 -1.27100308e-08 -1.27099384e-08 -1.27100305e-08 -1.59828862e-08 -1.59828862e-08 -1.27100305e-08 -1.27128505e-08 
 2.39137103e-06  2.21945274e-08  2.21945275e-08  2.21944452e-08  2.21945273e-08  2.55186846e-08  2.55186847e-08  2.21945272e-08  2.21978579e-08 
 2.39337103e-06 -1.30182148e-08 -1.30182149e-08 -1.30181434e-08 -1.30182147e-08 -1.63883993e-08 -1.63883993e-08 -1.30182146e-08 -1.30220689e-08 
 2.39537103e-06  2.24915103e-08  2.24915104e-08  2.24914503e-08  2.24915102e-08  2.59108975e-08  2.59108975e-08  2.24915101e-08  2.24959096e-08 
 2.39737103e-06 -1.33035707e-08 -1.33035708e-08 -1.33035227e-08 -1.33035706e-08 -1.67667656e-08 -1.67667657e-08 -1.33035705e-08 -1.33085266e-08 
 2.39937103e-06  2.27655566e-08  2.27655565e-08  2.27655211e-08  2.27655564e-08  2.62758530e-08  2.62758530e-08  2.27655563e-08  2.27710917e-08 
 2.40137103e-06 -1.35659310e-08 -1.35659310e-08 -1.35659088e-08 -1.35659308e-08 -1.71178219e-08 -1.71178219e-08 -1.35659307e-08 -1.35720553e-08 
 2.40337103e-06  2.30165385e-08  2.30165386e-08  2.30165301e-08  2.30165384e-08  2.66134334e-08  2.66134334e-08  2.30165383e-08  2.30232762e-08 
 2.40537103e-06 -1.38052071e-08 -1.38052071e-08 -1.38052131e-08 -1.38052070e-08 -1.74414952e-08 -1.74414952e-08 -1.38052068e-08 -1.38125661e-08 
 2.40737103e-06  2.32444056e-08  2.32444056e-08  2.32444266e-08  2.32444055e-08  2.69236095e-08  2.69236095e-08  2.32444054e-08  2.32524115e-08 
 2.40937103e-06 -1.40213848e-08 -1.40213848e-08 -1.40214215e-08 -1.40213847e-08 -1.77377979e-08 -1.77377979e-08 -1.40213846e-08 -1.40300440e-08 
 2.41137103e-06  2.34491789e-08  2.34491789e-08  2.34492319e-08  2.34491787e-08  2.72064335e-08  2.72064335e-08  2.34491786e-08  2.34585182e-08 
 2.41337103e-06 -1.42145198e-08 -1.42145197e-08 -1.42145896e-08 -1.42145196e-08 -1.80068211e-08 -1.80068212e-08 -1.42145195e-08 -1.42245437e-08 
 2.41537103e-06  2.36309473e-08  2.36309473e-08  2.36310347e-08  2.36309471e-08  2.74620342e-08  2.74620342e-08  2.36309470e-08  2.36416841e-08 
 2.41737103e-06 -1.43847327e-08 -1.43847326e-08 -1.43848380e-08 -1.43847325e-08 -1.82487295e-08 -1.82487295e-08 -1.43847323e-08 -1.43961848e-08 
 2.41937103e-06  2.37898624e-08  2.37898623e-08  2.37899866e-08  2.37898622e-08  2.76906107e-08  2.76906107e-08  2.37898620e-08  2.38020598e-08 
 2.42137103e-06 -1.45322046e-08 -1.45322046e-08 -1.45323480e-08 -1.45322044e-08 -1.84637550e-08 -1.84637551e-08 -1.45322042e-08 -1.45451476e-08 
 2.42337103e-06  2.39261340e-08  2.39261339e-08  2.39262975e-08  2.39261339e-08  2.78924271e-08  2.78924271e-08  2.39261337e-08  2.39398542e-08 
 2.42537103e-06 -1.46571728e-08 -1.46571728e-08 -1.46573568e-08 -1.46571727e-08 -1.86521922e-08 -1.86521923e-08 -1.46571725e-08 -1.46716681e-08 
 2.42737103e-06  2.40400259e-08  2.40400259e-08  2.40402311e-08  2.40400258e-08  2.80678072e-08  2.80678073e-08  2.40400256e-08  2.40553296e-08 
 2.42937103e-06 -1.47599263e-08 -1.47599263e-08 -1.47601531e-08 -1.47599262e-08 -1.88143925e-08 -1.88143926e-08 -1.47599260e-08 -1.47760339e-08 
 2.43137103e-06  2.41318516e-08  2.41318515e-08  2.41321008e-08  2.41318514e-08  2.82171294e-08  2.82171294e-08  2.41318512e-08  2.41487981e-08 
 2.43337103e-06 -1.48408013e-08 -1.48408012e-08 -1.48410733e-08 -1.48408012e-08 -1.89507592e-08 -1.89507593e-08 -1.48408009e-08 -1.48585799e-08 
 2.43537103e-06  2.42019695e-08  2.42019694e-08  2.42022651e-08  2.42019694e-08  2.83408214e-08  2.83408214e-08  2.42019692e-08  2.42206168e-08 
 2.43737103e-06 -1.49001773e-08 -1.49001772e-08 -1.49004969e-08 -1.49001772e-08 -1.90617429e-08 -1.90617430e-08 -1.49001769e-08 -1.49196840e-08 
 2.43937103e-06  2.42507795e-08  2.42507795e-08  2.42511239e-08  2.42507795e-08  2.84393557e-08  2.84393558e-08  2.42507792e-08  2.42711841e-08 
 2.44137103e-06 -1.49384731e-08 -1.49384730e-08 -1.49388424e-08 -1.49384729e-08 -1.91478365e-08 -1.91478365e-08 -1.49384727e-08 -1.49597635e-08 
 2.44337103e-06  2.42787191e-08  2.42787191e-08  2.42791144e-08  2.42787190e-08  2.85132452e-08  2.85132453e-08  2.42787187e-08  2.43009357e-08 
 2.44537103e-06 -1.49561428e-08 -1.49561427e-08 -1.49565641e-08 -1.49561426e-08 -1.92095709e-08 -1.92095710e-08 -1.49561424e-08 -1.49792710e-08 
 2.44737103e-06  2.42862588e-08  2.42862588e-08  2.42867072e-08  2.42862586e-08  2.85630387e-08  2.85630388e-08  2.42862583e-08  2.43103406e-08 
 2.44937103e-06 -1.49582921e-08 -1.49582921e-08 -1.49587677e-08 -1.49582920e-08 -1.92534549e-08 -1.92534549e-08 -1.49582917e-08 -1.49833173e-08 
 2.45137103e-06  2.42661673e-08  2.42661672e-08  2.42666707e-08  2.42661671e-08  2.85801952e-08  2.85801952e-08  2.42661668e-08  2.42921567e-08 
 2.45337103e-06 -1.49361529e-08 -1.49361529e-08 -1.49366848e-08 -1.49361528e-08 -1.92681692e-08 -1.92681692e-08 -1.49361525e-08 -1.49631194e-08 
 2.45537103e-06  2.42344163e-08  2.42344164e-08  2.42349771e-08  2.42344162e-08  2.85835417e-08  2.85835418e-08  2.42344159e-08  2.42623717e-08 
 2.45737103e-06 -1.48949244e-08 -1.48949244e-08 -1.48955145e-08 -1.48949243e-08 -1.92603020e-08 -1.92603020e-08 -1.48949239e-08 -1.49238810e-08 
 2.45937103e-06  2.41838576e-08  2.41838577e-08  2.41844776e-08  2.41838575e-08  2.85646255e-08  2.85646255e-08  2.41838572e-08  2.42138259e-08 
 2.46137103e-06 -1.48351831e-08 -1.48351832e-08 -1.48358334e-08 -1.48351830e-08 -1.92304961e-08 -1.92304961e-08 -1.48351827e-08 -1.48661731e-08 
 2.46337103e-06  2.41150931e-08  2.41150932e-08  2.41157741e-08  2.41150930e-08  2.85240992e-08  2.85240991e-08  2.41150926e-08  2.41471138e-08 
 2.46537103e-06 -1.47575533e-08 -1.47575534e-08 -1.47582655e-08 -1.47575532e-08 -1.91794131e-08 -1.91794131e-08 -1.47575528e-08 -1.47906146e-08 
 2.46737103e-06  2.40287628e-08  2.40287628e-08  2.40295065e-08  2.40287628e-08  2.84626339e-08  2.84626339e-08  2.40287624e-08  2.40628734e-08 
 2.46937103e-06 -1.46626820e-08 -1.46626820e-08 -1.46634576e-08 -1.46626820e-08 -1.91077357e-08 -1.91077357e-08 -1.46626815e-08 -1.46978512e-08 
 2.47137103e-06  2.39255163e-08  2.39255163e-08  2.39263243e-08  2.39255162e-08  2.83809304e-08  2.83809304e-08  2.39255158e-08  2.39617526e-08 
 2.47337103e-06 -1.45512208e-08 -1.45512208e-08 -1.45520615e-08 -1.45512207e-08 -1.90161937e-08 -1.90161937e-08 -1.45512203e-08 -1.45885332e-08 
 2.47537103e-06  2.38060067e-08  2.38060067e-08  2.38068806e-08  2.38060067e-08  2.82797440e-08  2.82797440e-08  2.38060062e-08  2.38444034e-08 
 2.47737103e-06 -1.44238200e-08 -1.44238200e-08 -1.44247274e-08 -1.44238200e-08 -1.89055501e-08 -1.89055501e-08 -1.44238196e-08 -1.44633107e-08 
 2.47937103e-06  2.36708737e-08  2.36708737e-08  2.36718150e-08  2.36708737e-08  2.81598369e-08  2.81598369e-08  2.36708732e-08  2.37114680e-08 
 2.48137103e-06 -1.42811059e-08 -1.42811059e-08 -1.42820815e-08 -1.42811059e-08 -1.87765661e-08 -1.87765661e-08 -1.42811054e-08 -1.43228140e-08 
 2.48337103e-06  2.35207323e-08  2.35207323e-08  2.35217426e-08  2.35207322e-08  2.80219683e-08  2.80219683e-08  2.35207317e-08  2.35635632e-08 
 2.48500000e-06 -1.41048498e-08 -1.41048497e-08 -1.41059032e-08 -1.41048497e-08 -1.86122154e-08 -1.86122154e-08 -1.41048492e-08 -1.41490723e-08 
 2.48520000e-06  4.44069534e-09  4.44069532e-09  4.44078701e-09  4.44069545e-09  4.45157892e-09  4.45157887e-09  4.44069535e-09  4.44363617e-09 
 2.48560000e-06  4.91486300e-09  4.91486301e-09  4.91476740e-09  4.91486289e-09  4.91180377e-09  4.91180380e-09  4.91486295e-09  4.91181794e-09 
 2.48640000e-06  4.38409741e-09  4.38409741e-09  4.38419456e-09  4.38409745e-09  4.38347669e-09  4.38347667e-09  4.38409740e-09  4.38718440e-09 
 2.48715030e-06  4.94977769e-09  4.94977765e-09  4.94967910e-09  4.94977758e-09  4.95416033e-09  4.95416037e-09  4.94977763e-09  4.94665335e-09 
 2.48769748e-06  4.34516979e-09  4.34516988e-09  4.34526988e-09  4.34516996e-09  4.33588878e-09  4.33588878e-09  4.34516992e-09  4.34833374e-09 
 2.48811443e-06  4.99594714e-09  4.99594700e-09  4.99584596e-09  4.99594702e-09  5.01122619e-09  5.01122616e-09  4.99594710e-09  4.99274899e-09 
 2.48850989e-06  4.28605154e-09  4.28605175e-09  4.28615309e-09  4.28605154e-09  4.26495156e-09  4.26495151e-09  4.28605148e-09  4.28926818e-09 
 2.48885200e-06  5.13621069e-09  5.13621040e-09  5.13610949e-09  5.13621074e-09  5.16334957e-09  5.16334961e-09  5.13621079e-09  5.13299339e-09 
 2.48908032e-06  3.53436687e-09  3.53436705e-09  3.53446603e-09  3.53436701e-09  3.50090973e-09  3.50090970e-09  3.53436688e-09  3.53748160e-09 
 2.48931880e-06  8.00290383e-09  8.00290373e-09  8.00280839e-09  8.00290360e-09  8.03570694e-09  8.03570688e-09  8.00290378e-09  8.00017411e-09 
 2.48948797e-06 -9.43535767e-09 -9.43535763e-09 -9.43526951e-09 -9.43535756e-09 -9.44445842e-09 -9.44445827e-09 -9.43535767e-09 -9.43416297e-09 
 2.48966817e-06  4.34054928e-08  4.34054927e-08  4.34054127e-08  4.34054927e-08  4.33589809e-08  4.33589808e-08  4.34054928e-08  4.34071239e-08 
 2.48986546e-06 -7.45745215e-08 -7.45745216e-08 -7.45744492e-08 -7.45745215e-08 -7.44471269e-08 -7.44471267e-08 -7.45745216e-08 -7.45797674e-08 
 2.49000000e-06  1.79348066e-07  1.79348066e-07  1.79348002e-07  1.79348066e-07  1.79066477e-07  1.79066477e-07  1.79348066e-07  1.79358920e-07 
 2.49002198e-06 -2.40192792e-07 -2.40192792e-07 -2.40192764e-07 -2.40192792e-07 -2.40015202e-07 -2.40015202e-07 -2.40192792e-07 -2.40219538e-07 
 2.49006594e-06  2.93424328e-07  2.93424327e-07  2.93424232e-07  2.93424328e-07  2.93606797e-07  2.93606797e-07  2.93424328e-07  2.93569835e-07 
 2.49015386e-06 -2.49550688e-07 -2.49550688e-07 -2.49550572e-07 -2.49550688e-07 -2.50041708e-07 -2.50041708e-07 -2.49550690e-07 -2.49830943e-07 
 2.49032970e-06  2.32114640e-07  2.32114640e-07  2.32114527e-07  2.32114641e-07  2.32776992e-07  2.32776993e-07  2.32114644e-07  2.32485917e-07 
 2.49068137e-06 -2.07990429e-07 -2.07990429e-07 -2.07990319e-07 -2.07990429e-07 -2.08741072e-07 -2.08741072e-07 -2.07990433e-07 -2.08412867e-07 
 2.49138473e-06  2.09675466e-07  2.09675466e-07  2.09675360e-07  2.09675467e-07  2.10470568e-07  2.10470568e-07  2.09675471e-07  2.10124713e-07 
 2.49257292e-06 -1.95780066e-07 -1.95780066e-07 -1.95779962e-07 -1.95780066e-07 -1.96601579e-07 -1.96601579e-07 -1.95780071e-07 -1.96245558e-07 
 2.49446153e-06  2.02198746e-07  2.02198747e-07  2.02198644e-07  2.02198747e-07  2.03036887e-07  2.03036887e-07  2.02198752e-07  2.02674585e-07 
 2.49646153e-06 -1.90132465e-07 -1.90132465e-07 -1.90132363e-07 -1.90132465e-07 -1.90986322e-07 -1.90986323e-07 -1.90132470e-07 -1.90618168e-07 
 2.49846153e-06  1.96690270e-07  1.96690270e-07  1.96690171e-07  1.96690270e-07  1.97559845e-07  1.97559845e-07  1.96690276e-07  1.97185919e-07 
 2.50046153e-06 -1.84604174e-07 -1.84604174e-07 -1.84604076e-07 -1.84604174e-07 -1.85489476e-07 -1.85489476e-07 -1.84604180e-07 -1.85109854e-07 
 2.50246153e-06  1.91144200e-07  1.91144200e-07  1.91144103e-07  1.91144200e-07  1.92045222e-07  1.92045222e-07  1.91144205e-07  1.91659987e-07 
 2.50446153e-06 -1.79042325e-07 -1.79042325e-07 -1.79042231e-07 -1.79042325e-07 -1.79959071e-07 -1.79959071e-07 -1.79042331e-07 -1.79568300e-07 
 2.50646153e-06  1.85568516e-07  1.85568516e-07  1.85568424e-07  1.85568517e-07  1.86500974e-07  1.86500974e-07  1.85568522e-07  1.86104749e-07 
 2.50846153e-06 -1.73454725e-07 -1.73454725e-07 -1.73454634e-07 -1.73454725e-07 -1.74402891e-07 -1.74402891e-07 -1.73454731e-07 -1.74001290e-07 
 2.51046153e-06  1.79970853e-07  1.79970854e-07  1.79970765e-07  1.79970854e-07  1.80934710e-07  1.80934710e-07  1.79970860e-07  1.80527817e-07 
 2.51246153e-06 -1.67848832e-07 -1.67848833e-07 -1.67848746e-07 -1.67848833e-07 -1.68828370e-07 -1.68828370e-07 -1.67848839e-07 -1.68416263e-07 
 2.51446153e-06  1.74358499e-07  1.74358499e-07  1.74358415e-07  1.74358499e-07  1.75353693e-07  1.75353693e-07  1.74358506e-07  1.74936455e-07 
 2.51646153e-06 -1.62231766e-07 -1.62231766e-07 -1.62231684e-07 -1.62231766e-07 -1.63242601e-07 -1.63242601e-07 -1.62231773e-07 -1.62820312e-07 
 2.51846153e-06  1.68738400e-07  1.68738400e-07  1.68738321e-07  1.68738400e-07  1.69764847e-07  1.69764847e-07  1.68738408e-07  1.69337589e-07 
 2.52046153e-06 -1.56610303e-07 -1.56610303e-07 -1.56610227e-07 -1.56610304e-07 -1.57652339e-07 -1.57652339e-07 -1.56610311e-07 -1.57220193e-07 
 2.52246153e-06  1.63117170e-07  1.63117170e-07  1.63117095e-07  1.63117170e-07  1.64174759e-07  1.64174759e-07  1.63117177e-07  1.63737808e-07 
 2.52446153e-06 -1.50990892e-07 -1.50990893e-07 -1.50990821e-07 -1.50990893e-07 -1.52064007e-07 -1.52064007e-07 -1.50990900e-07 -1.51622331e-07 
 2.52646153e-06  1.57501091e-07  1.57501091e-07  1.57501022e-07  1.57501091e-07  1.58589689e-07  1.58589689e-07  1.57501099e-07  1.58143371e-07 
 2.52846153e-06 -1.45379654e-07 -1.45379654e-07 -1.45379588e-07 -1.45379654e-07 -1.46483702e-07 -1.46483702e-07 -1.45379662e-07 -1.46032823e-07 
 2.53046153e-06  1.51896124e-07  1.51896124e-07  1.51896061e-07  1.51896124e-07  1.53015574e-07  1.53015574e-07  1.51896132e-07  1.52560216e-07 
 2.53246153e-06 -1.39782391e-07 -1.39782391e-07 -1.39782331e-07 -1.39782391e-07 -1.40917203e-07 -1.40917203e-07 -1.39782400e-07 -1.40457447e-07 
 2.53446153e-06  1.46307916e-07  1.46307916e-07  1.46307859e-07  1.46307916e-07  1.47458037e-07  1.47458037e-07  1.46307925e-07  1.46993966e-07 
 2.53646153e-06 -1.34204595e-07 -1.34204595e-07 -1.34204541e-07 -1.34204595e-07 -1.35369977e-07 -1.35369977e-07 -1.34204604e-07 -1.34901671e-07 
 2.53846153e-06  1.40741806e-07  1.40741806e-07  1.40741755e-07  1.40741806e-07  1.41922392e-07  1.41922392e-07  1.40741815e-07  1.41449934e-07 
 2.54046153e-06 -1.28651453e-07 -1.28651453e-07 -1.28651405e-07 -1.28651453e-07 -1.29847189e-07 -1.29847189e-07 -1.28651463e-07 -1.29370660e-07 
 2.54246153e-06  1.35202833e-07  1.35202833e-07  1.35202788e-07  1.35202833e-07  1.36413656e-07  1.36413656e-07  1.35202843e-07  1.35933137e-07 
 2.54446153e-06 -1.23127859e-07 -1.23127859e-07 -1.23127818e-07 -1.23127859e-07 -1.24353710e-07 -1.24353710e-07 -1.23127869e-07 -1.23869282e-07 
 2.54646153e-06  1.29695745e-07  1.29695745e-07  1.29695707e-07  1.29695745e-07  1.30936555e-07  1.30936555e-07  1.29695755e-07  1.30448298e-07 
 2.54846153e-06 -1.17638418e-07 -1.17638418e-07 -1.17638384e-07 -1.17638418e-07 -1.18894122e-07 -1.18894122e-07 -1.17638428e-07 -1.18402118e-07 
 2.55046153e-06  1.24225008e-07  1.24225008e-07  1.24224977e-07  1.24225008e-07  1.25495531e-07  1.25495531e-07  1.24225018e-07  1.24999861e-07 
 2.55246153e-06 -1.12187458e-07 -1.12187458e-07 -1.12187431e-07 -1.12187458e-07 -1.13472730e-07 -1.13472730e-07 -1.12187469e-07 -1.12973473e-07 
 2.55446153e-06  1.18794813e-07  1.18794813e-07  1.18794790e-07  1.18794813e-07  1.20094754e-07  1.20094754e-07  1.18794824e-07  1.19591991e-07 
 2.55646153e-06 -1.06779037e-07 -1.06779037e-07 -1.06779017e-07 -1.06779037e-07 -1.08093571e-07 -1.08093571e-07 -1.06779048e-07 -1.07587380e-07 
 2.55846153e-06  1.13409087e-07  1.13409088e-07  1.13409072e-07  1.13409088e-07  1.14738130e-07  1.14738130e-07  1.13409099e-07  1.14228592e-07 
 2.56046153e-06 -1.01416951e-07 -1.01416951e-07 -1.01416939e-07 -1.01416951e-07 -1.02760419e-07 -1.02760419e-07 -1.01416962e-07 -1.02247613e-07 
 2.56246153e-06  1.08101525e-07  1.08101525e-07  1.08101518e-07  1.08101525e-07  1.09459770e-07  1.09459770e-07  1.08101537e-07  1.08943610e-07 
 2.56446153e-06 -9.61002373e-08 -9.61002374e-08 -9.61002339e-08 -9.61002375e-08 -9.74723176e-08 -9.74723177e-08 -9.61002495e-08 -9.69532059e-08 
 2.56646153e-06  1.02781275e-07  1.02781275e-07  1.02781276e-07  1.02781275e-07  1.04167508e-07  1.04167508e-07  1.02781288e-07  1.03645364e-07 
 2.56846153e-06 -9.08418126e-08 -9.08418128e-08 -9.08418176e-08 -9.08418128e-08 -9.22421048e-08 -9.22421048e-08 -9.08418253e-08 -9.17170072e-08 
 2.57046153e-06  9.75505564e-08  9.75505565e-08  9.75505656e-08  9.75505566e-08  9.89648089e-08  9.89648089e-08  9.75505693e-08  9.84368347e-08 
 2.57246153e-06 -8.56395674e-08 -8.56395675e-08 -8.56395809e-08 -8.56395676e-08 -8.70676824e-08 -8.70676824e-08 -8.56395806e-08 -8.65369091e-08 
 2.57446153e-06  9.23774691e-08  9.23774692e-08  9.23774871e-08  9.23774694e-08  9.38193426e-08  9.38193427e-08  9.23774826e-08  9.32858467e-08 
 2.57646153e-06 -8.04963504e-08 -8.04963506e-08 -8.04963729e-08 -8.04963507e-08 -8.19518796e-08 -8.19518796e-08 -8.04963642e-08 -8.14157378e-08 
 2.57846153e-06  8.72647522e-08  8.72647523e-08  8.72647792e-08  8.72647525e-08  8.87338285e-08  8.87338285e-08  8.72647663e-08  8.81951164e-08 
 2.58046153e-06 -7.54147927e-08 -7.54147929e-08 -7.54148243e-08 -7.54147930e-08 -7.68973082e-08 -7.68973083e-08 -7.54148070e-08 -7.63561020e-08 
 2.58246153e-06  8.22149310e-08  8.22149311e-08  8.22149671e-08  8.22149313e-08  8.37107728e-08  8.37107729e-08  8.22149455e-08  8.31671470e-08 
 2.58446153e-06 -7.03973157e-08 -7.03973158e-08 -7.03973565e-08 -7.03973160e-08 -7.19063712e-08 -7.19063712e-08 -7.03973305e-08 -7.13604011e-08 
 2.58646153e-06  7.72303252e-08  7.72303253e-08  7.72303707e-08  7.72303255e-08  7.87524772e-08  7.87524773e-08  7.72303403e-08  7.82042366e-08 
 2.58846153e-06 -6.54461398e-08 -6.54461399e-08 -6.54461901e-08 -6.54461401e-08 -6.69812709e-08 -6.69812709e-08 -6.54461551e-08 -6.64308342e-08 
 2.59046153e-06  7.23130582e-08  7.23130583e-08  7.23131132e-08  7.23130585e-08  7.38610471e-08  7.38610471e-08  7.23130738e-08  7.33084871e-08 
 2.59246153e-06 -6.05632929e-08 -6.05632931e-08 -6.05633528e-08 -6.05632933e-08 -6.21240177e-08 -6.21240178e-08 -6.05633088e-08 -6.15694082e-08 
 2.59446153e-06  6.74650645e-08  6.74650647e-08  6.74651294e-08  6.74650649e-08  6.90384000e-08  6.90384001e-08  6.74650807e-08  6.84818126e-08 
 2.59646153e-06 -5.57506186e-08 -5.57506188e-08 -5.57506884e-08 -5.57506189e-08 -5.73364384e-08 -5.73364385e-08 -5.57506350e-08 -5.67779461e-08 
 2.59846153e-06  6.26880987e-08  6.26880989e-08  6.26881735e-08  6.26880990e-08  6.42862737e-08  6.42862738e-08  6.26881154e-08  6.37259473e-08 
 2.60046153e-06 -5.10097839e-08 -5.10097841e-08 -5.10098638e-08 -5.10097843e-08 -5.26201838e-08 -5.26201837e-08 -5.10098009e-08 -5.20580951e-08 
 2.60246153e-06  5.79837425e-08  5.79837426e-08  5.79838274e-08  5.79837427e-08  5.96062342e-08  5.96062342e-08  5.79837597e-08  5.90424531e-08 
 2.60446153e-06 -4.63422874e-08 -4.63422875e-08 -4.63423774e-08 -4.63422877e-08 -4.79767365e-08 -4.79767366e-08 -4.63423048e-08 -4.74113341e-08 
 2.60646153e-06  5.33534129e-08  5.33534130e-08  5.33535080e-08  5.33534131e-08  5.49996831e-08  5.49996831e-08  5.33534306e-08  5.44327279e-08 
 2.60846153e-06 -4.17494665e-08 -4.17494666e-08 -4.17495669e-08 -4.17494668e-08 -4.34074194e-08 -4.34074194e-08 -4.17494845e-08 -4.28389817e-08 
 2.61046153e-06  4.87983699e-08  4.87983699e-08  4.87984755e-08  4.87983702e-08  5.04678657e-08  5.04678658e-08  4.87983882e-08  4.98980131e-08 
 2.61246153e-06 -3.72325053e-08 -3.72325053e-08 -3.72326162e-08 -3.72325055e-08 -3.89134020e-08 -3.89134021e-08 -3.72325238e-08 -3.83422036e-08 
 2.61446153e-06  4.43197234e-08  4.43197235e-08  4.43198397e-08  4.43197238e-08  4.60118781e-08  4.60118781e-08  4.43197423e-08  4.54394006e-08 
 2.61646153e-06 -3.27857344e-08 -3.27857345e-08 -3.27858560e-08 -3.27857348e-08 -3.44884585e-08 -3.44884585e-08 -3.27857536e-08 -3.39149507e-08 
 2.61846153e-06  3.99221658e-08  3.99221658e-08  3.99222928e-08  3.99221661e-08  4.16363772e-08  4.16363773e-08  3.99221852e-08  4.10615462e-08 
 2.62046153e-06 -2.84336559e-08 -2.84336559e-08 -2.84337884e-08 -2.84336562e-08 -3.01586862e-08 -3.01586862e-08 -2.84336756e-08 -2.95827767e-08 
 2.62246153e-06  3.55986074e-08  3.55986074e-08  3.55987452e-08  3.55986077e-08  3.73343074e-08  3.73343075e-08  3.55986273e-08  3.67573839e-08 
 2.62446153e-06 -2.41495059e-08 -2.41495059e-08 -2.41496493e-08 -2.41495062e-08 -2.58957237e-08 -2.58957237e-08 -2.41495262e-08 -2.53178522e-08 
 2.62646153e-06  3.13539991e-08  3.13539991e-08  3.13541480e-08  3.13539994e-08  3.31105827e-08  3.31105828e-08  3.13540197e-08  3.25318267e-08 
 2.62846153e-06 -1.99446077e-08 -1.99446077e-08 -1.99447621e-08 -1.99446079e-08 -2.17114020e-08 -2.17114020e-08 -1.99446285e-08 -2.11318266e-08 
 2.63046153e-06  2.71939454e-08  2.71939455e-08  2.71941055e-08  2.71939457e-08  2.89713610e-08  2.89713611e-08  2.71939665e-08  2.83908459e-08 
 2.63246153e-06 -1.58158683e-08 -1.58158684e-08 -1.58160339e-08 -1.58158686e-08 -1.76026371e-08 -1.76026372e-08 -1.58158897e-08 -1.70216091e-08 
 2.63446153e-06  2.31004505e-08  2.31004505e-08  2.31006216e-08  2.31004506e-08  2.48969594e-08  2.48969595e-08  2.31004721e-08  2.43152993e-08 
 2.63646153e-06 -1.17713835e-08 -1.17713835e-08 -1.17715603e-08 -1.17713837e-08 -1.35774721e-08 -1.35774722e-08 -1.17714054e-08 -1.29952430e-08 
 2.63846153e-06  1.90961285e-08  1.90961285e-08  1.90963110e-08  1.90961287e-08  2.09116377e-08  2.09116378e-08  1.90961507e-08  2.03288995e-08 
 2.64046153e-06 -7.80731045e-09 -7.80731048e-09 -7.80749864e-09 -7.80731067e-09 -9.63207728e-09 -9.63207740e-09 -7.80733290e-09 -9.04889187e-09 
 2.64246153e-06  1.51723312e-08  1.51723313e-08  1.51725252e-08  1.51723315e-08  1.70061945e-08  1.70061946e-08  1.51723540e-08  1.64226207e-08 
 2.64446153e-06 -3.92428109e-09 -3.92428114e-09 -3.92448070e-09 -3.92428139e-09 -5.76664419e-09 -5.76664429e-09 -3.92430418e-09 -5.18278050e-09 
 2.64646153e-06  1.13300697e-08  1.13300698e-08  1.13302751e-08  1.13300700e-08  1.31807729e-08  1.31807730e-08  1.13300931e-08  1.25966768e-08 
 2.64846153e-06 -1.25266192e-10 -1.25266322e-10 -1.25477245e-10 -1.25266525e-10 -1.98398775e-09 -1.98398782e-09 -1.25289882e-10 -1.39986385e-09 
 2.65046153e-06  7.57246624e-09  7.57246632e-09  7.57268294e-09  7.57246651e-09  9.43904438e-09  9.43904444e-09  7.57249015e-09  8.85495051e-09 
 2.65246153e-06  3.59429011e-09  3.59429000e-09  3.59406775e-09  3.59428981e-09  1.72000143e-09  1.72000141e-09  3.59426596e-09  2.30401331e-09 
 2.65446153e-06  3.89410080e-09  3.89410085e-09  3.89432896e-09  3.89410105e-09  5.77636149e-09  5.77636148e-09  3.89412522e-09  5.19245220e-09 
 2.65646153e-06  7.22983600e-09  7.22983591e-09  7.22960204e-09  7.22983576e-09  5.33977883e-09  5.33977877e-09  7.22981126e-09  5.92352899e-09 
 2.65846153e-06  2.98791449e-10  2.98791552e-10  2.99031230e-10  2.98791698e-10  2.19663087e-09  2.19663097e-09  2.98816481e-10  1.61294656e-09 
 2.66046153e-06  1.07849600e-08  1.07849599e-08  1.07847144e-08  1.07849597e-08  8.87951642e-09  8.87951637e-09  1.07849347e-08  9.46307842e-09 
 2.66246153e-06 -3.21619733e-09 -3.21619723e-09 -3.21594592e-09 -3.21619712e-09 -1.30331515e-09 -1.30331509e-09 -3.21617178e-09 -1.88670129e-09 
 2.66446153e-06  1.42645222e-08  1.42645221e-08  1.42642649e-08  1.42645220e-08  1.23437860e-08  1.23437859e-08  1.42644963e-08  1.29271238e-08 
 2.66646153e-06 -6.64583932e-09 -6.64583924e-09 -6.64557631e-09 -6.64583915e-09 -4.71922657e-09 -4.71922653e-09 -6.64581322e-09 -5.30191202e-09 
 2.66846153e-06  1.76608627e-08  1.76608627e-08  1.76605937e-08  1.76608626e-08  1.57261166e-08  1.57261165e-08  1.76608363e-08  1.63088328e-08 
 2.67046153e-06 -1.00034845e-08 -1.00034844e-08 -1.00032098e-08 -1.00034843e-08 -8.06261747e-09 -8.06261741e-09 -1.00034578e-08 -8.64475898e-09 
 2.67246153e-06  2.09677127e-08  2.09677127e-08  2.09674321e-08  2.09677126e-08  1.90202814e-08  1.90202813e-08  2.09676858e-08  1.96019811e-08 
 2.67446153e-06 -1.32796681e-08 -1.32796680e-08 -1.32793816e-08 -1.32796679e-08 -1.13258415e-08 -1.13258415e-08 -1.32796408e-08 -1.19070492e-08 
 2.67646153e-06  2.42122534e-08  2.42122532e-08  2.42119608e-08  2.42122531e-08  2.22516057e-08  2.22516056e-08  2.42122258e-08  2.28324517e-08 
 2.67846153e-06 -1.64739943e-08 -1.64739942e-08 -1.64736960e-08 -1.64739941e-08 -1.45079339e-08 -1.45079339e-08 -1.64739664e-08 -1.50880022e-08 
 2.68046153e-06  2.73685247e-08  2.73685246e-08  2.73682204e-08  2.73685245e-08  2.53959907e-08  2.53959906e-08  2.73684965e-08  2.59755974e-08 
 2.68246153e-06 -1.95838934e-08 -1.95838933e-08 -1.95835835e-08 -1.95838932e-08 -1.76069150e-08 -1.76069149e-08 -1.95838650e-08 -1.81854646e-08 
 2.68446153e-06  3.04499258e-08  3.04499257e-08  3.04496099e-08  3.04499257e-08  2.84661878e-08  2.84661878e-08  3.04498972e-08  2.90443619e-08 
 2.68646153e-06 -2.26244543e-08 -2.26244542e-08 -2.26241327e-08 -2.26244541e-08 -2.06366327e-08 -2.06366327e-08 -2.26244253e-08 -2.12136544e-08 
 2.68846153e-06  3.34427882e-08  3.34427881e-08  3.34424607e-08  3.34427880e-08  3.14491737e-08  3.14491737e-08  3.34427590e-08  3.20255428e-08 
 2.69046153e-06 -2.55905221e-08 -2.55905220e-08 -2.55901888e-08 -2.55905219e-08 -2.35925452e-08 -2.35925451e-08 -2.55904925e-08 -2.41678521e-08 
 2.69246153e-06  3.63830356e-08  3.63830354e-08  3.63826962e-08  3.63830354e-08  3.43789974e-08  3.43789973e-08  3.63830057e-08  3.49537383e-08 
 2.69446153e-06 -2.84768451e-08 -2.84768450e-08 -2.84765002e-08 -2.84768450e-08 -2.64694466e-08 -2.64694466e-08 -2.84768150e-08 -2.70428520e-08 
 2.69646153e-06  3.92331483e-08  3.92331482e-08  3.92327973e-08  3.92331481e-08  3.72200385e-08  3.72200384e-08  3.92331179e-08  3.77927859e-08 
 2.69846153e-06 -3.12873074e-08 -3.12873073e-08 -3.12869508e-08 -3.12873073e-08 -2.92711983e-08 -2.92711982e-08 -3.12872768e-08 -2.98425220e-08 
 2.70046153e-06  4.20077194e-08  4.20077193e-08  4.20073568e-08  4.20077193e-08  3.99862495e-08  3.99862495e-08  4.20076885e-08  4.05568254e-08 
 2.70246153e-06 -3.40226545e-08 -3.40226543e-08 -3.40222863e-08 -3.40226543e-08 -3.19985456e-08 -3.19985455e-08 -3.40226232e-08 -3.25676119e-08 
 2.70446153e-06  4.47075130e-08  4.47075129e-08  4.47071389e-08  4.47075129e-08  4.26783943e-08  4.26783942e-08  4.47074815e-08  4.32466249e-08 
 2.70646153e-06 -3.66836671e-08 -3.66836670e-08 -3.66832874e-08 -3.66836670e-08 -3.46522689e-08 -3.46522688e-08 -3.66836354e-08 -3.52189064e-08 
 2.70846153e-06  4.73333273e-08  4.73333272e-08  4.73329416e-08  4.73333271e-08  4.52972699e-08  4.52972699e-08  4.73332952e-08  4.58629861e-08 
 2.71046153e-06 -3.92711591e-08 -3.92711589e-08 -3.92707679e-08 -3.92711589e-08 -3.72331806e-08 -3.72331806e-08 -3.92711267e-08 -3.77972226e-08 
 2.71246153e-06  4.98859916e-08  4.98859915e-08  4.98855945e-08  4.98859915e-08  4.78437046e-08  4.78437046e-08  4.98859590e-08  4.84067416e-08 
 2.71446153e-06 -4.17859737e-08 -4.17859735e-08 -4.17855712e-08 -4.17859736e-08 -3.97421229e-08 -3.97421229e-08 -4.17859409e-08 -4.03034067e-08 
 2.71646153e-06  5.23663640e-08  5.23663639e-08  5.23659556e-08  5.23663639e-08  5.03185548e-08  5.03185547e-08  5.23663309e-08  5.08787519e-08 
 2.71846153e-06 -4.42289818e-08 -4.42289817e-08 -4.42285680e-08 -4.42289817e-08 -4.21799645e-08 -4.21799644e-08 -4.42289485e-08 -4.27383318e-08 
 2.72046153e-06  5.47753286e-08  5.47753285e-08  5.47749089e-08  5.47753285e-08  5.27227020e-08  5.27227020e-08  5.47752950e-08  5.32799031e-08 
 2.72246153e-06 -4.66010791e-08 -4.66010789e-08 -4.66006540e-08 -4.66010790e-08 -4.45475984e-08 -4.45475983e-08 -4.66010452e-08 -4.51028951e-08 
 2.72446153e-06  5.71137931e-08  5.71137930e-08  5.71133622e-08  5.71137930e-08  5.50570515e-08  5.50570514e-08  5.71137590e-08  5.56111046e-08 
 2.72646153e-06 -4.89031835e-08 -4.89031834e-08 -4.89027474e-08 -4.89031834e-08 -4.68459397e-08 -4.68459396e-08 -4.89031491e-08 -4.73980163e-08 
 2.72846153e-06  5.93826866e-08  5.93826865e-08  5.93822446e-08  5.93826865e-08  5.73225290e-08  5.73225290e-08  5.93826519e-08  5.78732863e-08 
 2.73046153e-06 -5.11362334e-08 -5.11362333e-08 -5.11357861e-08 -5.11362334e-08 -4.90759234e-08 -4.90759233e-08 -5.11361985e-08 -4.96246341e-08 
 2.73246153e-06  6.15829572e-08  6.15829571e-08  6.15825042e-08  6.15829571e-08  5.95200792e-08  5.95200792e-08  6.15829220e-08  6.00673970e-08 
 2.73446153e-06 -5.33011850e-08 -5.33011849e-08 -5.33007268e-08 -5.33011849e-08 -5.12385019e-08 -5.12385018e-08 -5.33011496e-08 -5.17837052e-08 
 2.73646153e-06  6.37155702e-08  6.37155700e-08  6.37151062e-08  6.37155701e-08  6.16506632e-08  6.16506632e-08  6.37155344e-08  6.21944021e-08 
 2.73846153e-06 -5.53990107e-08 -5.53990106e-08 -5.53985416e-08 -5.53990106e-08 -5.33346433e-08 -5.33346433e-08 -5.53989747e-08 -5.38762020e-08 
 2.74000000e-06  6.60919290e-08  6.60919289e-08  6.60914526e-08  6.60919289e-08  6.40253465e-08  6.40253465e-08  6.60918926e-08  6.45648533e-08 
 2.74020000e-06  2.27553674e-09  2.27553678e-09  2.27554964e-09  2.27553686e-09  2.27402664e-09  2.27402670e-09  2.27553743e-09  2.27938891e-09 
 2.74060000e-06  6.86417168e-09  6.86417161e-09  6.86415914e-09  6.86417157e-09  6.86761411e-09  6.86761412e-09  6.86417104e-09  6.86188594e-09 
 2.74140000e-06  2.54002607e-09  2.54002617e-09  2.54003841e-09  2.54002617e-09  2.53562551e-09  2.53562553e-09  2.54002665e-09  2.54152298e-09 
 2.74246255e-06  6.71102995e-09  6.71102990e-09  6.71101773e-09  6.71102990e-09  6.71592189e-09  6.71592192e-09  6.71102933e-09  6.71012913e-09 
 2.74341461e-06  2.67877480e-09  2.67877484e-09  2.67878689e-09  2.67877489e-09  2.67530965e-09  2.67530963e-09  2.67877545e-09  2.67900888e-09 
 2.74437374e-06  6.56163771e-09  6.56163762e-09  6.56162575e-09  6.56163754e-09  6.55721898e-09  6.55721899e-09  6.56163705e-09  6.56206636e-09 
 2.74500000e-06  2.88929058e-09  2.88929068e-09  2.88930213e-09  2.88929071e-09  2.93608108e-09  2.93608112e-09  2.88929119e-09  2.88784882e-09 
 2.74509701e-06  4.38360815e-09  4.38360826e-09  4.38360844e-09  4.38360839e-09  4.07714781e-09  4.07714792e-09  4.38360844e-09  4.38514118e-09 
 2.74529103e-06  4.77745880e-09  4.77745856e-09  4.77746137e-09  4.77745842e-09  5.46217801e-09  5.46217793e-09  4.77745837e-09  4.77637070e-09 
 2.74567907e-06  4.82783095e-09  4.82783118e-09  4.82782467e-09  4.82783123e-09  4.00640104e-09  4.00640105e-09  4.82783129e-09  4.82849181e-09 
 2.74626661e-06  4.18687648e-09  4.18687621e-09  4.18688655e-09  4.18687629e-09  5.04993489e-09  5.04993495e-09  4.18687624e-09  4.18658532e-09 
 2.74737274e-06  5.32843985e-09  5.32844009e-09  5.32842718e-09  5.32843992e-09  4.46129971e-09  4.46129960e-09  5.32844003e-09  5.32850739e-09 
 2.74937274e-06  3.86645947e-09  3.86645923e-09  3.86647369e-09  3.86645936e-09  4.73034170e-09  4.73034180e-09  3.86645927e-09  3.86652307e-09 
 2.75137274e-06  5.57998769e-09  5.57998791e-09  5.57997174e-09  5.57998779e-09  4.72327334e-09  4.72327325e-09  5.57998783e-09  5.57978784e-09 
 2.75337274e-06  3.59835219e-09  3.59835194e-09  3.59836994e-09  3.59835212e-09  4.44402738e-09  4.44402743e-09  3.59835203e-09  3.59869289e-09 
 2.75537274e-06  5.86454046e-09  5.86454074e-09  5.86452075e-09  5.86454058e-09  5.03372119e-09  5.03372111e-09  5.86454064e-09  5.86405443e-09 
 2.75737274e-06  3.29751664e-09  3.29751640e-09  3.29753849e-09  3.29751652e-09  4.10973313e-09  4.10973318e-09  3.29751645e-09  3.29815202e-09 
 2.75937274e-06  6.18144938e-09  6.18144968e-09  6.18142534e-09  6.18144959e-09  5.39150065e-09  5.39150062e-09  6.18144965e-09  6.18066105e-09 
 2.76137274e-06  2.96478703e-09  2.96478681e-09  2.96481355e-09  2.96478687e-09  3.72889694e-09  3.72889699e-09  2.96478682e-09  2.96573166e-09 
 2.76337274e-06  6.52970597e-09  6.52970625e-09  6.52967693e-09  6.52970618e-09  5.79490321e-09  5.79490317e-09  6.52970623e-09  6.52860223e-09 
 2.76537274e-06  2.60133503e-09  2.60133483e-09  2.60136681e-09  2.60133489e-09  3.30347396e-09  3.30347400e-09  2.60133482e-09  2.60260040e-09 
 2.76737274e-06  6.90798612e-09  6.90798632e-09  6.90795150e-09  6.90798629e-09  6.24174987e-09  6.24174986e-09  6.90798636e-09  6.90655729e-09 
 2.76937274e-06  2.20862640e-09  2.20862620e-09  2.20866401e-09  2.20862623e-09  2.83584526e-09  2.83584526e-09  2.20862615e-09  2.21022025e-09 
 2.77137274e-06  7.31469334e-09  7.31469351e-09  7.31465257e-09  7.31469352e-09  6.72947824e-09  6.72947818e-09  7.31469354e-09  7.31293350e-09 
 2.77337274e-06  1.78837784e-09  1.78837764e-09  1.78842196e-09  1.78837769e-09  2.32873496e-09  2.32873497e-09  1.78837762e-09  1.79030417e-09 
 2.77537274e-06  7.74800056e-09  7.74800074e-09  7.74795297e-09  7.74800072e-09  7.25522109e-09  7.25522108e-09  7.74800076e-09  7.74590777e-09 
 2.77737274e-06  1.34251688e-09  1.34251676e-09  1.34256814e-09  1.34251679e-09  1.78513546e-09  1.78513550e-09  1.34251675e-09  1.34477570e-09 
 2.77937274e-06  8.20588957e-09  8.20588969e-09  8.20583457e-09  8.20588964e-09  7.81587748e-09  7.81587748e-09  8.20588968e-09  8.20346572e-09 
 2.78137274e-06  8.73143211e-10  8.73143127e-10  8.73202119e-10  8.73143193e-10  1.20824093e-09  1.20824096e-09  8.73143149e-10  8.75730482e-10 
 2.78337274e-06  8.68618832e-09  8.68618838e-09  8.68612542e-09  8.68618833e-09  8.40817491e-09  8.40817483e-09  8.68618841e-09  8.68343974e-09 
 2.78537274e-06  3.82492368e-10  3.82492317e-10  3.82559382e-10  3.82492373e-10  6.01388068e-10  6.01388116e-10  3.82492293e-10  3.85399753e-10 
 2.78737274e-06  9.18660607e-09  9.18660611e-09  9.18653487e-09  9.18660608e-09  9.02872544e-09  9.02872538e-09  9.18660615e-09  9.18354312e-09 
 2.78937274e-06 -1.27135278e-10 -1.27135281e-10 -1.27059776e-10 -1.27135280e-10 -3.20047990e-11 -3.20047764e-11 -1.27135328e-10 -1.23919284e-10 
 2.79137274e-06  9.70484036e-09  9.70484041e-09  9.70476044e-09  9.70484034e-09  9.67409166e-09  9.67409167e-09  9.70484044e-09  9.70147557e-09 
 2.79337274e-06 -6.53495157e-10 -6.53495206e-10 -6.53410828e-10 -6.53495217e-10 -6.88672423e-10 -6.88672400e-10 -6.53495258e-10 -6.49986118e-10 
 2.79537274e-06  1.02387108e-08  1.02387108e-08  1.02386219e-08  1.02387108e-08  1.03411888e-08  1.03411888e-08  1.02387109e-08  1.02350628e-08 
 2.79737274e-06 -1.19426315e-09 -1.19426321e-09 -1.19416972e-09 -1.19426323e-09 -1.36533686e-09 -1.36533680e-09 -1.19426325e-09 -1.19048178e-09 
 2.79937274e-06  1.07857569e-08  1.07857569e-08  1.07856589e-08  1.07857570e-08  1.10265559e-08  1.10265559e-08  1.07857570e-08  1.07818484e-08 
 2.80137274e-06 -1.74697225e-09 -1.74697225e-09 -1.74686955e-09 -1.74697232e-09 -2.05855440e-09 -2.05855438e-09 -1.74697234e-09 -1.74294319e-09 
 2.80337274e-06  1.13435109e-08  1.13435110e-08  1.13434036e-08  1.13435110e-08  1.17267737e-08  1.17267737e-08  1.13435110e-08  1.13393686e-08 
 2.80537274e-06 -2.30915927e-09 -2.30915928e-09 -2.30904725e-09 -2.30915934e-09 -2.76493682e-09 -2.76493682e-09 -2.30915935e-09 -2.30491123e-09 
 2.80737274e-06  1.19095195e-08  1.19095195e-08  1.19094028e-08  1.19095195e-08  1.24384913e-08  1.24384913e-08  1.19095196e-08  1.19051738e-08 
 2.80937274e-06 -2.87838541e-09 -2.87838539e-09 -2.87826414e-09 -2.87838549e-09 -3.48117598e-09 -3.48117600e-09 -2.87838549e-09 -2.87395080e-09 
 2.81137274e-06  1.24813626e-08  1.24813626e-08  1.24812368e-08  1.24813627e-08  1.31584482e-08  1.31584482e-08  1.24813627e-08  1.24768482e-08 
 2.81337274e-06 -3.45225398e-09 -3.45225395e-09 -3.45212367e-09 -3.45225405e-09 -4.20406397e-09 -4.20406395e-09 -3.45225409e-09 -3.44766912e-09 
 2.81537274e-06  1.30566710e-08  1.30566709e-08  1.30565363e-08  1.30566711e-08  1.38834931e-08  1.38834931e-08  1.30566710e-08  1.30520257e-08 
 2.81737274e-06 -4.02842632e-09 -4.02842628e-09 -4.02828726e-09 -4.02842640e-09 -4.93050974e-09 -4.93050976e-09 -4.02842640e-09 -4.02373085e-09 
 2.81937274e-06  1.36331399e-08  1.36331399e-08  1.36329967e-08  1.36331400e-08  1.46105989e-08  1.46105989e-08  1.36331400e-08  1.36284051e-08 
 2.82137274e-06 -4.60463516e-09 -4.60463519e-09 -4.60448787e-09 -4.60463521e-09 -5.65755306e-09 -5.65755305e-09 -4.60463518e-09 -4.59987213e-09 
 2.82337274e-06  1.42085424e-08  1.42085424e-08  1.42083912e-08  1.42085425e-08  1.53368745e-08  1.53368745e-08  1.42085424e-08  1.42037627e-08 
 2.82537274e-06 -5.17869623e-09 -5.17869620e-09 -5.17854111e-09 -5.17869622e-09 -6.38237449e-09 -6.38237449e-09 -5.17869620e-09 -5.17391166e-09 
 2.82737274e-06  1.47807392e-08  1.47807392e-08  1.47805806e-08  1.47807392e-08  1.60595744e-08  1.60595744e-08  1.47807392e-08  1.47759621e-08 
 2.82937274e-06 -5.74851746e-09 -5.74851742e-09 -5.74835543e-09 -5.74851750e-09 -7.10230390e-09 -7.10230387e-09 -5.74851744e-09 -5.74376043e-09 
 2.83137274e-06  1.53476876e-08  1.53476875e-08  1.53475224e-08  1.53476876e-08  1.67761051e-08  1.67761051e-08  1.53476876e-08  1.53429636e-08 
 2.83337274e-06 -6.31210728e-09 -6.31210727e-09 -6.31193927e-09 -6.31210729e-09 -7.81482582e-09 -7.81482582e-09 -6.31210729e-09 -6.30742966e-09 
 2.83537274e-06  1.59074485e-08  1.59074486e-08  1.59072779e-08  1.59074486e-08  1.74840302e-08  1.74840302e-08  1.59074485e-08  1.59028308e-08 
 2.83737274e-06 -6.86758071e-09 -6.86758079e-09 -6.86740769e-09 -6.86758074e-09 -8.51758357e-09 -8.51758354e-09 -6.86758077e-09 -6.86303665e-09 
 2.83937274e-06  1.64581923e-08  1.64581924e-08  1.64580172e-08  1.64581923e-08  1.81810732e-08  1.81810732e-08  1.64581923e-08  1.64537360e-08 
 2.84137274e-06 -7.41316408e-09 -7.41316411e-09 -7.41298711e-09 -7.41316407e-09 -9.20838136e-09 -9.20838141e-09 -7.41316406e-09 -7.40880993e-09 
 2.84337274e-06  1.69982020e-08  1.69982021e-08  1.69980236e-08  1.69982020e-08  1.88651192e-08  1.88651192e-08  1.69982020e-08  1.69939647e-08 
 2.84537274e-06 -7.94719818e-09 -7.94719824e-09 -7.94701872e-09 -7.94719823e-09 -9.88518500e-09 -9.88518501e-09 -7.94719822e-09 -7.94309258e-09 
 2.84737274e-06  1.75258770e-08  1.75258771e-08  1.75256967e-08  1.75258770e-08  1.95342144e-08  1.95342144e-08  1.75258770e-08  1.75219180e-08 
 2.84937274e-06 -8.46814121e-09 -8.46814127e-09 -8.46796050e-09 -8.46814125e-09 -1.05461211e-08 -1.05461211e-08 -8.46814125e-09 -8.46434431e-09 
 2.85137274e-06  1.80397341e-08  1.80397342e-08  1.80395534e-08  1.80397342e-08  2.01865653e-08  2.01865653e-08  1.80397341e-08  1.80361148e-08 
 2.85337274e-06 -8.97456901e-09 -8.97456907e-09 -8.97438877e-09 -8.97456909e-09 -1.11894753e-08 -1.11894753e-08 -8.97456907e-09 -8.97114293e-09 
 2.85537274e-06  1.85384087e-08  1.85384087e-08  1.85382292e-08  1.85384087e-08  2.08205362e-08  2.08205362e-08  1.85384087e-08  1.85351916e-08 
 2.85737274e-06 -9.46517614e-09 -9.46517618e-09 -9.46499793e-09 -9.46517626e-09 -1.18136898e-08 -1.18136897e-08 -9.46517619e-09 -9.46218419e-09 
 2.85937274e-06  1.90264280e-08  1.90264281e-08  1.90262514e-08  1.90264281e-08  2.14411224e-08  2.14411224e-08  1.90264281e-08  1.90236762e-08 
 2.86137274e-06 -9.93830232e-09 -9.93830240e-09 -9.93812793e-09 -9.93830241e-09 -1.24167620e-08 -1.24167621e-08 -9.93830239e-09 -9.93580873e-09 
 2.86337274e-06  1.94908231e-08  1.94908231e-08  1.94906512e-08  1.94908232e-08  2.20336746e-08  2.20336745e-08  1.94908231e-08  1.94886025e-08 
 2.86537274e-06 -1.03903928e-08 -1.03903929e-08 -1.03902241e-08 -1.03903929e-08 -1.29943321e-08 -1.29943321e-08 -1.03903928e-08 -1.03884640e-08 
 2.86737274e-06  1.99371973e-08  1.99371973e-08  1.99370320e-08  1.99371974e-08  2.26045407e-08  2.26045407e-08  1.99371973e-08  1.99355744e-08 
 2.86937274e-06 -1.08268459e-08 -1.08268459e-08 -1.08266847e-08 -1.08268459e-08 -1.35532414e-08 -1.35532414e-08 -1.08268458e-08 -1.08255476e-08 
 2.87137274e-06  2.03640702e-08  2.03640702e-08  2.03639134e-08  2.03640702e-08  2.31519574e-08  2.31519574e-08  2.03640701e-08  2.03631115e-08 
 2.87337274e-06 -1.12434023e-08 -1.12434023e-08 -1.12432508e-08 -1.12434023e-08 -1.40882484e-08 -1.40882483e-08 -1.12434023e-08 -1.12428014e-08 
 2.87537274e-06  2.07706528e-08  2.07706529e-08  2.07705069e-08  2.07706528e-08  2.36750218e-08  2.36750218e-08  2.07706528e-08  2.07704257e-08 
 2.87737274e-06 -1.16393275e-08 -1.16393275e-08 -1.16391879e-08 -1.16393275e-08 -1.45985165e-08 -1.45985164e-08 -1.16393275e-08 -1.16394914e-08 
 2.87937274e-06  2.11562631e-08  2.11562631e-08  2.11561301e-08  2.11562631e-08  2.41729610e-08  2.41729609e-08  2.11562631e-08  2.11568350e-08 
 2.88137274e-06 -1.20139916e-08 -1.20139916e-08 -1.20138660e-08 -1.20139916e-08 -1.50833362e-08 -1.50833362e-08 -1.20139916e-08 -1.20149879e-08 
 2.88337274e-06  2.15203217e-08  2.15203217e-08  2.15202039e-08  2.15203217e-08  2.46451265e-08  2.46451265e-08  2.15203216e-08  2.15217605e-08 
 2.88537274e-06 -1.23668656e-08 -1.23668656e-08 -1.23667563e-08 -1.23668656e-08 -1.55421195e-08 -1.55421194e-08 -1.23668655e-08 -1.23687621e-08 
 2.88737274e-06  2.18623483e-08  2.18623483e-08  2.18622479e-08  2.18623482e-08  2.50909884e-08  2.50909884e-08  2.18623482e-08  2.18647217e-08 
 2.88937274e-06 -1.26975174e-08 -1.26975173e-08 -1.26974267e-08 -1.26975173e-08 -1.59743934e-08 -1.59743935e-08 -1.26975173e-08 -1.27003817e-08 
 2.89137274e-06  2.21819572e-08  2.21819572e-08  2.21818766e-08  2.21819571e-08  2.55101289e-08  2.55101289e-08  2.21819570e-08  2.21853328e-08 
 2.89337274e-06 -1.30056073e-08 -1.30056073e-08 -1.30055375e-08 -1.30056072e-08 -1.63797945e-08 -1.63797945e-08 -1.30056071e-08 -1.30095070e-08 
 2.89537274e-06  2.24788534e-08  2.24788533e-08  2.24787950e-08  2.24788532e-08  2.59022362e-08  2.59022363e-08  2.24788531e-08  2.24832987e-08 
 2.89737274e-06 -1.32908840e-08 -1.32908840e-08 -1.32908376e-08 -1.32908838e-08 -1.67580619e-08 -1.67580619e-08 -1.32908837e-08 -1.32958863e-08 
 2.89937274e-06  2.27528276e-08  2.27528276e-08  2.27527938e-08  2.27528274e-08  2.62670991e-08  2.62670991e-08  2.27528274e-08  2.27584097e-08 
 2.90137274e-06 -1.35531795e-08 -1.35531796e-08 -1.35531590e-08 -1.35531794e-08 -1.71090321e-08 -1.71090321e-08 -1.35531793e-08 -1.35593512e-08 
 2.90337274e-06  2.30037521e-08  2.30037521e-08  2.30037454e-08  2.30037519e-08  2.66045998e-08  2.66045998e-08  2.30037519e-08  2.30105375e-08 
 2.90537274e-06 -1.37924053e-08 -1.37924053e-08 -1.37924130e-08 -1.37924051e-08 -1.74326320e-08 -1.74326320e-08 -1.37924050e-08 -1.37998124e-08 
 2.90737274e-06  2.32315758e-08  2.32315758e-08  2.32315986e-08  2.32315757e-08  2.69147086e-08  2.69147086e-08  2.32315756e-08  2.32396303e-08 
 2.90937274e-06 -1.40085467e-08 -1.40085467e-08 -1.40085852e-08 -1.40085466e-08 -1.77288737e-08 -1.77288737e-08 -1.40085464e-08 -1.40172548e-08 
 2.91137274e-06  2.34363197e-08  2.34363197e-08  2.34363745e-08  2.34363196e-08  2.71974777e-08  2.71974777e-08  2.34363194e-08  2.34457083e-08 
 2.91337274e-06 -1.42016591e-08 -1.42016591e-08 -1.42017307e-08 -1.42016589e-08 -1.79978481e-08 -1.79978481e-08 -1.42016588e-08 -1.42117325e-08 
 2.91537274e-06  2.36180722e-08  2.36180722e-08  2.36181615e-08  2.36180721e-08  2.74530355e-08  2.74530355e-08  2.36180719e-08  2.36288590e-08 
 2.91737274e-06 -1.43718626e-08 -1.43718626e-08 -1.43719700e-08 -1.43718625e-08 -1.82397195e-08 -1.82397195e-08 -1.43718623e-08 -1.43833651e-08 
 2.91937274e-06  2.37769845e-08  2.37769845e-08  2.37771107e-08  2.37769844e-08  2.76815809e-08  2.76815809e-08  2.37769842e-08  2.37892326e-08 
 2.92137274e-06 -1.45193383e-08 -1.45193383e-08 -1.45194838e-08 -1.45193382e-08 -1.84547197e-08 -1.84547197e-08 -1.45193379e-08 -1.45323322e-08 
 2.92337274e-06  2.39132662e-08  2.39132663e-08  2.39134318e-08  2.39132662e-08  2.78833776e-08  2.78833776e-08  2.39132659e-08  2.39270376e-08 
 2.92537274e-06 -1.46443230e-08 -1.46443230e-08 -1.46445090e-08 -1.46443228e-08 -1.86431428e-08 -1.86431428e-08 -1.46443226e-08 -1.46588696e-08 
 2.92737274e-06  2.40271808e-08  2.40271808e-08  2.40273882e-08  2.40271807e-08  2.80587492e-08  2.80587492e-08  2.40271804e-08  2.40425360e-08 
 2.92937274e-06 -1.47471050e-08 -1.47471050e-08 -1.47473340e-08 -1.47471049e-08 -1.88053400e-08 -1.88053399e-08 -1.47471047e-08 -1.47632645e-08 
 2.93137274e-06  2.41190410e-08  2.41190410e-08  2.41192925e-08  2.41190409e-08  2.82080736e-08  2.82080736e-08  2.41190406e-08  2.41360395e-08 
 2.93337274e-06 -1.48280205e-08 -1.48280205e-08 -1.48282947e-08 -1.48280204e-08 -1.89417142e-08 -1.89417142e-08 -1.48280201e-08 -1.48458513e-08 
 2.93537274e-06  2.41892052e-08  2.41892052e-08  2.41895031e-08  2.41892051e-08  2.83317782e-08  2.83317782e-08  2.41892048e-08  2.42079049e-08 
 2.93737274e-06 -1.48874484e-08 -1.48874483e-08 -1.48877702e-08 -1.48874483e-08 -1.90527156e-08 -1.90527155e-08 -1.48874480e-08 -1.49070076e-08 
 2.93937274e-06  2.42380728e-08  2.42380728e-08  2.42384194e-08  2.42380727e-08  2.84303353e-08  2.84303352e-08  2.42380724e-08  2.42585300e-08 
 2.94137274e-06 -1.49258070e-08 -1.49258070e-08 -1.49261787e-08 -1.49258069e-08 -1.91388368e-08 -1.91388367e-08 -1.49258066e-08 -1.49471503e-08 
 2.94337274e-06  2.42660806e-08  2.42660806e-08  2.42664782e-08  2.42660805e-08  2.85042573e-08  2.85042572e-08  2.42660802e-08  2.42883502e-08 
 2.94537274e-06 -1.49435503e-08 -1.49435503e-08 -1.49439740e-08 -1.49435502e-08 -1.92006083e-08 -1.92006083e-08 -1.49435499e-08 -1.49667315e-08 
 2.94737274e-06  2.42736990e-08  2.42736990e-08  2.42741499e-08  2.42736989e-08  2.85540925e-08  2.85540925e-08  2.42736986e-08  2.42978340e-08 
 2.94937274e-06 -1.49457794e-08 -1.49457794e-08 -1.49462575e-08 -1.49457793e-08 -1.92445357e-08 -1.92445357e-08 -1.49457790e-08 -1.49708578e-08 
 2.95137274e-06  2.42537001e-08  2.42537001e-08  2.42542061e-08  2.42537000e-08  2.85713026e-08  2.85713026e-08  2.42536997e-08  2.42797429e-08 
 2.95337274e-06 -1.49237338e-08 -1.49237338e-08 -1.49242682e-08 -1.49237337e-08 -1.92593052e-08 -1.92593051e-08 -1.49237333e-08 -1.49507536e-08 
 2.95537274e-06  2.42220475e-08  2.42220475e-08  2.42226108e-08  2.42220474e-08  2.85747084e-08  2.85747083e-08  2.42220470e-08  2.42500562e-08 
 2.95737274e-06 -1.48826081e-08 -1.48826081e-08 -1.48832008e-08 -1.48826080e-08 -1.92515015e-08 -1.92515014e-08 -1.48826077e-08 -1.49116181e-08 
 2.95937274e-06  2.41715962e-08  2.41715962e-08  2.41722187e-08  2.41715961e-08  2.85558597e-08  2.85558596e-08  2.41715957e-08  2.42016177e-08 
 2.96137274e-06 -1.48229786e-08 -1.48229786e-08 -1.48236315e-08 -1.48229785e-08 -1.92217670e-08 -1.92217669e-08 -1.48229781e-08 -1.48540218e-08 
 2.96337274e-06  2.41029475e-08  2.41029475e-08  2.41036312e-08  2.41029474e-08  2.85154086e-08  2.85154086e-08  2.41029470e-08  2.41350214e-08 
 2.96537274e-06 -1.47454688e-08 -1.47454688e-08 -1.47461836e-08 -1.47454687e-08 -1.91707630e-08 -1.91707630e-08 -1.47454683e-08 -1.47785831e-08 
 2.96737274e-06  2.40167412e-08  2.40167413e-08  2.40174876e-08  2.40167412e-08  2.84540261e-08  2.84540260e-08  2.40167407e-08  2.40509048e-08 
 2.96937274e-06 -1.46507254e-08 -1.46507254e-08 -1.46515037e-08 -1.46507253e-08 -1.90991719e-08 -1.90991718e-08 -1.46507249e-08 -1.46859475e-08 
 2.97137274e-06  2.39136264e-08  2.39136264e-08  2.39144371e-08  2.39136264e-08  2.83724122e-08  2.83724122e-08  2.39136259e-08  2.39499156e-08 
 2.97337274e-06 -1.45393995e-08 -1.45393995e-08 -1.45402430e-08 -1.45393995e-08 -1.90077228e-08 -1.90077228e-08 -1.45393990e-08 -1.45767647e-08 
 2.97537274e-06  2.37942559e-08  2.37942559e-08  2.37951325e-08  2.37942559e-08  2.82713220e-08  2.82713220e-08  2.37942553e-08  2.38327051e-08 
 2.97737274e-06 -1.44121414e-08 -1.44121414e-08 -1.44130515e-08 -1.44121414e-08 -1.88971786e-08 -1.88971786e-08 -1.44121408e-08 -1.44516843e-08 
 2.97937274e-06  2.36592689e-08  2.36592689e-08  2.36602130e-08  2.36592689e-08  2.81515172e-08  2.81515173e-08  2.36592683e-08  2.36999153e-08 
 2.98137274e-06 -1.42695767e-08 -1.42695767e-08 -1.42705552e-08 -1.42695767e-08 -1.87682999e-08 -1.87682998e-08 -1.42695761e-08 -1.43113367e-08 
 2.98337274e-06  2.35092803e-08  2.35092803e-08  2.35102935e-08  2.35092803e-08  2.80137568e-08  2.80137569e-08  2.35092797e-08  2.35521629e-08 
 2.98500000e-06 -1.40933881e-08 -1.40933881e-08 -1.40944445e-08 -1.40933881e-08 -1.86039723e-08 -1.86039723e-08 -1.40933875e-08 -1.41376635e-08 
 2.98520000e-06  4.44088485e-09  4.44088491e-09  4.44097649e-09  4.44088494e-09  4.45171071e-09  4.45171068e-09  4.44088490e-09  4.44382503e-09 
 2.98560000e-06  4.91465541e-09  4.91465539e-09  4.91455979e-09  4.91465538e-09  4.91165577e-09  4.91165572e-09  4.91465539e-09  4.91161109e-09 
 2.98640000e-06  4.38431285e-09  4.38431290e-09  4.38441004e-09  4.38431285e-09  4.38363173e-09  4.38363174e-09  4.38431279e-09  4.38739894e-09 
 2.98715030e-06  4.94955473e-09  4.94955468e-09  4.94945609e-09  4.94955468e-09  4.95399855e-09  4.95399851e-09  4.94955473e-09  4.94643136e-09 
 2.98769748e-06  4.34540171e-09  4.34540190e-09  4.34550194e-09  4.34540185e-09  4.33605877e-09  4.33605872e-09  4.34540182e-09  4.34856457e-09 
 2.98811443e-06  4.99570550e-09  4.99570533e-09  4.99560409e-09  4.99570539e-09  5.01104752e-09  5.01104750e-09  4.99570540e-09  4.99250881e-09 
 2.98850989e-06  4.28630139e-09  4.28630157e-09  4.28640321e-09  4.28630143e-09  4.26513754e-09  4.26513759e-09  4.28630140e-09  4.28951618e-09 
 2.98885200e-06  5.13594856e-09  5.13594831e-09  5.13584720e-09  5.13594858e-09  5.16315187e-09  5.16315182e-09  5.13594857e-09  5.13273329e-09 
 2.98908032e-06  3.53470602e-09  3.53470631e-09  3.53480525e-09  3.53470613e-09  3.50118432e-09  3.50118428e-09  3.53470606e-09  3.53781878e-09 
 2.98931880e-06  8.00230627e-09  8.00230584e-09  8.00221075e-09  8.00230591e-09  8.03517388e-09  8.03517393e-09  8.00230605e-09  7.99957805e-09 
 2.98948797e-06 -9.43374006e-09 -9.43373967e-09 -9.43365171e-09 -9.43373973e-09 -9.44290951e-09 -9.44290955e-09 -9.43373977e-09 -9.43254497e-09 
 2.98966817e-06  4.34018287e-08  4.34018286e-08  4.34017486e-08  4.34018288e-08  4.33554015e-08  4.33554016e-08  4.34018286e-08  4.34034555e-08 
 2.98986546e-06 -7.45677074e-08 -7.45677073e-08 -7.45676348e-08 -7.45677073e-08 -7.44404302e-08 -7.44404302e-08 -7.45677073e-08 -7.45729425e-08 
 2.99000000e-06  1.79334108e-07  1.79334108e-07  1.79334043e-07  1.79334108e-07  1.79052737e-07  1.79052737e-07  1.79334108e-07  1.79344939e-07 
 2.99002198e-06 -2.40172381e-07 -2.40172381e-07 -2.40172354e-07 -2.40172382e-07 -2.39995211e-07 -2.39995211e-07 -2.40172381e-07 -2.40199102e-07 
 2.99006594e-06  2.93393914e-07  2.93393914e-07  2.93393819e-07  2.93393914e-07  2.93577183e-07  2.93577184e-07  2.93393915e-07  2.93539391e-07 
 2.99015386e-06 -2.49518145e-07 -2.49518145e-07 -2.49518030e-07 -2.49518145e-07 -2.50010114e-07 -2.50010114e-07 -2.49518148e-07 -2.49798367e-07 
 2.99032970e-06  2.32081838e-07  2.32081838e-07  2.32081724e-07  2.32081838e-07  2.32745192e-07  2.32745192e-07  2.32081842e-07  2.32453077e-07 
 2.99068137e-06 -2.07957691e-07 -2.07957691e-07 -2.07957581e-07 -2.07957691e-07 -2.08709356e-07 -2.08709356e-07 -2.07957695e-07 -2.08380088e-07 
 2.99138473e-06  2.09642806e-07  2.09642806e-07  2.09642700e-07  2.09642806e-07  2.10438938e-07  2.10438938e-07  2.09642811e-07  2.10092011e-07 
 2.99257292e-06 -1.95747468e-07 -1.95747468e-07 -1.95747364e-07 -1.95747468e-07 -1.96570015e-07 -1.96570015e-07 -1.95747473e-07 -1.96212917e-07 
 2.99446152e-06  2.02166191e-07  2.02166191e-07  2.02166089e-07  2.02166191e-07  2.03005369e-07  2.03005369e-07  2.02166196e-07  2.02641987e-07 
 2.99646152e-06 -1.90099955e-07 -1.90099955e-07 -1.90099854e-07 -1.90099955e-07 -1.90954852e-07 -1.90954852e-07 -1.90099960e-07 -1.90585615e-07 
 2.99846152e-06  1.96657809e-07  1.96657809e-07  1.96657709e-07  1.96657809e-07  1.97528425e-07  1.97528425e-07  1.96657814e-07  1.97153414e-07 
 3.00046152e-06 -1.84571765e-07 -1.84571765e-07 -1.84571667e-07 -1.84571765e-07 -1.85458110e-07 -1.85458110e-07 -1.84571770e-07 -1.85077401e-07 
 3.00246152e-06  1.91111846e-07  1.91111846e-07  1.91111750e-07  1.91111846e-07  1.92013914e-07  1.92013914e-07  1.91111852e-07  1.91627588e-07 
 3.00446152e-06 -1.79010030e-07 -1.79010030e-07 -1.79009936e-07 -1.79010030e-07 -1.79927823e-07 -1.79927823e-07 -1.79010036e-07 -1.79535960e-07 
 3.00646152e-06  1.85536283e-07  1.85536283e-07  1.85536191e-07  1.85536283e-07  1.86469790e-07  1.86469790e-07  1.85536290e-07  1.86072470e-07 
 3.00846152e-06 -1.73422557e-07 -1.73422557e-07 -1.73422467e-07 -1.73422557e-07 -1.74371774e-07 -1.74371774e-07 -1.73422563e-07 -1.73969076e-07 
 3.01046152e-06  1.79938754e-07  1.79938754e-07  1.79938666e-07  1.79938754e-07  1.80903663e-07  1.80903663e-07  1.79938761e-07  1.80495670e-07 
 3.01246152e-06 -1.67816805e-07 -1.67816805e-07 -1.67816719e-07 -1.67816805e-07 -1.68797396e-07 -1.68797396e-07 -1.67816812e-07 -1.68384188e-07 
 3.01446152e-06  1.74326546e-07  1.74326546e-07  1.74326463e-07  1.74326547e-07  1.75322795e-07  1.75322795e-07  1.74326554e-07  1.74904454e-07 
 3.01646152e-06 -1.62199891e-07 -1.62199891e-07 -1.62199810e-07 -1.62199891e-07 -1.63211782e-07 -1.63211782e-07 -1.62199898e-07 -1.62788388e-07 
 3.01846152e-06  1.68706607e-07  1.68706607e-07  1.68706528e-07  1.68706607e-07  1.69734110e-07  1.69734110e-07  1.68706614e-07  1.69305746e-07 
 3.02046152e-06 -1.56578594e-07 -1.56578594e-07 -1.56578518e-07 -1.56578594e-07 -1.57621687e-07 -1.57621687e-07 -1.56578602e-07 -1.57188434e-07 
 3.02246152e-06  1.63085547e-07  1.63085547e-07  1.63085473e-07  1.63085547e-07  1.64144195e-07  1.64144195e-07  1.63085555e-07  1.63706134e-07 
 3.02446152e-06 -1.50959360e-07 -1.50959360e-07 -1.50959289e-07 -1.50959360e-07 -1.52033533e-07 -1.52033533e-07 -1.50959368e-07 -1.51590747e-07 
 3.02646152e-06  1.57469650e-07  1.57469650e-07  1.57469582e-07  1.57469651e-07  1.58559308e-07  1.58559308e-07  1.57469659e-07  1.58111879e-07 
 3.02846152e-06 -1.45348309e-07 -1.45348310e-07 -1.45348244e-07 -1.45348310e-07 -1.46453417e-07 -1.46453417e-07 -1.45348318e-07 -1.46001425e-07 
 3.03046152e-06  1.51864878e-07  1.51864878e-07  1.51864815e-07  1.51864878e-07  1.52985387e-07  1.52985387e-07  1.51864886e-07  1.52528916e-07 
 3.03246152e-06 -1.39751246e-07 -1.39751246e-07 -1.39751186e-07 -1.39751246e-07 -1.40887117e-07 -1.40887117e-07 -1.39751255e-07 -1.40426247e-07 
 3.03446152e-06  1.46276874e-07  1.46276874e-07  1.46276818e-07  1.46276874e-07  1.47428054e-07  1.47428054e-07  1.46276883e-07  1.46962869e-07 
 3.03646152e-06 -1.34173659e-07 -1.34173659e-07 -1.34173606e-07 -1.34173659e-07 -1.35340100e-07 -1.35340100e-07 -1.34173669e-07 -1.34870680e-07 
 3.03846152e-06  1.40710979e-07  1.40710979e-07  1.40710929e-07  1.40710979e-07  1.41892624e-07  1.41892624e-07  1.40710989e-07  1.41419051e-07 
 3.04046152e-06 -1.28620738e-07 -1.28620738e-07 -1.28620690e-07 -1.28620738e-07 -1.29817532e-07 -1.29817532e-07 -1.28620747e-07 -1.29339887e-07 
 3.04246152e-06  1.35172231e-07  1.35172231e-07  1.35172187e-07  1.35172231e-07  1.36384112e-07  1.36384112e-07  1.35172241e-07  1.35902477e-07 
 3.04446152e-06 -1.23097374e-07 -1.23097374e-07 -1.23097333e-07 -1.23097374e-07 -1.24324282e-07 -1.24324282e-07 -1.23097384e-07 -1.23838737e-07 
 3.04646152e-06  1.29665378e-07  1.29665378e-07  1.29665341e-07  1.29665378e-07  1.30907245e-07  1.30907244e-07  1.29665389e-07  1.30417872e-07 
 3.04846152e-06 -1.17608172e-07 -1.17608172e-07 -1.17608139e-07 -1.17608173e-07 -1.18864932e-07 -1.18864932e-07 -1.17608183e-07 -1.18371812e-07 
 3.05046152e-06  1.24194885e-07  1.24194885e-07  1.24194856e-07  1.24194885e-07  1.25466463e-07  1.25466463e-07  1.24194896e-07  1.24969677e-07 
 3.05246152e-06 -1.12157461e-07 -1.12157461e-07 -1.12157435e-07 -1.12157461e-07 -1.13443787e-07 -1.13443787e-07 -1.12157472e-07 -1.12943414e-07 
 3.05446152e-06  1.18764944e-07  1.18764944e-07  1.18764922e-07  1.18764944e-07  1.20065938e-07  1.20065938e-07  1.18764956e-07  1.19562059e-07 
 3.05646152e-06 -1.06749297e-07 -1.06749298e-07 -1.06749279e-07 -1.06749298e-07 -1.08064883e-07 -1.08064883e-07 -1.06749309e-07 -1.07557577e-07 
 3.05846152e-06  1.13379480e-07  1.13379481e-07  1.13379466e-07  1.13379481e-07  1.14709573e-07  1.14709573e-07  1.13379492e-07  1.14198920e-07 
 3.06046152e-06 -1.01387478e-07 -1.01387478e-07 -1.01387467e-07 -1.01387478e-07 -1.02731994e-07 -1.02731994e-07 -1.01387490e-07 -1.02218075e-07 
 3.06246152e-06  1.08072180e-07  1.08072180e-07  1.08072173e-07  1.08072180e-07  1.09431472e-07  1.09431472e-07  1.08072192e-07  1.08914198e-07 
 3.06446152e-06 -9.60710392e-08 -9.60710393e-08 -9.60710366e-08 -9.60710393e-08 -9.74441645e-08 -9.74441645e-08 -9.60710518e-08 -9.69239406e-08 
 3.06646152e-06  1.02752217e-07  1.02752217e-07  1.02752219e-07  1.02752217e-07  1.04139493e-07  1.04139493e-07  1.02752230e-07  1.03616238e-07 
 3.06846152e-06 -9.08128968e-08 -9.08128968e-08 -9.08129026e-08 -9.08128970e-08 -9.22142302e-08 -9.22142301e-08 -9.08129099e-08 -9.16880223e-08 
 3.07046152e-06  9.75217844e-08  9.75217844e-08  9.75217945e-08  9.75217846e-08  9.89370761e-08  9.89370760e-08  9.75217978e-08  9.84079928e-08 
 3.07246152e-06 -8.56109413e-08 -8.56109413e-08 -8.56109557e-08 -8.56109415e-08 -8.70400932e-08 -8.70400932e-08 -8.56109549e-08 -8.65082121e-08 
 3.07446152e-06  9.23489905e-08  9.23489905e-08  9.23490092e-08  9.23489907e-08  9.37918989e-08  9.37918988e-08  9.23490044e-08  9.32572963e-08 
 3.07646152e-06 -8.04680212e-08 -8.04680213e-08 -8.04680445e-08 -8.04680214e-08 -8.19245829e-08 -8.19245828e-08 -8.04680354e-08 -8.13873359e-08 
 3.07846152e-06  8.72365739e-08  8.72365740e-08  8.72366017e-08  8.72365742e-08  8.87066804e-08  8.87066803e-08  8.72365884e-08  8.81668646e-08 
 3.08046152e-06 -7.53867672e-08 -7.53867673e-08 -7.53867995e-08 -7.53867674e-08 -7.68703104e-08 -7.68703103e-08 -7.53867819e-08 -7.63280020e-08 
 3.08246152e-06  8.21870597e-08  8.21870598e-08  8.21870966e-08  8.21870599e-08  8.36839266e-08  8.36839266e-08  8.21870746e-08  8.31392003e-08 
 3.08446152e-06 -7.03696004e-08 -7.03696005e-08 -7.03696421e-08 -7.03696006e-08 -7.18796783e-08 -7.18796782e-08 -7.03696156e-08 -7.13326094e-08 
 3.08646152e-06  7.72027673e-08  7.72027674e-08  7.72028137e-08  7.72027675e-08  7.87259389e-08  7.87259389e-08  7.72027828e-08  7.81766013e-08 
 3.08846152e-06 -6.54187409e-08 -6.54187410e-08 -6.54187920e-08 -6.54187411e-08 -6.69548887e-08 -6.69548887e-08 -6.54187566e-08 -6.64033570e-08 
 3.09046152e-06  7.22858197e-08  7.22858198e-08  7.22858756e-08  7.22858199e-08  7.38348223e-08  7.38348223e-08  7.22858356e-08  7.32811693e-08 
 3.09246152e-06 -6.05362163e-08 -6.05362164e-08 -6.05362772e-08 -6.05362166e-08 -6.20979519e-08 -6.20979518e-08 -6.05362326e-08 -6.15422514e-08 
 3.09446152e-06  6.74381512e-08  6.74381513e-08  6.74382169e-08  6.74381514e-08  6.90124941e-08  6.90124941e-08  6.74381677e-08  6.84548181e-08 
 3.09646152e-06 -5.57238699e-08 -5.57238700e-08 -5.57239406e-08 -5.57238702e-08 -5.73106940e-08 -5.73106940e-08 -5.57238867e-08 -5.67511152e-08 
 3.09846152e-06  6.26615159e-08  6.26615159e-08  6.26615915e-08  6.26615161e-08  6.42606919e-08  6.42606918e-08  6.26615330e-08  6.36992812e-08 
 3.10046152e-06 -5.09833684e-08 -5.09833684e-08 -5.09834491e-08 -5.09833686e-08 -5.25947657e-08 -5.25947657e-08 -5.09833858e-08 -5.20315952e-08 
 3.10246152e-06  5.79574952e-08  5.79574953e-08  5.79575811e-08  5.79574955e-08  5.95809810e-08  5.95809810e-08  5.79575129e-08  5.90161206e-08 
 3.10446152e-06 -4.63162099e-08 -4.63162099e-08 -4.63163008e-08 -4.63162101e-08 -4.79516495e-08 -4.79516495e-08 -4.63162278e-08 -4.73851703e-08 
 3.10646152e-06  5.33275061e-08  5.33275062e-08  5.33276022e-08  5.33275063e-08  5.49747632e-08  5.49747631e-08  5.33275243e-08  5.44067339e-08 
 3.10846152e-06 -4.17237318e-08 -4.17237318e-08 -4.17238331e-08 -4.17237320e-08 -4.33826678e-08 -4.33826677e-08 -4.17237503e-08 -4.28131587e-08 
 3.11046152e-06  4.87728082e-08  4.87728082e-08  4.87729147e-08  4.87728084e-08  5.04432833e-08  5.04432832e-08  4.87728269e-08  4.98723621e-08 
 3.11246152e-06 -3.72071178e-08 -3.72071178e-08 -3.72072296e-08 -3.72071180e-08 -3.88889899e-08 -3.88889898e-08 -3.72071368e-08 -3.83167257e-08 
 3.11446152e-06  4.42945109e-08  4.42945110e-08  4.42946282e-08  4.42945112e-08  4.59876370e-08  4.59876369e-08  4.42945303e-08  4.54140967e-08 
 3.11646152e-06 -3.27607057e-08 -3.27607057e-08 -3.27608282e-08 -3.27607059e-08 -3.44643967e-08 -3.44643967e-08 -3.27607253e-08 -3.38898295e-08 
 3.11846152e-06  3.98973063e-08  3.98973064e-08  3.98974342e-08  3.98973065e-08  4.16124810e-08  4.16124810e-08  3.98973262e-08  4.10365932e-08 
 3.12046152e-06 -2.84089745e-08 -2.84089746e-08 -2.84091079e-08 -2.84089748e-08 -3.01349639e-08 -3.01349638e-08 -2.84089947e-08 -2.95580008e-08 
 3.12246152e-06  3.55741048e-08  3.55741049e-08  3.55742437e-08  3.55741050e-08  3.73107597e-08  3.73107597e-08  3.55741253e-08  3.67327858e-08 
 3.12446152e-06 -2.41251833e-08 -2.41251833e-08 -2.41253276e-08 -2.41251835e-08 -2.58723515e-08 -2.58723515e-08 -2.41252040e-08 -2.52934330e-08 
 3.12646152e-06  3.13298571e-08  3.13298572e-08  3.13300070e-08  3.13298573e-08  3.30873868e-08  3.30873867e-08  3.13298781e-08  3.25075871e-08 
 3.12846152e-06 -1.99206472e-08 -1.99206472e-08 -1.99208026e-08 -1.99206474e-08 -2.16883831e-08 -2.16883831e-08 -1.99206685e-08 -2.11077673e-08 
 3.13046152e-06  2.71701600e-08  2.71701601e-08  2.71703210e-08  2.71701602e-08  2.89485129e-08  2.89485129e-08  2.71701816e-08  2.83669606e-08 
 3.13246152e-06 -1.57922732e-08 -1.57922733e-08 -1.57924398e-08 -1.57922734e-08 -1.75799745e-08 -1.75799745e-08 -1.57922951e-08 -1.69979132e-08 
 3.13446152e-06  2.30770389e-08  2.30770390e-08  2.30772111e-08  2.30770391e-08  2.48744757e-08  2.48744757e-08  2.30770611e-08  2.42917859e-08 
 3.13646152e-06 -1.17481563e-08 -1.17481564e-08 -1.17483342e-08 -1.17481565e-08 -1.35551680e-08 -1.35551680e-08 -1.17481788e-08 -1.29719129e-08 
 3.13846152e-06  1.90730861e-08  1.90730862e-08  1.90732697e-08  1.90730864e-08  2.08895137e-08  2.08895137e-08  1.90731089e-08  2.03057532e-08 
 3.14046152e-06 -7.78445371e-09 -7.78445382e-09 -7.78464293e-09 -7.78445392e-09 -9.61013403e-09 -9.61013405e-09 -7.78447679e-09 -9.02593010e-09 
 3.14246152e-06  1.51496606e-08  1.51496607e-08  1.51498555e-08  1.51496608e-08  1.69844325e-08  1.69844325e-08  1.51496839e-08  1.63998439e-08 
 3.14446152e-06 -3.90180407e-09 -3.90180418e-09 -3.90200469e-09 -3.90180427e-09 -5.74506393e-09 -5.74506392e-09 -3.90182772e-09 -5.16019616e-09 
 3.14646152e-06  1.13077867e-08  1.13077868e-08  1.13079930e-08  1.13077869e-08  1.31593748e-08  1.31593748e-08  1.13078106e-08  1.25742852e-08 
 3.14846152e-06 -1.03177488e-10 -1.03177537e-10 -1.03389442e-10 -1.03177665e-10 -1.96277859e-09 -1.96277858e-09 -1.03201673e-10 -1.37766548e-09 
 3.15046152e-06  7.55057239e-09  7.55057240e-09  7.55079003e-09  7.55057255e-09  9.41802471e-09  9.41802470e-09  7.55059681e-09  8.83294598e-09 
 3.15246152e-06  3.61598875e-09  3.61598874e-09  3.61576538e-09  3.61598861e-09  1.74083127e-09  1.74083131e-09  3.61596405e-09  2.32582369e-09 
 3.15446152e-06  3.87259098e-09  3.87259099e-09  3.87282013e-09  3.87259112e-09  5.75572155e-09  5.75572155e-09  3.87261594e-09  5.17083154e-09 
 3.15646152e-06  7.25115657e-09  7.25115656e-09  7.25092159e-09  7.25115649e-09  5.36022847e-09  5.36022850e-09  7.25113129e-09  5.94495956e-09 
 3.15846152e-06  2.77660478e-10  2.77660492e-10  2.77901352e-10  2.77660591e-10  2.17636542e-09  2.17636543e-09  2.77686041e-10  1.59170454e-09 
 3.16046152e-06  1.08059010e-08  1.08059010e-08  1.08056543e-08  1.08059009e-08  8.89959735e-09  8.89959730e-09  1.08058751e-08  9.48413157e-09 
 3.16246152e-06 -3.23694809e-09 -3.23694810e-09 -3.23669553e-09 -3.23694796e-09 -1.32321123e-09 -1.32321121e-09 -3.23692195e-09 -1.90756522e-09 
 3.16446152e-06  1.42850888e-08  1.42850888e-08  1.42848303e-08  1.42850887e-08  1.23635032e-08  1.23635032e-08  1.42850623e-08  1.29478047e-08 
 3.16646152e-06 -6.66620244e-09 -6.66620247e-09 -6.66593829e-09 -6.66620235e-09 -4.73874646e-09 -4.73874640e-09 -6.66617572e-09 -5.32239046e-09 
 3.16846152e-06  1.76810472e-08  1.76810472e-08  1.76807770e-08  1.76810472e-08  1.57454629e-08  1.57454628e-08  1.76810202e-08  1.63291338e-08 
 3.17046152e-06 -1.00234716e-08 -1.00234715e-08 -1.00231957e-08 -1.00234715e-08 -8.08177232e-09 -8.08177226e-09 -1.00234443e-08 -8.66486359e-09 
 3.17246152e-06  2.09875083e-08  2.09875083e-08  2.09872265e-08  2.09875082e-08  1.90392504e-08  1.90392504e-08  2.09874807e-08  1.96218953e-08 
 3.17446152e-06 -1.32992719e-08 -1.32992719e-08 -1.32989842e-08 -1.32992718e-08 -1.13446246e-08 -1.13446246e-08 -1.32992440e-08 -1.19267728e-08 
 3.17646152e-06  2.42316714e-08  2.42316713e-08  2.42313776e-08  2.42316712e-08  2.22702085e-08  2.22702086e-08  2.42316431e-08  2.28519907e-08 
 3.17846152e-06 -1.64932144e-08 -1.64932144e-08 -1.64929149e-08 -1.64932143e-08 -1.45263451e-08 -1.45263450e-08 -1.64931859e-08 -1.51073444e-08 
 3.18046152e-06  2.73875586e-08  2.73875586e-08  2.73872532e-08  2.73875585e-08  2.54142213e-08  2.54142213e-08  2.73875299e-08  2.59947545e-08 
 3.18246152e-06 -1.96027235e-08 -1.96027235e-08 -1.96024124e-08 -1.96027234e-08 -1.76249483e-08 -1.76249483e-08 -1.96026945e-08 -1.82044189e-08 
 3.18446152e-06  3.04685752e-08  3.04685751e-08  3.04682580e-08  3.04685751e-08  2.84840458e-08  2.84840457e-08  3.04685458e-08  2.90631365e-08 
 3.18646152e-06 -2.26429000e-08 -2.26428999e-08 -2.26425772e-08 -2.26428999e-08 -2.06542935e-08 -2.06542935e-08 -2.26428703e-08 -2.12322264e-08 
 3.18846152e-06  3.34610471e-08  3.34610471e-08  3.34607183e-08  3.34610471e-08  3.14666536e-08  3.14666536e-08  3.34610172e-08  3.20439291e-08 
 3.19046152e-06 -2.56085831e-08 -2.56085830e-08 -2.56082485e-08 -2.56085830e-08 -2.36098334e-08 -2.36098334e-08 -2.56085529e-08 -2.41860415e-08 
 3.19246152e-06  3.64009152e-08  3.64009151e-08  3.64005746e-08  3.64009152e-08  3.43961099e-08  3.43961099e-08  3.64008847e-08  3.49717476e-08 
 3.19446152e-06 -2.84945217e-08 -2.84945216e-08 -2.84941755e-08 -2.84945217e-08 -2.64863628e-08 -2.64863628e-08 -2.84944910e-08 -2.70606592e-08 
 3.19646152e-06  3.92506434e-08  3.92506433e-08  3.92502912e-08  3.92506434e-08  3.72367790e-08  3.72367790e-08  3.92506124e-08  3.78104128e-08 
 3.19846152e-06 -3.13045999e-08 -3.13045998e-08 -3.13042420e-08 -3.13045998e-08 -2.92877428e-08 -2.92877428e-08 -3.13045686e-08 -2.98599471e-08 
 3.20046152e-06  4.20248303e-08  4.20248302e-08  4.20244665e-08  4.20248303e-08  4.00026184e-08  4.00026184e-08  4.20247987e-08  4.05740702e-08 
 3.20246152e-06 -3.40395632e-08 -3.40395631e-08 -3.40391938e-08 -3.40395632e-08 -3.20147190e-08 -3.20147190e-08 -3.40395313e-08 -3.25846554e-08 
 3.20446152e-06  4.47242402e-08  4.47242402e-08  4.47238649e-08  4.47242402e-08  4.26943921e-08  4.26943920e-08  4.47242081e-08  4.32634881e-08 
 3.20646152e-06 -3.67001927e-08 -3.67001926e-08 -3.66998118e-08 -3.67001927e-08 -3.46680718e-08 -3.46680718e-08 -3.67001603e-08 -3.52355689e-08 
 3.20846152e-06  4.73496715e-08  4.73496714e-08  4.73492846e-08  4.73496714e-08  4.53128974e-08  4.53128974e-08  4.73496388e-08  4.58794683e-08 
 3.21046152e-06 -3.92873022e-08 -3.92873021e-08 -3.92869098e-08 -3.92873022e-08 -3.72486141e-08 -3.72486140e-08 -3.92872692e-08 -3.78135048e-08 
 3.21246152e-06  4.99019535e-08  4.99019534e-08  4.99015552e-08  4.99019534e-08  4.78589628e-08  4.78589628e-08  4.99019202e-08  4.84228436e-08 
 3.21446152e-06 -4.18017352e-08 -4.18017351e-08 -4.18013315e-08 -4.18017352e-08 -3.97571877e-08 -3.97571876e-08 -4.18017017e-08 -4.03193093e-08 
 3.21646152e-06  5.23819445e-08  5.23819445e-08  5.23815348e-08  5.23819445e-08  5.03334445e-08  5.03334445e-08  5.23819107e-08  5.08944745e-08 
 3.21846152e-06 -4.42443628e-08 -4.42443627e-08 -4.42439477e-08 -4.42443627e-08 -4.21946616e-08 -4.21946616e-08 -4.42443287e-08 -4.27538557e-08 
 3.22046152e-06  5.47905288e-08  5.47905287e-08  5.47901078e-08  5.47905288e-08  5.27372246e-08  5.27372246e-08  5.47904945e-08  5.32952474e-08 
 3.22246152e-06 -4.66160805e-08 -4.66160804e-08 -4.66156542e-08 -4.66160805e-08 -4.45619291e-08 -4.45619291e-08 -4.66160459e-08 -4.51180417e-08 
 3.22446152e-06  5.71286142e-08  5.71286141e-08  5.71281820e-08  5.71286141e-08  5.50712082e-08  5.50712081e-08  5.71285792e-08  5.56260718e-08 
 3.22646152e-06 -4.89178067e-08 -4.89178066e-08 -4.89173692e-08 -4.89178067e-08 -4.68599055e-08 -4.68599055e-08 -4.89177715e-08 -4.74127864e-08 
 3.22846152e-06  5.93971298e-08  5.93971298e-08  5.93966865e-08  5.93971298e-08  5.73363211e-08  5.73363211e-08  5.93970944e-08  5.78878777e-08 
 3.23046152e-06 -5.11504797e-08 -5.11504796e-08 -5.11500311e-08 -5.11504797e-08 -4.90895256e-08 -4.90895255e-08 -5.11504440e-08 -4.96390293e-08 
 3.23246152e-06  6.15970241e-08  6.15970240e-08  6.15965697e-08  6.15970241e-08  5.95335083e-08  5.95335082e-08  6.15969881e-08  6.00816139e-08 
 3.23446152e-06 -5.33150560e-08 -5.33150559e-08 -5.33145964e-08 -5.33150559e-08 -5.12517421e-08 -5.12517420e-08 -5.33150197e-08 -5.17977271e-08 
 3.23646152e-06  6.37292622e-08  6.37292621e-08  6.37287969e-08  6.37292622e-08  6.16637308e-08  6.16637307e-08  6.37292256e-08  6.22082461e-08 
 3.23846152e-06 -5.54125079e-08 -5.54125078e-08 -5.54120374e-08 -5.54125078e-08 -5.33475231e-08 -5.33475231e-08 -5.54124710e-08 -5.38898520e-08 
 3.24000000e-06  6.61051923e-08  6.61051922e-08  6.61047146e-08  6.61051923e-08  6.40380010e-08  6.40380009e-08  6.61051551e-08  6.45782709e-08 
 3.24020000e-06  2.27600902e-09  2.27600900e-09  2.27602179e-09  2.27600895e-09  2.27448139e-09  2.27448148e-09  2.27600960e-09  2.27985895e-09 
 3.24060000e-06  6.86370385e-09  6.86370387e-09  6.86369145e-09  6.86370390e-09  6.86716398e-09  6.86716391e-09  6.86370333e-09  6.86142026e-09 
 3.24140000e-06  2.54049098e-09  2.54049103e-09  2.54050332e-09  2.54049098e-09  2.53607281e-09  2.53607288e-09  2.54049160e-09  2.54198589e-09 
 3.24246255e-06  6.71056744e-09  6.71056737e-09  6.71055519e-09  6.71056734e-09  6.71547706e-09  6.71547701e-09  6.71056678e-09  6.70966854e-09 
 3.24341488e-06  2.67921326e-09  2.67921331e-09  2.67922533e-09  2.67921331e-09  2.67572893e-09  2.67572899e-09  2.67921387e-09  2.67944555e-09 
 3.24437400e-06  6.56120421e-09  6.56120416e-09  6.56119232e-09  6.56120418e-09  6.55680754e-09  6.55680753e-09  6.56120359e-09  6.56163468e-09 
 3.24500000e-06  2.88977261e-09  2.88977273e-09  2.88978422e-09  2.88977270e-09  2.93656055e-09  2.93656057e-09  2.88977323e-09  2.88832866e-09 
 3.24509703e-06  4.38368279e-09  4.38368271e-09  4.38368297e-09  4.38368281e-09  4.07747117e-09  4.07747118e-09  4.38368290e-09  4.38521537e-09 
 3.24529110e-06  4.77763609e-09  4.77763615e-09  4.77763883e-09  4.77763596e-09  5.46149158e-09  5.46149142e-09  4.77763590e-09  4.77654815e-09 
 3.24567924e-06  4.82728543e-09  4.82728549e-09  4.82727911e-09  4.82728559e-09  4.00708408e-09  4.00708423e-09  4.82728570e-09  4.82794678e-09 
 3.24626726e-06  4.18798360e-09  4.18798348e-09  4.18799366e-09  4.18798338e-09  5.04958701e-09  5.04958691e-09  4.18798330e-09  4.18769102e-09 
 3.24737424e-06  5.32695620e-09  5.32695631e-09  5.32694364e-09  5.32695642e-09  4.46135772e-09  4.46135776e-09  5.32695646e-09  5.32702580e-09 
 3.24937424e-06  3.86807811e-09  3.86807797e-09  3.86809230e-09  3.86807792e-09  4.73037711e-09  4.73037704e-09  3.86807786e-09  3.86813949e-09 
 3.25137424e-06  5.57822974e-09  5.57822984e-09  5.57821384e-09  5.57822992e-09  4.72313889e-09  4.72313894e-09  5.57822998e-09  5.57803240e-09 
 3.25337424e-06  3.60025338e-09  3.60025329e-09  3.60027116e-09  3.60025323e-09  4.44426619e-09  4.44426614e-09  3.60025317e-09  3.60059146e-09 
 3.25537424e-06  5.86249222e-09  5.86249230e-09  5.86247251e-09  5.86249235e-09  5.03337287e-09  5.03337289e-09  5.86249239e-09  5.86200904e-09 
 3.25737424e-06  3.29971552e-09  3.29971548e-09  3.29973741e-09  3.29971540e-09  4.11019585e-09  4.11019581e-09  3.29971531e-09  3.30034781e-09 
 3.25937424e-06  6.17909659e-09  6.17909666e-09  6.17907245e-09  6.17909674e-09  5.39091883e-09  5.39091890e-09  6.17909683e-09  6.17831156e-09 
 3.26137424e-06  2.96729692e-09  2.96729682e-09  2.96732343e-09  2.96729676e-09  3.72960217e-09  3.72960213e-09  2.96729670e-09  2.96823794e-09 
 3.26337424e-06  6.52703627e-09  6.52703632e-09  6.52700720e-09  6.52703643e-09  5.79407036e-09  5.79407040e-09  6.52703645e-09  6.52593634e-09 
 3.26537424e-06  2.60416731e-09  2.60416724e-09  2.60419908e-09  2.60416713e-09  3.30443829e-09  3.30443826e-09  2.60416708e-09  2.60542847e-09 
 3.26737424e-06  6.90498907e-09  6.90498909e-09  6.90495439e-09  6.90498922e-09  6.24065038e-09  6.24065042e-09  6.90498924e-09  6.90356471e-09 
 3.26937424e-06  2.21179047e-09  2.21179042e-09  2.21182814e-09  2.21179032e-09  2.83708331e-09  2.83708328e-09  2.21179027e-09  2.21337951e-09 
 3.27137424e-06  7.31136033e-09  7.31136041e-09  7.31131954e-09  7.31136051e-09  6.72809845e-09  6.72809850e-09  7.31136059e-09  7.30960571e-09 
 3.27337424e-06  1.79188149e-09  1.79188134e-09  1.79192553e-09  1.79188126e-09  2.33025928e-09  2.33025922e-09  1.79188120e-09  1.79380223e-09 
 3.27537424e-06  7.74432493e-09  7.74432503e-09  7.74427742e-09  7.74432513e-09  7.25354960e-09  7.25354965e-09  7.74432519e-09  7.74223801e-09 
 3.27737424e-06  1.34636581e-09  1.34636568e-09  1.34641694e-09  1.34636559e-09  1.78695663e-09  1.78695653e-09  1.34636556e-09  1.34861843e-09 
 3.27937424e-06  8.20186635e-09  8.20186644e-09  8.20181149e-09  8.20186654e-09  7.81390451e-09  7.81390461e-09  8.20186657e-09  8.19944913e-09 
 3.28137424e-06  8.77341507e-10  8.77341495e-10  8.77400290e-10  8.77341345e-10  1.21036753e-09  1.21036751e-09  8.77341304e-10  8.79921815e-10 
 3.28337424e-06  8.68181431e-09  8.68181437e-09  8.68175157e-09  8.68181448e-09  8.40589294e-09  8.40589299e-09  8.68181452e-09  8.67907300e-09 
 3.28537424e-06  3.87042481e-10  3.87042396e-10  3.87109303e-10  3.87042314e-10  6.03826818e-10  6.03826767e-10  3.87042278e-10  3.89942149e-10 
 3.28737424e-06  9.18187974e-09  9.18187977e-09  9.18180867e-09  9.18187987e-09  9.02612869e-09  9.02612876e-09  9.18187989e-09  9.17882479e-09 
 3.28937424e-06 -1.22231131e-10 -1.22231167e-10 -1.22155744e-10 -1.22231273e-10 -2.92482426e-11 -2.92482779e-11 -1.22231300e-10 -1.19023538e-10 
 3.29137424e-06  9.69975859e-09  9.69975862e-09  9.69967884e-09  9.69975873e-09  9.67117448e-09  9.67117453e-09  9.69975876e-09  9.69640260e-09 
 3.29337424e-06 -6.48236097e-10 -6.48236129e-10 -6.48151862e-10 -6.48236241e-10 -6.85593928e-10 -6.85593962e-10 -6.48236245e-10 -6.44736257e-10 
 3.29537424e-06  1.02332749e-08  1.02332750e-08  1.02331862e-08  1.02332751e-08  1.03379487e-08  1.03379487e-08  1.02332751e-08  1.02296365e-08 
 3.29737424e-06 -1.18865110e-09 -1.18865120e-09 -1.18855784e-09 -1.18865130e-09 -1.36193480e-09 -1.36193483e-09 -1.18865132e-09 -1.18487969e-09 
 3.29937424e-06  1.07799696e-08  1.07799697e-08  1.07798718e-08  1.07799699e-08  1.10229920e-08  1.10229921e-08  1.07799699e-08  1.07760714e-08 
 3.30137424e-06 -1.74101062e-09 -1.74101069e-09 -1.74090811e-09 -1.74101089e-09 -2.05482874e-09 -2.05482875e-09 -1.74101088e-09 -1.73699242e-09 
 3.30337424e-06  1.13373762e-08  1.13373763e-08  1.13372690e-08  1.13373765e-08  1.17228867e-08  1.17228867e-08  1.13373764e-08  1.13332451e-08 
 3.30537424e-06 -2.30285269e-09 -2.30285276e-09 -2.30274090e-09 -2.30285295e-09 -2.76088897e-09 -2.76088895e-09 -2.30285295e-09 -2.29861635e-09 
 3.30737424e-06  1.19030425e-08  1.19030426e-08  1.19029261e-08  1.19030428e-08  1.24342834e-08  1.24342834e-08  1.19030428e-08  1.18987091e-08 
 3.30937424e-06 -2.87173972e-09 -2.87173978e-09 -2.87161864e-09 -2.87173994e-09 -3.47680883e-09 -3.47680882e-09 -2.87173994e-09 -2.86731774e-09 
 3.31137424e-06  1.24745500e-08  1.24745501e-08  1.24744244e-08  1.24745501e-08  1.31539228e-08  1.31539228e-08  1.24745502e-08  1.24700485e-08 
 3.31337424e-06 -3.44527613e-09 -3.44527618e-09 -3.44514598e-09 -3.44527626e-09 -4.19938144e-09 -4.19938153e-09 -3.44527626e-09 -3.44070463e-09 
 3.31537424e-06  1.30495299e-08  1.30495299e-08  1.30493954e-08  1.30495300e-08  1.38786549e-08  1.38786549e-08  1.30495300e-08  1.30448985e-08 
 3.31737424e-06 -4.02112414e-09 -4.02112421e-09 -4.02098526e-09 -4.02112421e-09 -4.92551722e-09 -4.92551724e-09 -4.02112421e-09 -4.01644298e-09 
 3.31937424e-06  1.36256789e-08  1.36256790e-08  1.36255358e-08  1.36256790e-08  1.46054537e-08  1.46054537e-08  1.36256789e-08  1.36209588e-08 
 3.32137424e-06 -4.59701758e-09 -4.59701759e-09 -4.59687037e-09 -4.59701758e-09 -5.65225681e-09 -5.65225681e-09 -4.59701753e-09 -4.59226963e-09 
 3.32337424e-06  1.42007706e-08  1.42007706e-08  1.42006195e-08  1.42007706e-08  1.53314292e-08  1.53314292e-08  1.42007706e-08  1.41960064e-08 
 3.32537424e-06 -5.17077268e-09 -5.17077266e-09 -5.17061781e-09 -5.17077269e-09 -6.37678186e-09 -6.37678186e-09 -5.17077269e-09 -5.16600415e-09 
 3.32737424e-06  1.47726666e-08  1.47726666e-08  1.47725082e-08  1.47726666e-08  1.60538367e-08  1.60538367e-08  1.47726666e-08  1.47679060e-08 
 3.32937424e-06 -5.74029838e-09 -5.74029839e-09 -5.74013663e-09 -5.74029841e-09 -7.09642311e-09 -7.09642310e-09 -5.74029835e-09 -5.73555837e-09 
 3.33137424e-06  1.53393249e-08  1.53393249e-08  1.53391600e-08  1.53393249e-08  1.67700836e-08  1.67700836e-08  1.53393249e-08  1.53346183e-08 
 3.33337424e-06 -6.30360375e-09 -6.30360384e-09 -6.30343601e-09 -6.30360382e-09 -7.80866588e-09 -7.80866588e-09 -6.30360376e-09 -6.29894395e-09 
 3.33537424e-06  1.58988072e-08  1.58988072e-08  1.58986368e-08  1.58988072e-08  1.74777343e-08  1.74777343e-08  1.58988072e-08  1.58942076e-08 
 3.33737424e-06 -6.85880441e-09 -6.85880441e-09 -6.85863166e-09 -6.85880443e-09 -8.51115419e-09 -8.51115416e-09 -6.85880443e-09 -6.85427897e-09 
 3.33937424e-06  1.64492841e-08  1.64492842e-08  1.64491093e-08  1.64492842e-08  1.81745130e-08  1.81745129e-08  1.64492842e-08  1.64448469e-08 
 3.34137424e-06 -7.40412708e-09 -7.40412711e-09 -7.40395043e-09 -7.40412710e-09 -9.20169289e-09 -9.20169284e-09 -7.40412705e-09 -7.39979244e-09 
 3.34337424e-06  1.69890394e-08  1.69890395e-08  1.69888613e-08  1.69890394e-08  1.88583051e-08  1.88583051e-08  1.69890394e-08  1.69848220e-08 
 3.34537424e-06 -7.93791308e-09 -7.93791313e-09 -7.93773390e-09 -7.93791312e-09 -9.87824826e-09 -9.87824825e-09 -7.93791305e-09 -7.93382785e-09 
 3.34737424e-06  1.75164726e-08  1.75164727e-08  1.75162927e-08  1.75164726e-08  1.95271578e-08  1.95271577e-08  1.75164726e-08  1.75125345e-08 
 3.34937424e-06 -8.45862085e-09 -8.45862099e-09 -8.45844049e-09 -8.45862088e-09 -1.05389474e-08 -1.05389474e-08 -8.45862083e-09 -8.45484522e-09 
 3.35137424e-06  1.80301012e-08  1.80301012e-08  1.80299208e-08  1.80301012e-08  2.01792776e-08  2.01792776e-08  1.80301011e-08  1.80265035e-08 
 3.35337424e-06 -8.96482671e-09 -8.96482681e-09 -8.96464678e-09 -8.96482673e-09 -1.11820765e-08 -1.11820765e-08 -8.96482669e-09 -8.96142272e-09 
 3.35537424e-06  1.85285604e-08  1.85285605e-08  1.85283813e-08  1.85285604e-08  2.08130294e-08  2.08130294e-08  1.85285604e-08  1.85253658e-08 
 3.35737424e-06 -9.45522537e-09 -9.45522544e-09 -9.45504746e-09 -9.45522537e-09 -1.18060779e-08 -1.18060779e-08 -9.45522533e-09 -9.45225626e-09 
 3.35937424e-06  1.90163751e-08  1.90163752e-08  1.90161988e-08  1.90163751e-08  2.14334064e-08  2.14334064e-08  1.90163750e-08  1.90136465e-08 
 3.36137424e-06 -9.92815697e-09 -9.92815706e-09 -9.92798290e-09 -9.92815693e-09 -1.24089498e-08 -1.24089497e-08 -9.92815689e-09 -9.92568690e-09 
 3.36337424e-06  1.94805824e-08  1.94805824e-08  1.94804108e-08  1.94805823e-08  2.20257642e-08  2.20257641e-08  1.94805823e-08  1.94783857e-08 
 3.36537424e-06 -1.03800697e-08 -1.03800698e-08 -1.03799014e-08 -1.03800696e-08 -1.29863343e-08 -1.29863343e-08 -1.03800696e-08 -1.03781652e-08 
 3.36737424e-06  1.99267823e-08  1.99267823e-08  1.99266175e-08  1.99267822e-08  2.25964484e-08  2.25964484e-08  1.99267822e-08  1.99251839e-08 
 3.36937424e-06 -1.08163555e-08 -1.08163555e-08 -1.08161948e-08 -1.08163554e-08 -1.35450681e-08 -1.35450681e-08 -1.08163553e-08 -1.08150822e-08 
 3.37137424e-06  2.03534947e-08  2.03534947e-08  2.03533386e-08  2.03534946e-08  2.31436960e-08  2.31436959e-08  2.03534946e-08  2.03525614e-08 
 3.37337424e-06 -1.12327585e-08 -1.12327586e-08 -1.12326076e-08 -1.12327585e-08 -1.40799124e-08 -1.40799123e-08 -1.12327584e-08 -1.12321834e-08 
 3.37537424e-06  2.07599308e-08  2.07599309e-08  2.07597855e-08  2.07599308e-08  2.36666039e-08  2.36666039e-08  2.07599307e-08  2.07597298e-08 
 3.37737424e-06 -1.16285442e-08 -1.16285442e-08 -1.16284052e-08 -1.16285441e-08 -1.45900305e-08 -1.45900305e-08 -1.16285441e-08 -1.16287345e-08 
 3.37937424e-06  2.11454084e-08  2.11454084e-08  2.11452761e-08  2.11454084e-08  2.41643995e-08  2.41643994e-08  2.11454083e-08  2.11460071e-08 
 3.38137424e-06 -1.20030826e-08 -1.20030826e-08 -1.20029576e-08 -1.20030825e-08 -1.50747132e-08 -1.50747131e-08 -1.20030825e-08 -1.20041059e-08 
 3.38337424e-06  2.15093480e-08  2.15093481e-08  2.15092309e-08  2.15093480e-08  2.46364343e-08  2.46364342e-08  2.15093479e-08  2.15108142e-08 
 3.38537424e-06 -1.23558446e-08 -1.23558446e-08 -1.23557359e-08 -1.23558445e-08 -1.55333722e-08 -1.55333721e-08 -1.23558444e-08 -1.23577686e-08 
 3.38737424e-06  2.18512693e-08  2.18512693e-08  2.18511696e-08  2.18512692e-08  2.50821781e-08  2.50821781e-08  2.18512691e-08  2.18536706e-08 
 3.38937424e-06 -1.26863977e-08 -1.26863978e-08 -1.26863078e-08 -1.26863977e-08 -1.59655345e-08 -1.59655345e-08 -1.26863976e-08 -1.26892904e-08 
 3.39137424e-06  2.21707863e-08  2.21707864e-08  2.21707065e-08  2.21707863e-08  2.55012132e-08  2.55012131e-08  2.21707862e-08  2.21741905e-08 
 3.39337424e-06 -1.29944026e-08 -1.29944026e-08 -1.29943336e-08 -1.29944025e-08 -1.63708365e-08 -1.63708365e-08 -1.29944024e-08 -1.29983310e-08 
 3.39537424e-06  2.24676040e-08  2.24676041e-08  2.24675464e-08  2.24676039e-08  2.58932277e-08  2.58932276e-08  2.24676038e-08  2.24720784e-08 
 3.39737424e-06 -1.32796073e-08 -1.32796074e-08 -1.32795618e-08 -1.32796073e-08 -1.67490172e-08 -1.67490172e-08 -1.32796071e-08 -1.32846389e-08 
 3.39937424e-06  2.27415128e-08  2.27415129e-08  2.27414799e-08  2.27415128e-08  2.62580099e-08  2.62580099e-08  2.27415126e-08  2.27471244e-08 
 3.40137424e-06 -1.35418440e-08 -1.35418441e-08 -1.35418244e-08 -1.35418440e-08 -1.70999128e-08 -1.70999128e-08 -1.35418438e-08 -1.35480454e-08 
 3.40337424e-06  2.29923847e-08  2.29923849e-08  2.29923790e-08  2.29923847e-08  2.65954421e-08  2.65954420e-08  2.29923845e-08  2.29992000e-08 
 3.40537424e-06 -1.37810235e-08 -1.37810236e-08 -1.37810323e-08 -1.37810235e-08 -1.74234503e-08 -1.74234503e-08 -1.37810234e-08 -1.37884608e-08 
 3.40737424e-06  2.32201685e-08  2.32201686e-08  2.32201924e-08  2.32201685e-08  2.69054943e-08  2.69054942e-08  2.32201683e-08  2.32282533e-08 
 3.40937424e-06 -1.39971313e-08 -1.39971314e-08 -1.39971708e-08 -1.39971312e-08 -1.77196413e-08 -1.77196412e-08 -1.39971311e-08 -1.40058698e-08 
 3.41137424e-06  2.34248848e-08  2.34248849e-08  2.34249408e-08  2.34248848e-08  2.71882185e-08  2.71882184e-08  2.34248846e-08  2.34343041e-08 
 3.41337424e-06 -1.41902221e-08 -1.41902221e-08 -1.41902949e-08 -1.41902220e-08 -1.79885765e-08 -1.79885765e-08 -1.41902219e-08 -1.42003263e-08 
 3.41537424e-06  2.36066217e-08  2.36066217e-08  2.36067122e-08  2.36066217e-08  2.74437427e-08  2.74437427e-08  2.36066215e-08  2.36174395e-08 
 3.41737424e-06 -1.43604159e-08 -1.43604160e-08 -1.43605245e-08 -1.43604160e-08 -1.82304199e-08 -1.82304199e-08 -1.43604157e-08 -1.43719496e-08 
 3.41937424e-06  2.37655301e-08  2.37655302e-08  2.37656576e-08  2.37655302e-08  2.76722656e-08  2.76722655e-08  2.37655300e-08  2.37778095e-08 
 3.42137424e-06 -1.45078935e-08 -1.45078936e-08 -1.45080403e-08 -1.45078935e-08 -1.84454031e-08 -1.84454031e-08 -1.45078933e-08 -1.45209188e-08 
 3.42337424e-06  2.39018194e-08  2.39018195e-08  2.39019863e-08  2.39018195e-08  2.78740507e-08  2.78740506e-08  2.39018192e-08  2.39156222e-08 
 3.42537424e-06 -1.46328913e-08 -1.46328914e-08 -1.46330787e-08 -1.46328913e-08 -1.86338199e-08 -1.86338198e-08 -1.46328911e-08 -1.46474695e-08 
 3.42737424e-06  2.40157526e-08  2.40157527e-08  2.40159613e-08  2.40157526e-08  2.80494211e-08  2.80494210e-08  2.40157524e-08  2.40311395e-08 
 3.42937424e-06 -1.47356974e-08 -1.47356975e-08 -1.47359278e-08 -1.47356974e-08 -1.87960209e-08 -1.87960209e-08 -1.47356972e-08 -1.47518885e-08 
 3.43137424e-06  2.41076423e-08  2.41076423e-08  2.41078950e-08  2.41076422e-08  2.81987544e-08  2.81987543e-08  2.41076419e-08  2.41246724e-08 
 3.43337424e-06 -1.48166474e-08 -1.48166475e-08 -1.48169230e-08 -1.48166474e-08 -1.89324090e-08 -1.89324089e-08 -1.48166472e-08 -1.48345099e-08 
 3.43537424e-06  2.41778462e-08  2.41778462e-08  2.41781454e-08  2.41778461e-08  2.83224777e-08  2.83224777e-08  2.41778458e-08  2.41965776e-08 
 3.43737424e-06 -1.48761201e-08 -1.48761202e-08 -1.48764433e-08 -1.48761201e-08 -1.90434339e-08 -1.90434339e-08 -1.48761198e-08 -1.48957110e-08 
 3.43937424e-06  2.42267635e-08  2.42267636e-08  2.42271116e-08  2.42267634e-08  2.84210631e-08  2.84210631e-08  2.42267632e-08  2.42472524e-08 
 3.44137424e-06 -1.49145334e-08 -1.49145334e-08 -1.49149064e-08 -1.49145333e-08 -1.91295880e-08 -1.91295880e-08 -1.49145330e-08 -1.49359082e-08 
 3.44337424e-06  2.42548307e-08  2.42548307e-08  2.42552298e-08  2.42548306e-08  2.84950226e-08  2.84950225e-08  2.42548304e-08  2.42771319e-08 
 3.44537424e-06 -1.49323406e-08 -1.49323407e-08 -1.49327659e-08 -1.49323406e-08 -1.91914015e-08 -1.91914014e-08 -1.49323402e-08 -1.49555534e-08 
 3.44737424e-06  2.42625177e-08  2.42625178e-08  2.42629701e-08  2.42625177e-08  2.85449041e-08  2.85449040e-08  2.42625174e-08  2.42866843e-08 
 3.44937424e-06 -1.49346393e-08 -1.49346393e-08 -1.49351190e-08 -1.49346393e-08 -1.92353765e-08 -1.92353764e-08 -1.49346390e-08 -1.49597492e-08 
 3.45137424e-06  2.42425998e-08  2.42425999e-08  2.42431074e-08  2.42425998e-08  2.85621716e-08  2.85621716e-08  2.42425995e-08  2.42686740e-08 
 3.45337424e-06 -1.49126755e-08 -1.49126755e-08 -1.49132114e-08 -1.49126754e-08 -1.92502046e-08 -1.92502045e-08 -1.49126751e-08 -1.49397267e-08 
 3.45537424e-06  2.42110333e-08  2.42110333e-08  2.42115981e-08  2.42110333e-08  2.85656401e-08  2.85656401e-08  2.42110329e-08  2.42390733e-08 
 3.45737424e-06 -1.48716400e-08 -1.48716400e-08 -1.48722343e-08 -1.48716400e-08 -1.92424675e-08 -1.92424675e-08 -1.48716396e-08 -1.49006811e-08 
 3.45937424e-06  2.41606762e-08  2.41606762e-08  2.41613003e-08  2.41606761e-08  2.85468619e-08  2.85468619e-08  2.41606757e-08  2.41907288e-08 
 3.46137424e-06 -1.48121086e-08 -1.48121086e-08 -1.48127631e-08 -1.48121086e-08 -1.92128072e-08 -1.92128072e-08 -1.48121081e-08 -1.48431827e-08 
 3.46337424e-06  2.40921294e-08  2.40921294e-08  2.40928146e-08  2.40921293e-08  2.85064887e-08  2.85064886e-08  2.40921289e-08  2.41242340e-08 
 3.46537424e-06 -1.47347043e-08 -1.47347043e-08 -1.47354208e-08 -1.47347042e-08 -1.91618847e-08 -1.91618847e-08 -1.47347038e-08 -1.47678492e-08 
 3.46737424e-06  2.40060322e-08  2.40060322e-08  2.40067802e-08  2.40060321e-08  2.84451910e-08  2.84451909e-08  2.40060317e-08  2.40402261e-08 
 3.46937424e-06 -1.46400735e-08 -1.46400735e-08 -1.46408536e-08 -1.46400735e-08 -1.90903817e-08 -1.90903816e-08 -1.46400730e-08 -1.46753258e-08 
 3.47137424e-06  2.39030334e-08  2.39030333e-08  2.39038458e-08  2.39030333e-08  2.83636685e-08  2.83636685e-08  2.39030329e-08  2.39393524e-08 
 3.47337424e-06 -1.45288669e-08 -1.45288669e-08 -1.45297122e-08 -1.45288669e-08 -1.89990271e-08 -1.89990271e-08 -1.45288664e-08 -1.45662618e-08 
 3.47537424e-06  2.37837853e-08  2.37837853e-08  2.37846637e-08  2.37837852e-08  2.82626758e-08  2.82626758e-08  2.37837848e-08  2.38222640e-08 
 3.47737424e-06 -1.44017344e-08 -1.44017344e-08 -1.44026463e-08 -1.44017343e-08 -1.88885835e-08 -1.88885834e-08 -1.44017338e-08 -1.44413066e-08 
 3.47937424e-06  2.36489271e-08  2.36489270e-08  2.36498730e-08  2.36489270e-08  2.81429744e-08  2.81429744e-08  2.36489265e-08  2.36896025e-08 
 3.48137424e-06 -1.42593016e-08 -1.42593015e-08 -1.42602819e-08 -1.42593015e-08 -1.87598108e-08 -1.87598107e-08 -1.42593010e-08 -1.43010903e-08 
 3.48337424e-06  2.34990733e-08  2.34990732e-08  2.35000883e-08  2.34990733e-08  2.80053228e-08  2.80053228e-08  2.34990727e-08  2.35419844e-08 
 3.48500000e-06 -1.40831723e-08 -1.40831722e-08 -1.40842306e-08 -1.40831722e-08 -1.85955184e-08 -1.85955183e-08 -1.40831717e-08 -1.41274773e-08 
 3.48520000e-06  4.44105233e-09  4.44105233e-09  4.44114397e-09  4.44105231e-09  4.45184385e-09  4.45184382e-09  4.44105230e-09  4.44399191e-09 
 3.48560000e-06  4.91447162e-09  4.91447169e-09  4.91437605e-09  4.91447163e-09  4.91150712e-09  4.91150713e-09  4.91447166e-09  4.91142815e-09 
 3.48640000e-06  4.38450366e-09  4.38450363e-09  4.38460081e-09  4.38450363e-09  4.38378704e-09  4.38378704e-09  4.38450368e-09  4.38758889e-09 
 3.48715030e-06  4.94935722e-09  4.94935716e-09  4.94925857e-09  4.94935716e-09  4.95383682e-09  4.95383684e-09  4.94935716e-09  4.94623474e-09 
 3.48769748e-06  4.34560736e-09  4.34560749e-09  4.34570754e-09  4.34560746e-09  4.33622805e-09  4.33622800e-09  4.34560747e-09  4.34876923e-09 
 3.48811443e-06  4.99549111e-09  4.99549086e-09  4.99538972e-09  4.99549105e-09  5.01087003e-09  5.01087005e-09  4.99549103e-09  4.99229545e-09 
 3.48850989e-06  4.28652301e-09  4.28652332e-09  4.28662480e-09  4.28652308e-09  4.26532213e-09  4.26532212e-09  4.28652301e-09  4.28973687e-09 
 3.48885200e-06  5.13571611e-09  5.13571585e-09  5.13561472e-09  5.13571603e-09  5.16295640e-09  5.16295643e-09  5.13571616e-09  5.13250202e-09 
 3.48908032e-06  3.53500858e-09  3.53500874e-09  3.53510779e-09  3.53500867e-09  3.50144995e-09  3.50144988e-09  3.53500858e-09  3.53811973e-09 
 3.48931880e-06  8.00176742e-09  8.00176736e-09  8.00167225e-09  8.00176750e-09  8.03467208e-09  8.03467211e-09  8.00176755e-09  7.99904105e-09 
 3.48948797e-06 -9.43226671e-09 -9.43226682e-09 -9.43217892e-09 -9.43226687e-09 -9.44147442e-09 -9.44147442e-09 -9.43226694e-09 -9.43107226e-09 
 3.48966817e-06  4.33984788e-08  4.33984789e-08  4.33983989e-08  4.33984788e-08  4.33520945e-08  4.33520945e-08  4.33984789e-08  4.34001027e-08 
 3.48986546e-06 -7.45614665e-08 -7.45614666e-08 -7.45613941e-08 -7.45614665e-08 -7.44342440e-08 -7.44342440e-08 -7.45614666e-08 -7.45666941e-08 
 3.49000000e-06  1.79321304e-07  1.79321304e-07  1.79321239e-07  1.79321304e-07  1.79040026e-07  1.79040026e-07  1.79321304e-07  1.79332117e-07 
 3.49002198e-06 -2.40153623e-07 -2.40153622e-07 -2.40153594e-07 -2.40153622e-07 -2.39976631e-07 -2.39976631e-07 -2.40153622e-07 -2.40180324e-07 
 3.49006594e-06  2.93365959e-07  2.93365959e-07  2.93365863e-07  2.93365959e-07  2.93549582e-07  2.93549583e-07  2.93365959e-07  2.93511412e-07 
 3.49015386e-06 -2.49488234e-07 -2.49488234e-07 -2.49488119e-07 -2.49488234e-07 -2.49980626e-07 -2.49980626e-07 -2.49488236e-07 -2.49768426e-07 
 3.49032970e-06  2.32051689e-07  2.32051689e-07  2.32051575e-07  2.32051689e-07  2.32715488e-07  2.32715488e-07  2.32051692e-07  2.32422894e-07 
 3.49068137e-06 -2.07927601e-07 -2.07927600e-07 -2.07927491e-07 -2.07927600e-07 -2.08679720e-07 -2.08679720e-07 -2.07927605e-07 -2.08349963e-07 
 3.49138472e-06  2.09612788e-07  2.09612788e-07  2.09612682e-07  2.09612788e-07  2.10409378e-07  2.10409378e-07  2.09612793e-07  2.10061956e-07 
 3.49257292e-06 -1.95717507e-07 -1.95717507e-07 -1.95717403e-07 -1.95717507e-07 -1.96540514e-07 -1.96540514e-07 -1.95717512e-07 -1.96182918e-07 
 3.49446152e-06  2.02136270e-07  2.02136270e-07  2.02136168e-07  2.02136270e-07  2.02975908e-07  2.02975908e-07  2.02136275e-07  2.02612027e-07 
 3.49646152e-06 -1.90070075e-07 -1.90070075e-07 -1.90069974e-07 -1.90070075e-07 -1.90925434e-07 -1.90925434e-07 -1.90070080e-07 -1.90555696e-07 
 3.49846152e-06  1.96627974e-07  1.96627974e-07  1.96627875e-07  1.96627974e-07  1.97499053e-07  1.97499053e-07  1.96627979e-07  1.97123539e-07 
 3.50046152e-06 -1.84541977e-07 -1.84541977e-07 -1.84541880e-07 -1.84541977e-07 -1.85428786e-07 -1.85428786e-07 -1.84541983e-07 -1.85047573e-07 
 3.50246152e-06  1.91082109e-07  1.91082109e-07  1.91082014e-07  1.91082109e-07  1.91984641e-07  1.91984641e-07  1.91082115e-07  1.91597811e-07 
 3.50446152e-06 -1.78980348e-07 -1.78980348e-07 -1.78980254e-07 -1.78980348e-07 -1.79898606e-07 -1.79898606e-07 -1.78980354e-07 -1.79506236e-07 
 3.50646152e-06  1.85506658e-07  1.85506658e-07  1.85506566e-07  1.85506658e-07  1.86440630e-07  1.86440630e-07  1.85506665e-07  1.86042803e-07 
 3.50846152e-06 -1.73392992e-07 -1.73392992e-07 -1.73392902e-07 -1.73392992e-07 -1.74342675e-07 -1.74342674e-07 -1.73392999e-07 -1.73939469e-07 
 3.51046152e-06  1.79909253e-07  1.79909253e-07  1.79909165e-07  1.79909253e-07  1.80874627e-07  1.80874627e-07  1.79909259e-07  1.80466125e-07 
 3.51246152e-06 -1.67787369e-07 -1.67787369e-07 -1.67787284e-07 -1.67787370e-07 -1.68768427e-07 -1.68768427e-07 -1.67787377e-07 -1.68354708e-07 
 3.51446152e-06  1.74297180e-07  1.74297180e-07  1.74297096e-07  1.74297180e-07  1.75293895e-07  1.75293895e-07  1.74297187e-07  1.74875043e-07 
 3.51646152e-06 -1.62170596e-07 -1.62170596e-07 -1.62170515e-07 -1.62170596e-07 -1.63182954e-07 -1.63182954e-07 -1.62170604e-07 -1.62759048e-07 
 3.51846152e-06  1.68677386e-07  1.68677386e-07  1.68677308e-07  1.68677386e-07  1.69705357e-07  1.69705356e-07  1.68677394e-07  1.69276480e-07 
 3.52046152e-06 -1.56549451e-07 -1.56549451e-07 -1.56549375e-07 -1.56549451e-07 -1.57593011e-07 -1.57593011e-07 -1.56549458e-07 -1.57159244e-07 
 3.52246152e-06  1.63056484e-07  1.63056484e-07  1.63056410e-07  1.63056484e-07  1.64115598e-07  1.64115598e-07  1.63056492e-07  1.63677024e-07 
 3.52446152e-06 -1.50930379e-07 -1.50930379e-07 -1.50930308e-07 -1.50930379e-07 -1.52005019e-07 -1.52005019e-07 -1.50930387e-07 -1.51561718e-07 
 3.52646152e-06  1.57440755e-07  1.57440755e-07  1.57440687e-07  1.57440755e-07  1.58530880e-07  1.58530880e-07  1.57440763e-07  1.58082934e-07 
 3.52846152e-06 -1.45319502e-07 -1.45319502e-07 -1.45319436e-07 -1.45319502e-07 -1.46425076e-07 -1.46425076e-07 -1.45319511e-07 -1.45972568e-07 
 3.53046152e-06  1.51836160e-07  1.51836160e-07  1.51836098e-07  1.51836160e-07  1.52957136e-07  1.52957136e-07  1.51836169e-07  1.52500148e-07 
 3.53246152e-06 -1.39722621e-07 -1.39722621e-07 -1.39722562e-07 -1.39722621e-07 -1.40858959e-07 -1.40858959e-07 -1.39722630e-07 -1.40397571e-07 
 3.53446152e-06  1.46248345e-07  1.46248345e-07  1.46248289e-07  1.46248345e-07  1.47399991e-07  1.47399991e-07  1.46248354e-07  1.46934287e-07 
 3.53646152e-06 -1.34145228e-07 -1.34145228e-07 -1.34145174e-07 -1.34145228e-07 -1.35312135e-07 -1.35312135e-07 -1.34145237e-07 -1.34842196e-07 
 3.53846152e-06  1.40682648e-07  1.40682648e-07  1.40682598e-07  1.40682648e-07  1.41864758e-07  1.41864758e-07  1.40682658e-07  1.41390666e-07 
 3.54046152e-06 -1.28592509e-07 -1.28592509e-07 -1.28592462e-07 -1.28592509e-07 -1.29789768e-07 -1.29789768e-07 -1.28592519e-07 -1.29311604e-07 
 3.54246152e-06  1.35144107e-07  1.35144107e-07  1.35144063e-07  1.35144107e-07  1.36356452e-07  1.36356452e-07  1.35144117e-07  1.35874298e-07 
 3.54446152e-06 -1.23069356e-07 -1.23069356e-07 -1.23069316e-07 -1.23069356e-07 -1.24296728e-07 -1.24296728e-07 -1.23069367e-07 -1.23810664e-07 
 3.54646152e-06  1.29637470e-07  1.29637470e-07  1.29637433e-07  1.29637470e-07  1.30879799e-07  1.30879799e-07  1.29637480e-07  1.30389907e-07 
 3.54846152e-06 -1.17580375e-07 -1.17580375e-07 -1.17580342e-07 -1.17580375e-07 -1.18837597e-07 -1.18837597e-07 -1.17580386e-07 -1.18343957e-07 
 3.55046152e-06  1.24167202e-07  1.24167201e-07  1.24167172e-07  1.24167202e-07  1.25439241e-07  1.25439241e-07  1.24167213e-07  1.24941935e-07 
 3.55246152e-06 -1.12129893e-07 -1.12129893e-07 -1.12129867e-07 -1.12129893e-07 -1.13416679e-07 -1.13416679e-07 -1.12129904e-07 -1.12915786e-07 
 3.55446152e-06  1.18737493e-07  1.18737493e-07  1.18737471e-07  1.18737493e-07  1.20038947e-07  1.20038947e-07  1.18737505e-07  1.19534548e-07 
 3.55646152e-06 -1.06721966e-07 -1.06721966e-07 -1.06721948e-07 -1.06721966e-07 -1.08038010e-07 -1.08038010e-07 -1.06721978e-07 -1.07530185e-07 
 3.55846152e-06  1.13352271e-07  1.13352271e-07  1.13352256e-07  1.13352271e-07  1.14682820e-07  1.14682820e-07  1.13352283e-07  1.14171649e-07 
 3.56046152e-06 -1.01360391e-07 -1.01360391e-07 -1.01360381e-07 -1.01360392e-07 -1.02705364e-07 -1.02705364e-07 -1.01360404e-07 -1.02190926e-07 
 3.56246152e-06  1.08045210e-07  1.08045210e-07  1.08045204e-07  1.08045210e-07  1.09404958e-07  1.09404958e-07  1.08045223e-07  1.08887165e-07 
 3.56446152e-06 -9.60442054e-08 -9.60442053e-08 -9.60442032e-08 -9.60442054e-08 -9.74177846e-08 -9.74177847e-08 -9.60442182e-08 -9.68970422e-08 
 3.56646152e-06  1.02725512e-07  1.02725512e-07  1.02725514e-07  1.02725512e-07  1.04113241e-07  1.04113241e-07  1.02725525e-07  1.03589468e-07 
 3.56846152e-06 -9.07863225e-08 -9.07863225e-08 -9.07863286e-08 -9.07863226e-08 -9.21881073e-08 -9.21881073e-08 -9.07863359e-08 -9.16613817e-08 
 3.57046152e-06  9.74953424e-08  9.74953424e-08  9.74953528e-08  9.74953425e-08  9.89110842e-08  9.89110842e-08  9.74953561e-08  9.83814836e-08 
 3.57246152e-06 -8.55846334e-08 -8.55846333e-08 -8.55846481e-08 -8.55846335e-08 -8.70142340e-08 -8.70142341e-08 -8.55846473e-08 -8.64818360e-08 
 3.57446152e-06  9.23228182e-08  9.23228182e-08  9.23228374e-08  9.23228183e-08  9.37661738e-08  9.37661738e-08  9.23228325e-08  9.32310550e-08 
 3.57646152e-06 -8.04419863e-08 -8.04419863e-08 -8.04420100e-08 -8.04419864e-08 -8.18989937e-08 -8.18989938e-08 -8.04420009e-08 -8.13612310e-08 
 3.57846152e-06  8.72106779e-08  8.72106778e-08  8.72107061e-08  8.72106780e-08  8.86812285e-08  8.86812285e-08  8.72106927e-08  8.81408975e-08 
 3.58046152e-06 -7.53610116e-08 -7.53610116e-08 -7.53610444e-08 -7.53610118e-08 -7.68449973e-08 -7.68449974e-08 -7.53610267e-08 -7.63021743e-08 
 3.58246152e-06  8.21614460e-08  8.21614459e-08  8.21614832e-08  8.21614461e-08  8.36587538e-08  8.36587538e-08  8.21614613e-08  8.31135135e-08 
 3.58446152e-06 -7.03441301e-08 -7.03441300e-08 -7.03441720e-08 -7.03441302e-08 -7.18546471e-08 -7.18546472e-08 -7.03441456e-08 -7.13070651e-08 
 3.58646152e-06  7.71774416e-08  7.71774416e-08  7.71774884e-08  7.71774418e-08  7.87010507e-08  7.87010508e-08  7.71774575e-08  7.81512007e-08 
 3.58846152e-06 -6.53935615e-08 -6.53935615e-08 -6.53936130e-08 -6.53935616e-08 -6.69301450e-08 -6.69301450e-08 -6.53935776e-08 -6.63781016e-08 
 3.59046152e-06  7.22607877e-08  7.22607876e-08  7.22608440e-08  7.22607878e-08  7.38102243e-08  7.38102243e-08  7.22608041e-08  7.32560604e-08 
 3.59246152e-06 -6.05113332e-08 -6.05113332e-08 -6.05113945e-08 -6.05113334e-08 -6.20735008e-08 -6.20735008e-08 -6.05113499e-08 -6.15172904e-08 
 3.59446152e-06  6.74134181e-08  6.74134180e-08  6.74134842e-08  6.74134183e-08  6.89881912e-08  6.89881912e-08  6.74134350e-08  6.84300061e-08 
 3.59646152e-06 -5.56992882e-08 -5.56992882e-08 -5.56993594e-08 -5.56992884e-08 -5.72865405e-08 -5.72865405e-08 -5.56993055e-08 -5.67264538e-08 
 3.59846152e-06  6.26370866e-08  6.26370866e-08  6.26371628e-08  6.26370868e-08  6.42366888e-08  6.42366889e-08  6.26371041e-08  6.36747712e-08 
 3.60046152e-06 -5.09590929e-08 -5.09590929e-08 -5.09591742e-08 -5.09590931e-08 -5.25709144e-08 -5.25709145e-08 -5.09591107e-08 -5.20072381e-08 
 3.60246152e-06  5.79333746e-08  5.79333746e-08  5.79334610e-08  5.79333748e-08  5.95572825e-08  5.95572826e-08  5.79333927e-08  5.89919173e-08 
 3.60446152e-06 -4.62922453e-08 -4.62922453e-08 -4.62923368e-08 -4.62922455e-08 -4.79281050e-08 -4.79281050e-08 -4.62922637e-08 -4.73611220e-08 
 3.60646152e-06  5.33036986e-08  5.33036985e-08  5.33037953e-08  5.33036988e-08  5.49513735e-08  5.49513735e-08  5.33037172e-08  5.43828416e-08 
 3.60846152e-06 -4.17000824e-08 -4.17000823e-08 -4.17001843e-08 -4.17000826e-08 -4.33594340e-08 -4.33594341e-08 -4.17001013e-08 -4.27894235e-08 
 3.61046152e-06  4.87493178e-08  4.87493178e-08  4.87494250e-08  4.87493180e-08  5.04202063e-08  5.04202064e-08  4.87493370e-08  4.98487849e-08 
 3.61246152e-06 -3.71837875e-08 -3.71837875e-08 -3.71839000e-08 -3.71837877e-08 -3.88660708e-08 -3.88660708e-08 -3.71838070e-08 -3.82933077e-08 
 3.61446152e-06  4.42713417e-08  4.42713417e-08  4.42714596e-08  4.42713419e-08  4.59648766e-08  4.59648767e-08  4.42713615e-08  4.53908386e-08 
 3.61646152e-06 -3.27377054e-08 -3.27377054e-08 -3.27378285e-08 -3.27377056e-08 -3.44418028e-08 -3.44418028e-08 -3.27377254e-08 -3.38667395e-08 
 3.61846152e-06  3.98744617e-08  3.98744617e-08  3.98745902e-08  3.98744618e-08  4.15900404e-08  4.15900405e-08  3.98744820e-08  4.10136577e-08 
 3.62046152e-06 -2.83862936e-08 -2.83862936e-08 -2.83864277e-08 -2.83862939e-08 -3.01126846e-08 -3.01126846e-08 -2.83863143e-08 -2.95352281e-08 
 3.62246152e-06  3.55515884e-08  3.55515884e-08  3.55517280e-08  3.55515887e-08  3.72886424e-08  3.72886425e-08  3.55516094e-08  3.67101765e-08 
 3.62446152e-06 -2.41028322e-08 -2.41028322e-08 -2.41029773e-08 -2.41028325e-08 -2.58503971e-08 -2.58503971e-08 -2.41028535e-08 -2.52709880e-08 
 3.62646152e-06  3.13076721e-08  3.13076721e-08  3.13078227e-08  3.13076724e-08  3.30655958e-08  3.30655959e-08  3.13076937e-08  3.24853070e-08 
 3.62846152e-06 -1.98986290e-08 -1.98986290e-08 -1.98987851e-08 -1.98986292e-08 -2.16667565e-08 -2.16667565e-08 -1.98986509e-08 -2.10856531e-08 
 3.63046152e-06  2.71483027e-08  2.71483028e-08  2.71484645e-08  2.71483030e-08  2.89270448e-08  2.89270448e-08  2.71483249e-08  2.83450062e-08 
 3.63246152e-06 -1.57705911e-08 -1.57705911e-08 -1.57707584e-08 -1.57705913e-08 -1.75586786e-08 -1.75586787e-08 -1.57706135e-08 -1.69761328e-08 
 3.63446152e-06  2.30555255e-08  2.30555255e-08  2.30556984e-08  2.30555257e-08  2.48533459e-08  2.48533459e-08  2.30555482e-08  2.42701732e-08 
 3.63646152e-06 -1.17268124e-08 -1.17268124e-08 -1.17269910e-08 -1.17268126e-08 -1.35342050e-08 -1.35342051e-08 -1.17268354e-08 -1.29504687e-08 
 3.63846152e-06  1.90519123e-08  1.90519123e-08  1.90520966e-08  1.90519125e-08  2.08687179e-08  2.08687180e-08  1.90519356e-08  2.02844779e-08 
 3.64046152e-06 -7.76345051e-09 -7.76345050e-09 -7.76364051e-09 -7.76345073e-09 -9.58950616e-09 -9.58950621e-09 -7.76347413e-09 -9.00482445e-09 
 3.64246152e-06  1.51288285e-08  1.51288284e-08  1.51290242e-08  1.51288287e-08  1.69639729e-08  1.69639730e-08  1.51288524e-08  1.63789084e-08 
 3.64446152e-06 -3.88114997e-09 -3.88114995e-09 -3.88135138e-09 -3.88115019e-09 -5.72477322e-09 -5.72477326e-09 -3.88117421e-09 -5.13943758e-09 
 3.64646152e-06  1.12873109e-08  1.12873110e-08  1.12875181e-08  1.12873112e-08  1.31392534e-08  1.31392534e-08  1.12873354e-08  1.25537039e-08 
 3.64846152e-06 -8.28802559e-11 -8.28803138e-11 -8.30931170e-11 -8.28805461e-11 -1.94283290e-09 -1.94283290e-09 -8.29050974e-11 -1.35726177e-09 
 3.65046152e-06  7.53045433e-09  7.53045437e-09  7.53067282e-09  7.53045457e-09  9.39825522e-09  9.39825522e-09  7.53047940e-09  8.81272041e-09 
 3.65246152e-06  3.63592734e-09  3.63592734e-09  3.63570313e-09  3.63592712e-09  1.76042424e-09  1.76042421e-09  3.63590200e-09  2.34587086e-09 
 3.65446152e-06  3.85282598e-09  3.85282601e-09  3.85305603e-09  3.85282621e-09  5.73630527e-09  5.73630530e-09  3.85285162e-09  5.15095701e-09 
 3.65646152e-06  7.27074757e-09  7.27074755e-09  7.27051173e-09  7.27074732e-09  5.37946782e-09  5.37946780e-09  7.27072165e-09  5.96466117e-09 
 3.65846152e-06  2.58243821e-10  2.58243862e-10  2.58485505e-10  2.58244042e-10  2.15729747e-09  2.15729748e-09  2.58270024e-10  1.57217617e-09 
 3.66046152e-06  1.08251430e-08  1.08251430e-08  1.08248955e-08  1.08251428e-08  8.91849371e-09  8.91849369e-09  1.08251166e-08  9.50348636e-09 
 3.66246152e-06 -3.25601514e-09 -3.25601508e-09 -3.25576183e-09 -3.25601493e-09 -1.34193574e-09 -1.34193572e-09 -3.25598833e-09 -1.92674618e-09 
 3.66446152e-06  1.43039866e-08  1.43039865e-08  1.43037273e-08  1.43039864e-08  1.23820614e-08  1.23820614e-08  1.43039595e-08  1.29668175e-08 
 3.66646152e-06 -6.68491309e-09 -6.68491306e-09 -6.68464821e-09 -6.68491295e-09 -4.75712091e-09 -4.75712093e-09 -6.68488580e-09 -5.34121718e-09 
 3.66846152e-06  1.76995937e-08  1.76995936e-08  1.76993228e-08  1.76995935e-08  1.57636760e-08  1.57636760e-08  1.76995660e-08  1.63477974e-08 
 3.67046152e-06 -1.00418365e-08 -1.00418365e-08 -1.00415598e-08 -1.00418364e-08 -8.09980720e-09 -8.09980720e-09 -1.00418086e-08 -8.68334664e-09 
 3.67246152e-06  2.10056971e-08  2.10056971e-08  2.10054145e-08  2.10056969e-08  1.90571125e-08  1.90571124e-08  2.10056689e-08  1.96402033e-08 
 3.67446152e-06 -1.33172845e-08 -1.33172845e-08 -1.33169960e-08 -1.33172843e-08 -1.13623135e-08 -1.13623135e-08 -1.33172559e-08 -1.19449055e-08 
 3.67646152e-06  2.42495131e-08  2.42495131e-08  2.42492187e-08  2.42495130e-08  2.22877299e-08  2.22877298e-08  2.42494843e-08  2.28699537e-08 
 3.67846152e-06 -1.65108743e-08 -1.65108743e-08 -1.65105741e-08 -1.65108742e-08 -1.45436878e-08 -1.45436878e-08 -1.65108452e-08 -1.51251266e-08 
 3.68046152e-06  2.74050474e-08  2.74050473e-08  2.74047413e-08  2.74050472e-08  2.54313960e-08  2.54313960e-08  2.74050180e-08  2.60123666e-08 
 3.68246152e-06 -1.96200250e-08 -1.96200249e-08 -1.96197132e-08 -1.96200248e-08 -1.76419392e-08 -1.76419391e-08 -1.96199953e-08 -1.82218446e-08 
 3.68446152e-06  3.04857104e-08  3.04857103e-08  3.04853926e-08  3.04857103e-08  2.85008735e-08  2.85008735e-08  3.04856804e-08  2.90803971e-08 
 3.68646152e-06 -2.26598480e-08 -2.26598479e-08 -2.26595245e-08 -2.26598478e-08 -2.06709376e-08 -2.06709375e-08 -2.26598177e-08 -2.12493007e-08 
 3.68846152e-06  3.34778234e-08  3.34778233e-08  3.34774940e-08  3.34778233e-08  3.14831291e-08  3.14831291e-08  3.34777929e-08  3.20608328e-08 
 3.69046152e-06 -2.56251773e-08 -2.56251773e-08 -2.56248422e-08 -2.56251772e-08 -2.36261305e-08 -2.36261304e-08 -2.56251465e-08 -2.42027643e-08 
 3.69246152e-06  3.64173428e-08  3.64173427e-08  3.64170016e-08  3.64173427e-08  3.44122435e-08  3.44122434e-08  3.64173117e-08  3.49883048e-08 
 3.69446152e-06 -2.85107626e-08 -2.85107625e-08 -2.85104158e-08 -2.85107625e-08 -2.65023132e-08 -2.65023132e-08 -2.85107313e-08 -2.70770306e-08 
 3.69646152e-06  3.92667175e-08  3.92667174e-08  3.92663646e-08  3.92667174e-08  3.72525658e-08  3.72525658e-08  3.92666858e-08  3.78266185e-08 
 3.69846152e-06 -3.13204877e-08 -3.13204876e-08 -3.13201292e-08 -3.13204876e-08 -2.93033469e-08 -2.93033468e-08 -3.13204557e-08 -2.98759674e-08 
 3.70046152e-06  4.20405513e-08  4.20405512e-08  4.20401868e-08  4.20405512e-08  4.00180588e-08  4.00180588e-08  4.20405190e-08  4.05899247e-08 
 3.70246152e-06 -3.40550983e-08 -3.40550982e-08 -3.40547282e-08 -3.40550982e-08 -3.20299771e-08 -3.20299771e-08 -3.40550658e-08 -3.26003250e-08 
 3.70446152e-06  4.47396085e-08  4.47396084e-08  4.47392324e-08  4.47396084e-08  4.27094866e-08  4.27094866e-08  4.47395757e-08  4.32789919e-08 
 3.70646152e-06 -3.67153756e-08 -3.67153755e-08 -3.67149940e-08 -3.67153755e-08 -3.46829847e-08 -3.46829846e-08 -3.67153425e-08 -3.52508883e-08 
 3.70846152e-06  4.73646876e-08  4.73646875e-08  4.73643000e-08  4.73646875e-08  4.53276468e-08  4.53276468e-08  4.73646542e-08  4.58946220e-08 
 3.71046152e-06 -3.93021336e-08 -3.93021335e-08 -3.93017405e-08 -3.93021335e-08 -3.72631823e-08 -3.72631822e-08 -3.93020999e-08 -3.78284746e-08 
 3.71246152e-06  4.99166183e-08  4.99166182e-08  4.99162192e-08  4.99166182e-08  4.78733678e-08  4.78733677e-08  4.99165844e-08  4.84376479e-08 
 3.71446152e-06 -4.18162159e-08 -4.18162158e-08 -4.18158113e-08 -4.18162158e-08 -3.97714122e-08 -3.97714121e-08 -4.18161817e-08 -4.03339303e-08 
 3.71646152e-06  5.23962588e-08  5.23962587e-08  5.23958483e-08  5.23962587e-08  5.03475060e-08  5.03475060e-08  5.23962243e-08  5.09089302e-08 
 3.71846152e-06 -4.42584935e-08 -4.42584935e-08 -4.42580777e-08 -4.42584935e-08 -4.22085433e-08 -4.22085433e-08 -4.42584588e-08 -4.27681289e-08 
 3.72046152e-06  5.48044935e-08  5.48044934e-08  5.48040717e-08  5.48044934e-08  5.27509436e-08  5.27509435e-08  5.48044584e-08  5.33093555e-08 
 3.72246152e-06 -4.66298625e-08 -4.66298625e-08 -4.66294354e-08 -4.66298624e-08 -4.45754691e-08 -4.45754690e-08 -4.66298272e-08 -4.51319679e-08 
 3.72446152e-06  5.71422304e-08  5.71422304e-08  5.71417974e-08  5.71422303e-08  5.50845857e-08  5.50845856e-08  5.71421948e-08  5.56398332e-08 
 3.72646152e-06 -4.89312410e-08 -4.89312410e-08 -4.89308027e-08 -4.89312410e-08 -4.68731048e-08 -4.68731048e-08 -4.89312051e-08 -4.74263669e-08 
 3.72846152e-06  5.94103987e-08  5.94103987e-08  5.94099546e-08  5.94103987e-08  5.73493585e-08  5.73493584e-08  5.94103625e-08  5.79012937e-08 
 3.73046152e-06 -5.11635675e-08 -5.11635675e-08 -5.11631182e-08 -5.11635674e-08 -4.91023856e-08 -4.91023855e-08 -5.11635311e-08 -4.96522652e-08 
 3.73246152e-06  6.16099469e-08  6.16099468e-08  6.16094918e-08  6.16099468e-08  5.95462068e-08  5.95462067e-08  6.16099102e-08  6.00946858e-08 
 3.73446152e-06 -5.33277986e-08 -5.33277986e-08 -5.33273384e-08 -5.33277986e-08 -5.12642641e-08 -5.12642641e-08 -5.33277617e-08 -5.18106197e-08 
 3.73646152e-06  6.37418404e-08  6.37418404e-08  6.37413744e-08  6.37418403e-08  6.16760919e-08  6.16760918e-08  6.37418032e-08  6.22209752e-08 
 3.73846152e-06 -5.54249069e-08 -5.54249068e-08 -5.54244357e-08 -5.54249068e-08 -5.33597088e-08 -5.33597087e-08 -5.54248694e-08 -5.39024028e-08 
 3.74000000e-06  6.61173766e-08  6.61173765e-08  6.61168980e-08  6.61173765e-08  6.40499763e-08  6.40499763e-08  6.61173387e-08  6.45906082e-08 
 3.74020000e-06  2.27644298e-09  2.27644298e-09  2.27645593e-09  2.27644306e-09  2.27490615e-09  2.27490616e-09  2.27644375e-09  2.28029093e-09 
 3.74060000e-06  6.86327386e-09  6.86327391e-09  6.86326132e-09  6.86327387e-09  6.86674324e-09  6.86674327e-09  6.86327325e-09  6.86099227e-09 
 3.74140000e-06  2.54091844e-09  2.54091841e-09  2.54093085e-09  2.54091843e-09  2.53649097e-09  2.53649097e-09  2.54091902e-09  2.54241135e-09 
 3.74246255e-06  6.71014209e-09  6.71014208e-09  6.71012981e-09  6.71014208e-09  6.71506112e-09  6.71506112e-09  6.71014145e-09  6.70924517e-09 
 3.74341512e-06  2.67961729e-09  2.67961727e-09  2.67962938e-09  2.67961729e-09  2.67612232e-09  2.67612230e-09  2.67961787e-09  2.67984780e-09 
 3.74437423e-06  6.56080475e-09  6.56080481e-09  6.56079281e-09  6.56080472e-09  6.55642114e-09  6.55642110e-09  6.56080412e-09  6.56123696e-09 
 3.74500000e-06  2.89021478e-09  2.89021475e-09  2.89022636e-09  2.89021478e-09  2.93700717e-09  2.93700718e-09  2.89021536e-09  2.88876889e-09 
 3.74509706e-06  4.38374890e-09  4.38374900e-09  4.38374925e-09  4.38374910e-09  4.07772831e-09  4.07772829e-09  4.38374915e-09  4.38528094e-09 
 3.74529117e-06  4.77779182e-09  4.77779159e-09  4.77779436e-09  4.77779158e-09  5.46101095e-09  5.46101088e-09  4.77779150e-09  4.77670402e-09 
 3.74567939e-06  4.82680582e-09  4.82680593e-09  4.82679966e-09  4.82680601e-09  4.00748550e-09  4.00748563e-09  4.82680611e-09  4.82746748e-09 
 3.74626783e-06  4.18895585e-09  4.18895573e-09  4.18896582e-09  4.18895564e-09  5.04953574e-09  5.04953561e-09  4.18895555e-09  4.18866231e-09 
 3.74737557e-06  5.32565302e-09  5.32565315e-09  5.32564052e-09  5.32565322e-09  4.46112318e-09  4.46112332e-09  5.32565326e-09  5.32572398e-09 
 3.74937557e-06  3.86949999e-09  3.86949986e-09  3.86951408e-09  3.86949981e-09  4.73071102e-09  4.73071091e-09  3.86949974e-09  3.86955988e-09 
 3.75137557e-06  5.57668544e-09  5.57668553e-09  5.57666963e-09  5.57668558e-09  4.72270064e-09  4.72270077e-09  5.57668567e-09  5.57648973e-09 
 3.75337557e-06  3.60192370e-09  3.60192363e-09  3.60194141e-09  3.60192359e-09  4.44481346e-09  4.44481333e-09  3.60192350e-09  3.60225994e-09 
 3.75537557e-06  5.86069255e-09  5.86069264e-09  5.86067287e-09  5.86069267e-09  5.03271208e-09  5.03271217e-09  5.86069272e-09  5.86021143e-09 
 3.75737557e-06  3.30164766e-09  3.30164758e-09  3.30166946e-09  3.30164755e-09  4.11097440e-09  4.11097429e-09  3.30164749e-09  3.30227773e-09 
 3.75937557e-06  6.17702907e-09  6.17702914e-09  6.17700499e-09  6.17702920e-09  5.39001857e-09  5.39001867e-09  6.17702927e-09  6.17624645e-09 
 3.76137557e-06  2.96950251e-09  2.96950240e-09  2.96952902e-09  2.96950239e-09  3.73062797e-09  3.73062785e-09  2.96950233e-09  2.97044098e-09 
 3.76337557e-06  6.52469002e-09  6.52469008e-09  6.52466092e-09  6.52469015e-09  5.79291561e-09  5.79291572e-09  6.52469019e-09  6.52359289e-09 
 3.76537557e-06  2.60665648e-09  2.60665640e-09  2.60668826e-09  2.60665632e-09  3.30572534e-09  3.30572521e-09  2.60665629e-09  2.60791465e-09 
 3.76737557e-06  6.90235482e-09  6.90235493e-09  6.90232021e-09  6.90235499e-09  6.23922807e-09  6.23922812e-09  6.90235502e-09  6.90093375e-09 
 3.76937557e-06  2.21457162e-09  2.21457148e-09  2.21460921e-09  2.21457141e-09  2.83864370e-09  2.83864360e-09  2.21457138e-09  2.21615710e-09 
 3.77137557e-06  7.30843069e-09  7.30843073e-09  7.30838988e-09  7.30843082e-09  6.72639749e-09  6.72639754e-09  7.30843090e-09  7.30667970e-09 
 3.77337557e-06  1.79496114e-09  1.79496113e-09  1.79500528e-09  1.79496100e-09  2.33210318e-09  2.33210313e-09  1.79496097e-09  1.79687808e-09 
 3.77537557e-06  7.74109386e-09  7.74109393e-09  7.74104634e-09  7.74109401e-09  7.25156066e-09  7.25156067e-09  7.74109407e-09  7.73901102e-09 
 3.77737557e-06  1.34974937e-09  1.34974935e-09  1.34980047e-09  1.34974921e-09  1.78909239e-09  1.78909233e-09  1.34974917e-09  1.35199761e-09 
 3.77937557e-06  8.19832942e-09  8.19832941e-09  8.19827457e-09  8.19832962e-09  7.81162019e-09  7.81162028e-09  8.19832966e-09  8.19591687e-09 
 3.78137557e-06  8.81032539e-10  8.81032567e-10  8.81091275e-10  8.81032375e-10  1.21280178e-09  1.21280174e-09  8.81032370e-10  8.83607918e-10 
 3.78337557e-06  8.67796866e-09  8.67796861e-09  8.67790599e-09  8.67796883e-09  8.40330759e-09  8.40330760e-09  8.67796885e-09  8.67523253e-09 
 3.78537557e-06  3.91043177e-10  3.91043165e-10  3.91109912e-10  3.91042964e-10  6.06564258e-10  6.06564224e-10  3.91042975e-10  3.93937365e-10 
 3.78737557e-06  9.17772385e-09  9.17772389e-09  9.17765291e-09  9.17772406e-09  9.02323836e-09  9.02323843e-09  9.17772405e-09  9.17467463e-09 
 3.78937557e-06 -1.17918742e-10 -1.17918689e-10 -1.17843459e-10 -1.17918888e-10 -2.62035119e-11 -2.62035163e-11 -1.17918901e-10 -1.14717103e-10 
 3.79137557e-06  9.69528980e-09  9.69528977e-09  9.69521016e-09  9.69528998e-09  9.66797500e-09  9.66797501e-09  9.69529000e-09  9.69194004e-09 
 3.79337557e-06 -6.43611158e-10 -6.43611125e-10 -6.43527048e-10 -6.43611271e-10 -6.82239374e-10 -6.82239377e-10 -6.43611284e-10 -6.40117775e-10 
 3.79537557e-06  1.02284943e-08  1.02284943e-08  1.02284057e-08  1.02284944e-08  1.03344390e-08  1.03344390e-08  1.02284945e-08  1.02248626e-08 
 3.79737557e-06 -1.18371537e-09 -1.18371533e-09 -1.18362221e-09 -1.18371552e-09 -1.35827011e-09 -1.35827011e-09 -1.18371554e-09 -1.17995102e-09 
 3.79937557e-06  1.07748794e-08  1.07748795e-08  1.07747817e-08  1.07748796e-08  1.10191726e-08  1.10191726e-08  1.07748797e-08  1.07709887e-08 
 3.80137557e-06 -1.73576693e-09 -1.73576693e-09 -1.73566456e-09 -1.73576707e-09 -2.05085505e-09 -2.05085503e-09 -1.73576716e-09 -1.73175634e-09 
 3.80337557e-06  1.13319801e-08  1.13319801e-08  1.13318730e-08  1.13319802e-08  1.17187594e-08  1.17187594e-08  1.13319802e-08  1.13278568e-08 
 3.80537557e-06 -2.29730510e-09 -2.29730513e-09 -2.29719343e-09 -2.29730527e-09 -2.75660870e-09 -2.75660872e-09 -2.29730528e-09 -2.29307694e-09 
 3.80737557e-06  1.18973449e-08  1.18973449e-08  1.18972286e-08  1.18973450e-08  1.24298511e-08  1.24298511e-08  1.18973450e-08  1.18930199e-08 
 3.80937557e-06 -2.86589324e-09 -2.86589329e-09 -2.86577236e-09 -2.86589336e-09 -3.47222556e-09 -3.47222555e-09 -2.86589340e-09 -2.86148001e-09 
 3.81137557e-06  1.24685563e-08  1.24685563e-08  1.24684308e-08  1.24685564e-08  1.31491898e-08  1.31491898e-08  1.24685564e-08  1.24640638e-08 
 3.81337557e-06 -3.43913674e-09 -3.43913676e-09 -3.43900690e-09 -3.43913687e-09 -4.19449993e-09 -4.19449995e-09 -3.43913686e-09 -3.43457464e-09 
 3.81537557e-06  1.30432467e-08  1.30432467e-08  1.30431125e-08  1.30432468e-08  1.38736264e-08  1.38736263e-08  1.30432468e-08  1.30386248e-08 
 3.81737557e-06 -4.01469881e-09 -4.01469884e-09 -4.01456029e-09 -4.01469891e-09 -4.92034317e-09 -4.92034317e-09 -4.01469893e-09 -4.01002756e-09 
 3.81937557e-06  1.36191134e-08  1.36191134e-08  1.36189707e-08  1.36191136e-08  1.46001358e-08  1.46001358e-08  1.36191136e-08  1.36144036e-08 
 3.82137557e-06 -4.59031391e-09 -4.59031391e-09 -4.59016710e-09 -4.59031396e-09 -5.64679685e-09 -5.64679686e-09 -4.59031398e-09 -4.58557651e-09 
 3.82337557e-06  1.41939310e-08  1.41939310e-08  1.41937803e-08  1.41939311e-08  1.53258291e-08  1.53258291e-08  1.41939311e-08  1.41891776e-08 
 3.82537557e-06 -5.16379917e-09 -5.16379917e-09 -5.16364476e-09 -5.16379925e-09 -6.37104353e-09 -6.37104355e-09 -5.16379926e-09 -5.15904172e-09 
 3.82737557e-06  1.47655616e-08  1.47655616e-08  1.47654036e-08  1.47655616e-08  1.60479621e-08  1.60479622e-08  1.47655616e-08  1.47608123e-08 
 3.82937557e-06 -5.73306412e-09 -5.73306417e-09 -5.73290281e-09 -5.73306423e-09 -7.09041459e-09 -7.09041458e-09 -5.73306422e-09 -5.72833577e-09 
 3.83137557e-06  1.53319639e-08  1.53319639e-08  1.53317995e-08  1.53319640e-08  1.67639434e-08  1.67639434e-08  1.53319640e-08  1.53272693e-08 
 3.83337557e-06 -6.29611849e-09 -6.29611846e-09 -6.29595117e-09 -6.29611855e-09 -7.80239617e-09 -7.80239618e-09 -6.29611858e-09 -6.29147081e-09 
 3.83537557e-06  1.58912002e-08  1.58912002e-08  1.58910303e-08  1.58912003e-08  1.74713376e-08  1.74713376e-08  1.58912003e-08  1.58866131e-08 
 3.83737557e-06 -6.85107828e-09 -6.85107827e-09 -6.85090593e-09 -6.85107836e-09 -8.50463285e-09 -8.50463281e-09 -6.85107833e-09 -6.84656544e-09 
 3.83937557e-06  1.64414415e-08  1.64414415e-08  1.64412671e-08  1.64414416e-08  1.81678695e-08  1.81678695e-08  1.64414416e-08  1.64370172e-08 
 3.84137557e-06 -7.39617064e-09 -7.39617066e-09 -7.39599454e-09 -7.39617070e-09 -9.19492992e-09 -9.19492992e-09 -7.39617071e-09 -7.39184914e-09 
 3.84337557e-06  1.69809719e-08  1.69809719e-08  1.69807944e-08  1.69809720e-08  1.88514253e-08  1.88514253e-08  1.69809720e-08  1.69767679e-08 
 3.84537557e-06 -7.92973737e-09 -7.92973744e-09 -7.92955880e-09 -7.92973749e-09 -9.87125420e-09 -9.87125419e-09 -7.92973747e-09 -7.92566579e-09 
 3.84737557e-06  1.75081916e-08  1.75081916e-08  1.75080122e-08  1.75081917e-08  1.95200521e-08  1.95200522e-08  1.75081917e-08  1.75042674e-08 
 3.84937557e-06 -8.45023727e-09 -8.45023730e-09 -8.45005753e-09 -8.45023734e-09 -1.05317331e-08 -1.05317331e-08 -8.45023732e-09 -8.44647579e-09 
 3.85137557e-06  1.80216180e-08  1.80216180e-08  1.80214382e-08  1.80216180e-08  2.01719573e-08  2.01719573e-08  1.80216180e-08  1.80180346e-08 
 3.85337557e-06 -8.95624684e-09 -8.95624686e-09 -8.95606749e-09 -8.95624689e-09 -1.11746531e-08 -1.11746530e-08 -8.95624687e-09 -8.95285735e-09 
 3.85537557e-06  1.85198868e-08  1.85198869e-08  1.85197083e-08  1.85198869e-08  2.08055057e-08  2.08055057e-08  1.85198869e-08  1.85167070e-08 
 3.85737557e-06 -9.44646099e-09 -9.44646101e-09 -9.44628373e-09 -9.44646104e-09 -1.17984569e-08 -1.17984568e-08 -9.44646102e-09 -9.44350684e-09 
 3.85937557e-06  1.90075203e-08  1.90075203e-08  1.90073446e-08  1.90075203e-08  2.14256886e-08  2.14256886e-08  1.90075203e-08  1.90048068e-08 
 3.86137557e-06 -9.91922023e-09 -9.91922028e-09 -9.91904679e-09 -9.91922032e-09 -1.24011430e-08 -1.24011429e-08 -9.91922028e-09 -9.91676558e-09 
 3.86337557e-06  1.94715611e-08  1.94715611e-08  1.94713903e-08  1.94715612e-08  2.20178664e-08  2.20178664e-08  1.94715611e-08  1.94693800e-08 
 3.86537557e-06 -1.03709754e-08 -1.03709755e-08 -1.03708078e-08 -1.03709755e-08 -1.29783559e-08 -1.29783559e-08 -1.03709754e-08 -1.03690867e-08 
 3.86737557e-06  1.99176066e-08  1.99176066e-08  1.99174424e-08  1.99176066e-08  2.25883823e-08  2.25883823e-08  1.99176066e-08  1.99160243e-08 
 3.86937557e-06 -1.08071129e-08 -1.08071129e-08 -1.08069530e-08 -1.08071129e-08 -1.35369275e-08 -1.35369274e-08 -1.08071129e-08 -1.08058558e-08 
 3.87137557e-06  2.03441767e-08  2.03441767e-08  2.03440212e-08  2.03441767e-08  2.31354735e-08  2.31354735e-08  2.03441767e-08  2.03432598e-08 
 3.87337557e-06 -1.12233799e-08 -1.12233799e-08 -1.12232296e-08 -1.12233799e-08 -1.40716214e-08 -1.40716214e-08 -1.12233798e-08 -1.12228212e-08 
 3.87537557e-06  2.07504827e-08  2.07504827e-08  2.07503381e-08  2.07504827e-08  2.36582371e-08  2.36582371e-08  2.07504827e-08  2.07502983e-08 
 3.87737557e-06 -1.16190416e-08 -1.16190416e-08 -1.16189032e-08 -1.16190416e-08 -1.45816013e-08 -1.45816013e-08 -1.16190415e-08 -1.16192487e-08 
 3.87937557e-06  2.11358424e-08  2.11358424e-08  2.11357107e-08  2.11358423e-08  2.41559003e-08  2.41559002e-08  2.11358423e-08  2.11364580e-08 
 3.88137557e-06 -1.19934682e-08 -1.19934681e-08 -1.19933439e-08 -1.19934681e-08 -1.50661576e-08 -1.50661576e-08 -1.19934681e-08 -1.19945085e-08 
 3.88337557e-06  2.14996762e-08  2.14996761e-08  2.14995597e-08  2.14996762e-08  2.46278145e-08  2.46278145e-08  2.14996761e-08  2.15011594e-08 
 3.88537557e-06 -1.23461304e-08 -1.23461303e-08 -1.23460224e-08 -1.23461303e-08 -1.55247021e-08 -1.55247021e-08 -1.23461302e-08 -1.23480717e-08 
 3.88737557e-06  2.18415036e-08  2.18415035e-08  2.18414046e-08  2.18415035e-08  2.50734497e-08  2.50734497e-08  2.18415034e-08  2.18439223e-08 
 3.88937557e-06 -1.26765958e-08 -1.26765958e-08 -1.26765065e-08 -1.26765957e-08 -1.59567617e-08 -1.59567617e-08 -1.26765956e-08 -1.26795058e-08 
 3.89137557e-06  2.21609387e-08  2.21609386e-08  2.21608596e-08  2.21609386e-08  2.54923879e-08  2.54923879e-08  2.21609385e-08  2.21643604e-08 
 3.89337557e-06 -1.29845245e-08 -1.29845245e-08 -1.29844563e-08 -1.29845244e-08 -1.63619727e-08 -1.63619727e-08 -1.29845244e-08 -1.29884706e-08 
 3.89537557e-06  2.24576860e-08  2.24576860e-08  2.24576291e-08  2.24576859e-08  2.58843171e-08  2.58843171e-08  2.24576858e-08  2.24621781e-08 
 3.89737557e-06 -1.32696648e-08 -1.32696648e-08 -1.32696200e-08 -1.32696647e-08 -1.67400739e-08 -1.67400739e-08 -1.32696646e-08 -1.32747142e-08 
 3.89937557e-06  2.27315360e-08  2.27315360e-08  2.27315039e-08  2.27315359e-08  2.62490254e-08  2.62490254e-08  2.27315358e-08  2.27371656e-08 
 3.90137557e-06 -1.35318484e-08 -1.35318484e-08 -1.35318295e-08 -1.35318483e-08 -1.70909013e-08 -1.70909013e-08 -1.35318482e-08 -1.35380677e-08 
 3.90337557e-06  2.29823605e-08  2.29823605e-08  2.29823555e-08  2.29823604e-08  2.65863949e-08  2.65863949e-08  2.29823602e-08  2.29891939e-08 
 3.90537557e-06 -1.37709861e-08 -1.37709861e-08 -1.37709956e-08 -1.37709860e-08 -1.74143817e-08 -1.74143817e-08 -1.37709858e-08 -1.37784414e-08 
 3.90737557e-06  2.32101079e-08  2.32101079e-08  2.32101325e-08  2.32101078e-08  2.68963954e-08  2.68963955e-08  2.32101077e-08  2.32182108e-08 
 3.90937557e-06 -1.39870630e-08 -1.39870629e-08 -1.39871032e-08 -1.39870629e-08 -1.77105264e-08 -1.77105264e-08 -1.39870627e-08 -1.39958195e-08 
 3.91137557e-06  2.34147987e-08  2.34147987e-08  2.34148554e-08  2.34147987e-08  2.71790787e-08  2.71790788e-08  2.34147985e-08  2.34242360e-08 
 3.91337557e-06 -1.41801336e-08 -1.41801335e-08 -1.41802071e-08 -1.41801335e-08 -1.79794261e-08 -1.79794262e-08 -1.41801333e-08 -1.41902558e-08 
 3.91537557e-06  2.35965208e-08  2.35965207e-08  2.35966119e-08  2.35965206e-08  2.74345727e-08  2.74345727e-08  2.35965204e-08  2.36073565e-08 
 3.91737557e-06 -1.43503179e-08 -1.43503178e-08 -1.43504271e-08 -1.43503177e-08 -1.82212444e-08 -1.82212444e-08 -1.43503176e-08 -1.43618693e-08 
 3.91937557e-06  2.37554247e-08  2.37554247e-08  2.37555528e-08  2.37554246e-08  2.76630755e-08  2.76630754e-08  2.37554244e-08  2.37677219e-08 
 3.92137557e-06 -1.44977960e-08 -1.44977959e-08 -1.44979433e-08 -1.44977958e-08 -1.84362125e-08 -1.84362125e-08 -1.44977956e-08 -1.45108391e-08 
 3.92337557e-06  2.38917196e-08  2.38917195e-08  2.38918870e-08  2.38917194e-08  2.78648504e-08  2.78648505e-08  2.38917192e-08  2.39055401e-08 
 3.92537557e-06 -1.46228042e-08 -1.46228041e-08 -1.46229921e-08 -1.46228040e-08 -1.86246240e-08 -1.86246240e-08 -1.46228038e-08 -1.46374000e-08 
 3.92737557e-06  2.40056680e-08  2.40056679e-08  2.40058772e-08  2.40056678e-08  2.80402205e-08  2.80402205e-08  2.40056676e-08  2.40210724e-08 
 3.92937557e-06 -1.47256303e-08 -1.47256302e-08 -1.47258612e-08 -1.47256301e-08 -1.87868295e-08 -1.87868294e-08 -1.47256299e-08 -1.47418389e-08 
 3.93137557e-06  2.40975823e-08  2.40975822e-08  2.40978357e-08  2.40975822e-08  2.81895628e-08  2.81895628e-08  2.40975818e-08  2.41146300e-08 
 3.93337557e-06 -1.48066096e-08 -1.48066095e-08 -1.48068858e-08 -1.48066095e-08 -1.89232311e-08 -1.89232312e-08 -1.48066091e-08 -1.48244894e-08 
 3.93537557e-06  2.41678200e-08  2.41678200e-08  2.41681200e-08  2.41678199e-08  2.83133044e-08  2.83133043e-08  2.41678196e-08  2.41865687e-08 
 3.93737557e-06 -1.48661204e-08 -1.48661204e-08 -1.48664444e-08 -1.48661204e-08 -1.90342787e-08 -1.90342786e-08 -1.48661201e-08 -1.48857287e-08 
 3.93937557e-06  2.42167800e-08  2.42167799e-08  2.42171288e-08  2.42167799e-08  2.84119166e-08  2.84119166e-08  2.42167796e-08  2.42372861e-08 
 3.94137557e-06 -1.49045807e-08 -1.49045806e-08 -1.49049545e-08 -1.49045806e-08 -1.91204639e-08 -1.91204639e-08 -1.49045803e-08 -1.49259726e-08 
 3.94337557e-06  2.42448984e-08  2.42448984e-08  2.42452983e-08  2.42448983e-08  2.84859114e-08  2.84859114e-08  2.42448980e-08  2.42672165e-08 
 3.94537557e-06 -1.49224433e-08 -1.49224432e-08 -1.49228692e-08 -1.49224432e-08 -1.91823168e-08 -1.91823168e-08 -1.49224429e-08 -1.49456728e-08 
 3.94737557e-06  2.42526449e-08  2.42526448e-08  2.42530980e-08  2.42526448e-08  2.85358365e-08  2.85358365e-08  2.42526445e-08  2.42768280e-08 
 3.94937557e-06 -1.49248022e-08 -1.49248022e-08 -1.49252827e-08 -1.49248022e-08 -1.92263364e-08 -1.92263364e-08 -1.49248019e-08 -1.49499286e-08 
 3.95137557e-06  2.42327974e-08  2.42327973e-08  2.42333057e-08  2.42327973e-08  2.85531582e-08  2.85531582e-08  2.42327969e-08  2.42588878e-08 
 3.95337557e-06 -1.49029094e-08 -1.49029094e-08 -1.49034463e-08 -1.49029095e-08 -1.92412197e-08 -1.92412197e-08 -1.49029091e-08 -1.49299767e-08 
 3.95537557e-06  2.42013056e-08  2.42013056e-08  2.42018713e-08  2.42013055e-08  2.85566856e-08  2.85566856e-08  2.42013052e-08  2.42293614e-08 
 3.95737557e-06 -1.48619524e-08 -1.48619524e-08 -1.48625476e-08 -1.48619524e-08 -1.92335451e-08 -1.92335451e-08 -1.48619520e-08 -1.48910092e-08 
 3.95937557e-06  2.41510305e-08  2.41510305e-08  2.41516555e-08  2.41510304e-08  2.85379734e-08  2.85379734e-08  2.41510300e-08  2.41810984e-08 
 3.96137557e-06 -1.48025064e-08 -1.48025064e-08 -1.48031618e-08 -1.48025064e-08 -1.92039544e-08 -1.92039543e-08 -1.48025060e-08 -1.48335957e-08 
 3.96337557e-06  2.40825724e-08  2.40825725e-08  2.40832586e-08  2.40825724e-08  2.84976731e-08  2.84976730e-08  2.40825720e-08  2.41146921e-08 
 3.96537557e-06 -1.47251942e-08 -1.47251942e-08 -1.47259115e-08 -1.47251941e-08 -1.91531080e-08 -1.91531080e-08 -1.47251937e-08 -1.47583539e-08 
 3.96737557e-06  2.39965704e-08  2.39965705e-08  2.39973194e-08  2.39965704e-08  2.84364548e-08  2.84364548e-08  2.39965700e-08  2.40307789e-08 
 3.96937557e-06 -1.46306617e-08 -1.46306617e-08 -1.46314425e-08 -1.46306616e-08 -1.90816876e-08 -1.90816876e-08 -1.46306611e-08 -1.46659282e-08 
 3.97137557e-06  2.38936729e-08  2.38936729e-08  2.38944862e-08  2.38936729e-08  2.83550178e-08  2.83550179e-08  2.38936724e-08  2.39300060e-08 
 3.97337557e-06 -1.45195593e-08 -1.45195594e-08 -1.45204054e-08 -1.45195592e-08 -1.89904214e-08 -1.89904214e-08 -1.45195587e-08 -1.45569680e-08 
 3.97537557e-06  2.37745319e-08  2.37745319e-08  2.37754111e-08  2.37745318e-08  2.82541165e-08  2.82541164e-08  2.37745313e-08  2.38130241e-08 
 3.97737557e-06 -1.43925366e-08 -1.43925366e-08 -1.43934494e-08 -1.43925366e-08 -1.88800718e-08 -1.88800717e-08 -1.43925360e-08 -1.44321221e-08 
 3.97937557e-06  2.36397863e-08  2.36397863e-08  2.36407331e-08  2.36397863e-08  2.81345117e-08  2.81345118e-08  2.36397857e-08  2.36804748e-08 
 3.98137557e-06 -1.42502191e-08 -1.42502191e-08 -1.42512003e-08 -1.42502191e-08 -1.87513984e-08 -1.87513983e-08 -1.42502186e-08 -1.42920206e-08 
 3.98337557e-06  2.34900505e-08  2.34900505e-08  2.34910665e-08  2.34900505e-08  2.79969619e-08  2.79969619e-08  2.34900499e-08  2.35329740e-08 
 3.98500000e-06 -1.40741412e-08 -1.40741412e-08 -1.40752006e-08 -1.40741412e-08 -1.85871437e-08 -1.85871437e-08 -1.40741406e-08 -1.41184593e-08 
 3.98520000e-06  4.44119890e-09  4.44119884e-09  4.44129066e-09  4.44119891e-09  4.45196882e-09  4.45196881e-09  4.44119885e-09  4.44413761e-09 
 3.98560000e-06  4.91431077e-09  4.91431079e-09  4.91421498e-09  4.91431064e-09  4.91136774e-09  4.91136775e-09  4.91431071e-09  4.91126811e-09 
 3.98640000e-06  4.38467081e-09  4.38467085e-09  4.38476815e-09  4.38467092e-09  4.38393272e-09  4.38393274e-09  4.38467083e-09  4.38775511e-09 
 3.98715030e-06  4.94918409e-09  4.94918396e-09  4.94908530e-09  4.94918393e-09  4.95368506e-09  4.95368513e-09  4.94918401e-09  4.94606249e-09 
 3.98769748e-06  4.34578758e-09  4.34578778e-09  4.34588796e-09  4.34578787e-09  4.33638707e-09  4.33638704e-09  4.34578778e-09  4.34894871e-09 
 3.98811443e-06  4.99530316e-09  4.99530297e-09  4.99520158e-09  4.99530286e-09  5.01070301e-09  5.01070301e-09  4.99530288e-09  4.99210832e-09 
 3.98850989e-06  4.28671764e-09  4.28671779e-09  4.28681957e-09  4.28671786e-09  4.26549586e-09  4.26549586e-09  4.28671785e-09  4.28993042e-09 
 3.98885200e-06  5.13551141e-09  5.13551132e-09  5.13541014e-09  5.13551142e-09  5.16277267e-09  5.16277267e-09  5.13551141e-09  5.13229865e-09 
 3.98908032e-06  3.53527705e-09  3.53527701e-09  3.53537598e-09  3.53527687e-09  3.50169800e-09  3.50169795e-09  3.53527689e-09  3.53838672e-09 
 3.98931880e-06  8.00128445e-09  8.00128449e-09  8.00118926e-09  8.00128453e-09  8.03420782e-09  8.03420789e-09  8.00128450e-09  7.99855933e-09 
 3.98948797e-06 -9.43093084e-09 -9.43093087e-09 -9.43084274e-09 -9.43093096e-09 -9.44015416e-09 -9.44015435e-09 -9.43093086e-09 -9.42973653e-09 
 3.98966817e-06  4.33954272e-08  4.33954273e-08  4.33953471e-08  4.33954273e-08  4.33490558e-08  4.33490560e-08  4.33954271e-08  4.33970491e-08 
 3.98986546e-06 -7.45557715e-08 -7.45557716e-08 -7.45556986e-08 -7.45557714e-08 -7.44285604e-08 -7.44285605e-08 -7.45557712e-08 -7.45609936e-08 
 3.99000000e-06  1.79309600e-07  1.79309600e-07  1.79309535e-07  1.79309600e-07  1.79028337e-07  1.79028337e-07  1.79309600e-07  1.79320401e-07 
 3.99002198e-06 -2.40136445e-07 -2.40136446e-07 -2.40136418e-07 -2.40136446e-07 -2.39959497e-07 -2.39959497e-07 -2.40136445e-07 -2.40163133e-07 
 3.99006594e-06  2.93340358e-07  2.93340358e-07  2.93340263e-07  2.93340358e-07  2.93524084e-07  2.93524084e-07  2.93340358e-07  2.93485791e-07 
 3.99015386e-06 -2.49460843e-07 -2.49460843e-07 -2.49460729e-07 -2.49460843e-07 -2.49953360e-07 -2.49953360e-07 -2.49460846e-07 -2.49741010e-07 
 3.99032970e-06  2.32024082e-07  2.32024081e-07  2.32023968e-07  2.32024081e-07  2.32688013e-07  2.32688012e-07  2.32024085e-07  2.32395257e-07 
 3.99068137e-06 -2.07900048e-07 -2.07900048e-07 -2.07899939e-07 -2.07900048e-07 -2.08652301e-07 -2.08652301e-07 -2.07900053e-07 -2.08322378e-07 
 3.99138472e-06  2.09585302e-07  2.09585302e-07  2.09585196e-07  2.09585302e-07  2.10382026e-07  2.10382026e-07  2.09585307e-07  2.10034436e-07 
 3.99257292e-06 -1.95690073e-07 -1.95690073e-07 -1.95689970e-07 -1.95690073e-07 -1.96513214e-07 -1.96513214e-07 -1.95690078e-07 -1.96155449e-07 
 3.99446152e-06  2.02108872e-07  2.02108872e-07  2.02108770e-07  2.02108872e-07  2.02948645e-07  2.02948645e-07  2.02108878e-07  2.02584594e-07 
 3.99646152e-06 -1.90042715e-07 -1.90042715e-07 -1.90042615e-07 -1.90042715e-07 -1.90898209e-07 -1.90898209e-07 -1.90042721e-07 -1.90528300e-07 
 3.99846152e-06  1.96600655e-07  1.96600655e-07  1.96600556e-07  1.96600655e-07  1.97471869e-07  1.97471869e-07  1.96600661e-07  1.97096184e-07 
 4.00046152e-06 -1.84514703e-07 -1.84514703e-07 -1.84514606e-07 -1.84514703e-07 -1.85401646e-07 -1.85401646e-07 -1.84514709e-07 -1.85020262e-07 
 4.00246152e-06  1.91054882e-07  1.91054882e-07  1.91054786e-07  1.91054882e-07  1.91957548e-07  1.91957548e-07  1.91054888e-07  1.91570545e-07 
 4.00446152e-06 -1.78953170e-07 -1.78953170e-07 -1.78953076e-07 -1.78953170e-07 -1.79871562e-07 -1.79871562e-07 -1.78953176e-07 -1.79479019e-07 
 4.00646152e-06  1.85479533e-07  1.85479533e-07  1.85479441e-07  1.85479533e-07  1.86413639e-07  1.86413639e-07  1.85479539e-07  1.86015638e-07 
 4.00846152e-06 -1.73365922e-07 -1.73365922e-07 -1.73365832e-07 -1.73365922e-07 -1.74315738e-07 -1.74315738e-07 -1.73365929e-07 -1.73912358e-07 
 4.01046152e-06  1.79882240e-07  1.79882240e-07  1.79882152e-07  1.79882240e-07  1.80847748e-07  1.80847748e-07  1.79882247e-07  1.80439072e-07 
 4.01246152e-06 -1.67760417e-07 -1.67760417e-07 -1.67760332e-07 -1.67760418e-07 -1.68741608e-07 -1.68741608e-07 -1.67760425e-07 -1.68327715e-07 
 4.01446152e-06  1.74270291e-07  1.74270291e-07  1.74270208e-07  1.74270291e-07  1.75267140e-07  1.75267140e-07  1.74270298e-07  1.74848112e-07 
 4.01646152e-06 -1.62143773e-07 -1.62143773e-07 -1.62143692e-07 -1.62143773e-07 -1.63156264e-07 -1.63156264e-07 -1.62143781e-07 -1.62732182e-07 
 4.01846152e-06  1.68650631e-07  1.68650631e-07  1.68650553e-07  1.68650631e-07  1.69678734e-07  1.69678734e-07  1.68650639e-07  1.69249681e-07 
 4.02046152e-06 -1.56522767e-07 -1.56522766e-07 -1.56522691e-07 -1.56522767e-07 -1.57566459e-07 -1.57566459e-07 -1.56522775e-07 -1.57132515e-07 
 4.02246152e-06  1.63029873e-07  1.63029873e-07  1.63029799e-07  1.63029873e-07  1.64089120e-07  1.64089120e-07  1.63029881e-07  1.63650368e-07 
 4.02446152e-06 -1.50903844e-07 -1.50903844e-07 -1.50903773e-07 -1.50903844e-07 -1.51978616e-07 -1.51978616e-07 -1.50903852e-07 -1.51535137e-07 
 4.02646152e-06  1.57414298e-07  1.57414298e-07  1.57414230e-07  1.57414298e-07  1.58504554e-07  1.58504554e-07  1.57414307e-07  1.58056431e-07 
 4.02846152e-06 -1.45293125e-07 -1.45293125e-07 -1.45293060e-07 -1.45293126e-07 -1.46398830e-07 -1.46398830e-07 -1.45293134e-07 -1.45946144e-07 
 4.03046152e-06  1.51809866e-07  1.51809866e-07  1.51809804e-07  1.51809867e-07  1.52930973e-07  1.52930973e-07  1.51809876e-07  1.52473807e-07 
 4.03246152e-06 -1.39696413e-07 -1.39696412e-07 -1.39696353e-07 -1.39696413e-07 -1.40832880e-07 -1.40832880e-07 -1.39696422e-07 -1.40371314e-07 
 4.03446152e-06  1.46222224e-07  1.46222224e-07  1.46222167e-07  1.46222224e-07  1.47373999e-07  1.47373999e-07  1.46222233e-07  1.46908117e-07 
 4.03646152e-06 -1.34119196e-07 -1.34119196e-07 -1.34119143e-07 -1.34119196e-07 -1.35286232e-07 -1.35286232e-07 -1.34119206e-07 -1.34816114e-07 
 4.03846152e-06  1.40656708e-07  1.40656708e-07  1.40656658e-07  1.40656708e-07  1.41838946e-07  1.41838946e-07  1.40656718e-07  1.41364674e-07 
 4.04046152e-06 -1.28566662e-07 -1.28566662e-07 -1.28566616e-07 -1.28566663e-07 -1.29764050e-07 -1.29764050e-07 -1.28566673e-07 -1.29285706e-07 
 4.04246152e-06  1.35118356e-07  1.35118356e-07  1.35118313e-07  1.35118357e-07  1.36330829e-07  1.36330829e-07  1.35118367e-07  1.35848495e-07 
 4.04446152e-06 -1.23043704e-07 -1.23043704e-07 -1.23043664e-07 -1.23043704e-07 -1.24271203e-07 -1.24271203e-07 -1.23043714e-07 -1.23784958e-07 
 4.04646152e-06  1.29611917e-07  1.29611917e-07  1.29611881e-07  1.29611917e-07  1.30854373e-07  1.30854373e-07  1.29611928e-07  1.30364300e-07 
 4.04846152e-06 -1.17554925e-07 -1.17554925e-07 -1.17554892e-07 -1.17554925e-07 -1.18812272e-07 -1.18812272e-07 -1.17554936e-07 -1.18318452e-07 
 4.05046152e-06  1.24141855e-07  1.24141855e-07  1.24141826e-07  1.24141855e-07  1.25414019e-07  1.25414019e-07  1.24141866e-07  1.24916532e-07 
 4.05246152e-06 -1.12104652e-07 -1.12104652e-07 -1.12104627e-07 -1.12104652e-07 -1.13391563e-07 -1.13391563e-07 -1.12104664e-07 -1.12890489e-07 
 4.05446152e-06  1.18712360e-07  1.18712360e-07  1.18712338e-07  1.18712360e-07  1.20013937e-07  1.20013937e-07  1.18712372e-07  1.19509357e-07 
 4.05646152e-06 -1.06696942e-07 -1.06696943e-07 -1.06696925e-07 -1.06696943e-07 -1.08013109e-07 -1.08013109e-07 -1.06696955e-07 -1.07505103e-07 
 4.05846152e-06  1.13327358e-07  1.13327358e-07  1.13327344e-07  1.13327358e-07  1.14658030e-07  1.14658030e-07  1.13327371e-07  1.14146677e-07 
 4.06046152e-06 -1.01335592e-07 -1.01335592e-07 -1.01335582e-07 -1.01335592e-07 -1.02680686e-07 -1.02680687e-07 -1.01335605e-07 -1.02166066e-07 
 4.06246152e-06  1.08020518e-07  1.08020518e-07  1.08020512e-07  1.08020518e-07  1.09380386e-07  1.09380386e-07  1.08020531e-07  1.08862412e-07 
 4.06446152e-06 -9.60196373e-08 -9.60196373e-08 -9.60196354e-08 -9.60196376e-08 -9.73933365e-08 -9.73933365e-08 -9.60196506e-08 -9.68724125e-08 
 4.06646152e-06  1.02701062e-07  1.02701062e-07  1.02701064e-07  1.02701063e-07  1.04088910e-07  1.04088910e-07  1.02701076e-07  1.03564955e-07 
 4.06846152e-06 -9.07619922e-08 -9.07619922e-08 -9.07619987e-08 -9.07619925e-08 -9.21638951e-08 -9.21638951e-08 -9.07620060e-08 -9.16369879e-08 
 4.07046152e-06  9.74711333e-08  9.74711333e-08  9.74711441e-08  9.74711337e-08  9.88869922e-08  9.88869923e-08  9.74711474e-08  9.83572101e-08 
 4.07246152e-06 -8.55605471e-08 -8.55605472e-08 -8.55605623e-08 -8.55605475e-08 -8.69902641e-08 -8.69902641e-08 -8.55605615e-08 -8.64576845e-08 
 4.07446152e-06  9.22988562e-08  9.22988562e-08  9.22988757e-08  9.22988566e-08  9.37423271e-08  9.37423271e-08  9.22988709e-08  9.32070269e-08 
 4.07646152e-06 -8.04181502e-08 -8.04181502e-08 -8.04181742e-08 -8.04181506e-08 -8.18752719e-08 -8.18752719e-08 -8.04181652e-08 -8.13373278e-08 
 4.07846152e-06  8.71869689e-08  8.71869689e-08  8.71869974e-08  8.71869693e-08  8.86576328e-08  8.86576328e-08  8.71869841e-08  8.81171206e-08 
 4.08046152e-06 -7.53374313e-08 -7.53374313e-08 -7.53374644e-08 -7.53374317e-08 -7.68215293e-08 -7.68215294e-08 -7.53374468e-08 -7.62785251e-08 
 4.08246152e-06  8.21379956e-08  8.21379956e-08  8.21380333e-08  8.21379960e-08  8.36354147e-08  8.36354147e-08  8.21380113e-08  8.30899933e-08 
 4.08446152e-06 -7.03208111e-08 -7.03208111e-08 -7.03208535e-08 -7.03208115e-08 -7.18314384e-08 -7.18314384e-08 -7.03208271e-08 -7.12836753e-08 
 4.08646152e-06  7.71542553e-08  7.71542552e-08  7.71543023e-08  7.71542557e-08  7.86779734e-08  7.86779734e-08  7.71542716e-08  7.81279426e-08 
 4.08846152e-06 -6.53705090e-08 -6.53705090e-08 -6.53705609e-08 -6.53705094e-08 -6.69072006e-08 -6.69072006e-08 -6.53705256e-08 -6.63549766e-08 
 4.09046152e-06  7.22378703e-08  7.22378703e-08  7.22379270e-08  7.22378707e-08  7.37874138e-08  7.37874137e-08  7.22378872e-08  7.32330695e-08 
 4.09246152e-06 -6.04885523e-08 -6.04885523e-08 -6.04886138e-08 -6.04885527e-08 -6.20508255e-08 -6.20508256e-08 -6.04885694e-08 -6.14944349e-08 
 4.09446152e-06  6.73907746e-08  6.73907746e-08  6.73908411e-08  6.73907749e-08  6.89656522e-08  6.89656523e-08  6.73907920e-08  6.84072871e-08 
 4.09646152e-06 -5.56767834e-08 -5.56767834e-08 -5.56768549e-08 -5.56767838e-08 -5.72641391e-08 -5.72641391e-08 -5.56768011e-08 -5.67038724e-08 
 4.09846152e-06  6.26147216e-08  6.26147216e-08  6.26147981e-08  6.26147219e-08  6.42144259e-08  6.42144259e-08  6.26147395e-08  6.36523286e-08 
 4.10046152e-06 -5.09368688e-08 -5.09368688e-08 -5.09369503e-08 -5.09368691e-08 -5.25487912e-08 -5.25487912e-08 -5.09368869e-08 -5.19849354e-08 
 4.10246152e-06  5.79112923e-08  5.79112923e-08  5.79113789e-08  5.79112926e-08  5.95352999e-08  5.95352999e-08  5.79113107e-08  5.89697553e-08 
 4.10446152e-06 -4.62703059e-08 -4.62703059e-08 -4.62703977e-08 -4.62703063e-08 -4.79062640e-08 -4.79062640e-08 -4.62703247e-08 -4.73391021e-08 
 4.10646152e-06  5.32819029e-08  5.32819030e-08  5.32820000e-08  5.32819033e-08  5.49296751e-08  5.49296751e-08  5.32819220e-08  5.43609644e-08 
 4.10846152e-06 -4.16784316e-08 -4.16784317e-08 -4.16785338e-08 -4.16784320e-08 -4.33378793e-08 -4.33378793e-08 -4.16784511e-08 -4.27676902e-08 
 4.11046152e-06  4.87278128e-08  4.87278128e-08  4.87279203e-08  4.87278132e-08  5.03987960e-08  5.03987960e-08  4.87278325e-08  4.98271964e-08 
 4.11246152e-06 -3.71624292e-08 -3.71624292e-08 -3.71625420e-08 -3.71624296e-08 -3.88448058e-08 -3.88448058e-08 -3.71624492e-08 -3.82718649e-08 
 4.11446152e-06  4.42501309e-08  4.42501309e-08  4.42502490e-08  4.42501313e-08  4.59437578e-08  4.59437578e-08  4.42501512e-08  4.53695422e-08 
 4.11646152e-06 -3.27166493e-08 -3.27166493e-08 -3.27167727e-08 -3.27166497e-08 -3.44208373e-08 -3.44208373e-08 -3.27166698e-08 -3.38455968e-08 
 4.11846152e-06  3.98535482e-08  3.98535481e-08  3.98536770e-08  3.98535485e-08  4.15692162e-08  4.15692162e-08  3.98535690e-08  4.09926566e-08 
 4.12046152e-06 -2.83655302e-08 -2.83655302e-08 -2.83656645e-08 -2.83655305e-08 -3.00920090e-08 -3.00920091e-08 -2.83655513e-08 -2.95143759e-08 
 4.12246152e-06  3.55309756e-08  3.55309756e-08  3.55311153e-08  3.55309760e-08  3.72681161e-08  3.72681162e-08  3.55309970e-08  3.66894740e-08 
 4.12446152e-06 -2.40823709e-08 -2.40823709e-08 -2.40825161e-08 -2.40823713e-08 -2.58300209e-08 -2.58300209e-08 -2.40823926e-08 -2.52504361e-08 
 4.12646152e-06  3.12873628e-08  3.12873628e-08  3.12875136e-08  3.12873632e-08  3.30453703e-08  3.30453703e-08  3.12873848e-08  3.24649061e-08 
 4.12846152e-06 -1.98784726e-08 -1.98784726e-08 -1.98786289e-08 -1.98784730e-08 -2.16466823e-08 -2.16466824e-08 -1.98784949e-08 -2.10654041e-08 
 4.13046152e-06  2.71282937e-08  2.71282937e-08  2.71284557e-08  2.71282941e-08  2.89071166e-08  2.89071167e-08  2.71283163e-08  2.83249036e-08 
 4.13246152e-06 -1.57507424e-08 -1.57507424e-08 -1.57509100e-08 -1.57507428e-08 -1.75389093e-08 -1.75389094e-08 -1.57507653e-08 -1.69561895e-08 
 4.13446152e-06  2.30358315e-08  2.30358314e-08  2.30360046e-08  2.30358318e-08  2.48337297e-08  2.48337297e-08  2.30358546e-08  2.42503836e-08 
 4.13646152e-06 -1.17072736e-08 -1.17072737e-08 -1.17074524e-08 -1.17072740e-08 -1.35147426e-08 -1.35147427e-08 -1.17072971e-08 -1.29308332e-08 
 4.13846152e-06  1.90325292e-08  1.90325292e-08  1.90327136e-08  1.90325296e-08  2.08494097e-08  2.08494098e-08  1.90325529e-08  2.02649971e-08 
 4.14046152e-06 -7.74422372e-09 -7.74422372e-09 -7.74441385e-09 -7.74422407e-09 -9.57035283e-09 -9.57035290e-09 -7.74424777e-09 -8.98549900e-09 
 4.14246152e-06  1.51097584e-08  1.51097584e-08  1.51099543e-08  1.51097588e-08  1.69449747e-08  1.69449748e-08  1.51097827e-08  1.63597386e-08 
 4.14446152e-06 -3.86224297e-09 -3.86224297e-09 -3.86244450e-09 -3.86224332e-09 -5.70593083e-09 -5.70593089e-09 -3.86226757e-09 -5.12042987e-09 
 4.14646152e-06  1.12685673e-08  1.12685673e-08  1.12687745e-08  1.12685676e-08  1.31205671e-08  1.31205672e-08  1.12685922e-08  1.25348586e-08 
 4.14846152e-06 -6.43002055e-11 -6.43003076e-11 -6.45131779e-11 -6.43005695e-11 -1.92430872e-09 -1.92430874e-09 -6.43254219e-11 -1.33857906e-09 
 4.15046152e-06  7.51203838e-09  7.51203840e-09  7.51225696e-09  7.51203865e-09  9.37989365e-09  9.37989367e-09  7.51206377e-09  8.79420078e-09 
 4.15246152e-06  3.65417897e-09  3.65417890e-09  3.65395457e-09  3.65417867e-09  1.77862295e-09  1.77862290e-09  3.65415325e-09  2.36422699e-09 
 4.15446152e-06  3.83473343e-09  3.83473351e-09  3.83496356e-09  3.83473374e-09  5.71826958e-09  5.71826964e-09  3.83475944e-09  5.13275882e-09 
 4.15646152e-06  7.28868079e-09  7.28868069e-09  7.28844484e-09  7.28868048e-09  5.39734025e-09  5.39734016e-09  7.28865452e-09  5.98270100e-09 
 4.15846152e-06  2.40470305e-10  2.40470391e-10  2.40712132e-10  2.40470598e-10  2.13958311e-09  2.13958317e-09  2.40496907e-10  1.55429501e-09 
 4.16046152e-06  1.08427566e-08  1.08427565e-08  1.08425089e-08  1.08427563e-08  8.93604973e-09  8.93604970e-09  1.08427297e-08  9.52120855e-09 
 4.16246152e-06 -3.27346847e-09 -3.27346840e-09 -3.27321493e-09 -3.27346817e-09 -1.35933316e-09 -1.35933313e-09 -3.27344129e-09 -1.94430911e-09 
 4.16446152e-06  1.43212848e-08  1.43212848e-08  1.43210254e-08  1.43212846e-08  1.23993053e-08  1.23993053e-08  1.43212574e-08  1.29842263e-08 
 4.16646152e-06 -6.70204012e-09 -6.70204006e-09 -6.70177502e-09 -6.70203985e-09 -4.77419523e-09 -4.77419519e-09 -6.70201234e-09 -5.35845567e-09 
 4.16846152e-06  1.77165702e-08  1.77165701e-08  1.77162991e-08  1.77165700e-08  1.57806015e-08  1.57806014e-08  1.77165421e-08  1.63648865e-08 
 4.17046152e-06 -1.00586468e-08 -1.00586467e-08 -1.00583699e-08 -1.00586466e-08 -8.11656810e-09 -8.11656807e-09 -1.00586185e-08 -8.70027053e-09 
 4.17246152e-06  2.10223461e-08  2.10223461e-08  2.10220634e-08  2.10223459e-08  1.90737137e-08  1.90737137e-08  2.10223175e-08  1.96569669e-08 
 4.17446152e-06 -1.33337721e-08 -1.33337720e-08 -1.33334834e-08 -1.33337719e-08 -1.13787550e-08 -1.13787550e-08 -1.33337431e-08 -1.19615087e-08 
 4.17646152e-06  2.42658442e-08  2.42658442e-08  2.42655496e-08  2.42658441e-08  2.23040165e-08  2.23040165e-08  2.42658150e-08  2.28864014e-08 
 4.17846152e-06 -1.65270388e-08 -1.65270388e-08 -1.65267385e-08 -1.65270387e-08 -1.45598095e-08 -1.45598095e-08 -1.65270094e-08 -1.51414087e-08 
 4.18046152e-06  2.74210551e-08  2.74210551e-08  2.74207489e-08  2.74210550e-08  2.54473627e-08  2.54473627e-08  2.74210253e-08  2.60284930e-08 
 4.18246152e-06 -1.96358612e-08 -1.96358611e-08 -1.96355492e-08 -1.96358610e-08 -1.76577359e-08 -1.76577359e-08 -1.96358310e-08 -1.82378004e-08 
 4.18446152e-06  3.05013944e-08  3.05013943e-08  3.05010763e-08  3.05013942e-08  2.85165197e-08  2.85165197e-08  3.05013640e-08  2.90962017e-08 
 4.18646152e-06 -2.26753605e-08 -2.26753605e-08 -2.26750368e-08 -2.26753603e-08 -2.06864141e-08 -2.06864140e-08 -2.26753298e-08 -2.12649348e-08 
 4.18846152e-06  3.34931787e-08  3.34931786e-08  3.34928490e-08  3.34931785e-08  3.14984500e-08  3.14984500e-08  3.34931477e-08  3.20763106e-08 
 4.19046152e-06 -2.56403659e-08 -2.56403659e-08 -2.56400305e-08 -2.56403658e-08 -2.36412864e-08 -2.36412864e-08 -2.56403347e-08 -2.42180763e-08 
 4.19246152e-06  3.64323787e-08  3.64323788e-08  3.64320373e-08  3.64323786e-08  3.44272485e-08  3.44272484e-08  3.64323472e-08  3.50034652e-08 
 4.19446152e-06 -2.85256276e-08 -2.85256276e-08 -2.85252805e-08 -2.85256274e-08 -2.65171490e-08 -2.65171489e-08 -2.85255958e-08 -2.70920209e-08 
 4.19646152e-06  3.92814297e-08  3.92814297e-08  3.92810766e-08  3.92814295e-08  3.72672505e-08  3.72672504e-08  3.92813976e-08  3.78414571e-08 
 4.19846152e-06 -3.13350293e-08 -3.13350294e-08 -3.13346705e-08 -3.13350291e-08 -2.93178627e-08 -2.93178626e-08 -3.13349969e-08 -2.98906363e-08 
 4.20046152e-06  4.20549401e-08  4.20549401e-08  4.20545753e-08  4.20549399e-08  4.00324235e-08  4.00324235e-08  4.20549073e-08  4.06044418e-08 
 4.20246152e-06 -3.40693169e-08 -3.40693169e-08 -3.40689465e-08 -3.40693166e-08 -3.20441734e-08 -3.20441733e-08 -3.40692838e-08 -3.26146727e-08 
 4.20446152e-06  4.47536743e-08  4.47536743e-08  4.47532979e-08  4.47536741e-08  4.27235318e-08  4.27235318e-08  4.47536410e-08  4.32931878e-08 
 4.20646152e-06 -3.67292717e-08 -3.67292717e-08 -3.67288898e-08 -3.67292715e-08 -3.46968618e-08 -3.46968618e-08 -3.67292381e-08 -3.52649154e-08 
 4.20846152e-06  4.73784309e-08  4.73784309e-08  4.73780430e-08  4.73784307e-08  4.53413729e-08  4.53413729e-08  4.73783970e-08  4.59084973e-08 
 4.21046152e-06 -3.93157077e-08 -3.93157077e-08 -3.93153143e-08 -3.93157075e-08 -3.72767409e-08 -3.72767409e-08 -3.93156735e-08 -3.78421815e-08 
 4.21246152e-06  4.99300398e-08  4.99300398e-08  4.99296404e-08  4.99300396e-08  4.78867755e-08  4.78867755e-08  4.99300053e-08  4.84512032e-08 
 4.21446152e-06 -4.18294688e-08 -4.18294687e-08 -4.18290639e-08 -4.18294686e-08 -3.97846530e-08 -3.97846529e-08 -4.18294340e-08 -4.03473179e-08 
 4.21646152e-06  5.24093593e-08  5.24093592e-08  5.24089485e-08  5.24093591e-08  5.03605962e-08  5.03605961e-08  5.24093243e-08  5.09221664e-08 
 4.21846152e-06 -4.42714260e-08 -4.42714260e-08 -4.42710099e-08 -4.42714258e-08 -4.22214672e-08 -4.22214671e-08 -4.42713908e-08 -4.27811979e-08 
 4.22046152e-06  5.48172738e-08  5.48172738e-08  5.48168518e-08  5.48172736e-08  5.27637170e-08  5.27637170e-08  5.48172382e-08  5.33222733e-08 
 4.22246152e-06 -4.66424755e-08 -4.66424755e-08 -4.66420481e-08 -4.66424753e-08 -4.45880770e-08 -4.45880769e-08 -4.66424397e-08 -4.51447192e-08 
 4.22446152e-06  5.71546915e-08  5.71546915e-08  5.71542583e-08  5.71546913e-08  5.50970435e-08  5.50970434e-08  5.71546554e-08  5.56524337e-08 
 4.22646152e-06 -4.89435356e-08 -4.89435356e-08 -4.89430971e-08 -4.89435354e-08 -4.68853978e-08 -4.68853978e-08 -4.89434993e-08 -4.74388016e-08 
 4.22846152e-06  5.94225418e-08  5.94225418e-08  5.94220975e-08  5.94225416e-08  5.73615017e-08  5.73615016e-08  5.94225052e-08  5.79135779e-08 
 4.23046152e-06 -5.11755448e-08 -5.11755448e-08 -5.11750953e-08 -5.11755447e-08 -4.91143648e-08 -4.91143648e-08 -5.11755080e-08 -4.96643845e-08 
 4.23246152e-06  6.16217731e-08  6.16217731e-08  6.16213178e-08  6.16217730e-08  5.95580366e-08  5.95580366e-08  6.16217360e-08  6.01066550e-08 
 4.23446152e-06 -5.33394599e-08 -5.33394599e-08 -5.33389994e-08 -5.33394598e-08 -5.12759309e-08 -5.12759308e-08 -5.33394225e-08 -5.18224247e-08 
 4.23646152e-06  6.37533511e-08  6.37533511e-08  6.37528848e-08  6.37533510e-08  6.16876096e-08  6.16876096e-08  6.37533134e-08  6.22326305e-08 
 4.23846152e-06 -5.54362536e-08 -5.54362535e-08 -5.54357822e-08 -5.54362535e-08 -5.33710643e-08 -5.33710642e-08 -5.54362156e-08 -5.39138947e-08 
 4.24000000e-06  6.61285267e-08  6.61285266e-08  6.61280479e-08  6.61285265e-08  6.40611374e-08  6.40611373e-08  6.61284883e-08  6.46019047e-08 
 4.24020000e-06  2.27684038e-09  2.27684030e-09  2.27685321e-09  2.27684035e-09  2.27529941e-09  2.27529934e-09  2.27684100e-09  2.28068623e-09 
 4.24060000e-06  6.86288020e-09  6.86288026e-09  6.86286776e-09  6.86288032e-09  6.86635383e-09  6.86635383e-09  6.86287968e-09  6.86060064e-09 
 4.24140000e-06  2.54130980e-09  2.54130977e-09  2.54132199e-09  2.54130966e-09  2.53687799e-09  2.53687801e-09  2.54131028e-09  2.54280066e-09 
 4.24246255e-06  6.70975271e-09  6.70975275e-09  6.70974061e-09  6.70975286e-09  6.71467603e-09  6.71467612e-09  6.70975225e-09  6.70885780e-09 
 4.24341533e-06  2.67998783e-09  2.67998776e-09  2.67999976e-09  2.67998763e-09  2.67648752e-09  2.67648744e-09  2.67998828e-09  2.68021657e-09 
 4.24437444e-06  6.56043833e-09  6.56043841e-09  6.56042652e-09  6.56043844e-09  6.55606227e-09  6.55606234e-09  6.56043783e-09  6.56087226e-09 
 4.24500000e-06  2.89061856e-09  2.89061849e-09  2.89063010e-09  2.89061849e-09  2.93741856e-09  2.93741851e-09  2.89061911e-09  2.88917066e-09 
 4.24509708e-06  4.38380751e-09  4.38380753e-09  4.38380758e-09  4.38380764e-09  4.07793653e-09  4.07793647e-09  4.38380758e-09  4.38533891e-09 
 4.24529123e-06  4.77792628e-09  4.77792618e-09  4.77792923e-09  4.77792624e-09  5.46066743e-09  5.46066743e-09  4.77792627e-09  4.77683883e-09 
 4.24567953e-06  4.82638831e-09  4.82638849e-09  4.82638187e-09  4.82638848e-09  4.00771242e-09  4.00771244e-09  4.82638852e-09  4.82705032e-09 
 4.24626833e-06  4.18980339e-09  4.18980316e-09  4.18981341e-09  4.18980310e-09  5.04964984e-09  5.04964984e-09  4.18980308e-09  4.18950875e-09 
 4.24737674e-06  5.32451636e-09  5.32451656e-09  5.32450380e-09  5.32451661e-09  4.46073985e-09  4.46073985e-09  5.32451661e-09  5.32458874e-09 
 4.24937674e-06  3.87074036e-09  3.87074016e-09  3.87075449e-09  3.87074014e-09  4.73119206e-09  4.73119201e-09  3.87074011e-09  3.87079869e-09 
 4.25137674e-06  5.57533809e-09  5.57533828e-09  5.57532228e-09  5.57533830e-09  4.72211759e-09  4.72211759e-09  5.57533836e-09  5.57514402e-09 
 4.25337674e-06  3.60338114e-09  3.60338097e-09  3.60339884e-09  3.60338095e-09  4.44550266e-09  4.44550266e-09  3.60338092e-09  3.60371558e-09 
 4.25537674e-06  5.85912213e-09  5.85912230e-09  5.85910247e-09  5.85912234e-09  5.03191282e-09  5.03191282e-09  5.85912235e-09  5.85864293e-09 
 4.25737674e-06  3.30333384e-09  3.30333367e-09  3.30335557e-09  3.30333365e-09  4.11188743e-09  4.11188746e-09  3.30333361e-09  3.30396179e-09 
 4.25937674e-06  6.17522459e-09  6.17522471e-09  6.17520057e-09  6.17522474e-09  5.38898830e-09  5.38898827e-09  6.17522481e-09  6.17444421e-09 
 4.26137674e-06  2.97142761e-09  2.97142747e-09  2.97145409e-09  2.97142752e-09  3.73177872e-09  3.73177875e-09  2.97142743e-09  2.97236373e-09 
 4.26337674e-06  6.52264202e-09  6.52264216e-09  6.52261296e-09  6.52264216e-09  5.79164136e-09  5.79164135e-09  6.52264220e-09  6.52154744e-09 
 4.26537674e-06  2.60882934e-09  2.60882922e-09  2.60886109e-09  2.60882918e-09  3.30712580e-09  3.30712581e-09  2.60882917e-09  2.61008478e-09 
 4.26737674e-06  6.90005523e-09  6.90005537e-09  6.90002068e-09  6.90005543e-09  6.23769884e-09  6.23769883e-09  6.90005547e-09  6.89863701e-09 
 4.26937674e-06  2.21699955e-09  2.21699940e-09  2.21703708e-09  2.21699940e-09  2.84030402e-09  2.84030400e-09  2.21699930e-09  2.21858205e-09 
 4.27137674e-06  7.30587288e-09  7.30587292e-09  7.30583217e-09  7.30587304e-09  6.72460396e-09  6.72460397e-09  7.30587308e-09  7.30412508e-09 
 4.27337674e-06  1.79765017e-09  1.79765009e-09  1.79769416e-09  1.79764998e-09  2.33403178e-09  2.33403174e-09  1.79764993e-09  1.79956373e-09 
 4.27537674e-06  7.73827255e-09  7.73827260e-09  7.73822509e-09  7.73827269e-09  7.24949529e-09  7.24949529e-09  7.73827276e-09  7.73619323e-09 
 4.27737674e-06  1.35270399e-09  1.35270393e-09  1.35275501e-09  1.35270383e-09  1.79129596e-09  1.79129597e-09  1.35270376e-09  1.35494854e-09 
 4.27937674e-06  8.19524076e-09  8.19524080e-09  8.19518598e-09  8.19524096e-09  7.80927724e-09  7.80927720e-09  8.19524097e-09  8.19283200e-09 
 4.28137674e-06  8.84255886e-10  8.84255839e-10  8.84314535e-10  8.84255718e-10  1.21528534e-09  1.21528537e-09  8.84255689e-10  8.86827331e-10 
 4.28337674e-06  8.67461016e-09  8.67461020e-09  8.67454757e-09  8.67461033e-09  8.40068257e-09  8.40068257e-09  8.67461037e-09  8.67187815e-09 
 4.28537674e-06  3.94537147e-10  3.94537051e-10  3.94603819e-10  3.94536973e-10  6.09331401e-10  6.09331394e-10  3.94536968e-10  3.97427111e-10 
 4.28737674e-06  9.17409421e-09  9.17409426e-09  9.17402332e-09  9.17409436e-09  9.02032860e-09  9.02032858e-09  9.17409435e-09  9.17104944e-09 
 4.28937674e-06 -1.14152108e-10 -1.14152191e-10 -1.14076997e-10 -1.14152283e-10 -2.31497715e-11 -2.31497292e-11 -1.14152283e-10 -1.10955207e-10 
 4.29137674e-06  9.69138646e-09  9.69138649e-09  9.69130693e-09  9.69138661e-09  9.66477711e-09  9.66477709e-09  9.69138658e-09  9.68804155e-09 
 4.29337674e-06 -6.39571195e-10 -6.39571264e-10 -6.39487220e-10 -6.39571329e-10 -6.78897275e-10 -6.78897286e-10 -6.39571387e-10 -6.36082917e-10 
 4.29537674e-06  1.02243182e-08  1.02243183e-08  1.02242297e-08  1.02243184e-08  1.03309529e-08  1.03309529e-08  1.02243183e-08  1.02206918e-08 
 4.29737674e-06 -1.17940350e-09 -1.17940361e-09 -1.17931054e-09 -1.17940374e-09 -1.35464025e-09 -1.35464024e-09 -1.17940372e-09 -1.17564461e-09 
 4.29937674e-06  1.07704326e-08  1.07704327e-08  1.07703351e-08  1.07704328e-08  1.10153994e-08  1.10153994e-08  1.07704328e-08  1.07665474e-08 
 4.30137674e-06 -1.73118572e-09 -1.73118587e-09 -1.73108353e-09 -1.73118595e-09 -2.04693905e-09 -2.04693905e-09 -1.73118594e-09 -1.72718087e-09 
 4.30337674e-06  1.13272654e-08  1.13272655e-08  1.13271586e-08  1.13272656e-08  1.17147014e-08  1.17147014e-08  1.13272656e-08  1.13231482e-08 
 4.30537674e-06 -2.29245808e-09 -2.29245818e-09 -2.29234656e-09 -2.29245824e-09 -2.75240938e-09 -2.75240941e-09 -2.29245826e-09 -2.28823595e-09 
 4.30737674e-06  1.18923665e-08  1.18923666e-08  1.18922504e-08  1.18923667e-08  1.24255115e-08  1.24255115e-08  1.18923667e-08  1.18880477e-08 
 4.30937674e-06 -2.86078476e-09 -2.86078485e-09 -2.86066396e-09 -2.86078488e-09 -3.46774681e-09 -3.46774681e-09 -2.86078490e-09 -2.85637787e-09 
 4.31137674e-06  1.24633189e-08  1.24633190e-08  1.24631936e-08  1.24633191e-08  1.31445730e-08  1.31445731e-08  1.24633191e-08  1.24588331e-08 
 4.31337674e-06 -3.43377202e-09 -3.43377205e-09 -3.43364216e-09 -3.43377211e-09 -4.18974658e-09 -4.18974655e-09 -3.43377209e-09 -3.42921656e-09 
 4.31537674e-06  1.30377560e-08  1.30377561e-08  1.30376218e-08  1.30377561e-08  1.38687378e-08  1.38687378e-08  1.30377561e-08  1.30331410e-08 
 4.31737674e-06 -4.00908380e-09 -4.00908381e-09 -4.00894525e-09 -4.00908385e-09 -4.91532085e-09 -4.91532083e-09 -4.00908382e-09 -4.00441947e-09 
 4.31937674e-06  1.36133758e-08  1.36133758e-08  1.36132330e-08  1.36133758e-08  1.45949815e-08  1.45949815e-08  1.36133757e-08  1.36086729e-08 
 4.32137674e-06 -4.58445526e-09 -4.58445527e-09 -4.58430852e-09 -4.58445530e-09 -5.64151214e-09 -5.64151211e-09 -4.58445531e-09 -4.57972505e-09 
 4.32337674e-06  1.41879533e-08  1.41879533e-08  1.41878026e-08  1.41879533e-08  1.53204158e-08  1.53204157e-08  1.41879533e-08  1.41832073e-08 
 4.32537674e-06 -5.15770424e-09 -5.15770425e-09 -5.15754988e-09 -5.15770428e-09 -6.36550354e-09 -6.36550353e-09 -5.15770427e-09 -5.15295434e-09 
 4.32737674e-06  1.47593514e-08  1.47593515e-08  1.47591936e-08  1.47593515e-08  1.60422975e-08  1.60422975e-08  1.47593515e-08  1.47546099e-08 
 4.32937674e-06 -5.72674075e-09 -5.72674075e-09 -5.72657959e-09 -5.72674082e-09 -7.08462725e-09 -7.08462724e-09 -5.72674081e-09 -5.72202019e-09 
 4.33137674e-06  1.53255295e-08  1.53255294e-08  1.53253652e-08  1.53255295e-08  1.67580355e-08  1.67580354e-08  1.53255295e-08  1.53208428e-08 
 4.33337674e-06 -6.28957507e-09 -6.28957508e-09 -6.28940786e-09 -6.28957509e-09 -7.79636983e-09 -7.79636978e-09 -6.28957508e-09 -6.28493555e-09 
 4.33537674e-06  1.58845501e-08  1.58845501e-08  1.58843803e-08  1.58845501e-08  1.74651951e-08  1.74651950e-08  1.58845501e-08  1.58799711e-08 
 4.33737674e-06 -6.84432363e-09 -6.84432365e-09 -6.84415144e-09 -6.84432364e-09 -8.49837637e-09 -8.49837632e-09 -6.84432363e-09 -6.83981923e-09 
 4.33937674e-06  1.64345847e-08  1.64345847e-08  1.64344105e-08  1.64345847e-08  1.81615015e-08  1.81615015e-08  1.64345847e-08  1.64301689e-08 
 4.34137674e-06 -7.38921405e-09 -7.38921402e-09 -7.38903805e-09 -7.38921403e-09 -9.18845270e-09 -9.18845267e-09 -7.38921402e-09 -7.38490126e-09 
 4.34337674e-06  1.69739180e-08  1.69739180e-08  1.69737405e-08  1.69739180e-08  1.88448413e-08  1.88448413e-08  1.69739180e-08  1.69697228e-08 
 4.34537674e-06 -7.92258847e-09 -7.92258844e-09 -7.92240993e-09 -7.92258850e-09 -9.86456593e-09 -9.86456591e-09 -7.92258845e-09 -7.91852573e-09 
 4.34737674e-06  1.75009502e-08  1.75009502e-08  1.75007709e-08  1.75009502e-08  1.95132622e-08  1.95132622e-08  1.75009502e-08  1.74970349e-08 
 4.34937674e-06 -8.44290577e-09 -8.44290583e-09 -8.44272614e-09 -8.44290583e-09 -1.05248439e-08 -1.05248439e-08 -8.44290581e-09 -8.43915341e-09 
 4.35137674e-06  1.80141990e-08  1.80141990e-08  1.80140194e-08  1.80141990e-08  2.01649715e-08  2.01649715e-08  1.80141990e-08  1.80106249e-08 
 4.35337674e-06 -8.94874291e-09 -8.94874295e-09 -8.94856370e-09 -8.94874295e-09 -1.11675732e-08 -1.11675732e-08 -8.94874293e-09 -8.94536273e-09 
 4.35537674e-06  1.85123006e-08  1.85123006e-08  1.85121222e-08  1.85123006e-08  2.07983345e-08  2.07983345e-08  1.85123006e-08  1.85091301e-08 
 4.35737674e-06 -9.43879493e-09 -9.43879491e-09 -9.43861777e-09 -9.43879493e-09 -1.17911970e-08 -1.17911970e-08 -9.43879494e-09 -9.43585025e-09 
 4.35937674e-06  1.89997747e-08  1.89997747e-08  1.89995992e-08  1.89997747e-08  2.14183404e-08  2.14183404e-08  1.89997747e-08  1.89970708e-08 
 4.36137674e-06 -9.91140263e-09 -9.91140268e-09 -9.91122933e-09 -9.91140264e-09 -1.23937138e-08 -1.23937138e-08 -9.91140266e-09 -9.90895763e-09 
 4.36337674e-06  1.94636692e-08  1.94636693e-08  1.94634985e-08  1.94636693e-08  2.20103543e-08  2.20103544e-08  1.94636692e-08  1.94614978e-08 
 4.36537674e-06 -1.03630193e-08 -1.03630193e-08 -1.03628518e-08 -1.03630193e-08 -1.29707706e-08 -1.29707706e-08 -1.03630193e-08 -1.03611403e-08 
 4.36737674e-06  1.99095787e-08  1.99095787e-08  1.99094147e-08  1.99095787e-08  2.25807170e-08  2.25807169e-08  1.99095787e-08  1.99080063e-08 
 4.36937674e-06 -1.07990262e-08 -1.07990262e-08 -1.07988664e-08 -1.07990262e-08 -1.35291944e-08 -1.35291944e-08 -1.07990261e-08 -1.07977790e-08 
 4.37137674e-06  2.03360235e-08  2.03360235e-08  2.03358682e-08  2.03360235e-08  2.31276658e-08  2.31276657e-08  2.03360235e-08  2.03351165e-08 
 4.37337674e-06 -1.12151732e-08 -1.12151733e-08 -1.12150231e-08 -1.12151732e-08 -1.40637516e-08 -1.40637516e-08 -1.12151732e-08 -1.12146245e-08 
 4.37537674e-06  2.07422149e-08  2.07422149e-08  2.07420704e-08  2.07422149e-08  2.36502979e-08  2.36502978e-08  2.07422148e-08  2.07420405e-08 
 4.37737674e-06 -1.16107257e-08 -1.16107257e-08 -1.16105875e-08 -1.16107256e-08 -1.45736056e-08 -1.45736055e-08 -1.16107256e-08 -1.16109427e-08 
 4.37937674e-06  2.11274705e-08  2.11274705e-08  2.11273389e-08  2.11274704e-08  2.41478405e-08  2.41478405e-08  2.11274703e-08  2.11280961e-08 
 4.38137674e-06 -1.19850535e-08 -1.19850535e-08 -1.19849294e-08 -1.19850534e-08 -1.50580468e-08 -1.50580468e-08 -1.19850534e-08 -1.19861039e-08 
 4.38337674e-06  2.14912108e-08  2.14912107e-08  2.14910944e-08  2.14912107e-08  2.46196451e-08  2.46196451e-08  2.14912106e-08  2.14927040e-08 
 4.38537674e-06 -1.23376275e-08 -1.23376275e-08 -1.23375197e-08 -1.23376274e-08 -1.55164870e-08 -1.55164870e-08 -1.23376273e-08 -1.23395788e-08 
 4.38737674e-06  2.18329551e-08  2.18329551e-08  2.18328562e-08  2.18329550e-08  2.50651813e-08  2.50651813e-08  2.18329548e-08  2.18353837e-08 
 4.38937674e-06 -1.26680151e-08 -1.26680151e-08 -1.26679259e-08 -1.26680149e-08 -1.59484531e-08 -1.59484531e-08 -1.26680148e-08 -1.26709350e-08 
 4.39137674e-06  2.21523174e-08  2.21523174e-08  2.21522385e-08  2.21523173e-08  2.54840311e-08  2.54840311e-08  2.21523172e-08  2.21557491e-08 
 4.39337674e-06 -1.29758762e-08 -1.29758762e-08 -1.29758082e-08 -1.29758761e-08 -1.63535811e-08 -1.63535810e-08 -1.29758760e-08 -1.29798322e-08 
 4.39537674e-06  2.24490022e-08  2.24490022e-08  2.24489456e-08  2.24490021e-08  2.58758825e-08  2.58758825e-08  2.24490020e-08  2.24535043e-08 
 4.39737674e-06 -1.32609591e-08 -1.32609590e-08 -1.32609145e-08 -1.32609589e-08 -1.67316097e-08 -1.67316097e-08 -1.32609588e-08 -1.32660183e-08 
 4.39937674e-06  2.27227998e-08  2.27227998e-08  2.27227679e-08  2.27227997e-08  2.62405234e-08  2.62405235e-08  2.27227996e-08  2.27284391e-08 
 4.40137674e-06 -1.35230952e-08 -1.35230952e-08 -1.35230766e-08 -1.35230951e-08 -1.70823748e-08 -1.70823748e-08 -1.35230950e-08 -1.35293243e-08 
 4.40337674e-06  2.29735817e-08  2.29735817e-08  2.29735770e-08  2.29735817e-08  2.65778357e-08  2.65778357e-08  2.29735815e-08  2.29804248e-08 
 4.40537674e-06 -1.37621952e-08 -1.37621953e-08 -1.37622050e-08 -1.37621952e-08 -1.74058029e-08 -1.74058029e-08 -1.37621950e-08 -1.37696602e-08 
 4.40737674e-06  2.32012963e-08  2.32012963e-08  2.32013212e-08  2.32012962e-08  2.68877890e-08  2.68877889e-08  2.32012961e-08  2.32094087e-08 
 4.40937674e-06 -1.39782440e-08 -1.39782440e-08 -1.39782846e-08 -1.39782439e-08 -1.77019054e-08 -1.77019054e-08 -1.39782438e-08 -1.39870101e-08 
 4.41137674e-06  2.34059637e-08  2.34059637e-08  2.34060206e-08  2.34059636e-08  2.71704347e-08  2.71704347e-08  2.34059634e-08  2.34154104e-08 
 4.41337674e-06 -1.41712960e-08 -1.41712960e-08 -1.41713698e-08 -1.41712959e-08 -1.79707724e-08 -1.79707724e-08 -1.41712957e-08 -1.41814276e-08 
 4.41537674e-06  2.35876717e-08  2.35876717e-08  2.35877631e-08  2.35876715e-08  2.74259007e-08  2.74259006e-08  2.35876714e-08  2.35985167e-08 
 4.41737674e-06 -1.43414707e-08 -1.43414707e-08 -1.43415803e-08 -1.43414706e-08 -1.82125674e-08 -1.82125674e-08 -1.43414704e-08 -1.43530313e-08 
 4.41937674e-06  2.37465705e-08  2.37465706e-08  2.37466990e-08  2.37465704e-08  2.76543848e-08  2.76543848e-08  2.37465703e-08  2.37588768e-08 
 4.42137674e-06 -1.44889482e-08 -1.44889482e-08 -1.44890959e-08 -1.44889480e-08 -1.84275214e-08 -1.84275214e-08 -1.44889478e-08 -1.45020002e-08 
 4.42337674e-06  2.38828691e-08  2.38828691e-08  2.38830370e-08  2.38828690e-08  2.78561502e-08  2.78561502e-08  2.38828688e-08  2.38966984e-08 
 4.42537674e-06 -1.46139643e-08 -1.46139643e-08 -1.46141528e-08 -1.46139643e-08 -1.86159278e-08 -1.86159278e-08 -1.46139641e-08 -1.46285689e-08 
 4.42737674e-06  2.39968298e-08  2.39968298e-08  2.39970395e-08  2.39968297e-08  2.80315194e-08  2.80315194e-08  2.39968295e-08  2.40122428e-08 
 4.42937674e-06 -1.47168070e-08 -1.47168069e-08 -1.47170383e-08 -1.47168069e-08 -1.87781367e-08 -1.87781367e-08 -1.47168066e-08 -1.47330239e-08 
 4.43137674e-06  2.40887646e-08  2.40887647e-08  2.40890186e-08  2.40887646e-08  2.81808695e-08  2.81808695e-08  2.40887643e-08  2.41058206e-08 
 4.43337674e-06 -1.47978108e-08 -1.47978108e-08 -1.47980875e-08 -1.47978107e-08 -1.89145502e-08 -1.89145502e-08 -1.47978105e-08 -1.48156988e-08 
 4.43537674e-06  2.41590309e-08  2.41590310e-08  2.41593314e-08  2.41590309e-08  2.83046269e-08  2.83046270e-08  2.41590306e-08  2.41777877e-08 
 4.43737674e-06 -1.48573542e-08 -1.48573542e-08 -1.48576786e-08 -1.48573541e-08 -1.90256177e-08 -1.90256177e-08 -1.48573538e-08 -1.48769701e-08 
 4.43937674e-06  2.42080273e-08  2.42080274e-08  2.42083767e-08  2.42080273e-08  2.84032631e-08  2.84032631e-08  2.42080270e-08  2.42285410e-08 
 4.44137674e-06 -1.48958544e-08 -1.48958545e-08 -1.48962288e-08 -1.48958544e-08 -1.91118308e-08 -1.91118308e-08 -1.48958542e-08 -1.49172538e-08 
 4.44337674e-06  2.42361895e-08  2.42361895e-08  2.42365899e-08  2.42361895e-08  2.84772896e-08  2.84772896e-08  2.42361892e-08  2.42585148e-08 
 4.44537674e-06 -1.49137645e-08 -1.49137644e-08 -1.49141910e-08 -1.49137645e-08 -1.91737190e-08 -1.91737190e-08 -1.49137641e-08 -1.49370010e-08 
 4.44737674e-06  2.42439870e-08  2.42439870e-08  2.42444406e-08  2.42439869e-08  2.85272537e-08  2.85272537e-08  2.42439866e-08  2.42681769e-08 
 4.44937674e-06 -1.49161752e-08 -1.49161752e-08 -1.49166560e-08 -1.49161751e-08 -1.92177786e-08 -1.92177786e-08 -1.49161748e-08 -1.49413080e-08 
 4.45137674e-06  2.42242001e-08  2.42242001e-08  2.42247088e-08  2.42242000e-08  2.85446243e-08  2.85446243e-08  2.42241997e-08  2.42502968e-08 
 4.45337674e-06 -1.48943437e-08 -1.48943437e-08 -1.48948808e-08 -1.48943436e-08 -1.92327115e-08 -1.92327115e-08 -1.48943432e-08 -1.49214170e-08 
 4.45537674e-06  2.41927728e-08  2.41927729e-08  2.41933389e-08  2.41927728e-08  2.85482047e-08  2.85482047e-08  2.41927724e-08  2.42208345e-08 
 4.45737674e-06 -1.48534543e-08 -1.48534544e-08 -1.48540499e-08 -1.48534543e-08 -1.92250931e-08 -1.92250932e-08 -1.48534539e-08 -1.48825167e-08 
 4.45937674e-06  2.41425685e-08  2.41425686e-08  2.41431940e-08  2.41425685e-08  2.85295520e-08  2.85295520e-08  2.41425681e-08  2.41726419e-08 
 4.46137674e-06 -1.47940821e-08 -1.47940822e-08 -1.47947380e-08 -1.47940821e-08 -1.91955651e-08 -1.91955651e-08 -1.47940817e-08 -1.48251765e-08 
 4.46337674e-06  2.40741873e-08  2.40741873e-08  2.40748739e-08  2.40741872e-08  2.84893174e-08  2.84893174e-08  2.40741867e-08  2.41063117e-08 
 4.46537674e-06 -1.47168495e-08 -1.47168496e-08 -1.47175673e-08 -1.47168495e-08 -1.91447876e-08 -1.91447875e-08 -1.47168490e-08 -1.47500137e-08 
 4.46737674e-06  2.39882677e-08  2.39882677e-08  2.39890170e-08  2.39882676e-08  2.84281708e-08  2.84281708e-08  2.39882671e-08  2.40224803e-08 
 4.46937674e-06 -1.46224021e-08 -1.46224021e-08 -1.46231834e-08 -1.46224021e-08 -1.90734415e-08 -1.90734416e-08 -1.46224016e-08 -1.46576726e-08 
 4.47137674e-06  2.38854579e-08  2.38854579e-08  2.38862716e-08  2.38854578e-08  2.83468111e-08  2.83468112e-08  2.38854573e-08  2.39217947e-08 
 4.47337674e-06 -1.45113901e-08 -1.45113901e-08 -1.45122366e-08 -1.45113901e-08 -1.89822553e-08 -1.89822553e-08 -1.45113896e-08 -1.45488021e-08 
 4.47537674e-06  2.37664097e-08  2.37664097e-08  2.37672894e-08  2.37664097e-08  2.82459922e-08  2.82459922e-08  2.37664091e-08  2.38049050e-08 
 4.47737674e-06 -1.43844627e-08 -1.43844627e-08 -1.43853759e-08 -1.43844627e-08 -1.88719906e-08 -1.88719906e-08 -1.43844621e-08 -1.44240510e-08 
 4.47937674e-06  2.36317619e-08  2.36317619e-08  2.36327091e-08  2.36317619e-08  2.81264750e-08  2.81264749e-08  2.36317613e-08  2.36724527e-08 
 4.48137674e-06 -1.42422455e-08 -1.42422455e-08 -1.42432270e-08 -1.42422454e-08 -1.87434071e-08 -1.87434071e-08 -1.42422448e-08 -1.42840490e-08 
 4.48337674e-06  2.34821287e-08  2.34821287e-08  2.34831450e-08  2.34821286e-08  2.79890173e-08  2.79890173e-08  2.34821281e-08  2.35250540e-08 
 4.48500000e-06 -1.40662117e-08 -1.40662116e-08 -1.40672713e-08 -1.40662116e-08 -1.85791890e-08 -1.85791890e-08 -1.40662110e-08 -1.41105321e-08 
 4.48520000e-06  4.44132634e-09  4.44132642e-09  4.44141805e-09  4.44132640e-09  4.45208213e-09  4.45208211e-09  4.44132636e-09  4.44426424e-09 
 4.48560000e-06  4.91417043e-09  4.91417036e-09  4.91407478e-09  4.91417034e-09  4.91124123e-09  4.91124125e-09  4.91417034e-09  4.91112884e-09 
 4.48640000e-06  4.38481671e-09  4.38481672e-09  4.38491386e-09  4.38481669e-09  4.38406502e-09  4.38406494e-09  4.38481671e-09  4.38789992e-09 
 4.48715030e-06  4.94903283e-09  4.94903278e-09  4.94893423e-09  4.94903282e-09  4.95354722e-09  4.95354724e-09  4.94903279e-09  4.94591245e-09 
 4.48769748e-06  4.34594527e-09  4.34594544e-09  4.34604544e-09  4.34594538e-09  4.33653165e-09  4.33653163e-09  4.34594535e-09  4.34910502e-09 
 4.48811443e-06  4.99513852e-09  4.99513831e-09  4.99503712e-09  4.99513847e-09  5.01055109e-09  5.01055112e-09  4.99513848e-09  4.99194506e-09 
 4.48850989e-06  4.28688812e-09  4.28688837e-09  4.28698992e-09  4.28688813e-09  4.26565416e-09  4.26565412e-09  4.28688816e-09  4.29009966e-09 
 4.48885200e-06  5.13533237e-09  5.13533208e-09  5.13523095e-09  5.13533235e-09  5.16260470e-09  5.16260477e-09  5.13533226e-09  5.13212069e-09 
 4.48908032e-06  3.53551302e-09  3.53551333e-09  3.53561246e-09  3.53551337e-09  3.50192452e-09  3.50192452e-09  3.53551334e-09  3.53862188e-09 
 4.48931880e-06  8.00085383e-09  8.00085355e-09  8.00075825e-09  8.00085342e-09  8.03378514e-09  8.03378509e-09  8.00085345e-09  7.99812942e-09 
 4.48948797e-06 -9.42972415e-09 -9.42972379e-09 -9.42963580e-09 -9.42972386e-09 -9.43895243e-09 -9.43895252e-09 -9.42972396e-09 -9.42852993e-09 
 4.48966817e-06  4.33926573e-08  4.33926570e-08  4.33925771e-08  4.33926572e-08  4.33462876e-08  4.33462878e-08  4.33926572e-08  4.33942773e-08 
 4.48986546e-06 -7.45505920e-08 -7.45505918e-08 -7.45505195e-08 -7.45505921e-08 -7.44233801e-08 -7.44233802e-08 -7.45505920e-08 -7.45558097e-08 
 4.49000000e-06  1.79298940e-07  1.79298940e-07  1.79298875e-07  1.79298940e-07  1.79017675e-07  1.79017675e-07  1.79298940e-07  1.79309731e-07 
 4.49002198e-06 -2.40120773e-07 -2.40120773e-07 -2.40120745e-07 -2.40120773e-07 -2.39943845e-07 -2.39943845e-07 -2.40120773e-07 -2.40147449e-07 
 4.49006594e-06  2.93316997e-07  2.93316997e-07  2.93316902e-07  2.93316997e-07  2.93500779e-07  2.93500779e-07  2.93316997e-07  2.93462414e-07 
 4.49015386e-06 -2.49435849e-07 -2.49435849e-07 -2.49435734e-07 -2.49435849e-07 -2.49928434e-07 -2.49928434e-07 -2.49435851e-07 -2.49715994e-07 
 4.49032970e-06  2.31998889e-07  2.31998890e-07  2.31998777e-07  2.31998890e-07  2.32662893e-07  2.32662892e-07  2.31998894e-07  2.32370039e-07 
 4.49068137e-06 -2.07874907e-07 -2.07874907e-07 -2.07874798e-07 -2.07874907e-07 -2.08627232e-07 -2.08627232e-07 -2.07874912e-07 -2.08297208e-07 
 4.49138472e-06  2.09560221e-07  2.09560221e-07  2.09560116e-07  2.09560221e-07  2.10357017e-07  2.10357017e-07  2.09560227e-07  2.10009325e-07 
 4.49257292e-06 -1.95665040e-07 -1.95665040e-07 -1.95664937e-07 -1.95665040e-07 -1.96488253e-07 -1.96488253e-07 -1.95665046e-07 -1.96130385e-07 
 4.49446152e-06  2.02083873e-07  2.02083873e-07  2.02083771e-07  2.02083873e-07  2.02923717e-07  2.02923717e-07  2.02083878e-07  2.02559562e-07 
 4.49646152e-06 -1.90017751e-07 -1.90017751e-07 -1.90017650e-07 -1.90017751e-07 -1.90873316e-07 -1.90873316e-07 -1.90017757e-07 -1.90503303e-07 
 4.49846152e-06  1.96575728e-07  1.96575728e-07  1.96575629e-07  1.96575728e-07  1.97447013e-07  1.97447013e-07  1.96575734e-07  1.97071223e-07 
 4.50046152e-06 -1.84489816e-07 -1.84489816e-07 -1.84489719e-07 -1.84489816e-07 -1.85376831e-07 -1.85376831e-07 -1.84489822e-07 -1.84995340e-07 
 4.50246152e-06  1.91030037e-07  1.91030037e-07  1.91029942e-07  1.91030037e-07  1.91932775e-07  1.91932775e-07  1.91030044e-07  1.91545666e-07 
 4.50446152e-06 -1.78928371e-07 -1.78928371e-07 -1.78928277e-07 -1.78928371e-07 -1.79846834e-07 -1.79846834e-07 -1.78928377e-07 -1.79454185e-07 
 4.50646152e-06  1.85454781e-07  1.85454781e-07  1.85454690e-07  1.85454781e-07  1.86388958e-07  1.86388958e-07  1.85454788e-07  1.85990851e-07 
 4.50846152e-06 -1.73341221e-07 -1.73341221e-07 -1.73341131e-07 -1.73341221e-07 -1.74291108e-07 -1.74291108e-07 -1.73341228e-07 -1.73887621e-07 
 4.51046152e-06  1.79857592e-07  1.79857592e-07  1.79857504e-07  1.79857592e-07  1.80823171e-07  1.80823171e-07  1.79857599e-07  1.80414387e-07 
 4.51246152e-06 -1.67735824e-07 -1.67735824e-07 -1.67735739e-07 -1.67735824e-07 -1.68717085e-07 -1.68717085e-07 -1.67735832e-07 -1.68303084e-07 
 4.51446152e-06  1.74245755e-07  1.74245755e-07  1.74245672e-07  1.74245755e-07  1.75242674e-07  1.75242674e-07  1.74245763e-07  1.74823538e-07 
 4.51646152e-06 -1.62119298e-07 -1.62119298e-07 -1.62119217e-07 -1.62119298e-07 -1.63131858e-07 -1.63131858e-07 -1.62119305e-07 -1.62707668e-07 
 4.51846152e-06  1.68626218e-07  1.68626218e-07  1.68626140e-07  1.68626218e-07  1.69654391e-07  1.69654391e-07  1.68626226e-07  1.69225228e-07 
 4.52046152e-06 -1.56498418e-07 -1.56498418e-07 -1.56498342e-07 -1.56498418e-07 -1.57542180e-07 -1.57542180e-07 -1.56498426e-07 -1.57108126e-07 
 4.52246152e-06  1.63005591e-07  1.63005591e-07  1.63005518e-07  1.63005591e-07  1.64064907e-07  1.64064907e-07  1.63005600e-07  1.63626045e-07 
 4.52446152e-06 -1.50879631e-07 -1.50879631e-07 -1.50879561e-07 -1.50879631e-07 -1.51954472e-07 -1.51954472e-07 -1.50879640e-07 -1.51510883e-07 
 4.52646152e-06  1.57390156e-07  1.57390156e-07  1.57390089e-07  1.57390157e-07  1.58480481e-07  1.58480481e-07  1.57390165e-07  1.58032247e-07 
 4.52846152e-06 -1.45269057e-07 -1.45269057e-07 -1.45268992e-07 -1.45269058e-07 -1.46374830e-07 -1.46374830e-07 -1.45269067e-07 -1.45922033e-07 
 4.53046152e-06  1.51785874e-07  1.51785874e-07  1.51785812e-07  1.51785874e-07  1.52907048e-07  1.52907048e-07  1.51785883e-07  1.52449771e-07 
 4.53246152e-06 -1.39672498e-07 -1.39672498e-07 -1.39672439e-07 -1.39672498e-07 -1.40809032e-07 -1.40809032e-07 -1.39672507e-07 -1.40347355e-07 
 4.53446152e-06  1.46198389e-07  1.46198389e-07  1.46198333e-07  1.46198389e-07  1.47350230e-07  1.47350230e-07  1.46198399e-07  1.46884236e-07 
 4.53646152e-06 -1.34095443e-07 -1.34095443e-07 -1.34095390e-07 -1.34095443e-07 -1.35262544e-07 -1.35262544e-07 -1.34095453e-07 -1.34792315e-07 
 4.53846152e-06  1.40633038e-07  1.40633038e-07  1.40632988e-07  1.40633038e-07  1.41815342e-07  1.41815342e-07  1.40633048e-07  1.41340958e-07 
 4.54046152e-06 -1.28543078e-07 -1.28543078e-07 -1.28543032e-07 -1.28543079e-07 -1.29740530e-07 -1.29740530e-07 -1.28543089e-07 -1.29262074e-07 
 4.54246152e-06  1.35094860e-07  1.35094860e-07  1.35094817e-07  1.35094860e-07  1.36307397e-07  1.36307397e-07  1.35094870e-07  1.35824950e-07 
 4.54446152e-06 -1.23020297e-07 -1.23020297e-07 -1.23020257e-07 -1.23020297e-07 -1.24247859e-07 -1.24247859e-07 -1.23020308e-07 -1.23761502e-07 
 4.54646152e-06  1.29588601e-07  1.29588601e-07  1.29588565e-07  1.29588602e-07  1.30831120e-07  1.30831120e-07  1.29588613e-07  1.30340935e-07 
 4.54846152e-06 -1.17531702e-07 -1.17531702e-07 -1.17531669e-07 -1.17531702e-07 -1.18789111e-07 -1.18789111e-07 -1.17531714e-07 -1.18295179e-07 
 4.55046152e-06  1.24118727e-07  1.24118727e-07  1.24118698e-07  1.24118727e-07  1.25390953e-07  1.25390953e-07  1.24118739e-07  1.24893353e-07 
 4.55246152e-06 -1.12081621e-07 -1.12081621e-07 -1.12081595e-07 -1.12081621e-07 -1.13368592e-07 -1.13368592e-07 -1.12081633e-07 -1.12867406e-07 
 4.55446152e-06  1.18689427e-07  1.18689427e-07  1.18689405e-07  1.18689427e-07  1.19991064e-07  1.19991064e-07  1.18689439e-07  1.19486371e-07 
 4.55646152e-06 -1.06674110e-07 -1.06674109e-07 -1.06674092e-07 -1.06674110e-07 -1.07990336e-07 -1.07990336e-07 -1.06674122e-07 -1.07482216e-07 
 4.55846152e-06  1.13304627e-07  1.13304627e-07  1.13304613e-07  1.13304627e-07  1.14635357e-07  1.14635357e-07  1.13304639e-07  1.14123891e-07 
 4.56046152e-06 -1.01312964e-07 -1.01312964e-07 -1.01312954e-07 -1.01312964e-07 -1.02658116e-07 -1.02658116e-07 -1.01312977e-07 -1.02143383e-07 
 4.56246152e-06  1.07997988e-07  1.07997988e-07  1.07997982e-07  1.07997988e-07  1.09357913e-07  1.09357913e-07  1.07998001e-07  1.08839825e-07 
 4.56446152e-06 -9.59972203e-08 -9.59972202e-08 -9.59972184e-08 -9.59972204e-08 -9.73709755e-08 -9.73709756e-08 -9.59972336e-08 -9.68499383e-08 
 4.56646152e-06  1.02678753e-07  1.02678753e-07  1.02678755e-07  1.02678753e-07  1.04066656e-07  1.04066656e-07  1.02678766e-07  1.03542588e-07 
 4.56846152e-06 -9.07397921e-08 -9.07397921e-08 -9.07397986e-08 -9.07397923e-08 -9.21417495e-08 -9.21417496e-08 -9.07398060e-08 -9.16147291e-08 
 4.57046152e-06  9.74490439e-08  9.74490439e-08  9.74490547e-08  9.74490441e-08  9.88649566e-08  9.88649566e-08  9.74490580e-08  9.83350610e-08 
 4.57246152e-06 -8.55385699e-08 -8.55385699e-08 -8.55385850e-08 -8.55385701e-08 -8.69683397e-08 -8.69683398e-08 -8.55385843e-08 -8.64356468e-08 
 4.57446152e-06  9.22769924e-08  9.22769924e-08  9.22770119e-08  9.22769926e-08  9.37205153e-08  9.37205154e-08  9.22770071e-08  9.31851016e-08 
 4.57646152e-06 -8.03964013e-08 -8.03964012e-08 -8.03964252e-08 -8.03964014e-08 -8.18535741e-08 -8.18535741e-08 -8.03964162e-08 -8.13155165e-08 
 4.57846152e-06  8.71653360e-08  8.71653360e-08  8.71653645e-08  8.71653362e-08  8.86360502e-08  8.86360503e-08  8.71653512e-08  8.80954245e-08 
 4.58046152e-06 -7.53159159e-08 -7.53159159e-08 -7.53159489e-08 -7.53159161e-08 -7.68000633e-08 -7.68000633e-08 -7.53159314e-08 -7.62569456e-08 
 4.58246152e-06  8.21165987e-08  8.21165987e-08  8.21166363e-08  8.21165989e-08  8.36140663e-08  8.36140664e-08  8.21166145e-08  8.30685315e-08 
 4.58446152e-06 -7.02995341e-08 -7.02995341e-08 -7.02995765e-08 -7.02995343e-08 -7.18102090e-08 -7.18102090e-08 -7.02995502e-08 -7.12623326e-08 
 4.58646152e-06  7.71330993e-08  7.71330993e-08  7.71331464e-08  7.71330995e-08  7.86568642e-08  7.86568642e-08  7.71331156e-08  7.81067200e-08 
 4.58846152e-06 -6.53494754e-08 -6.53494754e-08 -6.53495272e-08 -6.53494755e-08 -6.68862126e-08 -6.68862126e-08 -6.53494919e-08 -6.63338753e-08 
 4.59046152e-06  7.22169599e-08  7.22169599e-08  7.22170166e-08  7.22169601e-08  7.37665481e-08  7.37665482e-08  7.22169768e-08  7.32120907e-08 
 4.59246152e-06 -6.04677664e-08 -6.04677664e-08 -6.04678279e-08 -6.04677665e-08 -6.20300834e-08 -6.20300835e-08 -6.04677834e-08 -6.14735796e-08 
 4.59446152e-06  6.73701141e-08  6.73701141e-08  6.73701805e-08  6.73701142e-08  6.89450346e-08  6.89450347e-08  6.73701315e-08  6.83865564e-08 
 4.59646152e-06 -5.56562495e-08 -5.56562495e-08 -5.56563210e-08 -5.56562497e-08 -5.72436470e-08 -5.72436471e-08 -5.56562672e-08 -5.66832674e-08 
 4.59846152e-06  6.25943152e-08  6.25943152e-08  6.25943916e-08  6.25943153e-08  6.41940604e-08  6.41940604e-08  6.25943332e-08  6.36318502e-08 
 4.60046152e-06 -5.09165909e-08 -5.09165910e-08 -5.09166725e-08 -5.09165911e-08 -5.25285533e-08 -5.25285533e-08 -5.09166092e-08 -5.19645847e-08 
 4.60246152e-06  5.78911438e-08  5.78911439e-08  5.78912305e-08  5.78911441e-08  5.95151903e-08  5.95151903e-08  5.78911625e-08  5.89495332e-08 
 4.60446152e-06 -4.62502880e-08 -4.62502881e-08 -4.62503798e-08 -4.62502883e-08 -4.78862839e-08 -4.78862839e-08 -4.62503069e-08 -4.73190095e-08 
 4.60646152e-06  5.32620164e-08  5.32620164e-08  5.32621133e-08  5.32620166e-08  5.49098251e-08  5.49098252e-08  5.32620355e-08  5.43410022e-08 
 4.60846152e-06 -4.16586773e-08 -4.16586773e-08 -4.16587795e-08 -4.16586774e-08 -4.33181605e-08 -4.33181606e-08 -4.16586967e-08 -4.27478594e-08 
 4.61046152e-06  4.87081914e-08  4.87081914e-08  4.87082989e-08  4.87081916e-08  5.03792091e-08  5.03792092e-08  4.87082111e-08  4.98074975e-08 
 4.61246152e-06 -3.71429417e-08 -3.71429418e-08 -3.71430545e-08 -3.71429419e-08 -3.88253518e-08 -3.88253518e-08 -3.71429618e-08 -3.82522990e-08 
 4.61446152e-06  4.42307780e-08  4.42307780e-08  4.42308961e-08  4.42307782e-08  4.59244372e-08  4.59244373e-08  4.42307983e-08  4.53501100e-08 
 4.61646152e-06 -3.26974376e-08 -3.26974376e-08 -3.26975609e-08 -3.26974377e-08 -3.44016569e-08 -3.44016569e-08 -3.26974582e-08 -3.38263049e-08 
 4.61846152e-06  3.98344665e-08  3.98344665e-08  3.98345954e-08  3.98344667e-08  4.15501647e-08  4.15501648e-08  3.98344874e-08  4.09734939e-08 
 4.62046152e-06 -2.83465854e-08 -2.83465855e-08 -2.83467197e-08 -2.83465856e-08 -3.00730934e-08 -3.00730935e-08 -2.83466066e-08 -2.94953492e-08 
 4.62246152e-06  3.55121683e-08  3.55121684e-08  3.55123082e-08  3.55121686e-08  3.72493369e-08  3.72493369e-08  3.55121899e-08  3.66705839e-08 
 4.62446152e-06 -2.40637019e-08 -2.40637019e-08 -2.40638473e-08 -2.40637021e-08 -2.58113787e-08 -2.58113788e-08 -2.40637237e-08 -2.52316832e-08 
 4.62646152e-06  3.12688327e-08  3.12688327e-08  3.12689835e-08  3.12688329e-08  3.30268657e-08  3.30268658e-08  3.12688547e-08  3.24462912e-08 
 4.62846152e-06 -1.98600819e-08 -1.98600819e-08 -1.98602383e-08 -1.98600821e-08 -2.16283162e-08 -2.16283162e-08 -1.98601043e-08 -2.10469277e-08 
 4.63046152e-06  2.71100376e-08  2.71100376e-08  2.71101996e-08  2.71100378e-08  2.88888838e-08  2.88888839e-08  2.71100603e-08  2.83065608e-08 
 4.63246152e-06 -1.57326326e-08 -1.57326327e-08 -1.57328002e-08 -1.57326328e-08 -1.75208217e-08 -1.75208218e-08 -1.57326556e-08 -1.69379921e-08 
 4.63446152e-06  2.30178627e-08  2.30178628e-08  2.30180359e-08  2.30178628e-08  2.48157819e-08  2.48157820e-08  2.30178860e-08  2.42323263e-08 
 4.63646152e-06 -1.16894466e-08 -1.16894466e-08 -1.16896255e-08 -1.16894468e-08 -1.34969354e-08 -1.34969355e-08 -1.16894702e-08 -1.29129167e-08 
 4.63846152e-06  1.90148442e-08  1.90148443e-08  1.90150288e-08  1.90148444e-08  2.08317434e-08  2.08317435e-08  1.90148681e-08  2.02472218e-08 
 4.64046152e-06 -7.72668145e-09 -7.72668149e-09 -7.72687174e-09 -7.72668169e-09 -9.55282791e-09 -9.55282802e-09 -7.72670568e-09 -8.96786534e-09 
 4.64246152e-06  1.50923591e-08  1.50923592e-08  1.50925552e-08  1.50923594e-08  1.69275916e-08  1.69275917e-08  1.50923837e-08  1.63422471e-08 
 4.64446152e-06 -3.84499254e-09 -3.84499252e-09 -3.84519425e-09 -3.84499277e-09 -5.68869006e-09 -5.68869013e-09 -3.84501736e-09 -5.10308628e-09 
 4.64646152e-06  1.12514660e-08  1.12514660e-08  1.12516733e-08  1.12514662e-08  1.31034689e-08  1.31034690e-08  1.12514911e-08  1.25176632e-08 
 4.64846152e-06 -4.73481785e-11 -4.73481802e-11 -4.75612823e-11 -4.73484482e-11 -1.90735864e-09 -1.90735872e-09 -4.73736086e-11 -1.32153204e-09 
 4.65046152e-06  7.49523606e-09  7.49523602e-09  7.49545482e-09  7.49523628e-09  9.36309214e-09  9.36309220e-09  7.49526173e-09  8.77730260e-09 
 4.65246152e-06  3.67083120e-09  3.67083119e-09  3.67060675e-09  3.67083101e-09  1.79527557e-09  1.79527548e-09  3.67080524e-09  2.38097607e-09 
 4.65446152e-06  3.81822628e-09  3.81822625e-09  3.81845656e-09  3.81822650e-09  5.70176595e-09  5.70176601e-09  3.81825257e-09  5.11615398e-09 
 4.65646152e-06  7.30504252e-09  7.30504258e-09  7.30480643e-09  7.30504233e-09  5.41369463e-09  5.41369456e-09  7.30501593e-09  5.99916133e-09 
 4.65846152e-06  2.24254271e-10  2.24254219e-10  2.24496177e-10  2.24254475e-10  2.12337315e-09  2.12337323e-09  2.24281173e-10  1.53797945e-09 
 4.66046152e-06  1.08588266e-08  1.08588267e-08  1.08585788e-08  1.08588264e-08  8.95211497e-09  8.95211490e-09  1.08587995e-08  9.53737901e-09 
 4.66246152e-06 -3.28939225e-09 -3.28939226e-09 -3.28913864e-09 -3.28939212e-09 -1.37525343e-09 -1.37525336e-09 -3.28936480e-09 -1.96033424e-09 
 4.66446152e-06  1.43370671e-08  1.43370671e-08  1.43368076e-08  1.43370670e-08  1.24150854e-08  1.24150853e-08  1.43370394e-08  1.30001110e-08 
 4.66646152e-06 -6.71766602e-09 -6.71766605e-09 -6.71740081e-09 -6.71766589e-09 -4.78982023e-09 -4.78982015e-09 -6.71763804e-09 -5.37418483e-09 
 4.66846152e-06  1.77320588e-08  1.77320588e-08  1.77317876e-08  1.77320587e-08  1.57960905e-08  1.57960904e-08  1.77320305e-08  1.63804793e-08 
 4.67046152e-06 -1.00739837e-08 -1.00739837e-08 -1.00737067e-08 -1.00739836e-08 -8.13190671e-09 -8.13190664e-09 -1.00739551e-08 -8.71571263e-09 
 4.67246152e-06  2.10375359e-08  2.10375359e-08  2.10372530e-08  2.10375358e-08  1.90889065e-08  1.90889064e-08  2.10375070e-08  1.96722628e-08 
 4.67446152e-06 -1.33488144e-08 -1.33488145e-08 -1.33485257e-08 -1.33488144e-08 -1.13938018e-08 -1.13938017e-08 -1.33487853e-08 -1.19766581e-08 
 4.67646152e-06  2.42807439e-08  2.42807439e-08  2.42804491e-08  2.42807437e-08  2.23189218e-08  2.23189217e-08  2.42807143e-08  2.29014090e-08 
 4.67846152e-06 -1.65417865e-08 -1.65417865e-08 -1.65414859e-08 -1.65417863e-08 -1.45745641e-08 -1.45745641e-08 -1.65417566e-08 -1.51562651e-08 
 4.68046152e-06  2.74356597e-08  2.74356597e-08  2.74353532e-08  2.74356596e-08  2.54619755e-08  2.54619754e-08  2.74356296e-08  2.60432073e-08 
 4.68246152e-06 -1.96503091e-08 -1.96503092e-08 -1.96499970e-08 -1.96503090e-08 -1.76721935e-08 -1.76721935e-08 -1.96502787e-08 -1.82523589e-08 
 4.68446152e-06  3.05157034e-08  3.05157034e-08  3.05153852e-08  3.05157033e-08  2.85308397e-08  2.85308396e-08  3.05156727e-08  2.91106222e-08 
 4.68646152e-06 -2.26895130e-08 -2.26895131e-08 -2.26891892e-08 -2.26895130e-08 -2.07005789e-08 -2.07005789e-08 -2.26894822e-08 -2.12791997e-08 
 4.68846152e-06  3.35071876e-08  3.35071877e-08  3.35068578e-08  3.35071876e-08  3.15124727e-08  3.15124726e-08  3.35071565e-08  3.20904329e-08 
 4.69046152e-06 -2.56542229e-08 -2.56542229e-08 -2.56538873e-08 -2.56542228e-08 -2.36551583e-08 -2.36551582e-08 -2.56541914e-08 -2.42320474e-08 
 4.69246152e-06  3.64460963e-08  3.64460964e-08  3.64457547e-08  3.64460963e-08  3.44409823e-08  3.44409823e-08  3.64460646e-08  3.50172979e-08 
 4.69446152e-06 -2.85391892e-08 -2.85391892e-08 -2.85388420e-08 -2.85391892e-08 -2.65307282e-08 -2.65307281e-08 -2.85391572e-08 -2.71056985e-08 
 4.69646152e-06  3.92948519e-08  3.92948520e-08  3.92944986e-08  3.92948519e-08  3.72806916e-08  3.72806915e-08  3.92948195e-08  3.78549962e-08 
 4.69846152e-06 -3.13482958e-08 -3.13482958e-08 -3.13479369e-08 -3.13482957e-08 -2.93311494e-08 -2.93311494e-08 -3.13482632e-08 -2.99040206e-08 
 4.70046152e-06  4.20680671e-08  4.20680671e-08  4.20677021e-08  4.20680670e-08  4.00455722e-08  4.00455721e-08  4.20680341e-08  4.06176875e-08 
 4.70246152e-06 -3.40822886e-08 -3.40822885e-08 -3.40819180e-08 -3.40822885e-08 -3.20571680e-08 -3.20571680e-08 -3.40822553e-08 -3.26277639e-08 
 4.70446152e-06  4.47665065e-08  4.47665065e-08  4.47661300e-08  4.47665064e-08  4.27363883e-08  4.27363883e-08  4.47664729e-08  4.33061406e-08 
 4.70646152e-06 -3.67419489e-08 -3.67419489e-08 -3.67415669e-08 -3.67419489e-08 -3.47095648e-08 -3.47095647e-08 -3.67419151e-08 -3.52777140e-08 
 4.70846152e-06  4.73909688e-08  4.73909688e-08  4.73905808e-08  4.73909688e-08  4.53539379e-08  4.53539378e-08  4.73909347e-08  4.59211576e-08 
 4.71046152e-06 -3.93280911e-08 -3.93280911e-08 -3.93276976e-08 -3.93280911e-08 -3.72891527e-08 -3.72891527e-08 -3.93280568e-08 -3.78546881e-08 
 4.71246152e-06  4.99422839e-08  4.99422839e-08  4.99418845e-08  4.99422839e-08  4.78990495e-08  4.78990494e-08  4.99422493e-08  4.84635715e-08 
 4.71446152e-06 -4.18415590e-08 -4.18415590e-08 -4.18411541e-08 -4.18415590e-08 -3.97967743e-08 -3.97967743e-08 -4.18415241e-08 -4.03595330e-08 
 4.71646152e-06  5.24213104e-08  5.24213104e-08  5.24208996e-08  5.24213104e-08  5.03725797e-08  5.03725797e-08  5.24212752e-08  5.09342433e-08 
 4.71846152e-06 -4.42832239e-08 -4.42832239e-08 -4.42828077e-08 -4.42832239e-08 -4.22332988e-08 -4.22332987e-08 -4.42831884e-08 -4.27931223e-08 
 4.72046152e-06  5.48289328e-08  5.48289328e-08  5.48285107e-08  5.48289328e-08  5.27754112e-08  5.27754111e-08  5.48288971e-08  5.33340598e-08 
 4.72246152e-06 -4.66539819e-08 -4.66539819e-08 -4.66535544e-08 -4.66539818e-08 -4.45996198e-08 -4.45996197e-08 -4.66539458e-08 -4.51563538e-08 
 4.72446152e-06  5.71660594e-08  5.71660593e-08  5.71656260e-08  5.71660593e-08  5.51084491e-08  5.51084490e-08  5.71660230e-08  5.56639306e-08 
 4.72646152e-06 -4.89547514e-08 -4.89547514e-08 -4.89543127e-08 -4.89547513e-08 -4.68966527e-08 -4.68966526e-08 -4.89547148e-08 -4.74501472e-08 
 4.72846152e-06  5.94336194e-08  5.94336194e-08  5.94331749e-08  5.94336194e-08  5.73726197e-08  5.73726196e-08  5.94335825e-08  5.79247861e-08 
 4.73046152e-06 -5.11864712e-08 -5.11864712e-08 -5.11860215e-08 -5.11864712e-08 -4.91253328e-08 -4.91253327e-08 -5.11864341e-08 -4.96754422e-08 
 4.73246152e-06  6.16325617e-08  6.16325616e-08  6.16321061e-08  6.16325616e-08  5.95688681e-08  5.95688680e-08  6.16325242e-08  6.01175756e-08 
 4.73446152e-06 -5.33500980e-08 -5.33500980e-08 -5.33496373e-08 -5.33500980e-08 -5.12866131e-08 -5.12866131e-08 -5.33500603e-08 -5.18331956e-08 
 4.73646152e-06  6.37638517e-08  6.37638517e-08  6.37633853e-08  6.37638516e-08  6.16981559e-08  6.16981558e-08  6.37638137e-08  6.22432648e-08 
 4.73846152e-06 -5.54466045e-08 -5.54466044e-08 -5.54461329e-08 -5.54466044e-08 -5.33814621e-08 -5.33814620e-08 -5.54465662e-08 -5.39243802e-08 
 4.74000000e-06  6.61386980e-08  6.61386981e-08  6.61382191e-08  6.61386980e-08  6.40713575e-08  6.40713574e-08  6.61386595e-08  6.46122117e-08 
 4.74020000e-06  2.27720306e-09  2.27720298e-09  2.27721600e-09  2.27720310e-09  2.27565872e-09  2.27565869e-09  2.27720369e-09  2.28104713e-09 
 4.74060000e-06  6.86252097e-09  6.86252110e-09  6.86250844e-09  6.86252102e-09  6.86599785e-09  6.86599786e-09  6.86252048e-09  6.86024305e-09 
 4.74140000e-06  2.54166684e-09  2.54166675e-09  2.54167915e-09  2.54166674e-09  2.53723194e-09  2.53723184e-09  2.54166731e-09  2.54315616e-09 
 4.74246255e-06  6.70939745e-09  6.70939760e-09  6.70938532e-09  6.70939754e-09  6.71432394e-09  6.71432397e-09  6.70939699e-09  6.70850415e-09 
 4.74341552e-06  2.68032561e-09  2.68032542e-09  2.68033753e-09  2.68032555e-09  2.67682125e-09  2.67682122e-09  2.68032608e-09  2.68055290e-09 
 4.74437463e-06  6.56010431e-09  6.56010448e-09  6.56009252e-09  6.56010437e-09  6.55573444e-09  6.55573442e-09  6.56010385e-09  6.56053962e-09 
 4.74500000e-06  2.89098744e-09  2.89098726e-09  2.89099898e-09  2.89098748e-09  2.93779530e-09  2.93779529e-09  2.89098799e-09  2.88953796e-09 
 4.74509709e-06  4.38386209e-09  4.38386213e-09  4.38386214e-09  4.38386201e-09  4.07811719e-09  4.07811708e-09  4.38386205e-09  4.38539297e-09 
 4.74529128e-06  4.77805074e-09  4.77805034e-09  4.77805352e-09  4.77805066e-09  5.46040908e-09  5.46040913e-09  4.77805059e-09  4.77696321e-09 
 4.74567965e-06  4.82600179e-09  4.82600215e-09  4.82599537e-09  4.82600190e-09  4.00782336e-09  4.00782338e-09  4.82600194e-09  4.82666403e-09 
 4.74626877e-06  4.19057969e-09  4.19057938e-09  4.19058982e-09  4.19057961e-09  5.04987621e-09  5.04987619e-09  4.19057957e-09  4.19028453e-09 
 4.74737752e-06  5.32352668e-09  5.32352704e-09  5.32351410e-09  5.32352680e-09  4.46030364e-09  4.46030371e-09  5.32352685e-09  5.32359990e-09 
 4.74937752e-06  3.87182174e-09  3.87182142e-09  3.87183587e-09  3.87182160e-09  4.73172130e-09  4.73172127e-09  3.87182154e-09  3.87187909e-09 
 4.75137752e-06  5.57416195e-09  5.57416228e-09  5.57414610e-09  5.57416212e-09  4.72149111e-09  4.72149114e-09  5.57416216e-09  5.57396901e-09 
 4.75337752e-06  3.60465492e-09  3.60465464e-09  3.60467264e-09  3.60465483e-09  4.44623027e-09  4.44623023e-09  3.60465475e-09  3.60498814e-09 
 4.75537752e-06  5.85774796e-09  5.85774822e-09  5.85772825e-09  5.85774802e-09  5.03108030e-09  5.03108036e-09  5.85774809e-09  5.85727008e-09 
 4.75737752e-06  3.30481098e-09  3.30481076e-09  3.30483281e-09  3.30481095e-09  4.11282830e-09  4.11282824e-09  3.30481091e-09  3.30543760e-09 
 4.75937752e-06  6.17364196e-09  6.17364220e-09  6.17361787e-09  6.17364195e-09  5.38793586e-09  5.38793588e-09  6.17364206e-09  6.17286303e-09 
 4.76137752e-06  2.97311808e-09  2.97311785e-09  2.97314457e-09  2.97311805e-09  3.73294582e-09  3.73294583e-09  2.97311797e-09  2.97405252e-09 
 4.76337752e-06  6.52084163e-09  6.52084184e-09  6.52081261e-09  6.52084169e-09  5.79035673e-09  5.79035674e-09  6.52084177e-09  6.51974877e-09 
 4.76537752e-06  2.61074164e-09  2.61074144e-09  2.61077335e-09  2.61074160e-09  3.30853062e-09  3.30853061e-09  2.61074152e-09  2.61199520e-09 
 4.76737752e-06  6.89802921e-09  6.89802941e-09  6.89799469e-09  6.89802928e-09  6.23617133e-09  6.23617134e-09  6.89802936e-09  6.89661299e-09 
 4.76937752e-06  2.21914100e-09  2.21914078e-09  2.21917849e-09  2.21914087e-09  2.84195641e-09  2.84195639e-09  2.21914083e-09  2.22072140e-09 
 4.77137752e-06  7.30361455e-09  7.30361471e-09  7.30357385e-09  7.30361465e-09  6.72282460e-09  6.72282467e-09  7.30361473e-09  7.30186897e-09 
 4.77337752e-06  1.80002671e-09  1.80002659e-09  1.80007070e-09  1.80002660e-09  2.33593989e-09  2.33593990e-09  1.80002653e-09  1.80193793e-09 
 4.77537752e-06  7.73577656e-09  7.73577674e-09  7.73572913e-09  7.73577669e-09  7.24745676e-09  7.24745676e-09  7.73577676e-09  7.73369975e-09 
 4.77737752e-06  1.35532041e-09  1.35532028e-09  1.35537141e-09  1.35532033e-09  1.79346645e-09  1.79346646e-09  1.35532026e-09  1.35756233e-09 
 4.77937752e-06  8.19250295e-09  8.19250307e-09  8.19244822e-09  8.19250303e-09  7.80697348e-09  7.80697350e-09  8.19250311e-09  8.19009692e-09 
 4.78137752e-06  8.87115936e-10  8.87115785e-10  8.87174445e-10  8.87115748e-10  1.21772340e-09  1.21772338e-09  8.87115758e-10  8.89684388e-10 
 4.78337752e-06  8.67162736e-09  8.67162745e-09  8.67156491e-09  8.67162748e-09  8.39810928e-09  8.39810930e-09  8.67162752e-09  8.66889853e-09 
 4.78537752e-06  3.97643150e-10  3.97643067e-10  3.97709682e-10  3.97642993e-10  6.12040645e-10  6.12040648e-10  3.97642996e-10  4.00529837e-10 
 4.78737752e-06  9.17086465e-09  9.17086473e-09  9.17079396e-09  9.17086475e-09  9.01748279e-09  9.01748278e-09  9.17086480e-09  9.16782324e-09 
 4.78937752e-06 -1.10797819e-10 -1.10797887e-10 -1.10722829e-10 -1.10797936e-10 -2.01660368e-11 -2.01660629e-11 -1.10797954e-10 -1.07604357e-10 
 4.79137752e-06  9.68790730e-09  9.68790741e-09  9.68782795e-09  9.68790747e-09  9.66165526e-09  9.66165529e-09  9.68790746e-09  9.68456594e-09 
 4.79337752e-06 -6.35967273e-10 -6.35967379e-10 -6.35883428e-10 -6.35967430e-10 -6.75637094e-10 -6.75637119e-10 -6.35967443e-10 -6.32482616e-10 
 4.79537752e-06  1.02205896e-08  1.02205897e-08  1.02205013e-08  1.02205898e-08  1.03275545e-08  1.03275544e-08  1.02205899e-08  1.02169670e-08 
 4.79737752e-06 -1.17555061e-09 -1.17555069e-09 -1.17545772e-09 -1.17555077e-09 -1.35110359e-09 -1.35110360e-09 -1.17555078e-09 -1.17179558e-09 
 4.79937752e-06  1.07664558e-08  1.07664558e-08  1.07663583e-08  1.07664559e-08  1.10117250e-08  1.10117250e-08  1.07664559e-08  1.07625746e-08 
 4.80137752e-06 -1.72708543e-09 -1.72708548e-09 -1.72698332e-09 -1.72708558e-09 -2.04312712e-09 -2.04312714e-09 -1.72708562e-09 -1.72308476e-09 
 4.80337752e-06  1.13230423e-08  1.13230424e-08  1.13229355e-08  1.13230425e-08  1.17107526e-08  1.17107527e-08  1.13230425e-08  1.13189293e-08 
 4.80537752e-06 -2.28811284e-09 -2.28811291e-09 -2.28800144e-09 -2.28811299e-09 -2.74832457e-09 -2.74832453e-09 -2.28811301e-09 -2.28389513e-09 
 4.80737752e-06  1.18879001e-08  1.18879001e-08  1.18877840e-08  1.18879002e-08  1.24212914e-08  1.24212914e-08  1.18879002e-08  1.18835858e-08 
 4.80937752e-06 -2.85619807e-09 -2.85619802e-09 -2.85607738e-09 -2.85619808e-09 -3.46339222e-09 -3.46339224e-09 -2.85619814e-09 -2.85179575e-09 
 4.81137752e-06  1.24586130e-08  1.24586130e-08  1.24584878e-08  1.24586131e-08  1.31400851e-08  1.31400852e-08  1.24586131e-08  1.24541319e-08 
 4.81337752e-06 -3.42894795e-09 -3.42894789e-09 -3.42881820e-09 -3.42894795e-09 -4.18512641e-09 -4.18512644e-09 -3.42894801e-09 -3.42439729e-09 
 4.81537752e-06  1.30328151e-08  1.30328150e-08  1.30326810e-08  1.30328151e-08  1.38639867e-08  1.38639867e-08  1.30328151e-08  1.30282049e-08 
 4.81737752e-06 -4.00402723e-09 -4.00402720e-09 -4.00388882e-09 -4.00402722e-09 -4.91044021e-09 -4.91044022e-09 -4.00402723e-09 -3.99936793e-09 
 4.81937752e-06  1.36082050e-08  1.36082049e-08  1.36080624e-08  1.36082050e-08  1.45899727e-08  1.45899727e-08  1.36082050e-08  1.36035074e-08 
 4.82137752e-06 -4.57917174e-09 -4.57917169e-09 -4.57902513e-09 -4.57917171e-09 -5.63637674e-09 -5.63637677e-09 -4.57917172e-09 -4.57444682e-09 
 4.82337752e-06  1.41825586e-08  1.41825585e-08  1.41824081e-08  1.41825586e-08  1.53151555e-08  1.53151555e-08  1.41825586e-08  1.41778180e-08 
 4.82537752e-06 -5.15219996e-09 -5.15219992e-09 -5.15204578e-09 -5.15219992e-09 -6.36011991e-09 -6.36011993e-09 -5.15219994e-09 -5.14745552e-09 
 4.82737752e-06  1.47537393e-08  1.47537393e-08  1.47535815e-08  1.47537393e-08  1.60367924e-08  1.60367924e-08  1.47537393e-08  1.47490033e-08 
 4.82937752e-06 -5.72102254e-09 -5.72102248e-09 -5.72086147e-09 -5.72102249e-09 -7.07900243e-09 -7.07900241e-09 -5.72102250e-09 -5.71630755e-09 
 4.83137752e-06  1.53197069e-08  1.53197069e-08  1.53195428e-08  1.53197069e-08  1.67522929e-08  1.67522929e-08  1.53197069e-08  1.53150259e-08 
 4.83337752e-06 -6.28365008e-09 -6.28365004e-09 -6.28348305e-09 -6.28365006e-09 -7.79051147e-09 -7.79051148e-09 -6.28365006e-09 -6.27901626e-09 
 4.83537752e-06  1.58785245e-08  1.58785245e-08  1.58783549e-08  1.58785245e-08  1.74592230e-08  1.74592230e-08  1.58785245e-08  1.58739515e-08 
 4.83737752e-06 -6.83819954e-09 -6.83819952e-09 -6.83802756e-09 -6.83819953e-09 -8.49229271e-09 -8.49229274e-09 -6.83819953e-09 -6.83370101e-09 
 4.83937752e-06  1.64283641e-08  1.64283641e-08  1.64281901e-08  1.64283641e-08  1.81553084e-08  1.81553084e-08  1.64283641e-08  1.64239543e-08 
 4.84137752e-06 -7.38289892e-09 -7.38289892e-09 -7.38272316e-09 -7.38289892e-09 -9.18215232e-09 -9.18215233e-09 -7.38289891e-09 -7.37859217e-09 
 4.84337752e-06  1.69675106e-08  1.69675105e-08  1.69673333e-08  1.69675105e-08  1.88384360e-08  1.88384360e-08  1.69675105e-08  1.69633214e-08 
 4.84537752e-06 -7.91609081e-09 -7.91609082e-09 -7.91591248e-09 -7.91609076e-09 -9.85805784e-09 -9.85805787e-09 -7.91609077e-09 -7.91203415e-09 
 4.84737752e-06  1.74943645e-08  1.74943645e-08  1.74941854e-08  1.74943645e-08  1.95066537e-08  1.95066537e-08  1.74943645e-08  1.74904553e-08 
 4.84937752e-06 -8.43623434e-09 -8.43623433e-09 -8.43605489e-09 -8.43623431e-09 -1.05181374e-08 -1.05181373e-08 -8.43623428e-09 -8.43248807e-09 
 4.85137752e-06  1.80074441e-08  1.80074440e-08  1.80072646e-08  1.80074440e-08  2.01581693e-08  2.01581693e-08  1.80074440e-08  1.80038761e-08 
 4.85337752e-06 -8.94190667e-09 -8.94190668e-09 -8.94172765e-09 -8.94190664e-09 -1.11606778e-08 -1.11606778e-08 -8.94190661e-09 -8.93853267e-09 
 4.85537752e-06  1.85053853e-08  1.85053854e-08  1.85052072e-08  1.85053853e-08  2.07913484e-08  2.07913483e-08  1.85053853e-08  1.85022212e-08 
 4.85737752e-06 -9.43180303e-09 -9.43180301e-09 -9.43162610e-09 -9.43180303e-09 -1.17841225e-08 -1.17841224e-08 -9.43180296e-09 -9.42886459e-09 
 4.85937752e-06  1.89927063e-08  1.89927063e-08  1.89925311e-08  1.89927063e-08  2.14111779e-08  2.14111779e-08  1.89927063e-08  1.89900087e-08 
 4.86137752e-06 -9.90426466e-09 -9.90426462e-09 -9.90409163e-09 -9.90426466e-09 -1.23864704e-08 -1.23864704e-08 -9.90426462e-09 -9.90182590e-09 
 4.86337752e-06  1.94564595e-08  1.94564594e-08  1.94562890e-08  1.94564595e-08  2.20030279e-08  2.20030279e-08  1.94564594e-08  1.94542943e-08 
 4.86537752e-06 -1.03557469e-08 -1.03557468e-08 -1.03555796e-08 -1.03557468e-08 -1.29633706e-08 -1.29633706e-08 -1.03557468e-08 -1.03538741e-08 
 4.86737752e-06  1.99022369e-08  1.99022369e-08  1.99020731e-08  1.99022368e-08  2.25732366e-08  2.25732365e-08  1.99022368e-08  1.99006706e-08 
 4.86937752e-06 -1.07916267e-08 -1.07916266e-08 -1.07914671e-08 -1.07916265e-08 -1.35216457e-08 -1.35216456e-08 -1.07916265e-08 -1.07903856e-08 
 4.87137752e-06  2.03285593e-08  2.03285593e-08  2.03284042e-08  2.03285592e-08  2.31200417e-08  2.31200416e-08  2.03285591e-08  2.03276584e-08 
 4.87337752e-06 -1.12076561e-08 -1.12076561e-08 -1.12075062e-08 -1.12076560e-08 -1.40560643e-08 -1.40560643e-08 -1.12076560e-08 -1.12071134e-08 
 4.87537752e-06  2.07346379e-08  2.07346378e-08  2.07344936e-08  2.07346378e-08  2.36425404e-08  2.36425403e-08  2.07346377e-08  2.07344694e-08 
 4.87737752e-06 -1.16031007e-08 -1.16031006e-08 -1.16029627e-08 -1.16031006e-08 -1.45657901e-08 -1.45657900e-08 -1.16031005e-08 -1.16033237e-08 
 4.87937752e-06  2.11197903e-08  2.11197903e-08  2.11196591e-08  2.11197902e-08  2.41399599e-08  2.41399598e-08  2.11197902e-08  2.11204218e-08 
 4.88137752e-06 -1.19773303e-08 -1.19773302e-08 -1.19772064e-08 -1.19773302e-08 -1.50501134e-08 -1.50501134e-08 -1.19773301e-08 -1.19783865e-08 
 4.88337752e-06  2.14834371e-08  2.14834371e-08  2.14833210e-08  2.14834370e-08  2.46116516e-08  2.46116515e-08  2.14834370e-08  2.14849362e-08 
 4.88537752e-06 -1.23298156e-08 -1.23298156e-08 -1.23297081e-08 -1.23298155e-08 -1.55084459e-08 -1.55084459e-08 -1.23298154e-08 -1.23317727e-08 
 4.88737752e-06  2.18250975e-08  2.18250974e-08  2.18249989e-08  2.18250974e-08  2.50570851e-08  2.50570851e-08  2.18250973e-08  2.18275318e-08 
 4.88937752e-06 -1.26601240e-08 -1.26601241e-08 -1.26600352e-08 -1.26601240e-08 -1.59403145e-08 -1.59403145e-08 -1.26601239e-08 -1.26630496e-08 
 4.89137752e-06  2.21443854e-08  2.21443855e-08  2.21443067e-08  2.21443853e-08  2.54758424e-08  2.54758425e-08  2.21443852e-08  2.21478226e-08 
 4.89337752e-06 -1.29679156e-08 -1.29679156e-08 -1.29678478e-08 -1.29679155e-08 -1.63453550e-08 -1.63453551e-08 -1.29679154e-08 -1.29718770e-08 
 4.89537752e-06  2.24410053e-08  2.24410053e-08  2.24409489e-08  2.24410051e-08  2.58676113e-08  2.58676113e-08  2.24410050e-08  2.24455126e-08 
 4.89737752e-06 -1.32529382e-08 -1.32529382e-08 -1.32528938e-08 -1.32529381e-08 -1.67233062e-08 -1.67233062e-08 -1.32529379e-08 -1.32580026e-08 
 4.89937752e-06  2.27147472e-08  2.27147472e-08  2.27147155e-08  2.27147470e-08  2.62321796e-08  2.62321797e-08  2.27147470e-08  2.27203917e-08 
 4.90137752e-06 -1.35150233e-08 -1.35150233e-08 -1.35150049e-08 -1.35150232e-08 -1.70740036e-08 -1.70740037e-08 -1.35150231e-08 -1.35212574e-08 
 4.90337752e-06  2.29654827e-08  2.29654827e-08  2.29654781e-08  2.29654825e-08  2.65694290e-08  2.65694291e-08  2.29654824e-08  2.29723306e-08 
 4.90537752e-06 -1.37540814e-08 -1.37540814e-08 -1.37540913e-08 -1.37540813e-08 -1.73973737e-08 -1.73973738e-08 -1.37540812e-08 -1.37615511e-08 
 4.90737752e-06  2.31931598e-08  2.31931598e-08  2.31931847e-08  2.31931596e-08  2.68793289e-08  2.68793290e-08  2.31931594e-08  2.32012768e-08 
 4.90937752e-06 -1.39700972e-08 -1.39700972e-08 -1.39701378e-08 -1.39700970e-08 -1.76934276e-08 -1.76934276e-08 -1.39700969e-08 -1.39788677e-08 
 4.91137752e-06  2.33977985e-08  2.33977986e-08  2.33978555e-08  2.33977984e-08  2.71619308e-08  2.71619309e-08  2.33977983e-08  2.34072496e-08 
 4.91337752e-06 -1.41631249e-08 -1.41631249e-08 -1.41631988e-08 -1.41631247e-08 -1.79622554e-08 -1.79622554e-08 -1.41631245e-08 -1.41732606e-08 
 4.91537752e-06  2.35794865e-08  2.35794865e-08  2.35795780e-08  2.35794863e-08  2.74173621e-08  2.74173621e-08  2.35794862e-08  2.35903355e-08 
 4.91737752e-06 -1.43332838e-08 -1.43332838e-08 -1.43333935e-08 -1.43332837e-08 -1.82040202e-08 -1.82040203e-08 -1.43332836e-08 -1.43448483e-08 
 4.91937752e-06  2.37383738e-08  2.37383738e-08  2.37385023e-08  2.37383737e-08  2.76458205e-08  2.76458205e-08  2.37383735e-08  2.37506837e-08 
 4.92137752e-06 -1.44807539e-08 -1.44807539e-08 -1.44809017e-08 -1.44807537e-08 -1.84189529e-08 -1.84189530e-08 -1.44807536e-08 -1.44938093e-08 
 4.92337752e-06  2.38746690e-08  2.38746690e-08  2.38748370e-08  2.38746689e-08  2.78475689e-08  2.78475689e-08  2.38746687e-08  2.38885017e-08 
 4.92537752e-06 -1.46057708e-08 -1.46057708e-08 -1.46059592e-08 -1.46057707e-08 -1.86073466e-08 -1.86073467e-08 -1.46057705e-08 -1.46203784e-08 
 4.92737752e-06  2.39886345e-08  2.39886344e-08  2.39888442e-08  2.39886343e-08  2.80229297e-08  2.80229297e-08  2.39886341e-08  2.40040504e-08 
 4.92937752e-06 -1.47086221e-08 -1.47086220e-08 -1.47088534e-08 -1.47086219e-08 -1.87695513e-08 -1.87695513e-08 -1.47086217e-08 -1.47248417e-08 
 4.93137752e-06  2.40805818e-08  2.40805818e-08  2.40808358e-08  2.40805817e-08  2.81722796e-08  2.81722797e-08  2.40805815e-08  2.40976402e-08 
 4.93337752e-06 -1.47896422e-08 -1.47896422e-08 -1.47899191e-08 -1.47896421e-08 -1.89059688e-08 -1.89059688e-08 -1.47896419e-08 -1.48075324e-08 
 4.93537752e-06  2.41508682e-08  2.41508682e-08  2.41511688e-08  2.41508681e-08  2.82960450e-08  2.82960451e-08  2.41508679e-08  2.41696269e-08 
 4.93737752e-06 -1.48492094e-08 -1.48492093e-08 -1.48495338e-08 -1.48492093e-08 -1.90170481e-08 -1.90170481e-08 -1.48492090e-08 -1.48688270e-08 
 4.93937752e-06  2.41998920e-08  2.41998919e-08  2.42002414e-08  2.41998919e-08  2.83946969e-08  2.83946969e-08  2.41998916e-08  2.42204072e-08 
 4.94137752e-06 -1.48877406e-08 -1.48877406e-08 -1.48881150e-08 -1.48877405e-08 -1.91032806e-08 -1.91032806e-08 -1.48877402e-08 -1.49091412e-08 
 4.94337752e-06  2.42280887e-08  2.42280886e-08  2.42284891e-08  2.42280886e-08  2.84687466e-08  2.84687466e-08  2.42280883e-08  2.42504150e-08 
 4.94537752e-06 -1.49056885e-08 -1.49056884e-08 -1.49061150e-08 -1.49056884e-08 -1.91651957e-08 -1.91651957e-08 -1.49056881e-08 -1.49289258e-08 
 4.94737752e-06  2.42359274e-08  2.42359273e-08  2.42363811e-08  2.42359274e-08  2.85187411e-08  2.85187411e-08  2.42359270e-08  2.42601178e-08 
 4.94937752e-06 -1.49081413e-08 -1.49081412e-08 -1.49086222e-08 -1.49081412e-08 -1.92092866e-08 -1.92092866e-08 -1.49081409e-08 -1.49332743e-08 
 4.95137752e-06  2.42161909e-08  2.42161908e-08  2.42166997e-08  2.42161908e-08  2.85361519e-08  2.85361519e-08  2.42161905e-08  2.42422875e-08 
 4.95337752e-06 -1.48863608e-08 -1.48863607e-08 -1.48868981e-08 -1.48863607e-08 -1.92242603e-08 -1.92242603e-08 -1.48863603e-08 -1.49134337e-08 
 4.95537752e-06  2.41848177e-08  2.41848177e-08  2.41853840e-08  2.41848178e-08  2.85397765e-08  2.85397764e-08  2.41848173e-08  2.42128788e-08 
 4.95737752e-06 -1.48455286e-08 -1.48455287e-08 -1.48461244e-08 -1.48455286e-08 -1.92166895e-08 -1.92166895e-08 -1.48455282e-08 -1.48745901e-08 
 4.95937752e-06  2.41346737e-08  2.41346737e-08  2.41352992e-08  2.41346737e-08  2.85211744e-08  2.85211744e-08  2.41346733e-08  2.41647458e-08 
 4.96137752e-06 -1.47862196e-08 -1.47862196e-08 -1.47868756e-08 -1.47862196e-08 -1.91872152e-08 -1.91872152e-08 -1.47862192e-08 -1.48173125e-08 
 4.96337752e-06  2.40663584e-08  2.40663584e-08  2.40670451e-08  2.40663583e-08  2.84809967e-08  2.84809967e-08  2.40663579e-08  2.40984810e-08 
 4.96537752e-06 -1.47090557e-08 -1.47090557e-08 -1.47097736e-08 -1.47090556e-08 -1.91364975e-08 -1.91364975e-08 -1.47090552e-08 -1.47422177e-08 
 4.96737752e-06  2.39805101e-08  2.39805102e-08  2.39812597e-08  2.39805101e-08  2.84199129e-08  2.84199128e-08  2.39805097e-08  2.40147205e-08 
 4.96937752e-06 -1.46146822e-08 -1.46146822e-08 -1.46154638e-08 -1.46146822e-08 -1.90652171e-08 -1.90652170e-08 -1.46146817e-08 -1.46499501e-08 
 4.97137752e-06  2.38777769e-08  2.38777769e-08  2.38785909e-08  2.38777769e-08  2.83386215e-08  2.83386215e-08  2.38777764e-08  2.39141107e-08 
 4.97337752e-06 -1.45037493e-08 -1.45037493e-08 -1.45045960e-08 -1.45037493e-08 -1.89741019e-08 -1.89741018e-08 -1.45037488e-08 -1.45411580e-08 
 4.97537752e-06  2.37588103e-08  2.37588102e-08  2.37596901e-08  2.37588103e-08  2.82378762e-08  2.82378762e-08  2.37588098e-08  2.37973019e-08 
 4.97737752e-06 -1.43769058e-08 -1.43769058e-08 -1.43778192e-08 -1.43769058e-08 -1.88639133e-08 -1.88639133e-08 -1.43769053e-08 -1.44164901e-08 
 4.97937752e-06  2.36242488e-08  2.36242487e-08  2.36251961e-08  2.36242488e-08  2.81184376e-08  2.81184376e-08  2.36242482e-08  2.36649353e-08 
 4.98137752e-06 -1.42347772e-08 -1.42347771e-08 -1.42357589e-08 -1.42347772e-08 -1.87354109e-08 -1.87354108e-08 -1.42347766e-08 -1.42765761e-08 
 4.98337752e-06  2.34747063e-08  2.34747063e-08  2.34757229e-08  2.34747064e-08  2.79810633e-08  2.79810633e-08  2.34747058e-08  2.35176267e-08 
 4.98500000e-06 -1.40587980e-08 -1.40587980e-08 -1.40598580e-08 -1.40587981e-08 -1.85712419e-08 -1.85712418e-08 -1.40587975e-08 -1.41031137e-08 
 4.98520000e-06  4.44144151e-09  4.44144158e-09  4.44153327e-09  4.44144163e-09  4.45218736e-09  4.45218743e-09  4.44144159e-09  4.44437848e-09 
 4.98560000e-06  4.91404299e-09  4.91404305e-09  4.91394736e-09  4.91404300e-09  4.91112281e-09  4.91112281e-09  4.91404304e-09  4.91100241e-09 
 4.98640000e-06  4.38494947e-09  4.38494938e-09  4.38504665e-09  4.38494942e-09  4.38418922e-09  4.38418922e-09  4.38494935e-09  4.38803157e-09 
 4.98715030e-06  4.94889494e-09  4.94889491e-09  4.94879628e-09  4.94889489e-09  4.95341746e-09  4.95341742e-09  4.94889494e-09  4.94577561e-09 
 4.98769748e-06  4.34608946e-09  4.34608957e-09  4.34618954e-09  4.34608958e-09  4.33666832e-09  4.33666833e-09  4.34608953e-09  4.34924805e-09 
 4.98811443e-06  4.99498737e-09  4.99498734e-09  4.99488617e-09  4.99498733e-09  5.01040680e-09  5.01040685e-09  4.99498742e-09  4.99179528e-09 
 4.98850989e-06  4.28704509e-09  4.28704512e-09  4.28714685e-09  4.28704511e-09  4.26580495e-09  4.26580496e-09  4.28704502e-09  4.29025523e-09 
 4.98885200e-06  5.13516696e-09  5.13516681e-09  5.13506557e-09  5.13516692e-09  5.16244476e-09  5.16244478e-09  5.13516697e-09  5.13195660e-09 
 4.98908032e-06  3.53573091e-09  3.53573103e-09  3.53583006e-09  3.53573103e-09  3.50213845e-09  3.50213846e-09  3.53573096e-09  3.53883837e-09 
 4.98931880e-06  8.00045943e-09  8.00045939e-09  8.00036430e-09  8.00045943e-09  8.03339280e-09  8.03339276e-09  8.00045948e-09  7.99773613e-09 
 4.98948797e-06 -9.42862555e-09 -9.42862554e-09 -9.42853798e-09 -9.42862583e-09 -9.43785298e-09 -9.43785298e-09 -9.42862587e-09 -9.42743172e-09 
 4.98966817e-06  4.33901395e-08  4.33901394e-08  4.33900600e-08  4.33901398e-08  4.33437655e-08  4.33437655e-08  4.33901398e-08  4.33917584e-08 
 4.98986546e-06 -7.45458855e-08 -7.45458855e-08 -7.45458135e-08 -7.45458859e-08 -7.44186664e-08 -7.44186663e-08 -7.45458859e-08 -7.45510997e-08 
 4.99000000e-06  1.79289254e-07  1.79289254e-07  1.79289189e-07  1.79289254e-07  1.79007979e-07  1.79007979e-07  1.79289254e-07  1.79300037e-07 
 4.99002198e-06 -2.40106525e-07 -2.40106525e-07 -2.40106496e-07 -2.40106524e-07 -2.39929610e-07 -2.39929610e-07 -2.40106524e-07 -2.40133191e-07 
 4.99006594e-06  2.93295752e-07  2.93295752e-07  2.93295656e-07  2.93295751e-07  2.93479572e-07  2.93479572e-07  2.93295752e-07  2.93441154e-07 
 4.99015386e-06 -2.49413115e-07 -2.49413116e-07 -2.49413001e-07 -2.49413116e-07 -2.49905749e-07 -2.49905749e-07 -2.49413118e-07 -2.49693241e-07 
 4.99032970e-06  2.31975976e-07  2.31975976e-07  2.31975863e-07  2.31975976e-07  2.32640028e-07  2.32640029e-07  2.31975980e-07  2.32347101e-07 
 4.99068137e-06 -2.07852038e-07 -2.07852038e-07 -2.07851930e-07 -2.07852038e-07 -2.08604413e-07 -2.08604414e-07 -2.07852043e-07 -2.08274312e-07 
 4.99138472e-06  2.09537407e-07  2.09537408e-07  2.09537302e-07  2.09537408e-07  2.10334253e-07  2.10334253e-07  2.09537413e-07  2.09986483e-07 
 4.99257292e-06 -1.95642269e-07 -1.95642270e-07 -1.95642166e-07 -1.95642270e-07 -1.96465532e-07 -1.96465533e-07 -1.95642275e-07 -1.96107586e-07 
 4.99446152e-06  2.02061132e-07  2.02061132e-07  2.02061031e-07  2.02061133e-07  2.02901026e-07  2.02901026e-07  2.02061138e-07  2.02536793e-07 
 4.99646152e-06 -1.89995042e-07 -1.89995042e-07 -1.89994942e-07 -1.89995042e-07 -1.90850656e-07 -1.90850656e-07 -1.89995048e-07 -1.90480564e-07 
 4.99846152e-06  1.96553053e-07  1.96553053e-07  1.96552955e-07  1.96553054e-07  1.97424387e-07  1.97424388e-07  1.96553060e-07  1.97048518e-07 
 5.00046152e-06 -1.84467178e-07 -1.84467178e-07 -1.84467081e-07 -1.84467178e-07 -1.85354241e-07 -1.85354241e-07 -1.84467184e-07 -1.84972672e-07 
 5.00246152e-06  1.91007438e-07  1.91007438e-07  1.91007343e-07  1.91007438e-07  1.91910224e-07  1.91910224e-07  1.91007445e-07  1.91523036e-07 
 5.00446152e-06 -1.78905812e-07 -1.78905812e-07 -1.78905719e-07 -1.78905813e-07 -1.79824324e-07 -1.79824324e-07 -1.78905819e-07 -1.79431595e-07 
 5.00646152e-06  1.85432266e-07  1.85432266e-07  1.85432175e-07  1.85432267e-07  1.86366491e-07  1.86366492e-07  1.85432274e-07  1.85968304e-07 
 5.00846152e-06 -1.73318752e-07 -1.73318752e-07 -1.73318662e-07 -1.73318752e-07 -1.74268686e-07 -1.74268687e-07 -1.73318759e-07 -1.73865119e-07 
 5.01046152e-06  1.79835171e-07  1.79835171e-07  1.79835083e-07  1.79835171e-07  1.80800797e-07  1.80800797e-07  1.79835178e-07  1.80391932e-07 
 5.01246152e-06 -1.67713454e-07 -1.67713454e-07 -1.67713369e-07 -1.67713454e-07 -1.68694762e-07 -1.68694762e-07 -1.67713461e-07 -1.68280679e-07 
 5.01446152e-06  1.74223437e-07  1.74223437e-07  1.74223354e-07  1.74223437e-07  1.75220403e-07  1.75220403e-07  1.74223445e-07  1.74801185e-07 
 5.01646152e-06 -1.62097034e-07 -1.62097034e-07 -1.62096953e-07 -1.62097034e-07 -1.63109641e-07 -1.63109641e-07 -1.62097042e-07 -1.62685369e-07 
 5.01846152e-06  1.68604011e-07  1.68604011e-07  1.68603933e-07  1.68604011e-07  1.69632229e-07  1.69632230e-07  1.68604019e-07  1.69202985e-07 
 5.02046152e-06 -1.56476270e-07 -1.56476270e-07 -1.56476194e-07 -1.56476270e-07 -1.57520077e-07 -1.57520077e-07 -1.56476278e-07 -1.57085942e-07 
 5.02246152e-06  1.62983504e-07  1.62983504e-07  1.62983430e-07  1.62983504e-07  1.64042864e-07  1.64042864e-07  1.62983512e-07  1.63603921e-07 
 5.02446152e-06 -1.50857607e-07 -1.50857607e-07 -1.50857536e-07 -1.50857607e-07 -1.51932492e-07 -1.51932492e-07 -1.50857616e-07 -1.51488821e-07 
 5.02646152e-06  1.57368197e-07  1.57368197e-07  1.57368129e-07  1.57368197e-07  1.58458565e-07  1.58458565e-07  1.57368206e-07  1.58010249e-07 
 5.02846152e-06 -1.45247165e-07 -1.45247165e-07 -1.45247100e-07 -1.45247165e-07 -1.46352981e-07 -1.46352981e-07 -1.45247174e-07 -1.45900101e-07 
 5.03046152e-06  1.51764050e-07  1.51764050e-07  1.51763988e-07  1.51764050e-07  1.52885267e-07  1.52885267e-07  1.51764059e-07  1.52427907e-07 
 5.03246152e-06 -1.39650744e-07 -1.39650744e-07 -1.39650685e-07 -1.39650745e-07 -1.40787321e-07 -1.40787321e-07 -1.39650754e-07 -1.40325561e-07 
 5.03446152e-06  1.46176708e-07  1.46176708e-07  1.46176652e-07  1.46176708e-07  1.47328592e-07  1.47328592e-07  1.46176718e-07  1.46862514e-07 
 5.03646152e-06 -1.34073836e-07 -1.34073836e-07 -1.34073783e-07 -1.34073836e-07 -1.35240979e-07 -1.35240979e-07 -1.34073846e-07 -1.34770666e-07 
 5.03846152e-06  1.40611507e-07  1.40611507e-07  1.40611458e-07  1.40611507e-07  1.41793852e-07  1.41793852e-07  1.40611518e-07  1.41319385e-07 
 5.04046152e-06 -1.28521626e-07 -1.28521626e-07 -1.28521579e-07 -1.28521626e-07 -1.29719118e-07 -1.29719119e-07 -1.28521636e-07 -1.29240578e-07 
 5.04246152e-06  1.35073487e-07  1.35073487e-07  1.35073444e-07  1.35073487e-07  1.36286064e-07  1.36286064e-07  1.35073498e-07  1.35803533e-07 
 5.04446152e-06 -1.22999005e-07 -1.22999005e-07 -1.22998965e-07 -1.22999005e-07 -1.24226607e-07 -1.24226607e-07 -1.22999016e-07 -1.23740166e-07 
 5.04646152e-06  1.29567393e-07  1.29567392e-07  1.29567356e-07  1.29567393e-07  1.30809950e-07  1.30809950e-07  1.29567404e-07  1.30319680e-07 
 5.04846152e-06 -1.17510578e-07 -1.17510578e-07 -1.17510545e-07 -1.17510578e-07 -1.18768026e-07 -1.18768026e-07 -1.17510590e-07 -1.18274008e-07 
 5.05046152e-06  1.24097689e-07  1.24097689e-07  1.24097660e-07  1.24097689e-07  1.25369953e-07  1.25369953e-07  1.24097701e-07  1.24872268e-07 
 5.05246152e-06 -1.12060671e-07 -1.12060671e-07 -1.12060645e-07 -1.12060671e-07 -1.13347679e-07 -1.13347679e-07 -1.12060683e-07 -1.12846408e-07 
 5.05446152e-06  1.18668566e-07  1.18668566e-07  1.18668545e-07  1.18668567e-07  1.19970240e-07  1.19970240e-07  1.18668579e-07  1.19465462e-07 
 5.05646152e-06 -1.06653340e-07 -1.06653340e-07 -1.06653322e-07 -1.06653340e-07 -1.07969602e-07 -1.07969602e-07 -1.06653352e-07 -1.07461397e-07 
 5.05846152e-06  1.13283949e-07  1.13283949e-07  1.13283935e-07  1.13283950e-07  1.14614715e-07  1.14614715e-07  1.13283962e-07  1.14103164e-07 
 5.06046152e-06 -1.01292380e-07 -1.01292380e-07 -1.01292370e-07 -1.01292381e-07 -1.02637567e-07 -1.02637567e-07 -1.01292393e-07 -1.02122749e-07 
 5.06246152e-06  1.07977493e-07  1.07977493e-07  1.07977487e-07  1.07977493e-07  1.09337452e-07  1.09337452e-07  1.07977506e-07  1.08819279e-07 
 5.06446152e-06 -9.59768289e-08 -9.59768288e-08 -9.59768270e-08 -9.59768291e-08 -9.73506174e-08 -9.73506174e-08 -9.59768424e-08 -9.68294948e-08 
 5.06646152e-06  1.02658460e-07  1.02658459e-07  1.02658462e-07  1.02658460e-07  1.04046395e-07  1.04046395e-07  1.02658473e-07  1.03522241e-07 
 5.06846152e-06 -9.07195982e-08 -9.07195982e-08 -9.07196046e-08 -9.07195984e-08 -9.21215873e-08 -9.21215874e-08 -9.07196122e-08 -9.15944814e-08 
 5.07046152e-06  9.74289506e-08  9.74289506e-08  9.74289613e-08  9.74289508e-08  9.88448942e-08  9.88448943e-08  9.74289648e-08  9.83149132e-08 
 5.07246152e-06 -8.55185786e-08 -8.55185786e-08 -8.55185936e-08 -8.55185788e-08 -8.69483786e-08 -8.69483787e-08 -8.55185931e-08 -8.64156002e-08 
 5.07446152e-06  9.22571043e-08  9.22571042e-08  9.22571237e-08  9.22571045e-08  9.37006567e-08  9.37006567e-08  9.22571191e-08  9.31651574e-08 
 5.07646152e-06 -8.03766176e-08 -8.03766176e-08 -8.03766415e-08 -8.03766177e-08 -8.18338191e-08 -8.18338191e-08 -8.03766327e-08 -8.12956760e-08 
 5.07846152e-06  8.71456579e-08  8.71456579e-08  8.71456863e-08  8.71456581e-08  8.86164000e-08  8.86164000e-08  8.71456733e-08  8.80756887e-08 
 5.08046152e-06 -7.52963446e-08 -7.52963446e-08 -7.52963776e-08 -7.52963448e-08 -7.67805192e-08 -7.67805191e-08 -7.52963603e-08 -7.62373160e-08 
 5.08246152e-06  8.20971353e-08  8.20971353e-08  8.20971730e-08  8.20971355e-08  8.35946292e-08  8.35946293e-08  8.20971512e-08  8.30490089e-08 
 5.08446152e-06 -7.02801798e-08 -7.02801798e-08 -7.02802221e-08 -7.02801801e-08 -7.17908802e-08 -7.17908802e-08 -7.02801961e-08 -7.12429182e-08 
 5.08646152e-06  7.71138551e-08  7.71138551e-08  7.71139021e-08  7.71138553e-08  7.86376446e-08  7.86376447e-08  7.71138715e-08  7.80874149e-08 
 5.08846152e-06 -6.53303423e-08 -6.53303423e-08 -6.53303942e-08 -6.53303425e-08 -6.68671034e-08 -6.68671034e-08 -6.53303591e-08 -6.63146807e-08 
 5.09046152e-06  7.21979390e-08  7.21979390e-08  7.21979957e-08  7.21979393e-08  7.37475502e-08  7.37475503e-08  7.21979561e-08  7.31930073e-08 
 5.09246152e-06 -6.04488587e-08 -6.04488587e-08 -6.04489204e-08 -6.04488590e-08 -6.20111979e-08 -6.20111980e-08 -6.04488761e-08 -6.14546087e-08 
 5.09446152e-06  6.73513206e-08  6.73513206e-08  6.73513872e-08  6.73513208e-08  6.89262624e-08  6.89262624e-08  6.73513383e-08  6.83676988e-08 
 5.09646152e-06 -5.56375712e-08 -5.56375713e-08 -5.56376428e-08 -5.56375715e-08 -5.72249891e-08 -5.72249891e-08 -5.56375892e-08 -5.66645242e-08 
 5.09846152e-06  6.25757528e-08  6.25757529e-08  6.25758294e-08  6.25757530e-08  6.41755175e-08  6.41755176e-08  6.25757711e-08  6.36132222e-08 
 5.10046152e-06 -5.08981456e-08 -5.08981456e-08 -5.08982272e-08 -5.08981458e-08 -5.25101265e-08 -5.25101265e-08 -5.08981641e-08 -5.19460728e-08 
 5.10246152e-06  5.78728163e-08  5.78728163e-08  5.78729030e-08  5.78728165e-08  5.94968804e-08  5.94968804e-08  5.78728351e-08  5.89311382e-08 
 5.10446152e-06 -4.62320791e-08 -4.62320791e-08 -4.62321710e-08 -4.62320794e-08 -4.78680917e-08 -4.78680917e-08 -4.62320982e-08 -4.73007323e-08 
 5.10646152e-06  5.32439269e-08  5.32439268e-08  5.32440239e-08  5.32439271e-08  5.48917514e-08  5.48917515e-08  5.32439462e-08  5.43228437e-08 
 5.10846152e-06 -4.16407081e-08 -4.16407081e-08 -4.16408103e-08 -4.16407083e-08 -4.33002061e-08 -4.33002062e-08 -4.16407278e-08 -4.27298202e-08 
 5.11046152e-06  4.86903432e-08  4.86903432e-08  4.86904507e-08  4.86903434e-08  5.03613747e-08  5.03613748e-08  4.86903632e-08  4.97895785e-08 
 5.11246152e-06 -3.71252154e-08 -3.71252153e-08 -3.71253282e-08 -3.71252156e-08 -3.88076383e-08 -3.88076383e-08 -3.71252356e-08 -3.82345010e-08 
 5.11446152e-06  4.42131741e-08  4.42131741e-08  4.42132922e-08  4.42131743e-08  4.59068452e-08  4.59068452e-08  4.42131946e-08  4.53324336e-08 
 5.11646152e-06 -3.26799622e-08 -3.26799621e-08 -3.26800855e-08 -3.26799623e-08 -3.43841922e-08 -3.43841923e-08 -3.26799830e-08 -3.38087561e-08 
 5.11846152e-06  3.98171095e-08  3.98171094e-08  3.98172383e-08  3.98171096e-08  4.15328175e-08  4.15328176e-08  3.98171306e-08  4.09560627e-08 
 5.12046152e-06 -2.83293530e-08 -2.83293529e-08 -2.83294872e-08 -2.83293532e-08 -3.00558697e-08 -3.00558698e-08 -2.83293743e-08 -2.94780417e-08 
 5.12246152e-06  3.54950610e-08  3.54950609e-08  3.54952008e-08  3.54950612e-08  3.72322373e-08  3.72322374e-08  3.54950827e-08  3.66534006e-08 
 5.12446152e-06 -2.40467204e-08 -2.40467203e-08 -2.40468656e-08 -2.40467206e-08 -2.57944040e-08 -2.57944040e-08 -2.40467424e-08 -2.52146248e-08 
 5.12646152e-06  3.12519774e-08  3.12519773e-08  3.12521282e-08  3.12519776e-08  3.30100162e-08  3.30100163e-08  3.12519997e-08  3.24293582e-08 
 5.12846152e-06 -1.98433536e-08 -1.98433535e-08 -1.98435099e-08 -1.98433537e-08 -2.16115926e-08 -2.16115926e-08 -1.98433762e-08 -2.10301208e-08 
 5.13046152e-06  2.70934317e-08  2.70934316e-08  2.70935937e-08  2.70934319e-08  2.88722816e-08  2.88722816e-08  2.70934546e-08  2.82898754e-08 
 5.13246152e-06 -1.57161599e-08 -1.57161598e-08 -1.57163274e-08 -1.57161600e-08 -1.75043516e-08 -1.75043516e-08 -1.57161830e-08 -1.69214391e-08 
 5.13446152e-06  2.30015184e-08  2.30015182e-08  2.30016914e-08  2.30015185e-08  2.47994392e-08  2.47994392e-08  2.30015417e-08  2.42159007e-08 
 5.13646152e-06 -1.16732311e-08 -1.16732310e-08 -1.16734099e-08 -1.16732312e-08 -1.34807205e-08 -1.34807205e-08 -1.16732548e-08 -1.28966192e-08 
 5.13846152e-06  1.89987581e-08  1.89987580e-08  1.89989425e-08  1.89987582e-08  2.08156567e-08  2.08156568e-08  1.89987821e-08  2.02310527e-08 
 5.14046152e-06 -7.71072510e-09 -7.71072497e-09 -7.71091519e-09 -7.71072520e-09 -9.53686998e-09 -9.53687003e-09 -7.71074941e-09 -8.95182521e-09 
 5.14246152e-06  1.50765329e-08  1.50765328e-08  1.50767287e-08  1.50765330e-08  1.69117628e-08  1.69117628e-08  1.50765575e-08  1.63263361e-08 
 5.14446152e-06 -3.82930167e-09 -3.82930158e-09 -3.82950318e-09 -3.82930182e-09 -5.67299071e-09 -5.67299075e-09 -3.82932660e-09 -5.08730995e-09 
 5.14646152e-06  1.12359107e-08  1.12359107e-08  1.12361180e-08  1.12359109e-08  1.30878994e-08  1.30878994e-08  1.12359360e-08  1.25020217e-08 
 5.14846152e-06 -3.19287624e-11 -3.19286801e-11 -3.21417104e-11 -3.19289412e-11 -1.89192393e-09 -1.89192396e-09 -3.19543068e-11 -1.30602548e-09 
 5.15046152e-06  7.47995292e-09  7.47995279e-09  7.48017149e-09  7.47995307e-09  9.34779267e-09  9.34779270e-09  7.47997868e-09  8.76193147e-09 
 5.15246152e-06  3.68597787e-09  3.68597796e-09  3.68575357e-09  3.68597772e-09  1.81043958e-09  1.81043956e-09  3.68595181e-09  2.39621148e-09 
 5.15446152e-06  3.80321170e-09  3.80321159e-09  3.80344179e-09  3.80321183e-09  5.68673752e-09  5.68673755e-09  3.80323806e-09  5.10104973e-09 
 5.15646152e-06  7.31992480e-09  7.31992490e-09  7.31968891e-09  7.31992467e-09  5.42858723e-09  5.42858717e-09  7.31989815e-09  6.01413421e-09 
 5.15846152e-06  2.09504584e-10  2.09504481e-10  2.09746367e-10  2.09504701e-10  2.10861207e-09  2.10861210e-09  2.09531522e-10  1.52313835e-09 
 5.16046152e-06  1.08734435e-08  1.08734436e-08  1.08731959e-08  1.08734434e-08  8.96674442e-09  8.96674433e-09  1.08734163e-08  9.55208818e-09 
 5.16246152e-06 -3.30387610e-09 -3.30387618e-09 -3.30362261e-09 -3.30387600e-09 -1.38975096e-09 -1.38975089e-09 -3.30384858e-09 -1.97491120e-09 
 5.16446152e-06  1.43514222e-08  1.43514223e-08  1.43511628e-08  1.43514221e-08  1.24294552e-08  1.24294552e-08  1.43513943e-08  1.30145600e-08 
 5.16646152e-06 -6.73187890e-09 -6.73187902e-09 -6.73161384e-09 -6.73187885e-09 -4.80404902e-09 -4.80404891e-09 -6.73185082e-09 -5.38849247e-09 
 5.16846152e-06  1.77461468e-08  1.77461469e-08  1.77458757e-08  1.77461468e-08  1.58101955e-08  1.58101954e-08  1.77461184e-08  1.63946630e-08 
 5.17046152e-06 -1.00879337e-08 -1.00879338e-08 -1.00876567e-08 -1.00879336e-08 -8.14587480e-09 -8.14587474e-09 -1.00879050e-08 -8.72975898e-09 
 5.17246152e-06  2.10513520e-08  2.10513521e-08  2.10510691e-08  2.10513519e-08  1.91027418e-08  1.91027417e-08  2.10513229e-08  1.96861761e-08 
 5.17446152e-06 -1.33624965e-08 -1.33624966e-08 -1.33622078e-08 -1.33624964e-08 -1.14075042e-08 -1.14075041e-08 -1.33624672e-08 -1.19904382e-08 
 5.17646152e-06  2.42942960e-08  2.42942961e-08  2.42940013e-08  2.42942960e-08  2.23324955e-08  2.23324953e-08  2.42942664e-08  2.29150601e-08 
 5.17846152e-06 -1.65552004e-08 -1.65552004e-08 -1.65548999e-08 -1.65552003e-08 -1.45880006e-08 -1.45880005e-08 -1.65551704e-08 -1.51697787e-08 
 5.18046152e-06  2.74489434e-08  2.74489436e-08  2.74486370e-08  2.74489434e-08  2.54752830e-08  2.54752829e-08  2.74489131e-08  2.60565916e-08 
 5.18246152e-06 -1.96634504e-08 -1.96634505e-08 -1.96631383e-08 -1.96634504e-08 -1.76853597e-08 -1.76853596e-08 -1.96634198e-08 -1.82656016e-08 
 5.18446152e-06  3.05287183e-08  3.05287184e-08  3.05284001e-08  3.05287182e-08  2.85438806e-08  2.85438805e-08  3.05286874e-08  2.91237394e-08 
 5.18646152e-06 -2.27023856e-08 -2.27023857e-08 -2.27020618e-08 -2.27023855e-08 -2.07134785e-08 -2.07134785e-08 -2.27023545e-08 -2.12921753e-08 
 5.18846152e-06  3.35199297e-08  3.35199297e-08  3.35195998e-08  3.35199296e-08  3.15252429e-08  3.15252428e-08  3.35198982e-08  3.21032788e-08 
 5.19046152e-06 -2.56668265e-08 -2.56668266e-08 -2.56664909e-08 -2.56668264e-08 -2.36677913e-08 -2.36677913e-08 -2.56667947e-08 -2.42447557e-08 
 5.19246152e-06  3.64585732e-08  3.64585733e-08  3.64582316e-08  3.64585732e-08  3.44534898e-08  3.44534897e-08  3.64585412e-08  3.50298804e-08 
 5.19446152e-06 -2.85515242e-08 -2.85515243e-08 -2.85511769e-08 -2.85515241e-08 -2.65430948e-08 -2.65430947e-08 -2.85514918e-08 -2.71181398e-08 
 5.19646152e-06  3.93070600e-08  3.93070600e-08  3.93067067e-08  3.93070599e-08  3.72929326e-08  3.72929325e-08  3.93070274e-08  3.78673115e-08 
 5.19846152e-06 -3.13603622e-08 -3.13603623e-08 -3.13600033e-08 -3.13603621e-08 -2.93432499e-08 -2.93432498e-08 -3.13603293e-08 -2.99161949e-08 
 5.20046152e-06  4.20800067e-08  4.20800068e-08  4.20796417e-08  4.20800065e-08  4.00575469e-08  4.00575468e-08  4.20799734e-08  4.06297359e-08 
 5.20246152e-06 -3.40940868e-08 -3.40940869e-08 -3.40937163e-08 -3.40940867e-08 -3.20690025e-08 -3.20690024e-08 -3.40940533e-08 -3.26396717e-08 
 5.20446152e-06  4.47781779e-08  4.47781779e-08  4.47778014e-08  4.47781778e-08  4.27480970e-08  4.27480970e-08  4.47781441e-08  4.33179223e-08 
 5.20646152e-06 -3.67534794e-08 -3.67534795e-08 -3.67530974e-08 -3.67534794e-08 -3.47211337e-08 -3.47211336e-08 -3.67534454e-08 -3.52893555e-08 
 5.20846152e-06  4.74023725e-08  4.74023725e-08  4.74019845e-08  4.74023724e-08  4.53653812e-08  4.53653811e-08  4.74023381e-08  4.59326731e-08 
 5.21046152e-06 -3.93393543e-08 -3.93393543e-08 -3.93389608e-08 -3.93393543e-08 -3.73004566e-08 -3.73004566e-08 -3.93393197e-08 -3.78660639e-08 
 5.21246152e-06  4.99534204e-08  4.99534204e-08  4.99530211e-08  4.99534205e-08  4.79102279e-08  4.79102278e-08  4.99533856e-08  4.84748214e-08 
 5.21446152e-06 -4.18525555e-08 -4.18525555e-08 -4.18521507e-08 -4.18525555e-08 -3.98078139e-08 -3.98078138e-08 -4.18525204e-08 -4.03706437e-08 
 5.21646152e-06  5.24321805e-08  5.24321805e-08  5.24317697e-08  5.24321804e-08  5.03834940e-08  5.03834939e-08  5.24321450e-08  5.09452283e-08 
 5.21846152e-06 -4.42939545e-08 -4.42939544e-08 -4.42935383e-08 -4.42939545e-08 -4.22440747e-08 -4.22440746e-08 -4.42939187e-08 -4.28039685e-08 
 5.22046152e-06  5.48395371e-08  5.48395371e-08  5.48391150e-08  5.48395371e-08  5.27860618e-08  5.27860618e-08  5.48395011e-08  5.33447806e-08 
 5.22246152e-06 -4.66644472e-08 -4.66644473e-08 -4.66640198e-08 -4.66644473e-08 -4.46101327e-08 -4.46101326e-08 -4.66644109e-08 -4.51669363e-08 
 5.22446152e-06  5.71763986e-08  5.71763987e-08  5.71759653e-08  5.71763986e-08  5.51188370e-08  5.51188369e-08  5.71763620e-08  5.56743879e-08 
 5.22646152e-06 -4.89649524e-08 -4.89649524e-08 -4.89645138e-08 -4.89649525e-08 -4.69069034e-08 -4.69069034e-08 -4.89649156e-08 -4.74604670e-08 
 5.22846152e-06  5.94436946e-08  5.94436947e-08  5.94432502e-08  5.94436947e-08  5.73827459e-08  5.73827458e-08  5.94436575e-08  5.79349810e-08 
 5.23046152e-06 -5.11964088e-08 -5.11964088e-08 -5.11959591e-08 -5.11964089e-08 -4.91353225e-08 -4.91353224e-08 -5.11963715e-08 -4.96855000e-08 
 5.23246152e-06  6.16423739e-08  6.16423739e-08  6.16419184e-08  6.16423739e-08  5.95787335e-08  5.95787335e-08  6.16423361e-08  6.01275090e-08 
 5.23446152e-06 -5.33597732e-08 -5.33597733e-08 -5.33593125e-08 -5.33597733e-08 -5.12963427e-08 -5.12963427e-08 -5.33597353e-08 -5.18429927e-08 
 5.23646152e-06  6.37734019e-08  6.37734019e-08  6.37729355e-08  6.37734020e-08  6.17077616e-08  6.17077615e-08  6.37733637e-08  6.22529377e-08 
 5.23846152e-06 -5.54560186e-08 -5.54560186e-08 -5.54555470e-08 -5.54560186e-08 -5.33909327e-08 -5.33909326e-08 -5.54559801e-08 -5.39339174e-08 
 5.24000000e-06  6.61479489e-08  6.61479489e-08  6.61474699e-08  6.61479490e-08  6.40806663e-08  6.40806663e-08  6.61479100e-08  6.46215868e-08 
 5.24020000e-06  2.27753283e-09  2.27753279e-09  2.27754582e-09  2.27753289e-09  2.27598590e-09  2.27598592e-09  2.27753348e-09  2.28137533e-09 
 5.24060000e-06  6.86219434e-09  6.86219435e-09  6.86218169e-09  6.86219434e-09  6.86567366e-09  6.86567368e-09  6.86219369e-09  6.85991797e-09 
 5.24140000e-06  2.54199144e-09  2.54199143e-09  2.54200389e-09  2.54199144e-09  2.53755415e-09  2.53755410e-09  2.54199207e-09  2.54347927e-09 
 5.24246255e-06  6.70907457e-09  6.70907459e-09  6.70906225e-09  6.70907454e-09  6.71400333e-09  6.71400338e-09  6.70907393e-09  6.70818264e-09 
 5.24341608e-06  2.68060220e-09  2.68060217e-09  2.68061430e-09  2.68060219e-09  2.67709263e-09  2.67709259e-09  2.68060279e-09  2.68082845e-09 
 5.24437518e-06  6.55983404e-09  6.55983409e-09  6.55982220e-09  6.55983410e-09  6.55547583e-09  6.55547585e-09  6.55983352e-09  6.56027041e-09 
 5.24500000e-06  2.89136551e-09  2.89136551e-09  2.89137714e-09  2.89136550e-09  2.93820172e-09  2.93820167e-09  2.89136612e-09  2.88991418e-09 
 5.24509714e-06  4.38401644e-09  4.38401636e-09  4.38401635e-09  4.38401630e-09  4.07855980e-09  4.07855995e-09  4.38401629e-09  4.38554665e-09 
 5.24529143e-06  4.77839971e-09  4.77839984e-09  4.77840249e-09  4.77839976e-09  5.46000181e-09  5.46000159e-09  4.77839971e-09  4.77731174e-09 
 5.24568001e-06  4.82490128e-09  4.82490133e-09  4.82489500e-09  4.82490128e-09  4.00759378e-09  4.00759391e-09  4.82490128e-09  4.82556490e-09 
 5.24626964e-06  4.19254488e-09  4.19254482e-09  4.19255497e-09  4.19254496e-09  5.05099364e-09  5.05099357e-09  4.19254492e-09  4.19224757e-09 
 5.24737926e-06  5.32100391e-09  5.32100393e-09  5.32099133e-09  5.32100379e-09  4.45856810e-09  4.45856817e-09  5.32100382e-09  5.32107966e-09 
 5.24937926e-06  3.87458665e-09  3.87458656e-09  3.87460076e-09  3.87458673e-09  4.73374199e-09  4.73374195e-09  3.87458667e-09  3.87464124e-09 
 5.25137926e-06  5.57114597e-09  5.57114602e-09  5.57113017e-09  5.57114586e-09  4.71917311e-09  4.71917313e-09  5.57114596e-09  5.57095594e-09 
 5.25337926e-06  3.60793060e-09  3.60793058e-09  3.60794830e-09  3.60793071e-09  4.44885722e-09  4.44885720e-09  3.60793065e-09  3.60826078e-09 
 5.25537926e-06  5.85420427e-09  5.85420431e-09  5.85418467e-09  5.85420421e-09  5.02813336e-09  5.02813339e-09  5.85420427e-09  5.85372961e-09 
 5.25737926e-06  3.30863056e-09  3.30863051e-09  3.30865232e-09  3.30863064e-09  4.11610560e-09  4.11610557e-09  3.30863055e-09  3.30925371e-09 
 5.25937926e-06  6.16953909e-09  6.16953912e-09  6.16951504e-09  6.16953903e-09  5.38431828e-09  5.38431826e-09  6.16953906e-09  6.16876377e-09 
 5.26137926e-06  2.97751130e-09  2.97751133e-09  2.97753777e-09  2.97751140e-09  3.73691289e-09  3.73691286e-09  2.97751137e-09  2.97844207e-09 
 5.26337926e-06  6.51615136e-09  6.51615138e-09  6.51612236e-09  6.51615131e-09  5.78603152e-09  5.78603159e-09  6.51615133e-09  6.51506237e-09 
 5.26537926e-06  2.61573523e-09  2.61573521e-09  2.61576691e-09  2.61573528e-09  3.31322195e-09  3.31322194e-09  2.61573519e-09  2.61698479e-09 
 5.26737926e-06  6.89272656e-09  6.89272656e-09  6.89269201e-09  6.89272652e-09  6.23110643e-09  6.23110649e-09  6.89272653e-09  6.89131443e-09 
 5.26937926e-06  2.22475821e-09  2.22475814e-09  2.22479571e-09  2.22475818e-09  2.84740166e-09  2.84740167e-09  2.22475814e-09  2.22633432e-09 
 5.27137926e-06  7.29767777e-09  7.29767777e-09  7.29763713e-09  7.29767778e-09  6.71699269e-09  6.71699271e-09  7.29767785e-09  7.29593664e-09 
 5.27337926e-06  1.80628764e-09  1.80628762e-09  1.80633150e-09  1.80628757e-09  2.34216417e-09  2.34216416e-09  1.80628756e-09  1.80819424e-09 
 5.27537926e-06  7.72918736e-09  7.72918737e-09  7.72914003e-09  7.72918742e-09  7.24083496e-09  7.24083501e-09  7.72918745e-09  7.72711530e-09 
 5.27737926e-06  1.36224165e-09  1.36224166e-09  1.36229254e-09  1.36224159e-09  1.80049028e-09  1.80049026e-09  1.36224156e-09  1.36447871e-09 
 5.27937926e-06  8.18524630e-09  8.18524637e-09  8.18519174e-09  8.18524647e-09  7.79954365e-09  7.79954362e-09  8.18524644e-09  8.18284532e-09 
 5.28137926e-06  8.94710748e-10  8.94710735e-10  8.94769171e-10  8.94710647e-10  1.22556279e-09  1.22556276e-09  8.94710617e-10  8.97274122e-10 
 5.28337926e-06  8.66369175e-09  8.66369179e-09  8.66362940e-09  8.66369184e-09  8.38985738e-09  8.38985741e-09  8.66369191e-09  8.66096810e-09 
 5.28537926e-06  4.05921627e-10  4.05921634e-10  4.05988094e-10  4.05921506e-10  6.20707568e-10  6.20707551e-10  4.05921502e-10  4.08803065e-10 
 5.28737926e-06  9.16224155e-09  9.16224155e-09  9.16217097e-09  9.16224164e-09  9.00839893e-09  9.00839894e-09  9.16224167e-09  9.15920552e-09 
 5.28937926e-06 -1.01825881e-10 -1.01825906e-10 -1.01751012e-10 -1.01826001e-10 -1.06608037e-11 -1.06608147e-11 -1.01826033e-10 -9.86378953e-11 
 5.29137926e-06  9.67858567e-09  9.67858572e-09  9.67850637e-09  9.67858578e-09  9.65172764e-09  9.65172765e-09  9.67858578e-09  9.67524993e-09 
 5.29337926e-06 -6.26295109e-10 -6.26295120e-10 -6.26211373e-10 -6.26295174e-10 -6.65286314e-10 -6.65286316e-10 -6.26295203e-10 -6.22816140e-10 
 5.29537926e-06  1.02105668e-08  1.02105668e-08  1.02104785e-08  1.02105668e-08  1.03167805e-08  1.03167805e-08  1.02105669e-08  1.02069499e-08 
 5.29737926e-06 -1.16517696e-09 -1.16517704e-09 -1.16508412e-09 -1.16517708e-09 -1.33990643e-09 -1.33990647e-09 -1.16517709e-09 -1.16142780e-09 
 5.29937926e-06  1.07557319e-08  1.07557320e-08  1.07556344e-08  1.07557320e-08  1.10001055e-08  1.10001055e-08  1.07557320e-08  1.07518566e-08 
 5.30137926e-06 -1.71601196e-09 -1.71601201e-09 -1.71590984e-09 -1.71601206e-09 -2.03108627e-09 -2.03108624e-09 -1.71601210e-09 -1.71201718e-09 
 5.30337926e-06  1.13116205e-08  1.13116205e-08  1.13115137e-08  1.13116205e-08  1.16982919e-08  1.16982919e-08  1.13116206e-08  1.13075133e-08 
 5.30537926e-06 -2.27634389e-09 -2.27634393e-09 -2.27623249e-09 -2.27634394e-09 -2.73544562e-09 -2.73544562e-09 -2.27634397e-09 -2.27213204e-09 
 5.30737926e-06  1.18757858e-08  1.18757858e-08  1.18756698e-08  1.18757858e-08  1.24079966e-08  1.24079966e-08  1.18757859e-08  1.18714775e-08 
 5.30937926e-06 -2.84374025e-09 -2.84374032e-09 -2.84361964e-09 -2.84374028e-09 -3.44968403e-09 -3.44968403e-09 -2.84374035e-09 -2.83934393e-09 
 5.31137926e-06  1.24458143e-08  1.24458143e-08  1.24456891e-08  1.24458143e-08  1.31259666e-08  1.31259666e-08  1.24458143e-08  1.24413390e-08 
 5.31337926e-06 -3.41581062e-09 -3.41581066e-09 -3.41568102e-09 -3.41581063e-09 -4.17060051e-09 -4.17060054e-09 -3.41581070e-09 -3.41126597e-09 
 5.31537926e-06  1.30193423e-08  1.30193423e-08  1.30192083e-08  1.30193423e-08  1.38490572e-08  1.38490571e-08  1.30193423e-08  1.30147381e-08 
 5.31737926e-06 -3.99022192e-09 -3.99022195e-09 -3.99008368e-09 -3.99022193e-09 -4.89511063e-09 -4.89511064e-09 -3.99022200e-09 -3.98556855e-09 
 5.31937926e-06  1.35940708e-08  1.35940708e-08  1.35939283e-08  1.35940708e-08  1.45742473e-08  1.45742473e-08  1.35940708e-08  1.35893789e-08 
 5.32137926e-06 -4.56471207e-09 -4.56471209e-09 -4.56456559e-09 -4.56471210e-09 -5.62025986e-09 -5.62025991e-09 -4.56471209e-09 -4.55999287e-09 
 5.32337926e-06  1.41677775e-08  1.41677775e-08  1.41676271e-08  1.41677775e-08  1.52986519e-08  1.52986519e-08  1.41677775e-08  1.41630424e-08 
 5.32537926e-06 -5.13710141e-09 -5.13710140e-09 -5.13694729e-09 -5.13710143e-09 -6.34323434e-09 -6.34323439e-09 -5.13710144e-09 -5.13236243e-09 
 5.32737926e-06  1.47383277e-08  1.47383277e-08  1.47381701e-08  1.47383277e-08  1.60195301e-08  1.60195302e-08  1.47383277e-08  1.47335970e-08 
 5.32937926e-06 -5.70530226e-09 -5.70530228e-09 -5.70514131e-09 -5.70530230e-09 -7.06136874e-09 -7.06136877e-09 -5.70530230e-09 -5.70059255e-09 
 5.33137926e-06  1.53036829e-08  1.53036829e-08  1.53035188e-08  1.53036829e-08  1.67342935e-08  1.67342935e-08  1.53036829e-08  1.52990069e-08 
 5.33337926e-06 -6.26732704e-09 -6.26732704e-09 -6.26716006e-09 -6.26732703e-09 -7.77215199e-09 -7.77215203e-09 -6.26732703e-09 -6.26269810e-09 
 5.33537926e-06  1.58619077e-08  1.58619077e-08  1.58617381e-08  1.58619077e-08  1.74405095e-08  1.74405095e-08  1.58619077e-08  1.58573394e-08 
 5.33737926e-06 -6.82129410e-09 -6.82129407e-09 -6.82112206e-09 -6.82129403e-09 -8.47323125e-09 -8.47323127e-09 -6.82129405e-09 -6.81680005e-09 
 5.33937926e-06  1.64111755e-08  1.64111756e-08  1.64110015e-08  1.64111755e-08  1.81359054e-08  1.81359054e-08  1.64111755e-08  1.64067700e-08 
 5.34137926e-06 -7.36543269e-09 -7.36543265e-09 -7.36525687e-09 -7.36543263e-09 -9.16241414e-09 -9.16241416e-09 -7.36543264e-09 -7.36112993e-09 
 5.34337926e-06  1.69497724e-08  1.69497724e-08  1.69495952e-08  1.69497723e-08  1.88183694e-08  1.88183694e-08  1.69497724e-08  1.69455870e-08 
 5.34537926e-06 -7.89808651e-09 -7.89808653e-09 -7.89790816e-09 -7.89808650e-09 -9.83766946e-09 -9.83766947e-09 -7.89808649e-09 -7.89403339e-09 
 5.34737926e-06  1.74761001e-08  1.74761002e-08  1.74759210e-08  1.74761000e-08  1.94859506e-08  1.94859506e-08  1.74761001e-08  1.74721942e-08 
 5.34937926e-06 -8.41771582e-09 -8.41771584e-09 -8.41753634e-09 -8.41771575e-09 -1.04971264e-08 -1.04971264e-08 -8.41771571e-09 -8.41397259e-09 
 5.35137926e-06  1.79886776e-08  1.79886776e-08  1.79884982e-08  1.79886775e-08  2.01368577e-08  2.01368578e-08  1.79886775e-08  1.79851123e-08 
 5.35337926e-06 -8.92289861e-09 -8.92289863e-09 -8.92271954e-09 -8.92289854e-09 -1.11390727e-08 -1.11390728e-08 -8.92289850e-09 -8.91952698e-09 
 5.35537926e-06  1.84861421e-08  1.84861421e-08  1.84859638e-08  1.84861420e-08  2.07694572e-08  2.07694572e-08  1.84861420e-08  1.84829799e-08 
 5.35737926e-06 -9.41233089e-09 -9.41233092e-09 -9.41215392e-09 -9.41233082e-09 -1.17619525e-08 -1.17619525e-08 -9.41233077e-09 -9.40939417e-09 
 5.35937926e-06  1.89730060e-08  1.89730060e-08  1.89728307e-08  1.89730059e-08  2.13887299e-08  2.13887300e-08  1.89730059e-08  1.89703096e-08 
 5.36137926e-06 -9.88435503e-09 -9.88435503e-09 -9.88418191e-09 -9.88435495e-09 -1.23637660e-08 -1.23637660e-08 -9.88435489e-09 -9.88191720e-09 
 5.36337926e-06  1.94363347e-08  1.94363347e-08  1.94361641e-08  1.94363346e-08  2.19800604e-08  2.19800604e-08  1.94363345e-08  1.94341701e-08 
 5.36537926e-06 -1.03354325e-08 -1.03354324e-08 -1.03352651e-08 -1.03354323e-08 -1.29401691e-08 -1.29401691e-08 -1.03354323e-08 -1.03335598e-08 
 5.36737926e-06  1.98817140e-08  1.98817140e-08  1.98815501e-08  1.98817139e-08  2.25497795e-08  2.25497795e-08  1.98817138e-08  1.98801475e-08 
 5.36937926e-06 -1.07709279e-08 -1.07709278e-08 -1.07707682e-08 -1.07709278e-08 -1.34979702e-08 -1.34979702e-08 -1.07709277e-08 -1.07696860e-08 
 5.37137926e-06  2.03076654e-08  2.03076654e-08  2.03075103e-08  2.03076653e-08  2.30961258e-08  2.30961258e-08  2.03076653e-08  2.03067633e-08 
 5.37337926e-06 -1.11866003e-08 -1.11866003e-08 -1.11864504e-08 -1.11866002e-08 -1.40319461e-08 -1.40319460e-08 -1.11866001e-08 -1.11860560e-08 
 5.37537926e-06  2.07134005e-08  2.07134004e-08  2.07132561e-08  2.07134003e-08  2.36181970e-08  2.36181969e-08  2.07134003e-08  2.07132299e-08 
 5.37737926e-06 -1.15817153e-08 -1.15817152e-08 -1.15815773e-08 -1.15817152e-08 -1.45412600e-08 -1.45412600e-08 -1.15817151e-08 -1.15819356e-08 
 5.37937926e-06  2.10982368e-08  2.10982368e-08  2.10981055e-08  2.10982367e-08  2.41152200e-08  2.41152200e-08  2.10982366e-08  2.10988652e-08 
 5.38137926e-06 -1.19556428e-08 -1.19556427e-08 -1.19555189e-08 -1.19556427e-08 -1.50252027e-08 -1.50252027e-08 -1.19556426e-08 -1.19566953e-08 
 5.38337926e-06  2.14615952e-08  2.14615951e-08  2.14614790e-08  2.14615951e-08  2.45865463e-08  2.45865464e-08  2.14615950e-08  2.14630899e-08 
 5.38537926e-06 -1.23078536e-08 -1.23078536e-08 -1.23077460e-08 -1.23078535e-08 -1.54831857e-08 -1.54831857e-08 -1.23078534e-08 -1.23098057e-08 
 5.38737926e-06  2.18029946e-08  2.18029946e-08  2.18028960e-08  2.18029946e-08  2.50316457e-08  2.50316457e-08  2.18029944e-08  2.18054234e-08 
 5.38937926e-06 -1.26379150e-08 -1.26379151e-08 -1.26378261e-08 -1.26379149e-08 -1.59147357e-08 -1.59147357e-08 -1.26379148e-08 -1.26408344e-08 
 5.39137926e-06  2.21220491e-08  2.21220491e-08  2.21219703e-08  2.21220490e-08  2.54500996e-08  2.54500996e-08  2.21220489e-08  2.21254795e-08 
 5.39337926e-06 -1.29454868e-08 -1.29454868e-08 -1.29454190e-08 -1.29454867e-08 -1.63194883e-08 -1.63194883e-08 -1.29454866e-08 -1.29494408e-08 
 5.39537926e-06  2.24184627e-08  2.24184626e-08  2.24184062e-08  2.24184625e-08  2.58415957e-08  2.58415957e-08  2.24184624e-08  2.24229619e-08 
 5.39737926e-06 -1.32303168e-08 -1.32303167e-08 -1.32302724e-08 -1.32303167e-08 -1.66971821e-08 -1.66971821e-08 -1.32303165e-08 -1.32353725e-08 
 5.39937926e-06  2.26920252e-08  2.26920252e-08  2.26919935e-08  2.26920251e-08  2.62059215e-08  2.62059215e-08  2.26920250e-08  2.26976602e-08 
 5.40137926e-06 -1.34922360e-08 -1.34922360e-08 -1.34922175e-08 -1.34922359e-08 -1.70476522e-08 -1.70476522e-08 -1.34922358e-08 -1.34984598e-08 
 5.40337926e-06  2.29426080e-08  2.29426080e-08  2.29426033e-08  2.29426079e-08  2.65429584e-08  2.65429583e-08  2.29426077e-08  2.29494449e-08 
 5.40537926e-06 -1.37311546e-08 -1.37311546e-08 -1.37311645e-08 -1.37311546e-08 -1.73708245e-08 -1.73708246e-08 -1.37311544e-08 -1.37386126e-08 
 5.40737926e-06  2.31701585e-08  2.31701585e-08  2.31701835e-08  2.31701584e-08  2.68526751e-08  2.68526751e-08  2.31701583e-08  2.31782631e-08 
 5.40937926e-06 -1.39470569e-08 -1.39470569e-08 -1.39470976e-08 -1.39470568e-08 -1.76667099e-08 -1.76667099e-08 -1.39470567e-08 -1.39558142e-08 
 5.41137926e-06  2.33746966e-08  2.33746966e-08  2.33747536e-08  2.33746965e-08  2.71351227e-08  2.71351227e-08  2.33746963e-08  2.33841336e-08 
 5.41337926e-06 -1.41399966e-08 -1.41399966e-08 -1.41400705e-08 -1.41399966e-08 -1.79353977e-08 -1.79353976e-08 -1.41399964e-08 -1.41501176e-08 
 5.41537926e-06  2.35563092e-08  2.35563092e-08  2.35564006e-08  2.35563090e-08  2.73904280e-08  2.73904279e-08  2.35563088e-08  2.35671424e-08 
 5.41737926e-06 -1.43100927e-08 -1.43100927e-08 -1.43102023e-08 -1.43100926e-08 -1.81770505e-08 -1.81770506e-08 -1.43100924e-08 -1.43216406e-08 
 5.41937926e-06  2.37151458e-08  2.37151458e-08  2.37152743e-08  2.37151457e-08  2.76187882e-08  2.76187882e-08  2.37151455e-08  2.37274383e-08 
 5.42137926e-06 -1.44575243e-08 -1.44575244e-08 -1.44576720e-08 -1.44575242e-08 -1.83918988e-08 -1.83918987e-08 -1.44575240e-08 -1.44705615e-08 
 5.42337926e-06  2.38514146e-08  2.38514147e-08  2.38515825e-08  2.38514145e-08  2.78204655e-08  2.78204655e-08  2.38514143e-08  2.38652280e-08 
 5.42537926e-06 -1.45825268e-08 -1.45825267e-08 -1.45827150e-08 -1.45825265e-08 -1.85802347e-08 -1.85802347e-08 -1.45825263e-08 -1.45971141e-08 
 5.42737926e-06  2.39653772e-08  2.39653772e-08  2.39655868e-08  2.39653770e-08  2.79957816e-08  2.79957816e-08  2.39653768e-08  2.39807720e-08 
 5.42937926e-06 -1.46853866e-08 -1.46853867e-08 -1.46856179e-08 -1.46853865e-08 -1.87424076e-08 -1.87424076e-08 -1.46853863e-08 -1.47015843e-08 
 5.43137926e-06  2.40573448e-08  2.40573447e-08  2.40575984e-08  2.40573446e-08  2.81451126e-08  2.81451126e-08  2.40573443e-08  2.40743801e-08 
 5.43337926e-06 -1.47664382e-08 -1.47664382e-08 -1.47667146e-08 -1.47664380e-08 -1.88788188e-08 -1.88788188e-08 -1.47664378e-08 -1.47843044e-08 
 5.43537926e-06  2.41276736e-08  2.41276736e-08  2.41279737e-08  2.41276735e-08  2.82688840e-08  2.82688840e-08  2.41276732e-08  2.41464073e-08 
 5.43737926e-06 -1.48260587e-08 -1.48260587e-08 -1.48263827e-08 -1.48260585e-08 -1.89899163e-08 -1.89899163e-08 -1.48260583e-08 -1.48456504e-08 
 5.43937926e-06  2.41767614e-08  2.41767614e-08  2.41771103e-08  2.41767613e-08  2.83675661e-08  2.83675662e-08  2.41767610e-08  2.41972496e-08 
 5.44137926e-06 -1.48646645e-08 -1.48646645e-08 -1.48650384e-08 -1.48646644e-08 -1.90761908e-08 -1.90761908e-08 -1.48646641e-08 -1.48860371e-08 
 5.44337926e-06  2.42050431e-08  2.42050431e-08  2.42054430e-08  2.42050430e-08  2.84416696e-08  2.84416696e-08  2.42050427e-08  2.42273404e-08 
 5.44537926e-06 -1.48827076e-08 -1.48827075e-08 -1.48831334e-08 -1.48827074e-08 -1.91381711e-08 -1.91381711e-08 -1.48827071e-08 -1.49059147e-08 
 5.44737926e-06  2.42129872e-08  2.42129871e-08  2.42134401e-08  2.42129870e-08  2.84917406e-08  2.84917406e-08  2.42129867e-08  2.42371463e-08 
 5.44937926e-06 -1.48852681e-08 -1.48852682e-08 -1.48857483e-08 -1.48852680e-08 -1.91823410e-08 -1.91823410e-08 -1.48852677e-08 -1.49103689e-08 
 5.45137926e-06  2.41933825e-08  2.41933825e-08  2.41938905e-08  2.41933823e-08  2.85092581e-08  2.85092581e-08  2.41933821e-08  2.42194458e-08 
 5.45337926e-06 -1.48636218e-08 -1.48636218e-08 -1.48641583e-08 -1.48636216e-08 -1.91974236e-08 -1.91974236e-08 -1.48636213e-08 -1.48906603e-08 
 5.45537926e-06  2.41621528e-08  2.41621528e-08  2.41627182e-08  2.41621527e-08  2.85130020e-08  2.85130020e-08  2.41621523e-08  2.41901782e-08 
 5.45737926e-06 -1.48229422e-08 -1.48229422e-08 -1.48235370e-08 -1.48229421e-08 -1.91899823e-08 -1.91899823e-08 -1.48229417e-08 -1.48519669e-08 
 5.45937926e-06  2.41121700e-08  2.41121702e-08  2.41127947e-08  2.41121700e-08  2.84945395e-08  2.84945395e-08  2.41121696e-08  2.41422044e-08 
 5.46137926e-06 -1.47638032e-08 -1.47638033e-08 -1.47644581e-08 -1.47638031e-08 -1.91606575e-08 -1.91606574e-08 -1.47638027e-08 -1.47948570e-08 
 5.46337926e-06  2.40440332e-08  2.40440333e-08  2.40447189e-08  2.40440331e-08  2.84545209e-08  2.84545209e-08  2.40440328e-08  2.40761157e-08 
 5.46537926e-06 -1.46868259e-08 -1.46868260e-08 -1.46875427e-08 -1.46868258e-08 -1.91101083e-08 -1.91101083e-08 -1.46868254e-08 -1.47199466e-08 
 5.46737926e-06  2.39583797e-08  2.39583797e-08  2.39591281e-08  2.39583796e-08  2.83936148e-08  2.83936148e-08  2.39583792e-08  2.39925475e-08 
 5.46937926e-06 -1.45926550e-08 -1.45926551e-08 -1.45934354e-08 -1.45926549e-08 -1.90390145e-08 -1.90390145e-08 -1.45926545e-08 -1.46278792e-08 
 5.47137926e-06  2.38558566e-08  2.38558567e-08  2.38566694e-08  2.38558566e-08  2.83125187e-08  2.83125187e-08  2.38558562e-08  2.38921456e-08 
 5.47337926e-06 -1.44819397e-08 -1.44819397e-08 -1.44827852e-08 -1.44819396e-08 -1.89481031e-08 -1.89481031e-08 -1.44819392e-08 -1.45193023e-08 
 5.47537926e-06  2.37371148e-08  2.37371148e-08  2.37379934e-08  2.37371148e-08  2.82119855e-08  2.82119855e-08  2.37371144e-08  2.37755592e-08 
 5.47737926e-06 -1.43553282e-08 -1.43553282e-08 -1.43562403e-08 -1.43553282e-08 -1.88381347e-08 -1.88381347e-08 -1.43553277e-08 -1.43948640e-08 
 5.47937926e-06  2.36027923e-08  2.36027923e-08  2.36037384e-08  2.36027924e-08  2.80927748e-08  2.80927749e-08  2.36027919e-08  2.36434292e-08 
 5.48137926e-06 -1.42134455e-08 -1.42134455e-08 -1.42144260e-08 -1.42134456e-08 -1.87098679e-08 -1.87098679e-08 -1.42134450e-08 -1.42551935e-08 
 5.48337926e-06  2.34535027e-08  2.34535028e-08  2.34545180e-08  2.34535028e-08  2.79556438e-08  2.79556438e-08  2.34535023e-08  2.34963709e-08 
 5.48500000e-06 -1.40376476e-08 -1.40376476e-08 -1.40387062e-08 -1.40376476e-08 -1.85458763e-08 -1.85458764e-08 -1.40376471e-08 -1.40819111e-08 
 5.48520000e-06  4.44176722e-09  4.44176721e-09  4.44185873e-09  4.44176718e-09  4.45250023e-09  4.45250021e-09  4.44176720e-09  4.44470076e-09 
 5.48560000e-06  4.91368149e-09  4.91368149e-09  4.91358601e-09  4.91368148e-09  4.91076891e-09  4.91076888e-09  4.91368150e-09  4.91064432e-09 
 5.48640000e-06  4.38532660e-09  4.38532653e-09  4.38542359e-09  4.38532654e-09  4.38456117e-09  4.38456119e-09  4.38532656e-09  4.38840535e-09 
 5.48715030e-06  4.94850264e-09  4.94850272e-09  4.94840421e-09  4.94850267e-09  4.95302787e-09  4.95302790e-09  4.94850268e-09  4.94538678e-09 
 5.48769748e-06  4.34649998e-09  4.34649996e-09  4.34659992e-09  4.34649997e-09  4.33707939e-09  4.33707940e-09  4.34649998e-09  4.34965518e-09 
 5.48811443e-06  4.99455717e-09  4.99455713e-09  4.99445604e-09  4.99455713e-09  5.00997176e-09  5.00997174e-09  4.99455714e-09  4.99136828e-09 
 5.48850989e-06  4.28749190e-09  4.28749195e-09  4.28759347e-09  4.28749189e-09  4.26626066e-09  4.26626068e-09  4.28749186e-09  4.29069877e-09 
 5.48885199e-06  5.13470305e-09  5.13470304e-09  5.13460197e-09  5.13470317e-09  5.16196771e-09  5.16196767e-09  5.13470327e-09  5.13149635e-09 
 5.48908032e-06  3.53624995e-09  3.53624988e-09  3.53634868e-09  3.53624971e-09  3.50267667e-09  3.50267674e-09  3.53624970e-09  3.53935362e-09 
 5.48931880e-06  7.99977188e-09  7.99977200e-09  7.99967692e-09  7.99977207e-09  8.03268001e-09  8.03267991e-09  7.99977206e-09  7.99705202e-09 
 5.48948797e-06 -9.42730599e-09 -9.42730611e-09 -9.42721818e-09 -9.42730608e-09 -9.43649765e-09 -9.43649753e-09 -9.42730612e-09 -9.42611435e-09 
 5.48966817e-06  4.33875558e-08  4.33875561e-08  4.33874762e-08  4.33875559e-08  4.33411352e-08  4.33411350e-08  4.33875560e-08  4.33891754e-08 
 5.48986546e-06 -7.45413273e-08 -7.45413277e-08 -7.45412552e-08 -7.45413275e-08 -7.44140509e-08 -7.44140506e-08 -7.45413275e-08 -7.45465402e-08 
 5.49000000e-06  1.79280296e-07  1.79280297e-07  1.79280232e-07  1.79280296e-07  1.78998949e-07  1.78998949e-07  1.79280296e-07  1.79291074e-07 
 5.49002198e-06 -2.40093782e-07 -2.40093782e-07 -2.40093753e-07 -2.40093781e-07 -2.39916855e-07 -2.39916855e-07 -2.40093781e-07 -2.40120439e-07 
 5.49006594e-06  2.93276596e-07  2.93276597e-07  2.93276502e-07  2.93276597e-07  2.93460430e-07  2.93460430e-07  2.93276598e-07  2.93421985e-07 
 5.49015386e-06 -2.49392526e-07 -2.49392526e-07 -2.49392412e-07 -2.49392526e-07 -2.49885183e-07 -2.49885183e-07 -2.49392529e-07 -2.49672632e-07 
 5.49032970e-06  2.31955180e-07  2.31955180e-07  2.31955066e-07  2.31955180e-07  2.32619260e-07  2.32619260e-07  2.31955183e-07  2.32326281e-07 
 5.49068137e-06 -2.07831263e-07 -2.07831263e-07 -2.07831154e-07 -2.07831263e-07 -2.08583667e-07 -2.08583667e-07 -2.07831267e-07 -2.08253510e-07 
 5.49138472e-06  2.09516672e-07  2.09516672e-07  2.09516566e-07  2.09516672e-07  2.10313547e-07  2.10313547e-07  2.09516677e-07  2.09965720e-07 
 5.49257292e-06 -1.95621570e-07 -1.95621570e-07 -1.95621466e-07 -1.95621570e-07 -1.96444862e-07 -1.96444862e-07 -1.95621575e-07 -1.96086858e-07 
 5.49446152e-06  2.02040457e-07  2.02040457e-07  2.02040355e-07  2.02040457e-07  2.02880380e-07  2.02880380e-07  2.02040462e-07  2.02516088e-07 
 5.49646152e-06 -1.89974393e-07 -1.89974393e-07 -1.89974292e-07 -1.89974393e-07 -1.90830037e-07 -1.90830037e-07 -1.89974399e-07 -1.90459886e-07 
 5.49846152e-06  1.96532433e-07  1.96532433e-07  1.96532334e-07  1.96532433e-07  1.97403797e-07  1.97403797e-07  1.96532439e-07  1.97027868e-07 
 5.50046152e-06 -1.84446589e-07 -1.84446589e-07 -1.84446491e-07 -1.84446589e-07 -1.85333681e-07 -1.85333681e-07 -1.84446595e-07 -1.84952052e-07 
 5.50246152e-06  1.90986882e-07  1.90986882e-07  1.90986786e-07  1.90986882e-07  1.91889698e-07  1.91889698e-07  1.90986888e-07  1.91502449e-07 
 5.50446152e-06 -1.78885292e-07 -1.78885292e-07 -1.78885198e-07 -1.78885292e-07 -1.79803833e-07 -1.79803833e-07 -1.78885299e-07 -1.79411043e-07 
 5.50646152e-06  1.85411784e-07  1.85411784e-07  1.85411692e-07  1.85411784e-07  1.86346038e-07  1.86346038e-07  1.85411790e-07  1.85947789e-07 
 5.50846152e-06 -1.73298309e-07 -1.73298309e-07 -1.73298219e-07 -1.73298309e-07 -1.74248273e-07 -1.74248273e-07 -1.73298316e-07 -1.73844643e-07 
 5.51046152e-06  1.79814769e-07  1.79814769e-07  1.79814682e-07  1.79814769e-07  1.80780425e-07  1.80780425e-07  1.79814777e-07  1.80371498e-07 
 5.51246152e-06 -1.67693096e-07 -1.67693096e-07 -1.67693011e-07 -1.67693096e-07 -1.68674434e-07 -1.68674434e-07 -1.67693104e-07 -1.68260288e-07 
 5.51446152e-06  1.74203125e-07  1.74203125e-07  1.74203042e-07  1.74203125e-07  1.75200120e-07  1.75200120e-07  1.74203133e-07  1.74780839e-07 
 5.51646152e-06 -1.62076770e-07 -1.62076770e-07 -1.62076689e-07 -1.62076770e-07 -1.63089406e-07 -1.63089406e-07 -1.62076778e-07 -1.62665070e-07 
 5.51846152e-06  1.68583797e-07  1.68583797e-07  1.68583719e-07  1.68583797e-07  1.69612045e-07  1.69612045e-07  1.68583805e-07  1.69182736e-07 
 5.52046152e-06 -1.56456108e-07 -1.56456108e-07 -1.56456032e-07 -1.56456108e-07 -1.57499944e-07 -1.57499944e-07 -1.56456116e-07 -1.57065744e-07 
 5.52246152e-06  1.62963395e-07  1.62963395e-07  1.62963322e-07  1.62963395e-07  1.64022785e-07  1.64022785e-07  1.62963404e-07  1.63583776e-07 
 5.52446152e-06 -1.50837554e-07 -1.50837554e-07 -1.50837483e-07 -1.50837554e-07 -1.51912468e-07 -1.51912468e-07 -1.50837563e-07 -1.51468731e-07 
 5.52646152e-06  1.57348201e-07  1.57348201e-07  1.57348133e-07  1.57348201e-07  1.58438598e-07  1.58438598e-07  1.57348210e-07  1.57990216e-07 
 5.52846152e-06 -1.45227228e-07 -1.45227228e-07 -1.45227163e-07 -1.45227229e-07 -1.46333073e-07 -1.46333073e-07 -1.45227238e-07 -1.45880127e-07 
 5.53046152e-06  1.51744175e-07  1.51744175e-07  1.51744113e-07  1.51744175e-07  1.52865420e-07  1.52865420e-07  1.51744184e-07  1.52407993e-07 
 5.53246152e-06 -1.39630932e-07 -1.39630932e-07 -1.39630873e-07 -1.39630932e-07 -1.40767537e-07 -1.40767537e-07 -1.39630942e-07 -1.40305709e-07 
 5.53446152e-06  1.46156960e-07  1.46156960e-07  1.46156904e-07  1.46156960e-07  1.47308872e-07  1.47308872e-07  1.46156970e-07  1.46842726e-07 
 5.53646152e-06 -1.34054154e-07 -1.34054154e-07 -1.34054101e-07 -1.34054155e-07 -1.35221326e-07 -1.35221326e-07 -1.34054165e-07 -1.34750944e-07 
 5.53846152e-06  1.40591894e-07  1.40591894e-07  1.40591844e-07  1.40591894e-07  1.41774266e-07  1.41774266e-07  1.40591904e-07  1.41299730e-07 
 5.54046152e-06 -1.28502082e-07 -1.28502082e-07 -1.28502035e-07 -1.28502082e-07 -1.29699602e-07 -1.29699602e-07 -1.28502092e-07 -1.29220993e-07 
 5.54246152e-06  1.35054014e-07  1.35054014e-07  1.35053971e-07  1.35054014e-07  1.36266618e-07  1.36266618e-07  1.35054025e-07  1.35784018e-07 
 5.54446152e-06 -1.22979605e-07 -1.22979605e-07 -1.22979565e-07 -1.22979605e-07 -1.24207233e-07 -1.24207233e-07 -1.22979616e-07 -1.23720723e-07 
 5.54646152e-06  1.29548067e-07  1.29548067e-07  1.29548030e-07  1.29548067e-07  1.30790650e-07  1.30790650e-07  1.29548078e-07  1.30300311e-07 
 5.54846152e-06 -1.17491328e-07 -1.17491328e-07 -1.17491295e-07 -1.17491328e-07 -1.18748802e-07 -1.18748802e-07 -1.17491340e-07 -1.18254714e-07 
 5.55046152e-06  1.24078517e-07  1.24078517e-07  1.24078487e-07  1.24078517e-07  1.25350806e-07  1.25350806e-07  1.24078528e-07  1.24853051e-07 
 5.55246152e-06 -1.12041577e-07 -1.12041577e-07 -1.12041552e-07 -1.12041577e-07 -1.13328611e-07 -1.13328611e-07 -1.12041589e-07 -1.12827269e-07 
 5.55446152e-06  1.18649553e-07  1.18649553e-07  1.18649531e-07  1.18649553e-07  1.19951251e-07  1.19951251e-07  1.18649565e-07  1.19446402e-07 
 5.55646152e-06 -1.06634408e-07 -1.06634408e-07 -1.06634390e-07 -1.06634408e-07 -1.07950695e-07 -1.07950695e-07 -1.06634421e-07 -1.07442419e-07 
 5.55846152e-06  1.13265101e-07  1.13265101e-07  1.13265087e-07  1.13265101e-07  1.14595890e-07  1.14595890e-07  1.13265113e-07  1.14084267e-07 
 5.56046152e-06 -1.01273616e-07 -1.01273616e-07 -1.01273606e-07 -1.01273616e-07 -1.02618827e-07 -1.02618827e-07 -1.01273629e-07 -1.02103936e-07 
 5.56246152e-06  1.07958809e-07  1.07958809e-07  1.07958803e-07  1.07958809e-07  1.09318791e-07  1.09318791e-07  1.07958822e-07  1.08800546e-07 
 5.56446152e-06 -9.59582375e-08 -9.59582375e-08 -9.59582356e-08 -9.59582376e-08 -9.73320491e-08 -9.73320491e-08 -9.59582510e-08 -9.68108537e-08 
 5.56646152e-06  1.02639956e-07  1.02639956e-07  1.02639958e-07  1.02639956e-07  1.04027914e-07  1.04027914e-07  1.02639970e-07  1.03503688e-07 
 5.56846152e-06 -9.07011846e-08 -9.07011846e-08 -9.07011911e-08 -9.07011847e-08 -9.21031961e-08 -9.21031961e-08 -9.07011987e-08 -9.15760168e-08 
 5.57046152e-06  9.74106277e-08  9.74106277e-08  9.74106384e-08  9.74106279e-08  9.88265932e-08  9.88265933e-08  9.74106421e-08  9.82965386e-08 
 5.57246152e-06 -8.55003477e-08 -8.55003477e-08 -8.55003627e-08 -8.55003478e-08 -8.69301691e-08 -8.69301692e-08 -8.55003624e-08 -8.63973170e-08 
 5.57446152e-06  9.22389664e-08  9.22389664e-08  9.22389859e-08  9.22389666e-08  9.36825397e-08  9.36825398e-08  9.22389813e-08  9.31469665e-08 
 5.57646152e-06 -8.03585741e-08 -8.03585740e-08 -8.03585979e-08 -8.03585742e-08 -8.18157960e-08 -8.18157961e-08 -8.03585893e-08 -8.12775787e-08 
 5.57846152e-06  8.71277098e-08  8.71277097e-08  8.71277381e-08  8.71277099e-08  8.85984717e-08  8.85984718e-08  8.71277251e-08  8.80576861e-08 
 5.58046152e-06 -7.52784930e-08 -7.52784929e-08 -7.52785259e-08 -7.52784931e-08 -7.67626868e-08 -7.67626869e-08 -7.52785087e-08 -7.62194091e-08 
 5.58246152e-06  8.20793812e-08  8.20793811e-08  8.20794186e-08  8.20793812e-08  8.35768939e-08  8.35768939e-08  8.20793971e-08  8.30311988e-08 
 5.58446152e-06 -7.02625242e-08 -7.02625242e-08 -7.02625664e-08 -7.02625243e-08 -7.17732429e-08 -7.17732430e-08 -7.02625405e-08 -7.12252060e-08 
 5.58646152e-06  7.70962989e-08  7.70962990e-08  7.70963459e-08  7.70962991e-08  7.86201063e-08  7.86201064e-08  7.70963155e-08  7.80698014e-08 
 5.58846152e-06 -6.53128868e-08 -6.53128868e-08 -6.53129385e-08 -6.53128869e-08 -6.68496651e-08 -6.68496652e-08 -6.53129037e-08 -6.62971670e-08 
 5.59046152e-06  7.21805849e-08  7.21805849e-08  7.21806415e-08  7.21805851e-08  7.37302128e-08  7.37302129e-08  7.21806021e-08  7.31755944e-08 
 5.59246152e-06 -6.04316071e-08 -6.04316072e-08 -6.04316686e-08 -6.04316073e-08 -6.19939624e-08 -6.19939624e-08 -6.04316245e-08 -6.14372975e-08 
 5.59446152e-06  6.73341723e-08  6.73341723e-08  6.73342386e-08  6.73341724e-08  6.89091295e-08  6.89091295e-08  6.73341900e-08  6.83504900e-08 
 5.59646152e-06 -5.56205272e-08 -5.56205272e-08 -5.56205985e-08 -5.56205273e-08 -5.72079599e-08 -5.72079599e-08 -5.56205451e-08 -5.66474189e-08 
 5.59846152e-06  6.25588138e-08  6.25588138e-08  6.25588901e-08  6.25588139e-08  6.41585927e-08  6.41585927e-08  6.25588320e-08  6.35962211e-08 
 5.60046152e-06 -5.08813124e-08 -5.08813125e-08 -5.08813939e-08 -5.08813126e-08 -5.24933070e-08 -5.24933070e-08 -5.08813310e-08 -5.19291770e-08 
 5.60246152e-06  5.78560898e-08  5.78560899e-08  5.78561764e-08  5.78560899e-08  5.94801668e-08  5.94801669e-08  5.78561087e-08  5.89143483e-08 
 5.60446152e-06 -4.62154602e-08 -4.62154602e-08 -4.62155519e-08 -4.62154603e-08 -4.78514851e-08 -4.78514851e-08 -4.62154793e-08 -4.72840492e-08 
 5.60646152e-06  5.32274161e-08  5.32274161e-08  5.32275130e-08  5.32274162e-08  5.48752524e-08  5.48752524e-08  5.32274355e-08  5.43062680e-08 
 5.60846152e-06 -4.16243063e-08 -4.16243063e-08 -4.16244085e-08 -4.16243065e-08 -4.32838155e-08 -4.32838155e-08 -4.16243261e-08 -4.27133528e-08 
 5.61046152e-06  4.86740511e-08  4.86740511e-08  4.86741585e-08  4.86740512e-08  5.03450931e-08  5.03450931e-08  4.86740711e-08  4.97732200e-08 
 5.61246152e-06 -3.71090336e-08 -3.71090336e-08 -3.71091464e-08 -3.71090338e-08 -3.87914664e-08 -3.87914664e-08 -3.71090540e-08 -3.82182521e-08 
 5.61446152e-06  4.41971034e-08  4.41971034e-08  4.41972214e-08  4.41971035e-08  4.58907836e-08  4.58907837e-08  4.41971240e-08  4.53162950e-08 
 5.61646152e-06 -3.26640079e-08 -3.26640080e-08 -3.26641313e-08 -3.26640081e-08 -3.43682465e-08 -3.43682466e-08 -3.26640289e-08 -3.37927332e-08 
 5.61846152e-06  3.98012626e-08  3.98012626e-08  3.98013914e-08  3.98012627e-08  4.15169785e-08  4.15169785e-08  3.98012838e-08  4.09401463e-08 
 5.62046152e-06 -2.83136190e-08 -2.83136191e-08 -2.83137533e-08 -2.83136192e-08 -3.00401430e-08 -3.00401430e-08 -2.83136406e-08 -2.94622375e-08 
 5.62246152e-06  3.54794406e-08  3.54794406e-08  3.54795804e-08  3.54794408e-08  3.72166233e-08  3.72166234e-08  3.54794625e-08  3.66377092e-08 
 5.62446152e-06 -2.40312141e-08 -2.40312141e-08 -2.40313593e-08 -2.40312142e-08 -2.57789034e-08 -2.57789034e-08 -2.40312363e-08 -2.51990468e-08 
 5.62646152e-06  3.12365857e-08  3.12365857e-08  3.12367365e-08  3.12365858e-08  3.29946295e-08  3.29946296e-08  3.12366081e-08  3.24138940e-08 
 5.62846152e-06 -1.98280771e-08 -1.98280771e-08 -1.98282334e-08 -1.98280772e-08 -2.15963203e-08 -2.15963203e-08 -1.98280998e-08 -2.10147710e-08 
 5.63046152e-06  2.70782663e-08  2.70782663e-08  2.70784282e-08  2.70782665e-08  2.88571197e-08  2.88571197e-08  2.70782894e-08  2.82746359e-08 
 5.63246152e-06 -1.57011153e-08 -1.57011153e-08 -1.57012828e-08 -1.57011155e-08 -1.74893097e-08 -1.74893098e-08 -1.57011387e-08 -1.69063197e-08 
 5.63446152e-06  2.29865903e-08  2.29865903e-08  2.29867635e-08  2.29865905e-08  2.47845131e-08  2.47845132e-08  2.29866140e-08  2.42008972e-08 
 5.63646152e-06 -1.16584201e-08 -1.16584202e-08 -1.16585989e-08 -1.16584203e-08 -1.34659108e-08 -1.34659108e-08 -1.16584441e-08 -1.28817319e-08 
 5.63846152e-06  1.89840644e-08  1.89840645e-08  1.89842490e-08  1.89840646e-08  2.08009636e-08  2.08009637e-08  1.89840888e-08  2.02162821e-08 
 5.64046152e-06 -7.69614936e-09 -7.69614934e-09 -7.69633959e-09 -7.69614952e-09 -9.52229396e-09 -9.52229398e-09 -7.69617395e-09 -8.93717168e-09 
 5.64246152e-06  1.50620754e-08  1.50620754e-08  1.50622713e-08  1.50620756e-08  1.68973042e-08  1.68973042e-08  1.50621003e-08  1.63118000e-08 
 5.64446152e-06 -3.81496714e-09 -3.81496719e-09 -3.81516879e-09 -3.81496737e-09 -5.65864994e-09 -5.65865000e-09 -3.81499241e-09 -5.07289608e-09 
 5.64646152e-06  1.12216995e-08  1.12216995e-08  1.12219068e-08  1.12216997e-08  1.30736767e-08  1.30736768e-08  1.12217250e-08  1.24877303e-08 
 5.64846152e-06 -1.78409550e-11 -1.78409849e-11 -1.80539666e-11 -1.78411890e-11 -1.87782394e-09 -1.87782400e-09 -1.78667824e-11 -1.29185676e-09 
 5.65046152e-06  7.46598885e-09  7.46598894e-09  7.46620759e-09  7.46598909e-09  9.33381579e-09  9.33381583e-09  7.46601501e-09  8.74788580e-09 
 5.65246152e-06  3.69981781e-09  3.69981777e-09  3.69959334e-09  3.69981762e-09  1.82429313e-09  1.82429309e-09  3.69979138e-09  2.41013384e-09 
 5.65446152e-06  3.78949170e-09  3.78949179e-09  3.78972201e-09  3.78949189e-09  5.67300737e-09  5.67300745e-09  3.78951844e-09  5.08724654e-09 
 5.65646152e-06  7.33352447e-09  7.33352447e-09  7.33328841e-09  7.33352433e-09  5.44219377e-09  5.44219363e-09  7.33349746e-09  6.02781784e-09 
 5.65846152e-06  1.96025426e-10  1.96025469e-10  1.96267351e-10  1.96025611e-10  2.09512518e-09  2.09512529e-09  1.96052721e-10  1.50957442e-09 
 5.66046152e-06  1.08868020e-08  1.08868019e-08  1.08865542e-08  1.08868018e-08  8.98011139e-09  8.98011129e-09  1.08867744e-08  9.56553219e-09 
 5.66246152e-06 -3.31711361e-09 -3.31711353e-09 -3.31685999e-09 -3.31711342e-09 -1.40299777e-09 -1.40299769e-09 -3.31708570e-09 -1.98823504e-09 
 5.66446152e-06  1.43645427e-08  1.43645426e-08  1.43642832e-08  1.43645425e-08  1.24425859e-08  1.24425858e-08  1.43645145e-08  1.30277676e-08 
 5.66646152e-06 -6.74487007e-09 -6.74486999e-09 -6.74460489e-09 -6.74486990e-09 -4.81705115e-09 -4.81705110e-09 -6.74484156e-09 -5.40157145e-09 
 5.66846152e-06  1.77590244e-08  1.77590243e-08  1.77587532e-08  1.77590243e-08  1.58230850e-08  1.58230849e-08  1.77589956e-08  1.64076292e-08 
 5.67046152e-06 -1.01006857e-08 -1.01006857e-08 -1.01004088e-08 -1.01006856e-08 -8.15863962e-09 -8.15863956e-09 -1.01006567e-08 -8.74260041e-09 
 5.67246152e-06  2.10639823e-08  2.10639822e-08  2.10636994e-08  2.10639821e-08  1.91153857e-08  1.91153856e-08  2.10639529e-08  1.96988965e-08 
 5.67446152e-06 -1.33750049e-08 -1.33750048e-08 -1.33747162e-08 -1.33750048e-08 -1.14200271e-08 -1.14200270e-08 -1.33749752e-08 -1.20030375e-08 
 5.67646152e-06  2.43066863e-08  2.43066863e-08  2.43063916e-08  2.43066861e-08  2.23449011e-08  2.23449010e-08  2.43066563e-08  2.29275421e-08 
 5.67846152e-06 -1.65674648e-08 -1.65674648e-08 -1.65671643e-08 -1.65674646e-08 -1.46002813e-08 -1.46002812e-08 -1.65674345e-08 -1.51821356e-08 
 5.68046152e-06  2.74610895e-08  2.74610894e-08  2.74607831e-08  2.74610894e-08  2.54874463e-08  2.54874462e-08  2.74610589e-08  2.60688310e-08 
 5.68246152e-06 -1.96754668e-08 -1.96754668e-08 -1.96751547e-08 -1.96754667e-08 -1.76973942e-08 -1.76973941e-08 -1.96754360e-08 -1.82777120e-08 
 5.68446152e-06  3.05406197e-08  3.05406197e-08  3.05403016e-08  3.05406197e-08  2.85558011e-08  2.85558009e-08  3.05405886e-08  2.91357357e-08 
 5.68646152e-06 -2.27141576e-08 -2.27141575e-08 -2.27138338e-08 -2.27141575e-08 -2.07252703e-08 -2.07252703e-08 -2.27141261e-08 -2.13040428e-08 
 5.68846152e-06  3.35315828e-08  3.35315828e-08  3.35312531e-08  3.35315828e-08  3.15369168e-08  3.15369167e-08  3.35315511e-08  3.21150283e-08 
 5.69046152e-06 -2.56783538e-08 -2.56783538e-08 -2.56780182e-08 -2.56783537e-08 -2.36793402e-08 -2.36793401e-08 -2.56783218e-08 -2.42563800e-08 
 5.69246152e-06  3.64699852e-08  3.64699852e-08  3.64696436e-08  3.64699852e-08  3.44649243e-08  3.44649242e-08  3.64699530e-08  3.50413902e-08 
 5.69446152e-06 -2.85628070e-08 -2.85628070e-08 -2.85624598e-08 -2.85628069e-08 -2.65544010e-08 -2.65544010e-08 -2.85627744e-08 -2.71295211e-08 
 5.69646152e-06  3.93182274e-08  3.93182274e-08  3.93178742e-08  3.93182273e-08  3.73041243e-08  3.73041242e-08  3.93181946e-08  3.78785782e-08 
 5.69846152e-06 -3.13714007e-08 -3.13714007e-08 -3.13710419e-08 -3.13714007e-08 -2.93543135e-08 -2.93543135e-08 -3.13713676e-08 -2.99273334e-08 
 5.70046152e-06  4.20909297e-08  4.20909297e-08  4.20905648e-08  4.20909297e-08  4.00684960e-08  4.00684960e-08  4.20908963e-08  4.06407597e-08 
 5.70246152e-06 -3.41048813e-08 -3.41048812e-08 -3.41045108e-08 -3.41048812e-08 -3.20798240e-08 -3.20798239e-08 -3.41048475e-08 -3.26505676e-08 
 5.70446152e-06  4.47888570e-08  4.47888569e-08  4.47884805e-08  4.47888569e-08  4.27588040e-08  4.27588040e-08  4.47888229e-08  4.33287036e-08 
 5.70646152e-06 -3.67640302e-08 -3.67640301e-08 -3.67636482e-08 -3.67640301e-08 -3.47317133e-08 -3.47317132e-08 -3.67639959e-08 -3.53000091e-08 
 5.70846152e-06  4.74128080e-08  4.74128078e-08  4.74124200e-08  4.74128079e-08  4.53758463e-08  4.53758462e-08  4.74127733e-08  4.59432121e-08 
 5.71046152e-06 -3.93496619e-08 -3.93496618e-08 -3.93492684e-08 -3.93496618e-08 -3.73107948e-08 -3.73107947e-08 -3.93496269e-08 -3.78764757e-08 
 5.71246152e-06  4.99636128e-08  4.99636127e-08  4.99632133e-08  4.99636127e-08  4.79204517e-08  4.79204515e-08  4.99635776e-08  4.84851187e-08 
 5.71446152e-06 -4.18626203e-08 -4.18626202e-08 -4.18622154e-08 -4.18626203e-08 -3.98179110e-08 -3.98179110e-08 -4.18625849e-08 -4.03808141e-08 
 5.71646152e-06  5.24421301e-08  5.24421300e-08  5.24417193e-08  5.24421301e-08  5.03934769e-08  5.03934769e-08  5.24420944e-08  5.09552845e-08 
 5.71846152e-06 -4.43037772e-08 -4.43037771e-08 -4.43033609e-08 -4.43037771e-08 -4.22539315e-08 -4.22539314e-08 -4.43037411e-08 -4.28138983e-08 
 5.72046152e-06  5.48492449e-08  5.48492448e-08  5.48488227e-08  5.48492448e-08  5.27958047e-08  5.27958046e-08  5.48492085e-08  5.33545962e-08 
 5.72246152e-06 -4.66740286e-08 -4.66740285e-08 -4.66736011e-08 -4.66740285e-08 -4.46197499e-08 -4.46197499e-08 -4.66739920e-08 -4.51766261e-08 
 5.72446152e-06  5.71858653e-08  5.71858652e-08  5.71854319e-08  5.71858652e-08  5.51283405e-08  5.51283405e-08  5.71858283e-08  5.56839638e-08 
 5.72646152e-06 -4.89742932e-08 -4.89742931e-08 -4.89738545e-08 -4.89742931e-08 -4.69162819e-08 -4.69162819e-08 -4.89742560e-08 -4.74699175e-08 
 5.72846152e-06  5.94529210e-08  5.94529209e-08  5.94524765e-08  5.94529209e-08  5.73920108e-08  5.73920108e-08  5.94528835e-08  5.79443178e-08 
 5.73046152e-06 -5.12055098e-08 -5.12055098e-08 -5.12050601e-08 -5.12055098e-08 -4.91444630e-08 -4.91444630e-08 -5.12054721e-08 -4.96947122e-08 
 5.73246152e-06  6.16513607e-08  6.16513606e-08  6.16509052e-08  6.16513607e-08  5.95877608e-08  5.95877608e-08  6.16513227e-08  6.01366077e-08 
 5.73446152e-06 -5.33686355e-08 -5.33686354e-08 -5.33681748e-08 -5.33686354e-08 -5.13052462e-08 -5.13052462e-08 -5.33685972e-08 -5.18519673e-08 
 5.73646152e-06  6.37821503e-08  6.37821502e-08  6.37816839e-08  6.37821503e-08  6.17165522e-08  6.17165521e-08  6.37821118e-08  6.22617992e-08 
 5.73846152e-06 -5.54646430e-08 -5.54646428e-08 -5.54641713e-08 -5.54646429e-08 -5.33996002e-08 -5.33996001e-08 -5.54646041e-08 -5.39426555e-08 
 5.74000000e-06  6.61564235e-08  6.61564234e-08  6.61559446e-08  6.61564235e-08  6.40891853e-08  6.40891853e-08  6.61563844e-08  6.46301762e-08 
 5.74020000e-06  2.27783330e-09  2.27783328e-09  2.27784613e-09  2.27783327e-09  2.27628390e-09  2.27628395e-09  2.27783390e-09  2.28167420e-09 
 5.74060000e-06  6.86189661e-09  6.86189662e-09  6.86188420e-09  6.86189675e-09  6.86537843e-09  6.86537841e-09  6.86189616e-09  6.85962180e-09 
 5.74140000e-06  2.54228741e-09  2.54228741e-09  2.54229966e-09  2.54228721e-09  2.53784762e-09  2.53784765e-09  2.54228787e-09  2.54377373e-09 
 5.74246255e-06  6.70878012e-09  6.70878010e-09  6.70876799e-09  6.70878028e-09  6.71371136e-09  6.71371131e-09  6.70877962e-09  6.70788965e-09 
 5.74341656e-06  2.68085712e-09  2.68085710e-09  2.68086908e-09  2.68085696e-09  2.67734272e-09  2.67734269e-09  2.68085761e-09  2.68108229e-09 
 5.74437565e-06  6.55958464e-09  6.55958470e-09  6.55957282e-09  6.55958476e-09  6.55523671e-09  6.55523673e-09  6.55958411e-09  6.56002200e-09 
 5.74500000e-06  2.89170684e-09  2.89170669e-09  2.89171839e-09  2.89170676e-09  2.93856673e-09  2.93856671e-09  2.89170735e-09  2.89025354e-09 
 5.74509719e-06  4.38414782e-09  4.38414801e-09  4.38414793e-09  4.38414785e-09  4.07893226e-09  4.07893226e-09  4.38414787e-09  4.38567776e-09 
 5.74529156e-06  4.77869410e-09  4.77869420e-09  4.77869698e-09  4.77869414e-09  5.45967399e-09  5.45967396e-09  4.77869409e-09  4.77760623e-09 
 5.74568032e-06  4.82397019e-09  4.82396998e-09  4.82396370e-09  4.82397015e-09  4.00736921e-09  4.00736922e-09  4.82397020e-09  4.82463423e-09 
 5.74627037e-06  4.19420949e-09  4.19420969e-09  4.19421966e-09  4.19420944e-09  5.05198086e-09  5.05198084e-09  4.19420941e-09  4.19391105e-09 
 5.74738074e-06  5.31886633e-09  5.31886617e-09  5.31885368e-09  5.31886644e-09  4.45705135e-09  4.45705140e-09  5.31886648e-09  5.31894368e-09 
 5.74938074e-06  3.87692953e-09  3.87692972e-09  3.87694373e-09  3.87692945e-09  4.73550360e-09  4.73550361e-09  3.87692940e-09  3.87698248e-09 
 5.75138074e-06  5.56859003e-09  5.56858988e-09  5.56857415e-09  5.56859014e-09  4.71715612e-09  4.71715616e-09  5.56859014e-09  5.56840181e-09 
 5.75338074e-06  3.61070689e-09  3.61070711e-09  3.61072460e-09  3.61070684e-09  4.45113945e-09  4.45113942e-09  3.61070683e-09  3.61103512e-09 
 5.75538074e-06  5.85120060e-09  5.85120042e-09  5.85118094e-09  5.85120065e-09  5.02557660e-09  5.02557661e-09  5.85120070e-09  5.85072807e-09 
 5.75738074e-06  3.31186835e-09  3.31186848e-09  3.31189005e-09  3.31186824e-09  4.11894580e-09  4.11894580e-09  3.31186821e-09  3.31248918e-09 
 5.75938074e-06  6.16606083e-09  6.16606073e-09  6.16603690e-09  6.16606097e-09  5.38118627e-09  5.38118627e-09  6.16606101e-09  6.16528806e-09 
 5.76138074e-06  2.98123599e-09  2.98123612e-09  2.98126233e-09  2.98123588e-09  3.74034448e-09  3.74034447e-09  2.98123586e-09  2.98216404e-09 
 5.76338074e-06  6.51217458e-09  6.51217446e-09  6.51214567e-09  6.51217475e-09  5.78229303e-09  5.78229304e-09  6.51217479e-09  6.51108847e-09 
 5.76538074e-06  2.61996939e-09  2.61996950e-09  2.62000098e-09  2.61996927e-09  3.31727420e-09  3.31727418e-09  2.61996920e-09  2.62121597e-09 
 5.76738074e-06  6.88823001e-09  6.88822992e-09  6.88819554e-09  6.88823017e-09  6.22673418e-09  6.22673418e-09  6.88823022e-09  6.88682102e-09 
 5.76938074e-06  2.22952172e-09  2.22952176e-09  2.22955912e-09  2.22952155e-09  2.85209979e-09  2.85209985e-09  2.22952150e-09  2.23109452e-09 
 5.77138074e-06  7.29264307e-09  7.29264300e-09  7.29260252e-09  7.29264324e-09  6.71196344e-09  6.71196344e-09  7.29264328e-09  7.29090541e-09 
 5.77338074e-06  1.81159740e-09  1.81159746e-09  1.81164123e-09  1.81159728e-09  2.34752939e-09  2.34752939e-09  1.81159726e-09  1.81350046e-09 
 5.77538074e-06  7.72359887e-09  7.72359884e-09  7.72355167e-09  7.72359905e-09  7.23512949e-09  7.23512945e-09  7.72359909e-09  7.72153051e-09 
 5.77738074e-06  1.36811199e-09  1.36811202e-09  1.36816273e-09  1.36811177e-09  1.80653991e-09  1.80653988e-09  1.36811172e-09  1.37034520e-09 
 5.77938074e-06  8.17909134e-09  8.17909128e-09  8.17903687e-09  8.17909151e-09  7.79314651e-09  7.79314650e-09  8.17909154e-09  8.17669430e-09 
 5.78138074e-06  9.01152975e-10  9.01152970e-10  9.01211230e-10  9.01152769e-10  1.23231039e-09  1.23231039e-09  9.01152731e-10  9.03712310e-10 
 5.78338074e-06  8.65696024e-09  8.65696021e-09  8.65689797e-09  8.65696040e-09  8.38275692e-09  8.38275694e-09  8.65696044e-09  8.65424065e-09 
 5.78538074e-06  4.12944282e-10  4.12944277e-10  4.13010601e-10  4.12944169e-10  6.28163005e-10  6.28163010e-10  4.12944109e-10  4.15821477e-10 
 5.78738074e-06  9.15492627e-09  9.15492626e-09  9.15485579e-09  9.15492642e-09  9.00058686e-09  9.00058691e-09  9.15492648e-09  9.15189459e-09 
 5.78938074e-06 -9.42145103e-11 -9.42144970e-11 -9.41397614e-11 -9.42146640e-11 -2.48891692e-12 -2.48893571e-12 -9.42146820e-11 -9.10309444e-11 
 5.79138074e-06  9.67067726e-09  9.67067729e-09  9.67059823e-09  9.67067746e-09  9.64319504e-09  9.64319509e-09  9.67067751e-09  9.66734605e-09 
 5.79338074e-06 -6.18089058e-10 -6.18089054e-10 -6.18005564e-10 -6.18089278e-10 -6.56391887e-10 -6.56391937e-10 -6.18089298e-10 -6.14614761e-10 
 5.79538074e-06  1.02020629e-08  1.02020629e-08  1.02019749e-08  1.02020632e-08  1.03075241e-08  1.03075242e-08  1.02020632e-08  1.01984507e-08 
 5.79738074e-06 -1.15637524e-09 -1.15637528e-09 -1.15628272e-09 -1.15637550e-09 -1.33028840e-09 -1.33028842e-09 -1.15637545e-09 -1.15263080e-09 
 5.79938074e-06  1.07466327e-08  1.07466327e-08  1.07465356e-08  1.07466329e-08  1.09901263e-08  1.09901264e-08  1.07466329e-08  1.07427622e-08 
 5.80138074e-06 -1.70661584e-09 -1.70661590e-09 -1.70651411e-09 -1.70661606e-09 -2.02074682e-09 -2.02074686e-09 -1.70661607e-09 -1.70262590e-09 
 5.80338074e-06  1.13019284e-08  1.13019284e-08  1.13018220e-08  1.13019286e-08  1.16875937e-08  1.16875937e-08  1.13019287e-08  1.12978262e-08 
 5.80538074e-06 -2.26635695e-09 -2.26635698e-09 -2.26624589e-09 -2.26635715e-09 -2.72439004e-09 -2.72438999e-09 -2.26635717e-09 -2.26215010e-09 
 5.80738074e-06  1.18655055e-08  1.18655056e-08  1.18653899e-08  1.18655058e-08  1.23965856e-08  1.23965856e-08  1.18655058e-08  1.18612021e-08 
 5.80938074e-06 -2.83316830e-09 -2.83316836e-09 -2.83304808e-09 -2.83316851e-09 -3.43791972e-09 -3.43791970e-09 -2.83316852e-09 -2.82877697e-09 
 5.81138074e-06  1.24349526e-08  1.24349527e-08  1.24348279e-08  1.24349528e-08  1.31138515e-08  1.31138515e-08  1.24349528e-08  1.24304824e-08 
 5.81338074e-06 -3.40466148e-09 -3.40466150e-09 -3.40453226e-09 -3.40466163e-09 -4.15813735e-09 -4.15813731e-09 -3.40466164e-09 -3.40012174e-09 
 5.81538074e-06  1.30079080e-08  1.30079081e-08  1.30077745e-08  1.30079082e-08  1.38362490e-08  1.38362490e-08  1.30079082e-08  1.30033088e-08 
 5.81738074e-06 -3.97850518e-09 -3.97850522e-09 -3.97836731e-09 -3.97850536e-09 -4.88196073e-09 -4.88196068e-09 -3.97850536e-09 -3.97385668e-09 
 5.81938074e-06  1.35820745e-08  1.35820745e-08  1.35819324e-08  1.35820746e-08  1.45607593e-08  1.45607593e-08  1.35820747e-08  1.35773874e-08 
 5.82138074e-06 -4.55243923e-09 -4.55243929e-09 -4.55229310e-09 -4.55243934e-09 -5.60643740e-09 -5.60643733e-09 -4.55243935e-09 -4.54772481e-09 
 5.82338074e-06  1.41552314e-08  1.41552314e-08  1.41550814e-08  1.41552315e-08  1.52844989e-08  1.52844989e-08  1.41552316e-08  1.41505011e-08 
 5.82538074e-06 -5.12428553e-09 -5.12428557e-09 -5.12413181e-09 -5.12428566e-09 -6.32875518e-09 -6.32875516e-09 -5.12428562e-09 -5.11955113e-09 
 5.82738074e-06  1.47252458e-08  1.47252458e-08  1.47250885e-08  1.47252459e-08  1.60047291e-08  1.60047292e-08  1.47252459e-08  1.47205195e-08 
 5.82938074e-06 -5.69195801e-09 -5.69195804e-09 -5.69179739e-09 -5.69195808e-09 -7.04625042e-09 -7.04625044e-09 -5.69195813e-09 -5.68725251e-09 
 5.83138074e-06  1.52900803e-08  1.52900804e-08  1.52899166e-08  1.52900805e-08  1.67188628e-08  1.67188628e-08  1.52900804e-08  1.52854085e-08 
 5.83338074e-06 -6.25347026e-09 -6.25347029e-09 -6.25330368e-09 -6.25347038e-09 -7.75641357e-09 -7.75641363e-09 -6.25347037e-09 -6.24884527e-09 
 5.83538074e-06  1.58478011e-08  1.58478012e-08  1.58476319e-08  1.58478013e-08  1.74244687e-08  1.74244687e-08  1.58478012e-08  1.58432365e-08 
 5.83738074e-06 -6.80694204e-09 -6.80694207e-09 -6.80677048e-09 -6.80694214e-09 -8.45689315e-09 -8.45689320e-09 -6.80694215e-09 -6.80245156e-09 
 5.83938074e-06  1.63965827e-08  1.63965828e-08  1.63964091e-08  1.63965828e-08  1.81192756e-08  1.81192756e-08  1.63965828e-08  1.63921805e-08 
 5.84138074e-06 -7.35060369e-09 -7.35060374e-09 -7.35042830e-09 -7.35060381e-09 -9.14549793e-09 -9.14549798e-09 -7.35060379e-09 -7.34630407e-09 
 5.84338074e-06  1.69347122e-08  1.69347122e-08  1.69345354e-08  1.69347123e-08  1.88011726e-08  1.88011727e-08  1.69347123e-08  1.69305298e-08 
 5.84538074e-06 -7.88279991e-09 -7.88279997e-09 -7.88262204e-09 -7.88280000e-09 -9.82019773e-09 -9.82019775e-09 -7.88280000e-09 -7.87874944e-09 
 5.84738074e-06  1.74605922e-08  1.74605923e-08  1.74604136e-08  1.74605924e-08  1.94682099e-08  1.94682099e-08  1.74605923e-08  1.74566888e-08 
 5.84938074e-06 -8.40199176e-09 -8.40199186e-09 -8.40181274e-09 -8.40199188e-09 -1.04791226e-08 -1.04791226e-08 -8.40199185e-09 -8.39825066e-09 
 5.85138074e-06  1.79727427e-08  1.79727428e-08  1.79725637e-08  1.79727429e-08  2.01185971e-08  2.01185971e-08  1.79727428e-08  1.79691793e-08 
 5.85338074e-06 -8.90675807e-09 -8.90675815e-09 -8.90657943e-09 -8.90675820e-09 -1.11205612e-08 -1.11205612e-08 -8.90675815e-09 -8.90338804e-09 
 5.85538074e-06  1.84698014e-08  1.84698014e-08  1.84696236e-08  1.84698015e-08  2.07507011e-08  2.07507011e-08  1.84698014e-08  1.84666404e-08 
 5.85738074e-06 -9.39579545e-09 -9.39579548e-09 -9.39561892e-09 -9.39579555e-09 -1.17429581e-08 -1.17429581e-08 -9.39579553e-09 -9.39285959e-09 
 5.85938074e-06  1.89562763e-08  1.89562763e-08  1.89561014e-08  1.89562764e-08  2.13694979e-08  2.13694979e-08  1.89562764e-08  1.89535805e-08 
 5.86138074e-06 -9.86744719e-09 -9.86744721e-09 -9.86727448e-09 -9.86744731e-09 -1.23443148e-08 -1.23443148e-08 -9.86744725e-09 -9.86500945e-09 
 5.86338074e-06  1.94192437e-08  1.94192437e-08  1.94190735e-08  1.94192438e-08  2.19603842e-08  2.19603842e-08  1.94192438e-08  1.94170788e-08 
 5.86538074e-06 -1.03181799e-08 -1.03181799e-08 -1.03180129e-08 -1.03181801e-08 -1.29202929e-08 -1.29202929e-08 -1.03181800e-08 -1.03163067e-08 
 5.86738074e-06  1.98642839e-08  1.98642839e-08  1.98641204e-08  1.98642840e-08  2.25296847e-08  2.25296847e-08  1.98642839e-08  1.98627163e-08 
 5.86938074e-06 -1.07533480e-08 -1.07533480e-08 -1.07531886e-08 -1.07533481e-08 -1.34776889e-08 -1.34776889e-08 -1.07533480e-08 -1.07521046e-08 
 5.87138074e-06  2.02899193e-08  2.02899193e-08  2.02897644e-08  2.02899194e-08  2.30756388e-08  2.30756388e-08  2.02899193e-08  2.02890153e-08 
 5.87338074e-06 -1.11687162e-08 -1.11687162e-08 -1.11685665e-08 -1.11687162e-08 -1.40112858e-08 -1.40112858e-08 -1.11687161e-08 -1.11681695e-08 
 5.87538074e-06  2.06953615e-08  2.06953616e-08  2.06952174e-08  2.06953616e-08  2.35973441e-08  2.35973441e-08  2.06953615e-08  2.06951882e-08 
 5.87738074e-06 -1.15635502e-08 -1.15635502e-08 -1.15634124e-08 -1.15635502e-08 -1.45202475e-08 -1.45202475e-08 -1.15635501e-08 -1.15637672e-08 
 5.87938074e-06  2.10799285e-08  2.10799286e-08  2.10797973e-08  2.10799285e-08  2.40940279e-08  2.40940279e-08  2.10799285e-08  2.10805531e-08 
 5.88138074e-06 -1.19372201e-08 -1.19372202e-08 -1.19370964e-08 -1.19372201e-08 -1.50038644e-08 -1.50038644e-08 -1.19372200e-08 -1.19382683e-08 
 5.88338074e-06  2.14430408e-08  2.14430408e-08  2.14429248e-08  2.14430408e-08  2.45650416e-08  2.45650416e-08  2.14430407e-08  2.14445307e-08 
 5.88538074e-06 -1.22891967e-08 -1.22891968e-08 -1.22890892e-08 -1.22891968e-08 -1.54615482e-08 -1.54615482e-08 -1.22891966e-08 -1.22911436e-08 
 5.88738074e-06  2.17842176e-08  2.17842176e-08  2.17841191e-08  2.17842176e-08  2.50098548e-08  2.50098548e-08  2.17842174e-08  2.17866405e-08 
 5.88938074e-06 -1.26190472e-08 -1.26190473e-08 -1.26189585e-08 -1.26190472e-08 -1.58928254e-08 -1.58928254e-08 -1.26190471e-08 -1.26219603e-08 
 5.89138074e-06  2.21030725e-08  2.21030726e-08  2.21029939e-08  2.21030726e-08  2.54280489e-08  2.54280489e-08  2.21030724e-08  2.21064960e-08 
 5.89338074e-06 -1.29264313e-08 -1.29264314e-08 -1.29263635e-08 -1.29264313e-08 -1.62973314e-08 -1.62973314e-08 -1.29264311e-08 -1.29303777e-08 
 5.89538074e-06  2.23993098e-08  2.23993099e-08  2.23992533e-08  2.23993097e-08  2.58193112e-08  2.58193112e-08  2.23993096e-08  2.24038009e-08 
 5.89738074e-06 -1.32110964e-08 -1.32110966e-08 -1.32110520e-08 -1.32110964e-08 -1.66748045e-08 -1.66748045e-08 -1.32110963e-08 -1.32161433e-08 
 5.89938074e-06  2.26727189e-08  2.26727190e-08  2.26726870e-08  2.26727189e-08  2.61834291e-08  2.61834291e-08  2.26727187e-08  2.26783444e-08 
 5.90138074e-06 -1.34728736e-08 -1.34728738e-08 -1.34728550e-08 -1.34728736e-08 -1.70250795e-08 -1.70250795e-08 -1.34728735e-08 -1.34790874e-08 
 5.90338074e-06  2.29231707e-08  2.29231708e-08  2.29231659e-08  2.29231707e-08  2.65202834e-08  2.65202834e-08  2.29231706e-08  2.29299969e-08 
 5.90538074e-06 -1.37116727e-08 -1.37116727e-08 -1.37116823e-08 -1.37116726e-08 -1.73480821e-08 -1.73480821e-08 -1.37116724e-08 -1.37191191e-08 
 5.90738074e-06  2.31506127e-08  2.31506128e-08  2.31506375e-08  2.31506127e-08  2.68298428e-08  2.68298428e-08  2.31506125e-08  2.31587051e-08 
 5.90938074e-06 -1.39274773e-08 -1.39274774e-08 -1.39275178e-08 -1.39274773e-08 -1.76438226e-08 -1.76438226e-08 -1.39274771e-08 -1.39362217e-08 
 5.91138074e-06  2.33550640e-08  2.33550641e-08  2.33551208e-08  2.33550640e-08  2.71121576e-08  2.71121576e-08  2.33550638e-08  2.33644874e-08 
 5.91338074e-06 -1.41203412e-08 -1.41203413e-08 -1.41204149e-08 -1.41203412e-08 -1.79123898e-08 -1.79123898e-08 -1.41203409e-08 -1.41304477e-08 
 5.91538074e-06  2.35366113e-08  2.35366114e-08  2.35367026e-08  2.35366113e-08  2.73673544e-08  2.73673544e-08  2.35366111e-08  2.35474295e-08 
 5.91738074e-06 -1.42903827e-08 -1.42903827e-08 -1.42904919e-08 -1.42903826e-08 -1.81539461e-08 -1.81539461e-08 -1.42903824e-08 -1.43019146e-08 
 5.91938074e-06  2.36954038e-08  2.36954039e-08  2.36955320e-08  2.36954038e-08  2.75956297e-08  2.75956297e-08  2.36954036e-08  2.37076798e-08 
 5.92138074e-06 -1.44377805e-08 -1.44377805e-08 -1.44379278e-08 -1.44377804e-08 -1.83687211e-08 -1.83687211e-08 -1.44377802e-08 -1.44508002e-08 
 5.92338074e-06  2.38316491e-08  2.38316491e-08  2.38318165e-08  2.38316490e-08  2.77972452e-08  2.77972452e-08  2.38316488e-08  2.38454442e-08 
 5.92538074e-06 -1.45627693e-08 -1.45627694e-08 -1.45629572e-08 -1.45627693e-08 -1.85570066e-08 -1.85570066e-08 -1.45627690e-08 -1.45773378e-08 
 5.92738074e-06  2.39456080e-08  2.39456081e-08  2.39458172e-08  2.39456080e-08  2.79725220e-08  2.79725221e-08  2.39456077e-08  2.39609830e-08 
 5.92938074e-06 -1.46656355e-08 -1.46656355e-08 -1.46658662e-08 -1.46656354e-08 -1.87191514e-08 -1.87191514e-08 -1.46656351e-08 -1.46818124e-08 
 5.93138074e-06  2.40375915e-08  2.40375915e-08  2.40378447e-08  2.40375915e-08  2.81218357e-08  2.81218357e-08  2.40375911e-08  2.40546053e-08 
 5.93338074e-06 -1.47467125e-08 -1.47467125e-08 -1.47469884e-08 -1.47467124e-08 -1.88555560e-08 -1.88555559e-08 -1.47467121e-08 -1.47645563e-08 
 5.93538074e-06  2.41079553e-08  2.41079553e-08  2.41082548e-08  2.41079552e-08  2.82456111e-08  2.82456112e-08  2.41079549e-08  2.41266657e-08 
 5.93738074e-06 -1.48063771e-08 -1.48063771e-08 -1.48067006e-08 -1.48063770e-08 -1.89666679e-08 -1.89666679e-08 -1.48063767e-08 -1.48259447e-08 
 5.93938074e-06  2.41570963e-08  2.41570963e-08  2.41574447e-08  2.41570963e-08  2.83443180e-08  2.83443180e-08  2.41570960e-08  2.41775595e-08 
 5.94138074e-06 -1.48450451e-08 -1.48450451e-08 -1.48454184e-08 -1.48450450e-08 -1.90529772e-08 -1.90529772e-08 -1.48450448e-08 -1.48663917e-08 
 5.94338074e-06  2.41854491e-08  2.41854491e-08  2.41858484e-08  2.41854491e-08  2.84184661e-08  2.84184661e-08  2.41854488e-08  2.42077195e-08 
 5.94538074e-06 -1.48631678e-08 -1.48631678e-08 -1.48635930e-08 -1.48631678e-08 -1.91150119e-08 -1.91150119e-08 -1.48631675e-08 -1.48863472e-08 
 5.94738074e-06  2.41934813e-08  2.41934813e-08  2.41939337e-08  2.41934813e-08  2.84686012e-08  2.84686012e-08  2.41934810e-08  2.42176118e-08 
 5.94938074e-06 -1.48658188e-08 -1.48658188e-08 -1.48662984e-08 -1.48658188e-08 -1.91592480e-08 -1.91592481e-08 -1.48658185e-08 -1.48908900e-08 
 5.95138074e-06  2.41739876e-08  2.41739876e-08  2.41744950e-08  2.41739876e-08  2.84862088e-08  2.84862088e-08  2.41739872e-08  2.42000203e-08 
 5.95338074e-06 -1.48442853e-08 -1.48442853e-08 -1.48448211e-08 -1.48442853e-08 -1.91744225e-08 -1.91744225e-08 -1.48442850e-08 -1.48712922e-08 
 5.95538074e-06  2.41428786e-08  2.41428787e-08  2.41434433e-08  2.41428786e-08  2.84900535e-08  2.84900535e-08  2.41428782e-08  2.41708716e-08 
 5.95738074e-06 -1.48037342e-08 -1.48037343e-08 -1.48043283e-08 -1.48037342e-08 -1.91670907e-08 -1.91670907e-08 -1.48037338e-08 -1.48327254e-08 
 5.95938074e-06  2.40930319e-08  2.40930320e-08  2.40936558e-08  2.40930320e-08  2.84717091e-08  2.84717091e-08  2.40930316e-08  2.41230318e-08 
 5.96138074e-06 -1.47447385e-08 -1.47447386e-08 -1.47453927e-08 -1.47447385e-08 -1.91378923e-08 -1.91378923e-08 -1.47447382e-08 -1.47757569e-08 
 5.96338074e-06  2.40250456e-08  2.40250456e-08  2.40257305e-08  2.40250456e-08  2.84318251e-08  2.84318251e-08  2.40250452e-08  2.40570916e-08 
 5.96538074e-06 -1.46679188e-08 -1.46679188e-08 -1.46686348e-08 -1.46679188e-08 -1.90874859e-08 -1.90874858e-08 -1.46679184e-08 -1.47010021e-08 
 5.96738074e-06  2.39395564e-08  2.39395565e-08  2.39403040e-08  2.39395565e-08  2.83710696e-08  2.83710696e-08  2.39395561e-08  2.39736858e-08 
 5.96938074e-06 -1.45739189e-08 -1.45739190e-08 -1.45746985e-08 -1.45739190e-08 -1.90165504e-08 -1.90165504e-08 -1.45739185e-08 -1.46091036e-08 
 5.97138074e-06  2.38372109e-08  2.38372110e-08  2.38380228e-08  2.38372110e-08  2.82901393e-08  2.82901393e-08  2.38372105e-08  2.38734594e-08 
 5.97338074e-06 -1.44633875e-08 -1.44633876e-08 -1.44642321e-08 -1.44633876e-08 -1.89258119e-08 -1.89258119e-08 -1.44633871e-08 -1.45007086e-08 
 5.97538074e-06  2.37186593e-08  2.37186593e-08  2.37195369e-08  2.37186593e-08  2.81897861e-08  2.81897860e-08  2.37186588e-08  2.37570610e-08 
 5.97738074e-06 -1.43369722e-08 -1.43369723e-08 -1.43378834e-08 -1.43369723e-08 -1.88160305e-08 -1.88160305e-08 -1.43369717e-08 -1.43764643e-08 
 5.97938074e-06  2.35845390e-08  2.35845390e-08  2.35854841e-08  2.35845390e-08  2.80707690e-08  2.80707691e-08  2.35845385e-08  2.36251311e-08 
 5.98138074e-06 -1.41952977e-08 -1.41952977e-08 -1.41962771e-08 -1.41952977e-08 -1.86879638e-08 -1.86879638e-08 -1.41952972e-08 -1.42369998e-08 
 5.98338074e-06  2.34354633e-08  2.34354633e-08  2.34364774e-08  2.34354633e-08  2.79338445e-08  2.79338445e-08  2.34354627e-08  2.34782845e-08 
 5.98500000e-06 -1.40196526e-08 -1.40196526e-08 -1.40207101e-08 -1.40196526e-08 -1.85241228e-08 -1.85241227e-08 -1.40196520e-08 -1.40638691e-08 
 5.98520000e-06  4.44204251e-09  4.44204260e-09  4.44213405e-09  4.44204261e-09  4.45276612e-09  4.45276610e-09  4.44204259e-09  4.44497356e-09 
 5.98560000e-06  4.91337543e-09  4.91337536e-09  4.91328003e-09  4.91337548e-09  4.91046761e-09  4.91046765e-09  4.91337547e-09  4.91034098e-09 
 5.98640000e-06  4.38564600e-09  4.38564608e-09  4.38574295e-09  4.38564604e-09  4.38487797e-09  4.38487793e-09  4.38564599e-09  4.38872206e-09 
 5.98715030e-06  4.94817033e-09  4.94817029e-09  4.94807192e-09  4.94817030e-09  4.95269590e-09  4.95269595e-09  4.94817032e-09  4.94505720e-09 
 5.98769748e-06  4.34684790e-09  4.34684800e-09  4.34694785e-09  4.34684805e-09  4.33742985e-09  4.33742982e-09  4.34684802e-09  4.35000030e-09 
 5.98811443e-06  4.99419211e-09  4.99419192e-09  4.99409081e-09  4.99419184e-09  5.00960085e-09  5.00960086e-09  4.99419190e-09  4.99100615e-09 
 5.98850989e-06  4.28787120e-09  4.28787144e-09  4.28797285e-09  4.28787142e-09  4.26664917e-09  4.26664916e-09  4.28787132e-09  4.29107490e-09 
 5.98885199e-06  5.13430903e-09  5.13430883e-09  5.13420803e-09  5.13430895e-09  5.16156090e-09  5.16156094e-09  5.13430904e-09  5.13110536e-09 
 5.98908032e-06  3.53669320e-09  3.53669337e-09  3.53679178e-09  3.53669315e-09  3.50313790e-09  3.50313793e-09  3.53669305e-09  3.53979396e-09 
 5.98931880e-06  7.99917744e-09  7.99917724e-09  7.99908260e-09  7.99917750e-09  8.03206205e-09  8.03206203e-09  7.99917754e-09  7.99646024e-09 
 5.98948797e-06 -9.42614070e-09 -9.42614064e-09 -9.42605296e-09 -9.42614086e-09 -9.43530011e-09 -9.43530002e-09 -9.42614080e-09 -9.42495084e-09 
 5.98966817e-06  4.33852472e-08  4.33852473e-08  4.33851675e-08  4.33852474e-08  4.33387849e-08  4.33387849e-08  4.33852473e-08  4.33868671e-08 
 5.98986546e-06 -7.45372343e-08 -7.45372342e-08 -7.45371618e-08 -7.45372343e-08 -7.44099066e-08 -7.44099066e-08 -7.45372342e-08 -7.45424454e-08 
 5.99000000e-06  1.79272219e-07  1.79272219e-07  1.79272154e-07  1.79272219e-07  1.78990807e-07  1.78990807e-07  1.79272219e-07  1.79282991e-07 
 5.99002198e-06 -2.40082247e-07 -2.40082246e-07 -2.40082218e-07 -2.40082247e-07 -2.39905310e-07 -2.39905310e-07 -2.40082246e-07 -2.40108896e-07 
 5.99006594e-06  2.93259266e-07  2.93259266e-07  2.93259170e-07  2.93259266e-07  2.93443109e-07  2.93443109e-07  2.93259266e-07  2.93404641e-07 
 5.99015386e-06 -2.49373904e-07 -2.49373904e-07 -2.49373789e-07 -2.49373904e-07 -2.49866579e-07 -2.49866579e-07 -2.49373906e-07 -2.49653992e-07 
 5.99032970e-06  2.31936373e-07  2.31936373e-07  2.31936259e-07  2.31936373e-07  2.32600473e-07  2.32600474e-07  2.31936377e-07  2.32307453e-07 
 5.99068137e-06 -2.07812476e-07 -2.07812476e-07 -2.07812367e-07 -2.07812476e-07 -2.08564901e-07 -2.08564901e-07 -2.07812481e-07 -2.08234701e-07 
 5.99138472e-06  2.09497923e-07  2.09497923e-07  2.09497817e-07  2.09497923e-07  2.10294819e-07  2.10294819e-07  2.09497928e-07  2.09946946e-07 
 5.99257292e-06 -1.95602853e-07 -1.95602853e-07 -1.95602750e-07 -1.95602853e-07 -1.96426167e-07 -1.96426167e-07 -1.95602859e-07 -1.96068116e-07 
 5.99446152e-06  2.02021762e-07  2.02021762e-07  2.02021660e-07  2.02021762e-07  2.02861706e-07  2.02861706e-07  2.02021768e-07  2.02497368e-07 
 5.99646152e-06 -1.89955722e-07 -1.89955722e-07 -1.89955622e-07 -1.89955722e-07 -1.90811387e-07 -1.90811387e-07 -1.89955728e-07 -1.90441189e-07 
 5.99846152e-06  1.96513789e-07  1.96513789e-07  1.96513690e-07  1.96513789e-07  1.97385174e-07  1.97385174e-07  1.96513795e-07  1.97009197e-07 
 6.00046152e-06 -1.84427972e-07 -1.84427972e-07 -1.84427875e-07 -1.84427972e-07 -1.85315087e-07 -1.85315087e-07 -1.84427979e-07 -1.84933409e-07 
 6.00246152e-06  1.90968296e-07  1.90968296e-07  1.90968201e-07  1.90968296e-07  1.91871133e-07  1.91871133e-07  1.90968303e-07  1.91483835e-07 
 6.00446152e-06 -1.78866738e-07 -1.78866738e-07 -1.78866645e-07 -1.78866738e-07 -1.79785301e-07 -1.79785301e-07 -1.78866745e-07 -1.79392462e-07 
 6.00646152e-06  1.85393264e-07  1.85393264e-07  1.85393172e-07  1.85393264e-07  1.86327540e-07  1.86327540e-07  1.85393271e-07  1.85929241e-07 
 6.00846152e-06 -1.73279825e-07 -1.73279825e-07 -1.73279735e-07 -1.73279825e-07 -1.74229810e-07 -1.74229810e-07 -1.73279832e-07 -1.73826131e-07 
 6.01046152e-06  1.79796324e-07  1.79796324e-07  1.79796236e-07  1.79796324e-07  1.80762000e-07  1.80762001e-07  1.79796331e-07  1.80353023e-07 
 6.01246152e-06 -1.67674690e-07 -1.67674690e-07 -1.67674605e-07 -1.67674690e-07 -1.68656049e-07 -1.68656049e-07 -1.67674698e-07 -1.68241852e-07 
 6.01446152e-06  1.74184761e-07  1.74184761e-07  1.74184678e-07  1.74184761e-07  1.75181777e-07  1.75181777e-07  1.74184769e-07  1.74762445e-07 
 6.01646152e-06 -1.62058449e-07 -1.62058449e-07 -1.62058369e-07 -1.62058449e-07 -1.63071106e-07 -1.63071106e-07 -1.62058457e-07 -1.62646719e-07 
 6.01846152e-06  1.68565521e-07  1.68565521e-07  1.68565443e-07  1.68565522e-07  1.69593790e-07  1.69593790e-07  1.68565530e-07  1.69164429e-07 
 6.02046152e-06 -1.56437879e-07 -1.56437879e-07 -1.56437803e-07 -1.56437879e-07 -1.57481736e-07 -1.57481736e-07 -1.56437888e-07 -1.57047483e-07 
 6.02246152e-06  1.62945215e-07  1.62945215e-07  1.62945142e-07  1.62945215e-07  1.64004625e-07  1.64004625e-07  1.62945224e-07  1.63565563e-07 
 6.02446152e-06 -1.50819424e-07 -1.50819424e-07 -1.50819354e-07 -1.50819425e-07 -1.51894359e-07 -1.51894359e-07 -1.50819433e-07 -1.51450568e-07 
 6.02646152e-06  1.57330124e-07  1.57330124e-07  1.57330056e-07  1.57330124e-07  1.58420541e-07  1.58420541e-07  1.57330133e-07  1.57972105e-07 
 6.02846152e-06 -1.45209205e-07 -1.45209205e-07 -1.45209140e-07 -1.45209205e-07 -1.46315069e-07 -1.46315069e-07 -1.45209214e-07 -1.45862069e-07 
 6.03046152e-06  1.51726206e-07  1.51726206e-07  1.51726144e-07  1.51726206e-07  1.52847471e-07  1.52847471e-07  1.51726216e-07  1.52389990e-07 
 6.03246152e-06 -1.39613021e-07 -1.39613021e-07 -1.39612962e-07 -1.39613021e-07 -1.40749645e-07 -1.40749645e-07 -1.39613031e-07 -1.40287763e-07 
 6.03446152e-06  1.46139107e-07  1.46139107e-07  1.46139051e-07  1.46139107e-07  1.47291038e-07  1.47291038e-07  1.46139117e-07  1.46824838e-07 
 6.03646152e-06 -1.34036361e-07 -1.34036361e-07 -1.34036309e-07 -1.34036362e-07 -1.35203551e-07 -1.35203551e-07 -1.34036372e-07 -1.34733115e-07 
 6.03846152e-06  1.40574162e-07  1.40574162e-07  1.40574113e-07  1.40574162e-07  1.41756553e-07  1.41756553e-07  1.40574173e-07  1.41281962e-07 
 6.04046152e-06 -1.28484413e-07 -1.28484413e-07 -1.28484367e-07 -1.28484414e-07 -1.29681951e-07 -1.29681952e-07 -1.28484424e-07 -1.29203287e-07 
 6.04246152e-06  1.35036410e-07  1.35036410e-07  1.35036367e-07  1.35036410e-07  1.36249032e-07  1.36249032e-07  1.35036421e-07  1.35766376e-07 
 6.04446152e-06 -1.22962067e-07 -1.22962067e-07 -1.22962027e-07 -1.22962067e-07 -1.24189713e-07 -1.24189713e-07 -1.22962078e-07 -1.23703146e-07 
 6.04646152e-06  1.29530596e-07  1.29530596e-07  1.29530560e-07  1.29530596e-07  1.30773197e-07  1.30773197e-07  1.29530608e-07  1.30282801e-07 
 6.04846152e-06 -1.17473926e-07 -1.17473926e-07 -1.17473894e-07 -1.17473926e-07 -1.18731417e-07 -1.18731417e-07 -1.17473938e-07 -1.18237272e-07 
 6.05046152e-06  1.24061184e-07  1.24061185e-07  1.24061155e-07  1.24061185e-07  1.25333490e-07  1.25333490e-07  1.24061197e-07  1.24835678e-07 
 6.05246152e-06 -1.12024317e-07 -1.12024317e-07 -1.12024291e-07 -1.12024317e-07 -1.13311367e-07 -1.13311367e-07 -1.12024329e-07 -1.12809967e-07 
 6.05446152e-06  1.18632365e-07  1.18632365e-07  1.18632343e-07  1.18632365e-07  1.19934079e-07  1.19934079e-07  1.18632378e-07  1.19429173e-07 
 6.05646152e-06 -1.06617294e-07 -1.06617294e-07 -1.06617276e-07 -1.06617294e-07 -1.07933596e-07 -1.07933596e-07 -1.06617307e-07 -1.07425263e-07 
 6.05846152e-06  1.13248062e-07  1.13248062e-07  1.13248048e-07  1.13248062e-07  1.14578867e-07  1.14578867e-07  1.13248075e-07  1.14067186e-07 
 6.06046152e-06 -1.01256654e-07 -1.01256654e-07 -1.01256644e-07 -1.01256654e-07 -1.02601879e-07 -1.02601879e-07 -1.01256667e-07 -1.02086930e-07 
 6.06246152e-06  1.07941919e-07  1.07941919e-07  1.07941913e-07  1.07941919e-07  1.09301916e-07  1.09301916e-07  1.07941933e-07  1.08783612e-07 
 6.06446152e-06 -9.59414316e-08 -9.59414316e-08 -9.59414299e-08 -9.59414318e-08 -9.73152572e-08 -9.73152572e-08 -9.59414455e-08 -9.67940031e-08 
 6.06646152e-06  1.02623230e-07  1.02623230e-07  1.02623233e-07  1.02623231e-07  1.04011202e-07  1.04011202e-07  1.02623244e-07  1.03486917e-07 
 6.06846152e-06 -9.06845397e-08 -9.06845397e-08 -9.06845464e-08 -9.06845400e-08 -9.20865643e-08 -9.20865643e-08 -9.06845542e-08 -9.15593260e-08 
 6.07046152e-06  9.73940650e-08  9.73940649e-08  9.73940759e-08  9.73940652e-08  9.88100431e-08  9.88100432e-08  9.73940797e-08  9.82799293e-08 
 6.07246152e-06 -8.54838682e-08 -8.54838682e-08 -8.54838834e-08 -8.54838684e-08 -8.69137019e-08 -8.69137019e-08 -8.54838832e-08 -8.63807902e-08 
 6.07446152e-06  9.22225712e-08  9.22225711e-08  9.22225908e-08  9.22225714e-08  9.36661562e-08  9.36661563e-08  9.22225865e-08  9.31305233e-08 
 6.07646152e-06 -8.03422641e-08 -8.03422641e-08 -8.03422883e-08 -8.03422644e-08 -8.17994974e-08 -8.17994974e-08 -8.03422797e-08 -8.12612202e-08 
 6.07846152e-06  8.71114861e-08  8.71114860e-08  8.71115147e-08  8.71114864e-08  8.85822589e-08  8.85822590e-08  8.71115019e-08  8.80414132e-08 
 6.08046152e-06 -7.52623566e-08 -7.52623566e-08 -7.52623898e-08 -7.52623569e-08 -7.67465608e-08 -7.67465609e-08 -7.52623727e-08 -7.62032229e-08 
 6.08246152e-06  8.20633329e-08  8.20633329e-08  8.20633708e-08  8.20633332e-08  8.35608556e-08  8.35608556e-08  8.20633493e-08  8.30151001e-08 
 6.08446152e-06 -7.02465652e-08 -7.02465653e-08 -7.02466078e-08 -7.02465655e-08 -7.17572933e-08 -7.17572934e-08 -7.02465820e-08 -7.12091959e-08 
 6.08646152e-06  7.70804300e-08  7.70804301e-08  7.70804773e-08  7.70804303e-08  7.86042462e-08  7.86042462e-08  7.70804470e-08  7.80538807e-08 
 6.08846152e-06 -6.52971089e-08 -6.52971089e-08 -6.52971610e-08 -6.52971092e-08 -6.68338955e-08 -6.68338955e-08 -6.52971262e-08 -6.62813366e-08 
 6.09046152e-06  7.21648988e-08  7.21648988e-08  7.21649557e-08  7.21648991e-08  7.37145344e-08  7.37145345e-08  7.21649164e-08  7.31598551e-08 
 6.09246152e-06 -6.04160137e-08 -6.04160137e-08 -6.04160754e-08 -6.04160140e-08 -6.19783762e-08 -6.19783762e-08 -6.04160315e-08 -6.14216502e-08 
 6.09446152e-06  6.73186723e-08  6.73186723e-08  6.73187390e-08  6.73186726e-08  6.88936362e-08  6.88936363e-08  6.73186904e-08  6.83349356e-08 
 6.09646152e-06 -5.56051215e-08 -5.56051215e-08 -5.56051931e-08 -5.56051217e-08 -5.71925603e-08 -5.71925604e-08 -5.56051399e-08 -5.66319581e-08 
 6.09846152e-06  6.25435031e-08  6.25435031e-08  6.25435798e-08  6.25435034e-08  6.41432876e-08  6.41432877e-08  6.25435218e-08  6.35808547e-08 
 6.10046152e-06 -5.08660976e-08 -5.08660977e-08 -5.08661793e-08 -5.08660979e-08 -5.24780972e-08 -5.24780973e-08 -5.08661166e-08 -5.19139056e-08 
 6.10246152e-06  5.78409715e-08  5.78409716e-08  5.78410583e-08  5.78409718e-08  5.94650530e-08  5.94650531e-08  5.78409907e-08  5.88991727e-08 
 6.10446152e-06 -4.62004391e-08 -4.62004392e-08 -4.62005311e-08 -4.62004394e-08 -4.78364680e-08 -4.78364680e-08 -4.62004587e-08 -4.72689702e-08 
 6.10646152e-06  5.32124929e-08  5.32124930e-08  5.32125901e-08  5.32124932e-08  5.48603326e-08  5.48603326e-08  5.32125128e-08  5.42912862e-08 
 6.10846152e-06 -4.16094817e-08 -4.16094819e-08 -4.16095842e-08 -4.16094821e-08 -4.32689937e-08 -4.32689937e-08 -4.16095020e-08 -4.26984690e-08 
 6.11046152e-06  4.86593258e-08  4.86593258e-08  4.86594335e-08  4.86593261e-08  5.03303699e-08  5.03303700e-08  4.86593462e-08  4.97584347e-08 
 6.11246152e-06 -3.70944082e-08 -3.70944083e-08 -3.70945212e-08 -3.70944086e-08 -3.87768425e-08 -3.87768425e-08 -3.70944290e-08 -3.82035660e-08 
 6.11446152e-06  4.41825784e-08  4.41825785e-08  4.41826968e-08  4.41825787e-08  4.58762596e-08  4.58762596e-08  4.41825995e-08  4.53017086e-08 
 6.11646152e-06 -3.26495884e-08 -3.26495885e-08 -3.26497121e-08 -3.26495887e-08 -3.43538273e-08 -3.43538274e-08 -3.26496098e-08 -3.37782516e-08 
 6.11846152e-06  3.97869402e-08  3.97869403e-08  3.97870693e-08  3.97869405e-08  4.15026557e-08  4.15026557e-08  3.97869619e-08  4.09257610e-08 
 6.12046152e-06 -2.82993989e-08 -2.82993989e-08 -2.82995334e-08 -2.82993992e-08 -3.00259217e-08 -3.00259218e-08 -2.82994208e-08 -2.94479538e-08 
 6.12246152e-06  3.54653231e-08  3.54653231e-08  3.54654632e-08  3.54653234e-08  3.72025041e-08  3.72025042e-08  3.54653454e-08  3.66235274e-08 
 6.12446152e-06 -2.40171998e-08 -2.40171999e-08 -2.40173454e-08 -2.40172001e-08 -2.57648868e-08 -2.57648869e-08 -2.40172224e-08 -2.51849676e-08 
 6.12646152e-06  3.12226751e-08  3.12226751e-08  3.12228262e-08  3.12226754e-08  3.29807159e-08  3.29807160e-08  3.12226979e-08  3.23999177e-08 
 6.12846152e-06 -1.98142706e-08 -1.98142707e-08 -1.98144274e-08 -1.98142710e-08 -2.15825102e-08 -2.15825102e-08 -1.98142939e-08 -2.10008982e-08 
 6.13046152e-06  2.70645604e-08  2.70645604e-08  2.70647227e-08  2.70645607e-08  2.88434094e-08  2.88434094e-08  2.70645839e-08  2.82608629e-08 
 6.13246152e-06 -1.56875188e-08 -1.56875188e-08 -1.56876866e-08 -1.56875191e-08 -1.74757081e-08 -1.74757082e-08 -1.56875425e-08 -1.68926552e-08 
 6.13446152e-06  2.29730991e-08  2.29730992e-08  2.29732726e-08  2.29730995e-08  2.47710162e-08  2.47710163e-08  2.29731233e-08  2.41873374e-08 
 6.13646152e-06 -1.16450349e-08 -1.16450349e-08 -1.16452141e-08 -1.16450352e-08 -1.34525190e-08 -1.34525191e-08 -1.16450593e-08 -1.28682774e-08 
 6.13846152e-06  1.89707854e-08  1.89707854e-08  1.89709703e-08  1.89707858e-08  2.07876774e-08  2.07876775e-08  1.89708101e-08  2.02029330e-08 
 6.14046152e-06 -7.68297689e-09 -7.68297692e-09 -7.68316749e-09 -7.68297727e-09 -9.50911368e-09 -9.50911374e-09 -7.68300192e-09 -8.92392851e-09 
 6.14246152e-06  1.50490098e-08  1.50490099e-08  1.50492061e-08  1.50490102e-08  1.68842300e-08  1.68842301e-08  1.50490352e-08  1.62986631e-08 
 6.14446152e-06 -3.80201281e-09 -3.80201288e-09 -3.80221486e-09 -3.80201321e-09 -5.64568241e-09 -5.64568249e-09 -3.80203852e-09 -5.05986970e-09 
 6.14646152e-06  1.12088566e-08  1.12088567e-08  1.12090643e-08  1.12088570e-08  1.30608161e-08  1.30608161e-08  1.12088826e-08  1.24748147e-08 
 6.14846152e-06 -5.10974040e-12 -5.10982080e-12 -5.32314291e-12 -5.11014365e-12 -1.86507428e-09 -1.86507435e-09 -5.13604624e-12 -1.27905213e-09 
 6.15046152e-06  7.45336970e-09  7.45336973e-09  7.45358874e-09  7.45337006e-09  9.32117744e-09  9.32117748e-09  7.45339621e-09  8.73519247e-09 
 6.15246152e-06  3.71232478e-09  3.71232476e-09  3.71210003e-09  3.71232450e-09  1.83681999e-09  1.83681989e-09  3.71229803e-09  2.42271569e-09 
 6.15446152e-06  3.77709330e-09  3.77709332e-09  3.77732384e-09  3.77709360e-09  5.66059217e-09  5.66059223e-09  3.77712037e-09  5.07477258e-09 
 6.15646152e-06  7.34581420e-09  7.34581413e-09  7.34557784e-09  7.34581385e-09  5.45449709e-09  5.45449702e-09  7.34578676e-09  6.04018381e-09 
 6.15846152e-06  1.83844667e-10  1.83844730e-10  1.84086933e-10  1.83845031e-10  2.08293005e-09  2.08293015e-09  1.83872418e-10  1.49731676e-09 
 6.16046152e-06  1.08988735e-08  1.08988734e-08  1.08986254e-08  1.08988732e-08  8.99219808e-09  8.99219800e-09  1.08988455e-08  9.57768130e-09 
 6.16246152e-06 -3.32907572e-09 -3.32907568e-09 -3.32882184e-09 -3.32907542e-09 -1.41497584e-09 -1.41497577e-09 -3.32904744e-09 -2.00027550e-09 
 6.16446152e-06  1.43763990e-08  1.43763989e-08  1.43761391e-08  1.43763987e-08  1.24544589e-08  1.24544589e-08  1.43763703e-08  1.30397030e-08 
 6.16646152e-06 -6.75660936e-09 -6.75660928e-09 -6.75634383e-09 -6.75660904e-09 -4.82880796e-09 -4.82880787e-09 -6.75658045e-09 -5.41339043e-09 
 6.16846152e-06  1.77706610e-08  1.77706609e-08  1.77703894e-08  1.77706607e-08  1.58347398e-08  1.58347398e-08  1.77706318e-08  1.64193462e-08 
 6.17046152e-06 -1.01122089e-08 -1.01122088e-08 -1.01119315e-08 -1.01122085e-08 -8.17018175e-09 -8.17018169e-09 -1.01121793e-08 -8.75420456e-09 
 6.17246152e-06  2.10753953e-08  2.10753952e-08  2.10751120e-08  2.10753949e-08  1.91268185e-08  1.91268184e-08  2.10753654e-08  1.97103912e-08 
 6.17446152e-06 -1.33863077e-08 -1.33863076e-08 -1.33860185e-08 -1.33863073e-08 -1.14313504e-08 -1.14313503e-08 -1.33862775e-08 -1.20144227e-08 
 6.17646152e-06  2.43178822e-08  2.43178822e-08  2.43175871e-08  2.43178819e-08  2.23561184e-08  2.23561183e-08  2.43178517e-08  2.29388213e-08 
 6.17846152e-06 -1.65785470e-08 -1.65785469e-08 -1.65782460e-08 -1.65785467e-08 -1.46113856e-08 -1.46113855e-08 -1.65785162e-08 -1.51933016e-08 
 6.18046152e-06  2.74720647e-08  2.74720646e-08  2.74717578e-08  2.74720643e-08  2.54984443e-08  2.54984442e-08  2.74720336e-08  2.60798906e-08 
 6.18246152e-06 -1.96863248e-08 -1.96863247e-08 -1.96860123e-08 -1.96863245e-08 -1.77082758e-08 -1.77082757e-08 -1.96862935e-08 -1.82886550e-08 
 6.18446152e-06  3.05513737e-08  3.05513737e-08  3.05510552e-08  3.05513734e-08  2.85665795e-08  2.85665794e-08  3.05513421e-08  2.91465755e-08 
 6.18646152e-06 -2.27247944e-08 -2.27247943e-08 -2.27244702e-08 -2.27247941e-08 -2.07359324e-08 -2.07359324e-08 -2.27247625e-08 -2.13147661e-08 
 6.18846152e-06  3.35421123e-08  3.35421122e-08  3.35417821e-08  3.35421120e-08  3.15474722e-08  3.15474722e-08  3.35420800e-08  3.21256449e-08 
 6.19046152e-06 -2.56887694e-08 -2.56887693e-08 -2.56884334e-08 -2.56887691e-08 -2.36897826e-08 -2.36897825e-08 -2.56887369e-08 -2.42668834e-08 
 6.19246152e-06  3.64802966e-08  3.64802965e-08  3.64799545e-08  3.64802963e-08  3.44752632e-08  3.44752632e-08  3.64802638e-08  3.50517901e-08 
 6.19446152e-06 -2.85730015e-08 -2.85730014e-08 -2.85726539e-08 -2.85730013e-08 -2.65646239e-08 -2.65646239e-08 -2.85729684e-08 -2.71398048e-08 
 6.19646152e-06  3.93283177e-08  3.93283175e-08  3.93279639e-08  3.93283174e-08  3.73142436e-08  3.73142436e-08  3.93282842e-08  3.78887583e-08 
 6.19846152e-06 -3.13813743e-08 -3.13813742e-08 -3.13810151e-08 -3.13813741e-08 -2.93643171e-08 -2.93643171e-08 -3.13813407e-08 -2.99373975e-08 
 6.20046152e-06  4.21007990e-08  4.21007989e-08  4.21004337e-08  4.21007987e-08  4.00783960e-08  4.00783960e-08  4.21007650e-08  4.06507201e-08 
 6.20246152e-06 -3.41146341e-08 -3.41146341e-08 -3.41142633e-08 -3.41146340e-08 -3.20896084e-08 -3.20896083e-08 -3.41146000e-08 -3.26604123e-08 
 6.20446152e-06  4.47985054e-08  4.47985053e-08  4.47981286e-08  4.47985052e-08  4.27684849e-08  4.27684849e-08  4.47984709e-08  4.33384446e-08 
 6.20646152e-06 -3.67735627e-08 -3.67735626e-08 -3.67731804e-08 -3.67735625e-08 -3.47412789e-08 -3.47412789e-08 -3.67735279e-08 -3.53096348e-08 
 6.20846152e-06  4.74222361e-08  4.74222360e-08  4.74218478e-08  4.74222359e-08  4.53853085e-08  4.53853084e-08  4.74222010e-08  4.59527341e-08 
 6.21046152e-06 -3.93589744e-08 -3.93589743e-08 -3.93585805e-08 -3.93589742e-08 -3.73201421e-08 -3.73201421e-08 -3.93589391e-08 -3.78858826e-08 
 6.21246152e-06  4.99728211e-08  4.99728210e-08  4.99724213e-08  4.99728209e-08  4.79296956e-08  4.79296955e-08  4.99727855e-08  4.84944221e-08 
 6.21446152e-06 -4.18717134e-08 -4.18717133e-08 -4.18713082e-08 -4.18717133e-08 -3.98270405e-08 -3.98270404e-08 -4.18716775e-08 -4.03900029e-08 
 6.21646152e-06  5.24511191e-08  5.24511190e-08  5.24507080e-08  5.24511189e-08  5.04025031e-08  5.04025031e-08  5.24510829e-08  5.09643697e-08 
 6.21846152e-06 -4.43126513e-08 -4.43126512e-08 -4.43122348e-08 -4.43126512e-08 -4.22628436e-08 -4.22628436e-08 -4.43126149e-08 -4.28228694e-08 
 6.22046152e-06  5.48580151e-08  5.48580150e-08  5.48575926e-08  5.48580149e-08  5.28046137e-08  5.28046136e-08  5.48579783e-08  5.33634640e-08 
 6.22246152e-06 -4.66826844e-08 -4.66826843e-08 -4.66822566e-08 -4.66826842e-08 -4.46284453e-08 -4.46284453e-08 -4.66826474e-08 -4.51853801e-08 
 6.22446152e-06  5.71944174e-08  5.71944173e-08  5.71939837e-08  5.71944172e-08  5.51369330e-08  5.51369330e-08  5.71943800e-08  5.56926147e-08 
 6.22646152e-06 -4.89827315e-08 -4.89827313e-08 -4.89822925e-08 -4.89827313e-08 -4.69247614e-08 -4.69247613e-08 -4.89826939e-08 -4.74784552e-08 
 6.22846152e-06  5.94612558e-08  5.94612556e-08  5.94608109e-08  5.94612555e-08  5.74003876e-08  5.74003876e-08  5.94612178e-08  5.79527526e-08 
 6.23046152e-06 -5.12137313e-08 -5.12137312e-08 -5.12132813e-08 -5.12137311e-08 -4.91527273e-08 -4.91527272e-08 -5.12136932e-08 -4.97030342e-08 
 6.23246152e-06  6.16594790e-08  6.16594789e-08  6.16590231e-08  6.16594787e-08  5.95959227e-08  5.95959226e-08  6.16594405e-08  6.01448272e-08 
 6.23446152e-06 -5.33766410e-08 -5.33766409e-08 -5.33761800e-08 -5.33766408e-08 -5.13132961e-08 -5.13132960e-08 -5.33766023e-08 -5.18600746e-08 
 6.23646152e-06  6.37900530e-08  6.37900528e-08  6.37895862e-08  6.37900528e-08  6.17245000e-08  6.17244999e-08  6.37900140e-08  6.22698043e-08 
 6.23846152e-06 -5.54724334e-08 -5.54724333e-08 -5.54719615e-08 -5.54724333e-08 -5.34074366e-08 -5.34074365e-08 -5.54723942e-08 -5.39505491e-08 
 6.24000000e-06  6.61640788e-08  6.61640787e-08  6.61635996e-08  6.61640786e-08  6.40968875e-08  6.40968875e-08  6.61640392e-08  6.46379352e-08 
 6.24020000e-06  2.27810477e-09  2.27810473e-09  2.27811761e-09  2.27810481e-09  2.27655367e-09  2.27655368e-09  2.27810543e-09  2.28194448e-09 
 6.24060000e-06  6.86162778e-09  6.86162779e-09  6.86161522e-09  6.86162772e-09  6.86511132e-09  6.86511131e-09  6.86162713e-09  6.85935400e-09 
 6.24140000e-06  2.54255456e-09  2.54255459e-09  2.54256701e-09  2.54255466e-09  2.53811310e-09  2.53811307e-09  2.54255526e-09  2.54403993e-09 
 6.24246255e-06  6.70851426e-09  6.70851421e-09  6.70850200e-09  6.70851421e-09  6.71344721e-09  6.71344721e-09  6.70851366e-09  6.70762478e-09 
 6.24341700e-06  2.68108640e-09  2.68108641e-09  2.68109849e-09  2.68108644e-09  2.67756805e-09  2.67756800e-09  2.68108704e-09  2.68131100e-09 
 6.24437608e-06  6.55936053e-09  6.55936056e-09  6.55934856e-09  6.55936042e-09  6.55502155e-09  6.55502157e-09  6.55935987e-09  6.55979842e-09 
 6.24500000e-06  2.89201601e-09  2.89201598e-09  2.89202779e-09  2.89201617e-09  2.93889896e-09  2.93889890e-09  2.89201671e-09  2.89056163e-09 
 6.24509723e-06  4.38427053e-09  4.38427027e-09  4.38427040e-09  4.38427036e-09  4.07927286e-09  4.07927289e-09  4.38427032e-09  4.38579943e-09 
 6.24529169e-06  4.77896386e-09  4.77896416e-09  4.77896696e-09  4.77896408e-09  5.45938735e-09  5.45938736e-09  4.77896407e-09  4.77787633e-09 
 6.24568060e-06  4.82311245e-09  4.82311226e-09  4.82310595e-09  4.82311240e-09  4.00713475e-09  4.00713475e-09  4.82311243e-09  4.82377697e-09 
 6.24627104e-06  4.19573719e-09  4.19573726e-09  4.19574728e-09  4.19573716e-09  5.05292098e-09  5.05292101e-09  4.19573710e-09  4.19543760e-09 
 6.24738210e-06  5.31690262e-09  5.31690258e-09  5.31689003e-09  5.31690268e-09  4.45561864e-09  4.45561861e-09  5.31690273e-09  5.31698143e-09 
 6.24938210e-06  3.87908240e-09  3.87908251e-09  3.87909654e-09  3.87908236e-09  4.73716450e-09  4.73716450e-09  3.87908231e-09  3.87913372e-09 
 6.25138210e-06  5.56624090e-09  5.56624085e-09  5.56622510e-09  5.56624101e-09  4.71525754e-09  4.71525754e-09  5.56624105e-09  5.56605454e-09 
 6.25338210e-06  3.61325907e-09  3.61325912e-09  3.61327672e-09  3.61325903e-09  4.45328495e-09  4.45328498e-09  3.61325895e-09  3.61358532e-09 
 6.25538210e-06  5.84843891e-09  5.84843882e-09  5.84841931e-09  5.84843896e-09  5.02317542e-09  5.02317541e-09  5.84843901e-09  5.84796850e-09 
 6.25738210e-06  3.31484575e-09  3.31484584e-09  3.31486744e-09  3.31484568e-09  4.12161087e-09  4.12161089e-09  3.31484563e-09  3.31546436e-09 
 6.25938210e-06  6.16286186e-09  6.16286179e-09  6.16283797e-09  6.16286194e-09  5.37824963e-09  5.37824960e-09  6.16286201e-09  6.16209138e-09 
 6.26138210e-06  2.98466218e-09  2.98466229e-09  2.98468847e-09  2.98466211e-09  3.74355999e-09  3.74356003e-09  2.98466204e-09  2.98558778e-09 
 6.26338210e-06  6.50851597e-09  6.50851589e-09  6.50848713e-09  6.50851603e-09  5.77879190e-09  5.77879183e-09  6.50851607e-09  6.50743246e-09 
 6.26538210e-06  2.62386535e-09  2.62386544e-09  2.62389697e-09  2.62386532e-09  3.32106731e-09  3.32106735e-09  2.62386528e-09  2.62510931e-09 
 6.26738210e-06  6.88409204e-09  6.88409199e-09  6.88405760e-09  6.88409209e-09  6.22264333e-09  6.22264332e-09  6.88409212e-09  6.88268583e-09 
 6.26938210e-06  2.23390597e-09  2.23390601e-09  2.23394332e-09  2.23390588e-09  2.85649371e-09  2.85649379e-09  2.23390583e-09  2.23547585e-09 
 6.27138210e-06  7.28800858e-09  7.28800848e-09  7.28796806e-09  7.28800864e-09  6.70726154e-09  6.70726146e-09  7.28800870e-09  7.28627392e-09 
 6.27338210e-06  1.81648578e-09  1.81648587e-09  1.81652959e-09  1.81648571e-09  2.35254377e-09  2.35254380e-09  1.81648572e-09  1.81838569e-09 
 6.27538210e-06  7.71845335e-09  7.71845337e-09  7.71840613e-09  7.71845343e-09  7.22979866e-09  7.22979860e-09  7.71845346e-09  7.71638824e-09 
 6.27738210e-06  1.37351767e-09  1.37351764e-09  1.37356842e-09  1.37351754e-09  1.81219074e-09  1.81219083e-09  1.37351755e-09  1.37574750e-09 
 6.27938210e-06  8.17342285e-09  8.17342286e-09  8.17336839e-09  8.17342299e-09  7.78717247e-09  7.78717241e-09  8.17342301e-09  8.17102932e-09 
 6.28138210e-06  9.07086528e-10  9.07086548e-10  9.07144798e-10  9.07086362e-10  1.23861029e-09  1.23861032e-09  9.07086363e-10  9.09642259e-10 
 6.28338210e-06  8.65075954e-09  8.65075954e-09  8.65069731e-09  8.65075967e-09  8.37612881e-09  8.37612876e-09  8.65075973e-09  8.64804368e-09 
 6.28538210e-06  4.19413807e-10  4.19413802e-10  4.19480111e-10  4.19413679e-10  6.35121192e-10  6.35121220e-10  4.19413618e-10  4.22287215e-10 
 6.28738210e-06  9.14818655e-09  9.14818649e-09  9.14811603e-09  9.14818664e-09  8.99329712e-09  8.99329706e-09  9.14818669e-09  9.14515867e-09 
 6.28938210e-06 -8.72011551e-11 -8.72011732e-11 -8.71264284e-11 -8.72013387e-11  5.13354162e-12  5.13361304e-12 -8.72013222e-11 -8.40215305e-11 
 6.29138210e-06  9.66338963e-09  9.66338964e-09  9.66331059e-09  9.66338986e-09  9.63523914e-09  9.63523909e-09  9.66338987e-09  9.66006242e-09 
 6.29338210e-06 -6.10526512e-10 -6.10526481e-10 -6.10442931e-10 -6.10526676e-10 -6.48099497e-10 -6.48099481e-10 -6.10526685e-10 -6.07056198e-10 
 6.29538210e-06  1.01942253e-08  1.01942252e-08  1.01941371e-08  1.01942254e-08  1.02988952e-08  1.02988952e-08  1.01942254e-08  1.01906171e-08 
 6.29738210e-06 -1.14826235e-09 -1.14826234e-09 -1.14816972e-09 -1.14826251e-09 -1.32132308e-09 -1.32132306e-09 -1.14826250e-09 -1.14452186e-09 
 6.29938210e-06  1.07382449e-08  1.07382450e-08  1.07381478e-08  1.07382451e-08  1.09808254e-08  1.09808253e-08  1.07382451e-08  1.07343784e-08 
 6.30138210e-06 -1.69795360e-09 -1.69795364e-09 -1.69785185e-09 -1.69795380e-09 -2.01111084e-09 -2.01111088e-09 -1.69795383e-09 -1.69396766e-09 
 6.30338210e-06  1.12929926e-08  1.12929927e-08  1.12928863e-08  1.12929928e-08  1.16776240e-08  1.16776240e-08  1.12929929e-08  1.12888944e-08 
 6.30538210e-06 -2.25714859e-09 -2.25714864e-09 -2.25703757e-09 -2.25714880e-09 -2.71408795e-09 -2.71408794e-09 -2.25714878e-09 -2.25294568e-09 
 6.30738210e-06  1.18560260e-08  1.18560261e-08  1.18559104e-08  1.18560262e-08  1.23859531e-08  1.23859531e-08  1.18560262e-08  1.18517266e-08 
 6.30938210e-06 -2.82341905e-09 -2.82341908e-09 -2.82329886e-09 -2.82341926e-09 -3.42695862e-09 -3.42695862e-09 -2.82341926e-09 -2.81903158e-09 
 6.31138210e-06  1.24249355e-08  1.24249355e-08  1.24248107e-08  1.24249357e-08  1.31025644e-08  1.31025643e-08  1.24249356e-08  1.24204691e-08 
 6.31338210e-06 -3.39437834e-09 -3.39437835e-09 -3.39424913e-09 -3.39437847e-09 -4.14652649e-09 -4.14652653e-09 -3.39437848e-09 -3.38984238e-09 
 6.31538210e-06  1.29973612e-08  1.29973613e-08  1.29972276e-08  1.29973614e-08  1.38243174e-08  1.38243174e-08  1.29973614e-08  1.29927657e-08 
 6.31738210e-06 -3.96769708e-09 -3.96769709e-09 -3.96755918e-09 -3.96769717e-09 -4.86971132e-09 -4.86971134e-09 -3.96769719e-09 -3.96305215e-09 
 6.31938210e-06  1.35710077e-08  1.35710077e-08  1.35708656e-08  1.35710078e-08  1.45481955e-08  1.45481955e-08  1.35710078e-08  1.35663241e-08 
 6.32138210e-06 -4.54111659e-09 -4.54111655e-09 -4.54097043e-09 -4.54111665e-09 -5.59356243e-09 -5.59356247e-09 -4.54111667e-09 -4.53640549e-09 
 6.32338210e-06  1.41436559e-08  1.41436559e-08  1.41435059e-08  1.41436560e-08  1.52713168e-08  1.52713168e-08  1.41436560e-08  1.41389288e-08 
 6.32538210e-06 -5.11246031e-09 -5.11246026e-09 -5.11230661e-09 -5.11246034e-09 -6.31526946e-09 -6.31526945e-09 -5.11246035e-09 -5.10772902e-09 
 6.32738210e-06  1.47131742e-08  1.47131742e-08  1.47130169e-08  1.47131743e-08  1.59909441e-08  1.59909442e-08  1.47131743e-08  1.47084510e-08 
 6.32938210e-06 -5.67964357e-09 -5.67964353e-09 -5.67948299e-09 -5.67964364e-09 -7.03217015e-09 -7.03217014e-09 -5.67964363e-09 -5.67494101e-09 
 6.33138210e-06  1.52775268e-08  1.52775268e-08  1.52773631e-08  1.52775269e-08  1.67044917e-08  1.67044918e-08  1.52775269e-08  1.52728577e-08 
 6.33338210e-06 -6.24068136e-09 -6.24068126e-09 -6.24051482e-09 -6.24068139e-09 -7.74175640e-09 -7.74175642e-09 -6.24068139e-09 -6.23605900e-09 
 6.33538210e-06  1.58347809e-08  1.58347808e-08  1.58346117e-08  1.58347809e-08  1.74095301e-08  1.74095301e-08  1.58347809e-08  1.58302187e-08 
 6.33738210e-06 -6.79369443e-09 -6.79369440e-09 -6.79352291e-09 -6.79369445e-09 -8.44167796e-09 -8.44167802e-09 -6.79369447e-09 -6.78920626e-09 
 6.33938210e-06  1.63831120e-08  1.63831120e-08  1.63829385e-08  1.63831121e-08  1.81037889e-08  1.81037889e-08  1.63831121e-08  1.63787119e-08 
 6.34138210e-06 -7.33691417e-09 -7.33691415e-09 -7.33673887e-09 -7.33691428e-09 -9.12974479e-09 -9.12974482e-09 -7.33691426e-09 -7.33261649e-09 
 6.34338210e-06  1.69208084e-08  1.69208084e-08  1.69206316e-08  1.69208085e-08  1.87851583e-08  1.87851584e-08  1.69208085e-08  1.69166276e-08 
 6.34538210e-06 -7.86868629e-09 -7.86868630e-09 -7.86850843e-09 -7.86868642e-09 -9.80392754e-09 -9.80392761e-09 -7.86868640e-09 -7.86463725e-09 
 6.34738210e-06  1.74462736e-08  1.74462736e-08  1.74460949e-08  1.74462737e-08  1.94516894e-08  1.94516894e-08  1.74462736e-08  1.74423712e-08 
 6.34938210e-06 -8.38747269e-09 -8.38747265e-09 -8.38729363e-09 -8.38747276e-09 -1.04623571e-08 -1.04623572e-08 -8.38747274e-09 -8.38373237e-09 
 6.35138210e-06  1.79580281e-08  1.79580281e-08  1.79578491e-08  1.79580282e-08  2.01015925e-08  2.01015925e-08  1.79580282e-08  1.79544652e-08 
 6.35338210e-06 -8.89185265e-09 -8.89185272e-09 -8.89167408e-09 -8.89185281e-09 -1.11033231e-08 -1.11033231e-08 -8.89185281e-09 -8.88848293e-09 
 6.35538210e-06  1.84547103e-08  1.84547104e-08  1.84545326e-08  1.84547104e-08  2.07332353e-08  2.07332353e-08  1.84547104e-08  1.84515493e-08 
 6.35738210e-06 -9.38052370e-09 -9.38052373e-09 -9.38034717e-09 -9.38052385e-09 -1.17252704e-08 -1.17252704e-08 -9.38052381e-09 -9.37758751e-09 
 6.35938210e-06  1.89408243e-08  1.89408243e-08  1.89406495e-08  1.89408245e-08  2.13515889e-08  2.13515889e-08  1.89408244e-08  1.89381279e-08 
 6.36138210e-06 -9.85182985e-09 -9.85182985e-09 -9.85165716e-09 -9.85182999e-09 -1.23262016e-08 -1.23262016e-08 -9.85182991e-09 -9.84939118e-09 
 6.36338210e-06  1.94034563e-08  1.94034564e-08  1.94032862e-08  1.94034565e-08  2.19420615e-08  2.19420615e-08  1.94034564e-08  1.94012901e-08 
 6.36538210e-06 -1.03022426e-08 -1.03022426e-08 -1.03020756e-08 -1.03022427e-08 -1.29017837e-08 -1.29017838e-08 -1.03022426e-08 -1.03003676e-08 
 6.36738210e-06  1.98481818e-08  1.98481817e-08  1.98480183e-08  1.98481818e-08  2.25109719e-08  2.25109719e-08  1.98481817e-08  1.98466120e-08 
 6.36938210e-06 -1.07371066e-08 -1.07371066e-08 -1.07369473e-08 -1.07371067e-08 -1.34588021e-08 -1.34588021e-08 -1.07371066e-08 -1.07358608e-08 
 6.37138210e-06  2.02735236e-08  2.02735235e-08  2.02733687e-08  2.02735236e-08  2.30565604e-08  2.30565604e-08  2.02735235e-08  2.02726166e-08 
 6.37338210e-06 -1.11521921e-08 -1.11521921e-08 -1.11520425e-08 -1.11521921e-08 -1.39920459e-08 -1.39920459e-08 -1.11521921e-08 -1.11516420e-08 
 6.37538210e-06  2.06786937e-08  2.06786937e-08  2.06785496e-08  2.06786937e-08  2.35779246e-08  2.35779246e-08  2.06786936e-08  2.06785165e-08 
 6.37738210e-06 -1.15467650e-08 -1.15467649e-08 -1.15466271e-08 -1.15467650e-08 -1.45006790e-08 -1.45006790e-08 -1.15467649e-08 -1.15469777e-08 
 6.37938210e-06  2.10630102e-08  2.10630101e-08  2.10628789e-08  2.10630101e-08  2.40742919e-08  2.40742919e-08  2.10630101e-08  2.10636298e-08 
 6.38138210e-06 -1.19201954e-08 -1.19201953e-08 -1.19200715e-08 -1.19201953e-08 -1.49839921e-08 -1.49839921e-08 -1.19201953e-08 -1.19212382e-08 
 6.38338210e-06  2.14258935e-08  2.14258935e-08  2.14257774e-08  2.14258935e-08  2.45450140e-08  2.45450139e-08  2.14258934e-08  2.14273776e-08 
 6.38538210e-06 -1.22719539e-08 -1.22719539e-08 -1.22718463e-08 -1.22719538e-08 -1.54413966e-08 -1.54413965e-08 -1.22719538e-08 -1.22738944e-08 
 6.38738210e-06  2.17668629e-08  2.17668628e-08  2.17667643e-08  2.17668628e-08  2.49895599e-08  2.49895599e-08  2.17668627e-08  2.17692789e-08 
 6.38938210e-06 -1.26016079e-08 -1.26016079e-08 -1.26015190e-08 -1.26016079e-08 -1.58724190e-08 -1.58724190e-08 -1.26016078e-08 -1.26045134e-08 
 6.39138210e-06  2.20855320e-08  2.20855320e-08  2.20854532e-08  2.20855319e-08  2.54075112e-08  2.54075112e-08  2.20855318e-08  2.20889473e-08 
 6.39338210e-06 -1.29088168e-08 -1.29088168e-08 -1.29087489e-08 -1.29088168e-08 -1.62766945e-08 -1.62766944e-08 -1.29088167e-08 -1.29127547e-08 
 6.39538210e-06  2.23816046e-08  2.23816046e-08  2.23815480e-08  2.23816046e-08  2.57985549e-08  2.57985549e-08  2.23816044e-08  2.23860865e-08 
 6.39738210e-06 -1.31933281e-08 -1.31933281e-08 -1.31932836e-08 -1.31933281e-08 -1.66539610e-08 -1.66539611e-08 -1.31933280e-08 -1.31983652e-08 
 6.39938210e-06  2.26548703e-08  2.26548703e-08  2.26548383e-08  2.26548703e-08  2.61624782e-08  2.61624782e-08  2.26548701e-08  2.26604854e-08 
 6.40138210e-06 -1.34549725e-08 -1.34549725e-08 -1.34549538e-08 -1.34549725e-08 -1.70040536e-08 -1.70040536e-08 -1.34549723e-08 -1.34611752e-08 
 6.40338210e-06  2.29051997e-08  2.29051996e-08  2.29051947e-08  2.29051996e-08  2.64991616e-08  2.64991616e-08  2.29051994e-08  2.29120141e-08 
 6.40538210e-06 -1.36936594e-08 -1.36936594e-08 -1.36936689e-08 -1.36936594e-08 -1.73268970e-08 -1.73268970e-08 -1.36936592e-08 -1.37010936e-08 
 6.40738210e-06  2.31325397e-08  2.31325396e-08  2.31325643e-08  2.31325396e-08  2.68085733e-08  2.68085733e-08  2.31325395e-08  2.31406191e-08 
 6.40938210e-06 -1.39093724e-08 -1.39093724e-08 -1.39094126e-08 -1.39093723e-08 -1.76225013e-08 -1.76225013e-08 -1.39093722e-08 -1.39181032e-08 
 6.41138210e-06  2.33369093e-08  2.33369093e-08  2.33369659e-08  2.33369093e-08  2.70907634e-08  2.70907634e-08  2.33369091e-08  2.33463184e-08 
 6.41338210e-06 -1.41021646e-08 -1.41021646e-08 -1.41022380e-08 -1.41021646e-08 -1.78909551e-08 -1.78909551e-08 -1.41021644e-08 -1.41122562e-08 
 6.41538210e-06  2.35183949e-08  2.35183948e-08  2.35184858e-08  2.35183948e-08  2.73458577e-08  2.73458578e-08  2.35183946e-08  2.35291973e-08 
 6.41738210e-06 -1.42721541e-08 -1.42721540e-08 -1.42722630e-08 -1.42721540e-08 -1.81324202e-08 -1.81324202e-08 -1.42721538e-08 -1.42836696e-08 
 6.41938210e-06  2.36771450e-08  2.36771450e-08  2.36772728e-08  2.36771450e-08  2.75740528e-08  2.75740528e-08  2.36771448e-08  2.36894037e-08 
 6.42138210e-06 -1.44195191e-08 -1.44195191e-08 -1.44196661e-08 -1.44195190e-08 -1.83471257e-08 -1.83471257e-08 -1.44195188e-08 -1.44325209e-08 
 6.42338210e-06  2.38133669e-08  2.38133668e-08  2.38135339e-08  2.38133668e-08  2.77756094e-08  2.77756094e-08  2.38133666e-08  2.38271434e-08 
 6.42538210e-06 -1.45444940e-08 -1.45444939e-08 -1.45446814e-08 -1.45444939e-08 -1.85353629e-08 -1.85353629e-08 -1.45444937e-08 -1.45590430e-08 
 6.42738210e-06  2.39273211e-08  2.39273211e-08  2.39275298e-08  2.39273211e-08  2.79508484e-08  2.79508484e-08  2.39273208e-08  2.39426759e-08 
 6.42938210e-06 -1.46473645e-08 -1.46473644e-08 -1.46475948e-08 -1.46473645e-08 -1.86974800e-08 -1.86974800e-08 -1.46473642e-08 -1.46635205e-08 
 6.43138210e-06  2.40193178e-08  2.40193178e-08  2.40195706e-08  2.40193178e-08  2.81001445e-08  2.81001445e-08  2.40193176e-08  2.40363100e-08 
 6.43338210e-06 -1.47284636e-08 -1.47284636e-08 -1.47287391e-08 -1.47284636e-08 -1.88338770e-08 -1.88338770e-08 -1.47284633e-08 -1.47462850e-08 
 6.43538210e-06  2.40897125e-08  2.40897125e-08  2.40900117e-08  2.40897125e-08  2.82239222e-08  2.82239222e-08  2.40897122e-08  2.41083997e-08 
 6.43738210e-06 -1.47881677e-08 -1.47881676e-08 -1.47884907e-08 -1.47881676e-08 -1.89450010e-08 -1.89450010e-08 -1.47881674e-08 -1.48077112e-08 
 6.43938210e-06  2.41389015e-08  2.41389015e-08  2.41392494e-08  2.41389015e-08  2.83226506e-08  2.83226506e-08  2.41389012e-08  2.41593397e-08 
 6.44138210e-06 -1.48268919e-08 -1.48268918e-08 -1.48272646e-08 -1.48268918e-08 -1.90313412e-08 -1.90313412e-08 -1.48268916e-08 -1.48482127e-08 
 6.44338210e-06  2.41673187e-08  2.41673187e-08  2.41677174e-08  2.41673187e-08  2.83968389e-08  2.83968388e-08  2.41673184e-08  2.41895623e-08 
 6.44538210e-06 -1.48450870e-08 -1.48450870e-08 -1.48455116e-08 -1.48450869e-08 -1.90934251e-08 -1.90934251e-08 -1.48450867e-08 -1.48682388e-08 
 6.44738210e-06  2.41754313e-08  2.41754312e-08  2.41758829e-08  2.41754313e-08  2.84470322e-08  2.84470322e-08  2.41754309e-08  2.41995333e-08 
 6.44938210e-06 -1.48478205e-08 -1.48478204e-08 -1.48482993e-08 -1.48478204e-08 -1.91377215e-08 -1.91377214e-08 -1.48478201e-08 -1.48728623e-08 
 6.45138210e-06  2.41560389e-08  2.41560389e-08  2.41565456e-08  2.41560389e-08  2.84647221e-08  2.84647221e-08  2.41560386e-08  2.41820414e-08 
 6.45338210e-06 -1.48263901e-08 -1.48263901e-08 -1.48269251e-08 -1.48263901e-08 -1.91529798e-08 -1.91529799e-08 -1.48263897e-08 -1.48533659e-08 
 6.45538210e-06  2.41250404e-08  2.41250405e-08  2.41256044e-08  2.41250405e-08  2.84686590e-08  2.84686590e-08  2.41250400e-08  2.41530013e-08 
 6.45738210e-06 -1.47859566e-08 -1.47859567e-08 -1.47865499e-08 -1.47859567e-08 -1.91457485e-08 -1.91457485e-08 -1.47859562e-08 -1.48149148e-08 
 6.45938210e-06  2.40753184e-08  2.40753185e-08  2.40759415e-08  2.40753185e-08  2.84504229e-08  2.84504229e-08  2.40753180e-08  2.41052843e-08 
 6.46138210e-06 -1.47270925e-08 -1.47270925e-08 -1.47277458e-08 -1.47270925e-08 -1.91166663e-08 -1.91166662e-08 -1.47270920e-08 -1.47580760e-08 
 6.46338210e-06  2.40074702e-08  2.40074703e-08  2.40081542e-08  2.40074703e-08  2.84106629e-08  2.84106628e-08  2.40074698e-08  2.40394804e-08 
 6.46538210e-06 -1.46504173e-08 -1.46504174e-08 -1.46511324e-08 -1.46504174e-08 -1.90663912e-08 -1.90663912e-08 -1.46504169e-08 -1.46834639e-08 
 6.46738210e-06  2.39221320e-08  2.39221321e-08  2.39228786e-08  2.39221321e-08  2.83500460e-08  2.83500460e-08  2.39221316e-08  2.39562236e-08 
 6.46938210e-06 -1.45565747e-08 -1.45565747e-08 -1.45573531e-08 -1.45565747e-08 -1.89956014e-08 -1.89956014e-08 -1.45565742e-08 -1.45917206e-08 
 6.47138210e-06  2.38199498e-08  2.38199498e-08  2.38207605e-08  2.38199498e-08  2.82692684e-08  2.82692683e-08  2.38199493e-08  2.38561585e-08 
 6.47338210e-06 -1.44462124e-08 -1.44462125e-08 -1.44470558e-08 -1.44462124e-08 -1.89050224e-08 -1.89050224e-08 -1.44462119e-08 -1.44834927e-08 
 6.47538210e-06  2.37015730e-08  2.37015730e-08  2.37024494e-08  2.37015730e-08  2.81690812e-08  2.81690812e-08  2.37015725e-08  2.37399330e-08 
 6.47738210e-06 -1.43199776e-08 -1.43199776e-08 -1.43208875e-08 -1.43199776e-08 -1.87954135e-08 -1.87954135e-08 -1.43199771e-08 -1.43594270e-08 
 6.47938210e-06  2.35676388e-08  2.35676388e-08  2.35685825e-08  2.35676388e-08  2.80502430e-08  2.80502429e-08  2.35676383e-08  2.36081871e-08 
 6.48138210e-06 -1.41784946e-08 -1.41784947e-08 -1.41794727e-08 -1.41784947e-08 -1.86675318e-08 -1.86675318e-08 -1.41784941e-08 -1.42201520e-08 
 6.48338210e-06  2.34187599e-08  2.34187600e-08  2.34197727e-08  2.34187600e-08  2.79135093e-08  2.79135093e-08  2.34187594e-08  2.34615355e-08 
 6.48500000e-06 -1.40029904e-08 -1.40029905e-08 -1.40040465e-08 -1.40029904e-08 -1.85038303e-08 -1.85038303e-08 -1.40029898e-08 -1.40471611e-08 
 6.48520000e-06  4.44229639e-09  4.44229638e-09  4.44238788e-09  4.44229640e-09  4.45301196e-09  4.45301196e-09  4.44229639e-09  4.44522464e-09 
 6.48560000e-06  4.91309322e-09  4.91309328e-09  4.91299776e-09  4.91309328e-09  4.91018895e-09  4.91018891e-09  4.91309328e-09  4.91006146e-09 
 6.48640000e-06  4.38594065e-09  4.38594055e-09  4.38603767e-09  4.38594055e-09  4.38517116e-09  4.38517122e-09  4.38594049e-09  4.38901394e-09 
 6.48715030e-06  4.94786366e-09  4.94786374e-09  4.94776526e-09  4.94786373e-09  4.95238862e-09  4.95238857e-09  4.94786375e-09  4.94475325e-09 
 6.48769748e-06  4.34716912e-09  4.34716914e-09  4.34726902e-09  4.34716916e-09  4.33775440e-09  4.33775442e-09  4.34716911e-09  4.35031874e-09 
 6.48811443e-06  4.99385496e-09  4.99385490e-09  4.99375385e-09  4.99385480e-09  5.00925702e-09  5.00925695e-09  4.99385490e-09  4.99067186e-09 
 6.48850989e-06  4.28822172e-09  4.28822177e-09  4.28832314e-09  4.28822181e-09  4.26700960e-09  4.26700968e-09  4.28822171e-09  4.29142259e-09 
 6.48885199e-06  5.13394494e-09  5.13394486e-09  5.13384406e-09  5.13394503e-09  5.16118329e-09  5.16118329e-09  5.13394501e-09  5.13074406e-09 
 6.48908032e-06  3.53710150e-09  3.53710165e-09  3.53720010e-09  3.53710134e-09  3.50356522e-09  3.50356517e-09  3.53710137e-09  3.54019969e-09 
 6.48931880e-06  7.99863274e-09  7.99863266e-09  7.99853805e-09  7.99863293e-09  8.03149319e-09  8.03149329e-09  7.99863294e-09  7.99591796e-09 
 6.48948797e-06 -9.42508179e-09 -9.42508181e-09 -9.42499419e-09 -9.42508199e-09 -9.43420879e-09 -9.43420902e-09 -9.42508207e-09 -9.42389365e-09 
 6.48966817e-06  4.33831587e-08  4.33831587e-08  4.33830792e-08  4.33831588e-08  4.33366554e-08  4.33366556e-08  4.33831588e-08  4.33847792e-08 
 6.48986546e-06 -7.45335373e-08 -7.45335373e-08 -7.45334653e-08 -7.45335372e-08 -7.44061603e-08 -7.44061606e-08 -7.45335371e-08 -7.45387477e-08 
 6.49000000e-06  1.79264932e-07  1.79264932e-07  1.79264868e-07  1.79264932e-07  1.78983459e-07  1.78983459e-07  1.79264932e-07  1.79275701e-07 
 6.49002198e-06 -2.40071849e-07 -2.40071849e-07 -2.40071821e-07 -2.40071849e-07 -2.39894900e-07 -2.39894900e-07 -2.40071848e-07 -2.40098491e-07 
 6.49006594e-06  2.93243635e-07  2.93243635e-07  2.93243540e-07  2.93243635e-07  2.93427482e-07  2.93427482e-07  2.93243636e-07  2.93388999e-07 
 6.49015386e-06 -2.49357105e-07 -2.49357105e-07 -2.49356990e-07 -2.49357105e-07 -2.49849792e-07 -2.49849792e-07 -2.49357108e-07 -2.49637177e-07 
 6.49032970e-06  2.31919406e-07  2.31919406e-07  2.31919293e-07  2.31919406e-07  2.32583521e-07  2.32583521e-07  2.31919410e-07  2.32290467e-07 
 6.49068137e-06 -2.07795527e-07 -2.07795527e-07 -2.07795418e-07 -2.07795527e-07 -2.08547967e-07 -2.08547967e-07 -2.07795532e-07 -2.08217731e-07 
 6.49138472e-06  2.09481007e-07  2.09481007e-07  2.09480901e-07  2.09481007e-07  2.10277918e-07  2.10277918e-07  2.09481012e-07  2.09930008e-07 
 6.49257292e-06 -1.95585967e-07 -1.95585967e-07 -1.95585863e-07 -1.95585967e-07 -1.96409295e-07 -1.96409295e-07 -1.95585972e-07 -1.96051207e-07 
 6.49446152e-06  2.02004895e-07  2.02004895e-07  2.02004793e-07  2.02004895e-07  2.02844854e-07  2.02844854e-07  2.02004901e-07  2.02480478e-07 
 6.49646152e-06 -1.89938877e-07 -1.89938877e-07 -1.89938777e-07 -1.89938877e-07 -1.90794557e-07 -1.90794557e-07 -1.89938883e-07 -1.90424321e-07 
 6.49846152e-06  1.96496967e-07  1.96496967e-07  1.96496868e-07  1.96496967e-07  1.97368367e-07  1.97368367e-07  1.96496973e-07  1.96992352e-07 
 6.50046152e-06 -1.84411177e-07 -1.84411177e-07 -1.84411079e-07 -1.84411177e-07 -1.85298305e-07 -1.85298305e-07 -1.84411183e-07 -1.84916588e-07 
 6.50246152e-06  1.90951527e-07  1.90951527e-07  1.90951432e-07  1.90951527e-07  1.91854379e-07  1.91854379e-07  1.90951534e-07  1.91467042e-07 
 6.50446152e-06 -1.78849999e-07 -1.78849999e-07 -1.78849905e-07 -1.78849999e-07 -1.79768576e-07 -1.79768576e-07 -1.78850006e-07 -1.79375696e-07 
 6.50646152e-06  1.85376555e-07  1.85376555e-07  1.85376463e-07  1.85376555e-07  1.86310845e-07  1.86310845e-07  1.85376562e-07  1.85912506e-07 
 6.50846152e-06 -1.73263149e-07 -1.73263149e-07 -1.73263059e-07 -1.73263149e-07 -1.74213148e-07 -1.74213148e-07 -1.73263156e-07 -1.73809428e-07 
 6.51046152e-06  1.79779681e-07  1.79779681e-07  1.79779594e-07  1.79779682e-07  1.80745372e-07  1.80745373e-07  1.79779689e-07  1.80336354e-07 
 6.51246152e-06 -1.67658084e-07 -1.67658084e-07 -1.67657999e-07 -1.67658084e-07 -1.68639456e-07 -1.68639457e-07 -1.67658092e-07 -1.68225219e-07 
 6.51446152e-06  1.74168192e-07  1.74168192e-07  1.74168109e-07  1.74168192e-07  1.75165222e-07  1.75165222e-07  1.74168200e-07  1.74745848e-07 
 6.51646152e-06 -1.62041920e-07 -1.62041920e-07 -1.62041839e-07 -1.62041920e-07 -1.63054591e-07 -1.63054591e-07 -1.62041928e-07 -1.62630161e-07 
 6.51846152e-06  1.68549032e-07  1.68549032e-07  1.68548954e-07  1.68549033e-07  1.69577315e-07  1.69577315e-07  1.68549041e-07  1.69147912e-07 
 6.52046152e-06 -1.56421433e-07 -1.56421432e-07 -1.56421357e-07 -1.56421433e-07 -1.57465303e-07 -1.57465303e-07 -1.56421441e-07 -1.57031008e-07 
 6.52246152e-06  1.62928813e-07  1.62928813e-07  1.62928739e-07  1.62928813e-07  1.63988236e-07  1.63988236e-07  1.62928821e-07  1.63549131e-07 
 6.52446152e-06 -1.50803067e-07 -1.50803067e-07 -1.50802997e-07 -1.50803067e-07 -1.51878015e-07 -1.51878015e-07 -1.50803076e-07 -1.51434181e-07 
 6.52646152e-06  1.57313814e-07  1.57313814e-07  1.57313746e-07  1.57313814e-07  1.58404244e-07  1.58404244e-07  1.57313823e-07  1.57955764e-07 
 6.52846152e-06 -1.45192943e-07 -1.45192943e-07 -1.45192878e-07 -1.45192943e-07 -1.46298820e-07 -1.46298820e-07 -1.45192952e-07 -1.45845777e-07 
 6.53046152e-06  1.51709994e-07  1.51709994e-07  1.51709932e-07  1.51709995e-07  1.52831272e-07  1.52831272e-07  1.51710004e-07  1.52373746e-07 
 6.53246152e-06 -1.39596860e-07 -1.39596860e-07 -1.39596801e-07 -1.39596860e-07 -1.40733497e-07 -1.40733497e-07 -1.39596870e-07 -1.40271570e-07 
 6.53446152e-06  1.46122999e-07  1.46122999e-07  1.46122943e-07  1.46122999e-07  1.47274942e-07  1.47274942e-07  1.46123009e-07  1.46808697e-07 
 6.53646152e-06 -1.34020308e-07 -1.34020308e-07 -1.34020255e-07 -1.34020308e-07 -1.35187510e-07 -1.35187510e-07 -1.34020318e-07 -1.34717028e-07 
 6.53846152e-06  1.40558164e-07  1.40558164e-07  1.40558114e-07  1.40558164e-07  1.41740566e-07  1.41740567e-07  1.40558174e-07  1.41265930e-07 
 6.54046152e-06 -1.28468472e-07 -1.28468472e-07 -1.28468425e-07 -1.28468472e-07 -1.29666022e-07 -1.29666022e-07 -1.28468483e-07 -1.29187312e-07 
 6.54246152e-06  1.35020526e-07  1.35020526e-07  1.35020483e-07  1.35020527e-07  1.36233160e-07  1.36233160e-07  1.35020538e-07  1.35750458e-07 
 6.54446152e-06 -1.22946243e-07 -1.22946243e-07 -1.22946203e-07 -1.22946243e-07 -1.24173900e-07 -1.24173900e-07 -1.22946254e-07 -1.23687287e-07 
 6.54646152e-06  1.29514833e-07  1.29514833e-07  1.29514796e-07  1.29514833e-07  1.30757445e-07  1.30757445e-07  1.29514844e-07  1.30267002e-07 
 6.54846152e-06 -1.17458225e-07 -1.17458225e-07 -1.17458192e-07 -1.17458225e-07 -1.18715726e-07 -1.18715726e-07 -1.17458237e-07 -1.18221535e-07 
 6.55046152e-06  1.24045546e-07  1.24045546e-07  1.24045517e-07  1.24045547e-07  1.25317862e-07  1.25317863e-07  1.24045558e-07  1.24820004e-07 
 6.55246152e-06 -1.12008743e-07 -1.12008743e-07 -1.12008717e-07 -1.12008743e-07 -1.13295803e-07 -1.13295803e-07 -1.12008755e-07 -1.12794356e-07 
 6.55446152e-06  1.18616857e-07  1.18616857e-07  1.18616835e-07  1.18616857e-07  1.19918581e-07  1.19918581e-07  1.18616869e-07  1.19413627e-07 
 6.55646152e-06 -1.06601853e-07 -1.06601853e-07 -1.06601835e-07 -1.06601853e-07 -1.07918164e-07 -1.07918164e-07 -1.06601866e-07 -1.07409783e-07 
 6.55846152e-06  1.13232688e-07  1.13232688e-07  1.13232674e-07  1.13232688e-07  1.14563502e-07  1.14563502e-07  1.13232701e-07  1.14051773e-07 
 6.56046152e-06 -1.01241349e-07 -1.01241349e-07 -1.01241339e-07 -1.01241349e-07 -1.02586583e-07 -1.02586583e-07 -1.01241362e-07 -1.02071586e-07 
 6.56246152e-06  1.07926680e-07  1.07926680e-07  1.07926674e-07  1.07926680e-07  1.09286685e-07  1.09286685e-07  1.07926693e-07  1.08768333e-07 
 6.56446152e-06 -9.59262681e-08 -9.59262681e-08 -9.59262662e-08 -9.59262684e-08 -9.73001016e-08 -9.73001017e-08 -9.59262820e-08 -9.67787992e-08 
 6.56646152e-06  1.02608139e-07  1.02608139e-07  1.02608141e-07  1.02608139e-07  1.03996118e-07  1.03996118e-07  1.02608153e-07  1.03471784e-07 
 6.56846152e-06 -9.06695215e-08 -9.06695214e-08 -9.06695279e-08 -9.06695217e-08 -9.20715532e-08 -9.20715533e-08 -9.06695359e-08 -9.15442661e-08 
 6.57046152e-06  9.73791207e-08  9.73791207e-08  9.73791315e-08  9.73791210e-08  9.87951058e-08  9.87951058e-08  9.73791354e-08  9.82649429e-08 
 6.57246152e-06 -8.54689991e-08 -8.54689991e-08 -8.54690142e-08 -8.54689994e-08 -8.68988393e-08 -8.68988393e-08 -8.54690141e-08 -8.63658784e-08 
 6.57446152e-06  9.22077781e-08  9.22077781e-08  9.22077976e-08  9.22077783e-08  9.36513693e-08  9.36513693e-08  9.22077933e-08  9.31156870e-08 
 6.57646152e-06 -8.03275481e-08 -8.03275481e-08 -8.03275721e-08 -8.03275484e-08 -8.17847870e-08 -8.17847871e-08 -8.03275636e-08 -8.12464603e-08 
 6.57846152e-06  8.70968478e-08  8.70968478e-08  8.70968763e-08  8.70968481e-08  8.85676259e-08  8.85676260e-08  8.70968636e-08  8.80267304e-08 
 6.58046152e-06 -7.52477971e-08 -7.52477971e-08 -7.52478302e-08 -7.52477974e-08 -7.67320063e-08 -7.67320063e-08 -7.52478132e-08 -7.61886183e-08 
 6.58246152e-06  8.20488530e-08  8.20488530e-08  8.20488908e-08  8.20488534e-08  8.35463801e-08  8.35463802e-08  8.20488695e-08  8.30005745e-08 
 6.58446152e-06 -7.02321659e-08 -7.02321659e-08 -7.02322083e-08 -7.02321661e-08 -7.17428979e-08 -7.17428979e-08 -7.02321825e-08 -7.11947501e-08 
 6.58646152e-06  7.70661119e-08  7.70661119e-08  7.70661591e-08  7.70661122e-08  7.85899315e-08  7.85899316e-08  7.70661289e-08  7.80395156e-08 
 6.58846152e-06 -6.52828729e-08 -6.52828729e-08 -6.52829249e-08 -6.52828732e-08 -6.68196624e-08 -6.68196625e-08 -6.52828901e-08 -6.62670530e-08 
 6.59046152e-06  7.21507456e-08  7.21507456e-08  7.21508024e-08  7.21507459e-08  7.37003837e-08  7.37003838e-08  7.21507631e-08  7.31456537e-08 
 6.59246152e-06 -6.04019442e-08 -6.04019441e-08 -6.04020058e-08 -6.04019444e-08 -6.19643087e-08 -6.19643088e-08 -6.04019619e-08 -6.14075319e-08 
 6.59446152e-06  6.73046871e-08  6.73046871e-08  6.73047536e-08  6.73046873e-08  6.88796525e-08  6.88796526e-08  6.73047051e-08  6.83209009e-08 
 6.59646152e-06 -5.55912213e-08 -5.55912214e-08 -5.55912929e-08 -5.55912216e-08 -5.71786613e-08 -5.71786613e-08 -5.55912397e-08 -5.66180079e-08 
 6.59846152e-06  6.25296887e-08  6.25296887e-08  6.25297653e-08  6.25296890e-08  6.41294738e-08  6.41294739e-08  6.25297074e-08  6.35669895e-08 
 6.60046152e-06 -5.08523697e-08 -5.08523697e-08 -5.08524514e-08 -5.08523700e-08 -5.24643693e-08 -5.24643694e-08 -5.08523887e-08 -5.19001263e-08 
 6.60246152e-06  5.78273307e-08  5.78273307e-08  5.78274174e-08  5.78273309e-08  5.94514117e-08  5.94514118e-08  5.78273499e-08  5.88854799e-08 
 6.60446152e-06 -4.61868861e-08 -4.61868860e-08 -4.61869780e-08 -4.61868863e-08 -4.78229139e-08 -4.78229140e-08 -4.61869056e-08 -4.72553645e-08 
 6.60646152e-06  5.31990283e-08  5.31990283e-08  5.31991253e-08  5.31990285e-08  5.48468663e-08  5.48468664e-08  5.31990481e-08  5.42777682e-08 
 6.60846152e-06 -4.15961062e-08 -4.15961061e-08 -4.15962084e-08 -4.15961064e-08 -4.32556159e-08 -4.32556160e-08 -4.15961262e-08 -4.26850394e-08 
 6.61046152e-06  4.86460396e-08  4.86460395e-08  4.86461471e-08  4.86460398e-08  5.03170811e-08  5.03170812e-08  4.86460600e-08  4.97450940e-08 
 6.61246152e-06 -3.70812123e-08 -3.70812122e-08 -3.70813250e-08 -3.70812125e-08 -3.87636432e-08 -3.87636433e-08 -3.70812329e-08 -3.81903148e-08 
 6.61446152e-06  4.41694730e-08  4.41694730e-08  4.41695912e-08  4.41694733e-08  4.58631504e-08  4.58631505e-08  4.41694940e-08  4.52885474e-08 
 6.61646152e-06 -3.26365781e-08 -3.26365780e-08 -3.26367016e-08 -3.26365784e-08 -3.43408127e-08 -3.43408128e-08 -3.26365994e-08 -3.37651850e-08 
 6.61846152e-06  3.97740175e-08  3.97740175e-08  3.97741465e-08  3.97740178e-08  4.14897281e-08  4.14897282e-08  3.97740392e-08  4.09127814e-08 
 6.62046152e-06 -2.82865685e-08 -2.82865684e-08 -2.82867028e-08 -2.82865687e-08 -3.00130859e-08 -3.00130859e-08 -2.82865904e-08 -2.94350657e-08 
 6.62246152e-06  3.54525853e-08  3.54525853e-08  3.54527251e-08  3.54525855e-08  3.71897603e-08  3.71897603e-08  3.54526075e-08  3.66107313e-08 
 6.62446152e-06 -2.40045552e-08 -2.40045551e-08 -2.40047005e-08 -2.40045555e-08 -2.57522355e-08 -2.57522356e-08 -2.40045777e-08 -2.51722640e-08 
 6.62646152e-06  3.12101240e-08  3.12101239e-08  3.12102748e-08  3.12101242e-08  3.29681576e-08  3.29681577e-08  3.12101468e-08  3.23873070e-08 
 6.62846152e-06 -1.98018136e-08 -1.98018135e-08 -1.98019701e-08 -1.98018138e-08 -2.15700453e-08 -2.15700454e-08 -1.98018367e-08 -2.09883809e-08 
 6.63046152e-06  2.70521939e-08  2.70521939e-08  2.70523560e-08  2.70521942e-08  2.88310346e-08  2.88310347e-08  2.70522174e-08  2.82484356e-08 
 6.63246152e-06 -1.56752510e-08 -1.56752509e-08 -1.56754186e-08 -1.56752512e-08 -1.74634314e-08 -1.74634315e-08 -1.56752747e-08 -1.68803261e-08 
 6.63446152e-06  2.29609265e-08  2.29609265e-08  2.29610998e-08  2.29609268e-08  2.47588340e-08  2.47588341e-08  2.29609506e-08  2.41751028e-08 
 6.63646152e-06 -1.16329578e-08 -1.16329578e-08 -1.16331368e-08 -1.16329581e-08 -1.34404317e-08 -1.34404318e-08 -1.16329822e-08 -1.28561376e-08 
 6.63846152e-06  1.89588042e-08  1.89588041e-08  1.89589888e-08  1.89588044e-08  2.07756854e-08  2.07756855e-08  1.89588288e-08  2.01908884e-08 
 6.64046152e-06 -7.67109191e-09 -7.67109192e-09 -7.67128226e-09 -7.67109217e-09 -9.49721726e-09 -9.49721733e-09 -7.67111689e-09 -8.91197949e-09 
 6.64246152e-06  1.50372213e-08  1.50372213e-08  1.50374174e-08  1.50372216e-08  1.68724295e-08  1.68724295e-08  1.50372466e-08  1.62868099e-08 
 6.64446152e-06 -3.79032476e-09 -3.79032478e-09 -3.79052648e-09 -3.79032503e-09 -5.63397804e-09 -5.63397813e-09 -3.79035034e-09 -5.04811626e-09 
 6.64646152e-06  1.11972692e-08  1.11972692e-08  1.11974766e-08  1.11972694e-08  1.30492081e-08  1.30492081e-08  1.11972951e-08  1.24631613e-08 
 6.64846152e-06  6.37705166e-12  6.37701361e-12  6.16392235e-12  6.37674229e-12 -1.85356648e-09 -1.85356654e-09  6.35086268e-12 -1.26749878e-09 
 6.65046152e-06  7.44198397e-09  7.44198397e-09  7.44220274e-09  7.44198422e-09  9.30977014e-09  9.30977017e-09  7.44201042e-09  8.72373958e-09 
 6.65246152e-06  3.72360926e-09  3.72360931e-09  3.72338472e-09  3.72360903e-09  1.84812659e-09  1.84812653e-09  3.72358259e-09  2.43406795e-09 
 6.65446152e-06  3.76590672e-09  3.76590665e-09  3.76613708e-09  3.76590699e-09  5.64938634e-09  5.64938638e-09  3.76593373e-09  5.06351757e-09 
 6.65646152e-06  7.35690254e-09  7.35690262e-09  7.35666644e-09  7.35690237e-09  5.46560203e-09  5.46560193e-09  7.35687526e-09  6.05134127e-09 
 6.65846152e-06  1.72854696e-10  1.72854681e-10  1.73096651e-10  1.72854860e-10  2.07192289e-09  2.07192293e-09  1.72882299e-10  1.48625704e-09 
 6.66046152e-06  1.09097649e-08  1.09097650e-08  1.09095171e-08  1.09097647e-08  9.00310741e-09  9.00310735e-09  1.09097370e-08  9.58864316e-09 
 6.66246152e-06 -3.33986844e-09 -3.33986850e-09 -3.33961478e-09 -3.33986827e-09 -1.42578718e-09 -1.42578711e-09 -3.33984024e-09 -2.01113919e-09 
 6.66446152e-06  1.43870961e-08  1.43870962e-08  1.43868366e-08  1.43870960e-08  1.24651753e-08  1.24651753e-08  1.43870676e-08  1.30504717e-08 
 6.66646152e-06 -6.76720098e-09 -6.76720105e-09 -6.76693573e-09 -6.76720081e-09 -4.83941944e-09 -4.83941940e-09 -6.76717215e-09 -5.42405427e-09 
 6.66846152e-06  1.77811600e-08  1.77811600e-08  1.77808887e-08  1.77811598e-08  1.58452594e-08  1.58452593e-08  1.77811309e-08  1.64299181e-08 
 6.67046152e-06 -1.01226053e-08 -1.01226054e-08 -1.01223283e-08 -1.01226052e-08 -8.18059948e-09 -8.18059941e-09 -1.01225760e-08 -8.76467463e-09 
 6.67246152e-06  2.10856923e-08  2.10856923e-08  2.10854094e-08  2.10856922e-08  1.91371375e-08  1.91371375e-08  2.10856626e-08  1.97207625e-08 
 6.67446152e-06 -1.33965052e-08 -1.33965052e-08 -1.33962164e-08 -1.33965051e-08 -1.14415706e-08 -1.14415705e-08 -1.33964753e-08 -1.20246952e-08 
 6.67646152e-06  2.43279834e-08  2.43279834e-08  2.43276886e-08  2.43279833e-08  2.23662429e-08  2.23662428e-08  2.43279531e-08  2.29489979e-08 
 6.67846152e-06 -1.65885454e-08 -1.65885455e-08 -1.65882449e-08 -1.65885453e-08 -1.46214081e-08 -1.46214080e-08 -1.65885148e-08 -1.52033762e-08 
 6.68046152e-06  2.74819666e-08  2.74819665e-08  2.74816600e-08  2.74819664e-08  2.55083709e-08  2.55083708e-08  2.74819356e-08  2.60898693e-08 
 6.68246152e-06 -1.96961209e-08 -1.96961209e-08 -1.96958087e-08 -1.96961208e-08 -1.77180972e-08 -1.77180972e-08 -1.96960897e-08 -1.82985285e-08 
 6.68446152e-06  3.05610761e-08  3.05610760e-08  3.05607578e-08  3.05610759e-08  2.85763078e-08  2.85763078e-08  3.05610445e-08  2.91563558e-08 
 6.68646152e-06 -2.27343910e-08 -2.27343910e-08 -2.27340671e-08 -2.27343909e-08 -2.07455558e-08 -2.07455557e-08 -2.27343592e-08 -2.13244412e-08 
 6.68846152e-06  3.35516119e-08  3.35516119e-08  3.35512820e-08  3.35516118e-08  3.15569994e-08  3.15569993e-08  3.35515798e-08  3.21352237e-08 
 6.69046152e-06 -2.56981662e-08 -2.56981663e-08 -2.56978307e-08 -2.56981662e-08 -2.36992077e-08 -2.36992075e-08 -2.56981339e-08 -2.42763601e-08 
 6.69246152e-06  3.64895994e-08  3.64895994e-08  3.64892577e-08  3.64895994e-08  3.44845949e-08  3.44845948e-08  3.64895668e-08  3.50611733e-08 
 6.69446152e-06 -2.85821989e-08 -2.85821989e-08 -2.85818516e-08 -2.85821989e-08 -2.65738509e-08 -2.65738508e-08 -2.85821660e-08 -2.71490832e-08 
 6.69646152e-06  3.93374208e-08  3.93374208e-08  3.93370675e-08  3.93374208e-08  3.73233771e-08  3.73233771e-08  3.93373876e-08  3.78979432e-08 
 6.69846152e-06 -3.13903724e-08 -3.13903723e-08 -3.13900134e-08 -3.13903724e-08 -2.93733461e-08 -2.93733460e-08 -3.13903388e-08 -2.99464777e-08 
 6.70046152e-06  4.21097028e-08  4.21097028e-08  4.21093378e-08  4.21097028e-08  4.00873315e-08  4.00873314e-08  4.21096690e-08  4.06597068e-08 
 6.70246152e-06 -3.41234331e-08 -3.41234330e-08 -3.41230625e-08 -3.41234330e-08 -3.20984395e-08 -3.20984395e-08 -3.41233989e-08 -3.26692946e-08 
 6.70446152e-06  4.48072102e-08  4.48072101e-08  4.48068335e-08  4.48072102e-08  4.27772226e-08  4.27772225e-08  4.48071757e-08  4.33472333e-08 
 6.70646152e-06 -3.67821628e-08 -3.67821627e-08 -3.67817807e-08 -3.67821627e-08 -3.47499126e-08 -3.47499125e-08 -3.67821281e-08 -3.53183194e-08 
 6.70846152e-06  4.74307421e-08  4.74307420e-08  4.74303539e-08  4.74307420e-08  4.53938487e-08  4.53938486e-08  4.74307070e-08  4.59613252e-08 
 6.71046152e-06 -3.93673759e-08 -3.93673759e-08 -3.93669823e-08 -3.93673759e-08 -3.73285786e-08 -3.73285786e-08 -3.93673407e-08 -3.78943699e-08 
 6.71246152e-06  4.99811286e-08  4.99811285e-08  4.99807289e-08  4.99811285e-08  4.79380387e-08  4.79380386e-08  4.99810929e-08  4.85028159e-08 
 6.71446152e-06 -4.18799169e-08 -4.18799168e-08 -4.18795119e-08 -4.18799169e-08 -3.98352803e-08 -3.98352803e-08 -4.18798810e-08 -4.03982933e-08 
 6.71646152e-06  5.24592286e-08  5.24592285e-08  5.24588176e-08  5.24592286e-08  5.04106497e-08  5.04106496e-08  5.24591924e-08  5.09725668e-08 
 6.71846152e-06 -4.43206572e-08 -4.43206571e-08 -4.43202408e-08 -4.43206572e-08 -4.22708873e-08 -4.22708872e-08 -4.43206208e-08 -4.28309633e-08 
 6.72046152e-06  5.48659272e-08  5.48659271e-08  5.48655048e-08  5.48659271e-08  5.28125643e-08  5.28125642e-08  5.48658904e-08  5.33714648e-08 
 6.72246152e-06 -4.66904934e-08 -4.66904933e-08 -4.66900657e-08 -4.66904933e-08 -4.46362934e-08 -4.46362933e-08 -4.66904563e-08 -4.51932782e-08 
 6.72446152e-06  5.72021327e-08  5.72021326e-08  5.72016992e-08  5.72021327e-08  5.51446882e-08  5.51446881e-08  5.72020954e-08  5.57004198e-08 
 6.72646152e-06 -4.89903441e-08 -4.89903440e-08 -4.89899052e-08 -4.89903440e-08 -4.69324145e-08 -4.69324144e-08 -4.89903064e-08 -4.74861580e-08 
 6.72846152e-06  5.94687750e-08  5.94687749e-08  5.94683303e-08  5.94687749e-08  5.74079481e-08  5.74079480e-08  5.94687371e-08  5.79603627e-08 
 6.73046152e-06 -5.12211484e-08 -5.12211483e-08 -5.12206984e-08 -5.12211483e-08 -4.91601861e-08 -4.91601861e-08 -5.12211102e-08 -4.97105425e-08 
 6.73246152e-06  6.16668029e-08  6.16668028e-08  6.16663471e-08  6.16668028e-08  5.96032891e-08  5.96032890e-08  6.16667644e-08  6.01522430e-08 
 6.73446152e-06 -5.33838631e-08 -5.33838630e-08 -5.33834022e-08 -5.33838631e-08 -5.13205614e-08 -5.13205614e-08 -5.33838244e-08 -5.18673892e-08 
 6.73646152e-06  6.37971823e-08  6.37971822e-08  6.37967156e-08  6.37971822e-08  6.17316732e-08  6.17316731e-08  6.37971432e-08  6.22770266e-08 
 6.73846152e-06 -5.54794615e-08 -5.54794614e-08 -5.54789898e-08 -5.54794615e-08 -5.34145093e-08 -5.34145091e-08 -5.54794223e-08 -5.39576706e-08 
 6.74000000e-06  6.61709848e-08  6.61709847e-08  6.61705057e-08  6.61709848e-08  6.41038390e-08  6.41038389e-08  6.61709452e-08  6.46449354e-08 
 6.74020000e-06  2.27834980e-09  2.27834974e-09  2.27836262e-09  2.27834978e-09  2.27679705e-09  2.27679704e-09  2.27835038e-09  2.28218818e-09 
 6.74060000e-06  6.86138511e-09  6.86138512e-09  6.86137246e-09  6.86138510e-09  6.86487018e-09  6.86487012e-09  6.86138445e-09  6.85911258e-09 
 6.74140000e-06  2.54279586e-09  2.54279586e-09  2.54280829e-09  2.54279582e-09  2.53835275e-09  2.53835282e-09  2.54279647e-09  2.54427985e-09 
 6.74246255e-06  6.70827424e-09  6.70827419e-09  6.70826191e-09  6.70827425e-09  6.71320881e-09  6.71320873e-09  6.70827359e-09  6.70738606e-09 
 6.74341733e-06  2.68129887e-09  2.68129888e-09  2.68131096e-09  2.68129883e-09  2.67777714e-09  2.67777721e-09  2.68129942e-09  2.68152241e-09 
 6.74437641e-06  6.55915207e-09  6.55915209e-09  6.55914019e-09  6.55915209e-09  6.55482033e-09  6.55482026e-09  6.55915154e-09  6.55959107e-09 
 6.74500000e-06  2.89228804e-09  2.89228803e-09  2.89229967e-09  2.89228799e-09  2.93918744e-09  2.93918744e-09  2.89228859e-09  2.89083207e-09 
 6.74509726e-06  4.38436213e-09  4.38436223e-09  4.38436235e-09  4.38436239e-09  4.07952712e-09  4.07952726e-09  4.38436234e-09  4.38589081e-09 
 6.74529178e-06  4.77916480e-09  4.77916474e-09  4.77916737e-09  4.77916447e-09  5.45917591e-09  5.45917580e-09  4.77916445e-09  4.77807691e-09 
 6.74568081e-06  4.82247356e-09  4.82247367e-09  4.82246719e-09  4.82247372e-09  4.00695513e-09  4.00695526e-09  4.82247377e-09  4.82313853e-09 
 6.74627155e-06  4.19688268e-09  4.19688259e-09  4.19689279e-09  4.19688250e-09  5.05363573e-09  5.05363562e-09  4.19688249e-09  4.19658227e-09 
 6.74738313e-06  5.31543115e-09  5.31543126e-09  5.31541861e-09  5.31543134e-09  4.45453392e-09  4.45453402e-09  5.31543137e-09  5.31551115e-09 
 6.74938313e-06  3.88069553e-09  3.88069549e-09  3.88070960e-09  3.88069540e-09  4.73842097e-09  4.73842091e-09  3.88069534e-09  3.88074562e-09 
 6.75138313e-06  5.56448094e-09  5.56448095e-09  5.56446516e-09  5.56448099e-09  4.71382203e-09  4.71382211e-09  5.56448102e-09  5.56429581e-09 
 6.75338313e-06  3.61517108e-09  3.61517106e-09  3.61518862e-09  3.61517095e-09  4.45490629e-09  4.45490622e-09  3.61517092e-09  3.61549589e-09 
 6.75538313e-06  5.84637011e-09  5.84637009e-09  5.84635051e-09  5.84637017e-09  5.02136178e-09  5.02136187e-09  5.84637023e-09  5.84590119e-09 
 6.75738313e-06  3.31707600e-09  3.31707602e-09  3.31709763e-09  3.31707591e-09  4.12362290e-09  4.12362288e-09  3.31707591e-09  3.31769302e-09 
 6.75938313e-06  6.16046573e-09  6.16046572e-09  6.16044186e-09  6.16046585e-09  5.37603341e-09  5.37603342e-09  6.16046587e-09  6.15969696e-09 
 6.76138313e-06  2.98722831e-09  2.98722832e-09  2.98725461e-09  2.98722825e-09  3.74598584e-09  3.74598583e-09  2.98722817e-09  2.98815207e-09 
 6.76338313e-06  6.50577592e-09  6.50577592e-09  6.50574710e-09  6.50577601e-09  5.77615135e-09  5.77615136e-09  6.50577608e-09  6.50469428e-09 
 6.76538313e-06  2.62678299e-09  2.62678303e-09  2.62681455e-09  2.62678294e-09  3.32392721e-09  3.32392715e-09  2.62678290e-09  2.62802490e-09 
 6.76738313e-06  6.88099336e-09  6.88099335e-09  6.88095903e-09  6.88099344e-09  6.21955973e-09  6.21955976e-09  6.88099349e-09  6.87958928e-09 
 6.76938313e-06  2.23718885e-09  2.23718883e-09  2.23722617e-09  2.23718870e-09  2.85980504e-09  2.85980498e-09  2.23718871e-09  2.23875657e-09 
 6.77138313e-06  7.28453856e-09  7.28453858e-09  7.28449799e-09  7.28453864e-09  6.70371883e-09  6.70371886e-09  7.28453865e-09  7.28280617e-09 
 6.77338313e-06  1.82014565e-09  1.82014567e-09  1.82018952e-09  1.82014560e-09  2.35632104e-09  2.35632104e-09  1.82014556e-09  1.82204321e-09 
 6.77538313e-06  7.71460120e-09  7.71460122e-09  7.71455391e-09  7.71460123e-09  7.22578376e-09  7.22578382e-09  7.71460126e-09  7.71253849e-09 
 6.77738313e-06  1.37756431e-09  1.37756433e-09  1.37761515e-09  1.37756433e-09  1.81644586e-09  1.81644587e-09  1.37756427e-09  1.37979171e-09 
 6.77938313e-06  8.16917968e-09  8.16917965e-09  8.16912511e-09  8.16917970e-09  7.78267482e-09  7.78267483e-09  8.16917970e-09  8.16678862e-09 
 6.78138313e-06  9.11527942e-10  9.11527975e-10  9.11586307e-10  9.11527950e-10  1.24335247e-09  1.24335246e-09  9.11527900e-10  9.14081156e-10 
 6.78338313e-06  8.64611834e-09  8.64611834e-09  8.64605601e-09  8.64611837e-09  8.37114035e-09  8.37114035e-09  8.64611843e-09  8.64340508e-09 
 6.78538313e-06  4.24256013e-10  4.24256036e-10  4.24322388e-10  4.24256004e-10  6.40357287e-10  6.40357288e-10  4.24255967e-10  4.27126751e-10 
 6.78738313e-06  9.14314231e-09  9.14314229e-09  9.14307175e-09  9.14314231e-09  8.98781229e-09  8.98781229e-09  9.14314237e-09  9.14011717e-09 
 6.78938313e-06 -8.19525149e-11 -8.19525224e-11 -8.18776908e-11 -8.19524786e-11  1.08680128e-11  1.08679594e-11 -8.19525318e-11 -7.87756257e-11 
 6.79138313e-06  9.65793594e-09  9.65793597e-09  9.65785674e-09  9.65793597e-09  9.62925457e-09  9.62925461e-09  9.65793599e-09  9.65461150e-09 
 6.79338313e-06 -6.04867225e-10 -6.04867201e-10 -6.04783599e-10 -6.04867261e-10 -6.41862624e-10 -6.41862629e-10 -6.04867238e-10 -6.01399757e-10 
 6.79538313e-06  1.01883603e-08  1.01883603e-08  1.01882721e-08  1.01883603e-08  1.02924060e-08  1.02924060e-08  1.01883603e-08  1.01847550e-08 
 6.79738313e-06 -1.14219158e-09 -1.14219160e-09 -1.14209888e-09 -1.14219163e-09 -1.31458162e-09 -1.31458166e-09 -1.14219163e-09 -1.13845407e-09 
 6.79938313e-06  1.07319688e-08  1.07319687e-08  1.07318714e-08  1.07319687e-08  1.09738322e-08  1.09738321e-08  1.07319687e-08  1.07281051e-08 
 6.80138313e-06 -1.69147227e-09 -1.69147228e-09 -1.69137037e-09 -1.69147225e-09 -2.00386648e-09 -2.00386649e-09 -1.69147229e-09 -1.68748924e-09 
 6.80338313e-06  1.12863068e-08  1.12863068e-08  1.12862002e-08  1.12863068e-08  1.16701294e-08  1.16701294e-08  1.12863068e-08  1.12822115e-08 
 6.80538313e-06 -2.25025895e-09 -2.25025898e-09 -2.25014782e-09 -2.25025895e-09 -2.70634427e-09 -2.70634423e-09 -2.25025895e-09 -2.24605902e-09 
 6.80738313e-06  1.18489336e-08  1.18489337e-08  1.18488179e-08  1.18489336e-08  1.23779617e-08  1.23779617e-08  1.18489336e-08  1.18446372e-08 
 6.80938313e-06 -2.81612501e-09 -2.81612507e-09 -2.81600474e-09 -2.81612501e-09 -3.41872091e-09 -3.41872095e-09 -2.81612499e-09 -2.81174051e-09 
 6.81138313e-06  1.24174412e-08  1.24174412e-08  1.24173164e-08  1.24174412e-08  1.30940821e-08  1.30940822e-08  1.24174412e-08  1.24129777e-08 
 6.81338313e-06 -3.38668522e-09 -3.38668522e-09 -3.38655591e-09 -3.38668519e-09 -4.13780172e-09 -4.13780169e-09 -3.38668519e-09 -3.38215218e-09 
 6.81538313e-06  1.29894710e-08  1.29894710e-08  1.29893373e-08  1.29894710e-08  1.38153522e-08  1.38153522e-08  1.29894710e-08  1.29848783e-08 
 6.81738313e-06 -3.95961141e-09 -3.95961139e-09 -3.95947348e-09 -3.95961137e-09 -4.86050789e-09 -4.86050784e-09 -3.95961140e-09 -3.95496934e-09 
 6.81938313e-06  1.35627287e-08  1.35627287e-08  1.35625866e-08  1.35627287e-08  1.45387564e-08  1.45387563e-08  1.35627287e-08  1.35580480e-08 
 6.82138313e-06 -4.53264621e-09 -4.53264617e-09 -4.53250010e-09 -4.53264617e-09 -5.58389016e-09 -5.58389019e-09 -4.53264615e-09 -4.52793789e-09 
 6.82338313e-06  1.41349965e-08  1.41349965e-08  1.41348465e-08  1.41349965e-08  1.52614142e-08  1.52614142e-08  1.41349965e-08  1.41302721e-08 
 6.82538313e-06 -5.10361421e-09 -5.10361415e-09 -5.10346048e-09 -5.10361413e-09 -6.30513936e-09 -6.30513941e-09 -5.10361415e-09 -5.09888550e-09 
 6.82738313e-06  1.47041440e-08  1.47041440e-08  1.47039867e-08  1.47041439e-08  1.59805897e-08  1.59805897e-08  1.47041439e-08  1.46994232e-08 
 6.82938313e-06 -5.67043175e-09 -5.67043172e-09 -5.67027107e-09 -5.67043171e-09 -7.02159448e-09 -7.02159451e-09 -5.67043168e-09 -5.66573149e-09 
 6.83138313e-06  1.52681362e-08  1.52681362e-08  1.52679724e-08  1.52681361e-08  1.66936983e-08  1.66936983e-08  1.52681361e-08  1.52634693e-08 
 6.83338313e-06 -6.23111469e-09 -6.23111467e-09 -6.23094806e-09 -6.23111463e-09 -7.73074847e-09 -7.73074844e-09 -6.23111462e-09 -6.22649439e-09 
 6.83538313e-06  1.58250412e-08  1.58250412e-08  1.58248719e-08  1.58250412e-08  1.73983113e-08  1.73983112e-08  1.58250411e-08  1.58204809e-08 
 6.83738313e-06 -6.78378470e-09 -6.78378470e-09 -6.78361306e-09 -6.78378467e-09 -8.43025179e-09 -8.43025183e-09 -6.78378469e-09 -6.77929822e-09 
 6.83938313e-06  1.63730355e-08  1.63730355e-08  1.63728618e-08  1.63730355e-08  1.80921592e-08  1.80921592e-08  1.63730354e-08  1.63686369e-08 
 6.84138313e-06 -7.32667403e-09 -7.32667403e-09 -7.32649854e-09 -7.32667399e-09 -9.11791533e-09 -9.11791540e-09 -7.32667398e-09 -7.32237760e-09 
 6.84338313e-06  1.69104079e-08  1.69104080e-08  1.69102310e-08  1.69104079e-08  1.87731332e-08  1.87731332e-08  1.69104079e-08  1.69062283e-08 
 6.84538313e-06 -7.85812888e-09 -7.85812891e-09 -7.85795083e-09 -7.85812887e-09 -9.79171062e-09 -9.79171063e-09 -7.85812885e-09 -7.85408076e-09 
 6.84738313e-06  1.74355627e-08  1.74355627e-08  1.74353839e-08  1.74355627e-08  1.94392848e-08  1.94392848e-08  1.74355627e-08  1.74316611e-08 
 6.84938313e-06 -8.37661182e-09 -8.37661189e-09 -8.37643268e-09 -8.37661180e-09 -1.04497690e-08 -1.04497690e-08 -8.37661177e-09 -8.37287201e-09 
 6.85138313e-06  1.79470209e-08  1.79470209e-08  1.79468417e-08  1.79470209e-08  2.00888250e-08  2.00888250e-08  1.79470209e-08  1.79434583e-08 
 6.85338313e-06 -8.88070279e-09 -8.88070287e-09 -8.88052405e-09 -8.88070277e-09 -1.10903806e-08 -1.10903805e-08 -8.88070276e-09 -8.87733302e-09 
 6.85538313e-06  1.84434214e-08  1.84434215e-08  1.84432435e-08  1.84434214e-08  2.07201221e-08  2.07201221e-08  1.84434214e-08  1.84402602e-08 
 6.85738313e-06 -9.36909952e-09 -9.36909958e-09 -9.36892289e-09 -9.36909959e-09 -1.17119908e-08 -1.17119908e-08 -9.36909954e-09 -9.36616276e-09 
 6.85938313e-06  1.89292653e-08  1.89292653e-08  1.89290902e-08  1.89292653e-08  2.13381432e-08  2.13381432e-08  1.89292652e-08  1.89265679e-08 
 6.86138313e-06 -9.84014689e-09 -9.84014694e-09 -9.83997411e-09 -9.84014693e-09 -1.23126028e-08 -1.23126028e-08 -9.84014688e-09 -9.83770711e-09 
 6.86338313e-06  1.93916461e-08  1.93916461e-08  1.93914758e-08  1.93916461e-08  2.19283056e-08  2.19283055e-08  1.93916461e-08  1.93894785e-08 
 6.86538313e-06 -1.02903199e-08 -1.02903199e-08 -1.02901528e-08 -1.02903200e-08 -1.28878880e-08 -1.28878880e-08 -1.02903199e-08 -1.02884433e-08 
 6.86738313e-06  1.98361356e-08  1.98361357e-08  1.98359720e-08  1.98361357e-08  2.24969234e-08  2.24969233e-08  1.98361356e-08  1.98345639e-08 
 6.86938313e-06 -1.07249561e-08 -1.07249562e-08 -1.07247967e-08 -1.07249562e-08 -1.34446230e-08 -1.34446230e-08 -1.07249561e-08 -1.07237081e-08 
 6.87138313e-06  2.02612574e-08  2.02612574e-08  2.02611025e-08  2.02612574e-08  2.30422375e-08  2.30422374e-08  2.02612573e-08  2.02603480e-08 
 6.87338313e-06 -1.11398297e-08 -1.11398297e-08 -1.11396800e-08 -1.11398297e-08 -1.39776018e-08 -1.39776017e-08 -1.11398296e-08 -1.11392768e-08 
 6.87538313e-06  2.06662234e-08  2.06662235e-08  2.06660793e-08  2.06662235e-08  2.35633456e-08  2.35633456e-08  2.06662234e-08  2.06660431e-08 
 6.87738313e-06 -1.15342066e-08 -1.15342067e-08 -1.15340687e-08 -1.15342066e-08 -1.44859883e-08 -1.44859883e-08 -1.15342066e-08 -1.15344159e-08 
 6.87938313e-06  2.10503520e-08  2.10503519e-08  2.10502207e-08  2.10503520e-08  2.40594755e-08  2.40594755e-08  2.10503519e-08  2.10509677e-08 
 6.88138313e-06 -1.19074573e-08 -1.19074572e-08 -1.19073333e-08 -1.19074572e-08 -1.49690731e-08 -1.49690731e-08 -1.19074571e-08 -1.19084958e-08 
 6.88338313e-06  2.14130634e-08  2.14130634e-08  2.14129473e-08  2.14130634e-08  2.45299782e-08  2.45299782e-08  2.14130633e-08  2.14145429e-08 
 6.88538313e-06 -1.22590521e-08 -1.22590521e-08 -1.22589445e-08 -1.22590521e-08 -1.54262677e-08 -1.54262677e-08 -1.22590520e-08 -1.22609875e-08 
 6.88738313e-06  2.17538770e-08  2.17538771e-08  2.17537784e-08  2.17538770e-08  2.49743234e-08  2.49743234e-08  2.17538769e-08  2.17562876e-08 
 6.88938313e-06 -1.25885585e-08 -1.25885585e-08 -1.25884694e-08 -1.25885584e-08 -1.58570985e-08 -1.58570985e-08 -1.25885583e-08 -1.25914581e-08 
 6.89138313e-06  2.20724064e-08  2.20724064e-08  2.20723275e-08  2.20724064e-08  2.53920921e-08  2.53920921e-08  2.20724063e-08  2.20758155e-08 
 6.89338313e-06 -1.28956357e-08 -1.28956358e-08 -1.28955676e-08 -1.28956357e-08 -1.62612006e-08 -1.62612006e-08 -1.28956355e-08 -1.28995668e-08 
 6.89538313e-06  2.23683553e-08  2.23683553e-08  2.23682985e-08  2.23683552e-08  2.57829714e-08  2.57829714e-08  2.23683551e-08  2.23728300e-08 
 6.89738313e-06 -1.31800312e-08 -1.31800312e-08 -1.31799865e-08 -1.31800311e-08 -1.66383120e-08 -1.66383119e-08 -1.31800309e-08 -1.31850606e-08 
 6.89938313e-06  2.26415129e-08  2.26415129e-08  2.26414808e-08  2.26415128e-08  2.61467481e-08  2.61467481e-08  2.26415126e-08  2.26471199e-08 
 6.90138313e-06 -1.34415754e-08 -1.34415754e-08 -1.34415564e-08 -1.34415753e-08 -1.69882667e-08 -1.69882668e-08 -1.34415751e-08 -1.34477695e-08 
 6.90338313e-06  2.28917498e-08  2.28917497e-08  2.28917446e-08  2.28917497e-08  2.64833026e-08  2.64833026e-08  2.28917495e-08  2.28985552e-08 
 6.90538313e-06 -1.36801776e-08 -1.36801775e-08 -1.36801868e-08 -1.36801774e-08 -1.73109901e-08 -1.73109901e-08 -1.36801772e-08 -1.36876021e-08 
 6.90738313e-06  2.31190127e-08  2.31190127e-08  2.31190370e-08  2.31190126e-08  2.67926028e-08  2.67926028e-08  2.31190124e-08  2.31270820e-08 
 6.90938313e-06 -1.38958210e-08 -1.38958210e-08 -1.38958609e-08 -1.38958209e-08 -1.76064916e-08 -1.76064916e-08 -1.38958207e-08 -1.39045412e-08 
 6.91138313e-06  2.33233204e-08  2.33233203e-08  2.33233765e-08  2.33233202e-08  2.70746985e-08  2.70746985e-08  2.33233200e-08  2.33327182e-08 
 6.91338313e-06 -1.40885587e-08 -1.40885587e-08 -1.40886318e-08 -1.40885586e-08 -1.78748596e-08 -1.78748595e-08 -1.40885583e-08 -1.40986386e-08 
 6.91538313e-06  2.35047586e-08  2.35047586e-08  2.35048492e-08  2.35047585e-08  2.73297154e-08  2.73297153e-08  2.35047583e-08  2.35155489e-08 
 6.91738313e-06 -1.42585083e-08 -1.42585083e-08 -1.42586169e-08 -1.42585082e-08 -1.81162554e-08 -1.81162554e-08 -1.42585079e-08 -1.42700111e-08 
 6.91938313e-06  2.36634762e-08  2.36634761e-08  2.36636036e-08  2.36634760e-08  2.75578492e-08  2.75578492e-08  2.36634758e-08  2.36757215e-08 
 6.92138313e-06 -1.44058479e-08 -1.44058479e-08 -1.44059944e-08 -1.44058478e-08 -1.83309079e-08 -1.83309078e-08 -1.44058475e-08 -1.44188358e-08 
 6.92338313e-06  2.37996796e-08  2.37996796e-08  2.37998462e-08  2.37996795e-08  2.77593608e-08  2.77593608e-08  2.37996792e-08  2.38134416e-08 
 6.92538313e-06 -1.45308113e-08 -1.45308113e-08 -1.45309984e-08 -1.45308112e-08 -1.85191079e-08 -1.85191079e-08 -1.45308109e-08 -1.45453453e-08 
 6.92738313e-06  2.39136292e-08  2.39136293e-08  2.39138375e-08  2.39136291e-08  2.79345704e-08  2.79345704e-08  2.39136288e-08  2.39289684e-08 
 6.92938313e-06 -1.46336840e-08 -1.46336840e-08 -1.46339139e-08 -1.46336839e-08 -1.86812033e-08 -1.86812033e-08 -1.46336836e-08 -1.46498238e-08 
 6.93138313e-06  2.40056349e-08  2.40056349e-08  2.40058872e-08  2.40056348e-08  2.80838523e-08  2.80838523e-08  2.40056345e-08  2.40226102e-08 
 6.93338313e-06 -1.47147987e-08 -1.47147987e-08 -1.47150737e-08 -1.47147986e-08 -1.88175936e-08 -1.88175936e-08 -1.47147983e-08 -1.47326025e-08 
 6.93538313e-06  2.40760516e-08  2.40760516e-08  2.40763502e-08  2.40760515e-08  2.82076307e-08  2.82076307e-08  2.40760512e-08  2.40947205e-08 
 6.93738313e-06 -1.47745311e-08 -1.47745311e-08 -1.47748536e-08 -1.47745310e-08 -1.89287255e-08 -1.89287255e-08 -1.47745307e-08 -1.47940558e-08 
 6.93938313e-06  2.41252753e-08  2.41252754e-08  2.41256227e-08  2.41252753e-08  2.83063742e-08  2.83063743e-08  2.41252750e-08  2.41456941e-08 
 6.94138313e-06 -1.48132963e-08 -1.48132963e-08 -1.48136685e-08 -1.48132962e-08 -1.90150879e-08 -1.90150879e-08 -1.48132959e-08 -1.48345970e-08 
 6.94338313e-06  2.41537396e-08  2.41537397e-08  2.41541377e-08  2.41537396e-08  2.83805916e-08  2.83805916e-08  2.41537392e-08  2.41759625e-08 
 6.94538313e-06 -1.48315444e-08 -1.48315445e-08 -1.48319685e-08 -1.48315444e-08 -1.90772076e-08 -1.90772076e-08 -1.48315441e-08 -1.48546749e-08 
 6.94738313e-06  2.41619112e-08  2.41619112e-08  2.41623623e-08  2.41619111e-08  2.84308273e-08  2.84308273e-08  2.41619108e-08  2.41859912e-08 
 6.94938313e-06 -1.48343385e-08 -1.48343385e-08 -1.48348168e-08 -1.48343384e-08 -1.91215479e-08 -1.91215479e-08 -1.48343381e-08 -1.48593575e-08 
 6.95138313e-06  2.41425936e-08  2.41425936e-08  2.41430996e-08  2.41425935e-08  2.84485779e-08  2.84485779e-08  2.41425932e-08  2.41685726e-08 
 6.95338313e-06 -1.48129841e-08 -1.48129841e-08 -1.48135185e-08 -1.48129841e-08 -1.91368682e-08 -1.91368682e-08 -1.48129837e-08 -1.48399358e-08 
 6.95538313e-06  2.41116766e-08  2.41116766e-08  2.41122399e-08  2.41116765e-08  2.84525829e-08  2.84525829e-08  2.41116762e-08  2.41396127e-08 
 6.95738313e-06 -1.47726375e-08 -1.47726376e-08 -1.47732302e-08 -1.47726375e-08 -1.91297110e-08 -1.91297110e-08 -1.47726372e-08 -1.48015703e-08 
 6.95938313e-06  2.40620467e-08  2.40620468e-08  2.40626691e-08  2.40620467e-08  2.84344270e-08  2.84344270e-08  2.40620463e-08  2.40919864e-08 
 6.96138313e-06 -1.47138706e-08 -1.47138706e-08 -1.47145233e-08 -1.47138706e-08 -1.91007148e-08 -1.91007148e-08 -1.47138702e-08 -1.47448273e-08 
 6.96338313e-06  2.39943007e-08  2.39943007e-08  2.39949840e-08  2.39943007e-08  2.83947587e-08  2.83947587e-08  2.39943003e-08  2.40262833e-08 
 6.96538313e-06 -1.46373026e-08 -1.46373026e-08 -1.46380170e-08 -1.46373026e-08 -1.90505371e-08 -1.90505371e-08 -1.46373022e-08 -1.46703208e-08 
 6.96738313e-06  2.39090744e-08  2.39090744e-08  2.39098203e-08  2.39090744e-08  2.83342447e-08  2.83342447e-08  2.39090740e-08  2.39431370e-08 
 6.96938313e-06 -1.45435765e-08 -1.45435765e-08 -1.45443542e-08 -1.45435764e-08 -1.89798555e-08 -1.89798555e-08 -1.45435760e-08 -1.45786926e-08 
 6.97138313e-06  2.38070132e-08  2.38070132e-08  2.38078231e-08  2.38070132e-08  2.82535804e-08  2.82535804e-08  2.38070127e-08  2.38431913e-08 
 6.97338313e-06 -1.44333396e-08 -1.44333396e-08 -1.44341822e-08 -1.44333396e-08 -1.88893950e-08 -1.88893950e-08 -1.44333391e-08 -1.44705888e-08 
 6.97538313e-06  2.36887661e-08  2.36887661e-08  2.36896417e-08  2.36887660e-08  2.81535168e-08  2.81535168e-08  2.36887656e-08  2.37270942e-08 
 6.97738313e-06 -1.43072388e-08 -1.43072388e-08 -1.43081479e-08 -1.43072388e-08 -1.87799144e-08 -1.87799143e-08 -1.43072383e-08 -1.43466555e-08 
 6.97938313e-06  2.35549701e-08  2.35549701e-08  2.35559130e-08  2.35549701e-08  2.80348116e-08  2.80348115e-08  2.35549696e-08  2.35954850e-08 
 6.98138313e-06 -1.41658982e-08 -1.41658981e-08 -1.41668753e-08 -1.41658982e-08 -1.86521703e-08 -1.86521702e-08 -1.41658976e-08 -1.42075213e-08 
 6.98338313e-06  2.34062376e-08  2.34062376e-08  2.34072495e-08  2.34062376e-08  2.78982199e-08  2.78982199e-08  2.34062371e-08  2.34489782e-08 
 6.98500000e-06 -1.39904975e-08 -1.39904975e-08 -1.39915527e-08 -1.39904976e-08 -1.84885718e-08 -1.84885718e-08 -1.39904970e-08 -1.40346331e-08 
 6.98520000e-06  4.44248504e-09  4.44248503e-09  4.44257651e-09  4.44248511e-09  4.45319495e-09  4.45319497e-09  4.44248512e-09  4.44541137e-09 
 6.98560000e-06  4.91288310e-09  4.91288314e-09  4.91278770e-09  4.91288311e-09  4.90998115e-09  4.90998112e-09  4.91288310e-09  4.90985339e-09 
 6.98640000e-06  4.38616017e-09  4.38616015e-09  4.38625705e-09  4.38616008e-09  4.38538987e-09  4.38538990e-09  4.38616012e-09  4.38923127e-09 
 6.98715030e-06  4.94763499e-09  4.94763503e-09  4.94753681e-09  4.94763507e-09  4.95215924e-09  4.95215923e-09  4.94763513e-09  4.94452697e-09 
 6.98769748e-06  4.34740872e-09  4.34740880e-09  4.34750854e-09  4.34740876e-09  4.33799677e-09  4.33799682e-09  4.34740876e-09  4.35055603e-09 
 6.98811443e-06  4.99360331e-09  4.99360316e-09  4.99350235e-09  4.99360332e-09  5.00900004e-09  5.00899994e-09  4.99360329e-09  4.99042242e-09 
 6.98850989e-06  4.28848346e-09  4.28848353e-09  4.28858468e-09  4.28848338e-09  4.26727914e-09  4.26727919e-09  4.28848331e-09  4.29168214e-09 
 6.98885199e-06  5.13367265e-09  5.13367263e-09  5.13357194e-09  5.13367273e-09  5.16090047e-09  5.16090047e-09  5.13367285e-09  5.13047376e-09 
 6.98908032e-06  3.53741216e-09  3.53741222e-09  3.53751075e-09  3.53741217e-09  3.50389042e-09  3.50389038e-09  3.53741217e-09  3.54050857e-09 
 6.98931880e-06  7.99820127e-09  7.99820133e-09  7.99810637e-09  7.99820119e-09  8.03104322e-09  8.03104330e-09  7.99820116e-09  7.99548821e-09 
 6.98948797e-06 -9.42418774e-09 -9.42418785e-09 -9.42409976e-09 -9.42418745e-09 -9.43329009e-09 -9.43329022e-09 -9.42418739e-09 -9.42300073e-09 
 6.98966817e-06  4.33813356e-08  4.33813356e-08  4.33812555e-08  4.33813352e-08  4.33348009e-08  4.33348010e-08  4.33813352e-08  4.33829561e-08 
 6.98986546e-06 -7.45302662e-08 -7.45302663e-08 -7.45301939e-08 -7.45302662e-08 -7.44028517e-08 -7.44028517e-08 -7.45302662e-08 -7.45354756e-08 
 6.99000000e-06  1.79258412e-07  1.79258412e-07  1.79258348e-07  1.79258413e-07  1.78976892e-07  1.78976892e-07  1.79258413e-07  1.79269177e-07 
 6.99002198e-06 -2.40062461e-07 -2.40062461e-07 -2.40062433e-07 -2.40062461e-07 -2.39885505e-07 -2.39885505e-07 -2.40062460e-07 -2.40089098e-07 
 6.99006594e-06  2.93229548e-07  2.93229548e-07  2.93229453e-07  2.93229549e-07  2.93413400e-07  2.93413400e-07  2.93229549e-07  2.93374902e-07 
 6.99015386e-06 -2.49341981e-07 -2.49341980e-07 -2.49341866e-07 -2.49341981e-07 -2.49834677e-07 -2.49834677e-07 -2.49341984e-07 -2.49622039e-07 
 6.99032970e-06  2.31904139e-07  2.31904138e-07  2.31904026e-07  2.31904139e-07  2.32568263e-07  2.32568263e-07  2.31904143e-07  2.32275183e-07 
 6.99068137e-06 -2.07780279e-07 -2.07780279e-07 -2.07780170e-07 -2.07780279e-07 -2.08532729e-07 -2.08532729e-07 -2.07780284e-07 -2.08202463e-07 
 6.99138472e-06  2.09465790e-07  2.09465790e-07  2.09465685e-07  2.09465790e-07  2.10262711e-07  2.10262711e-07  2.09465796e-07  2.09914772e-07 
 6.99257292e-06 -1.95570777e-07 -1.95570777e-07 -1.95570674e-07 -1.95570777e-07 -1.96394115e-07 -1.96394115e-07 -1.95570783e-07 -1.96035996e-07 
 6.99446152e-06  2.01989724e-07  2.01989723e-07  2.01989622e-07  2.01989724e-07  2.02829693e-07  2.02829693e-07  2.01989730e-07  2.02465285e-07 
 6.99646152e-06 -1.89923726e-07 -1.89923726e-07 -1.89923625e-07 -1.89923726e-07 -1.90779415e-07 -1.90779415e-07 -1.89923732e-07 -1.90409148e-07 
 6.99846152e-06  1.96481837e-07  1.96481837e-07  1.96481738e-07  1.96481837e-07  1.97353247e-07  1.97353247e-07  1.96481843e-07  1.96977200e-07 
 7.00046152e-06 -1.84396070e-07 -1.84396070e-07 -1.84395973e-07 -1.84396070e-07 -1.85283208e-07 -1.85283208e-07 -1.84396076e-07 -1.84901460e-07 
 7.00246152e-06  1.90936445e-07  1.90936445e-07  1.90936350e-07  1.90936445e-07  1.91839307e-07  1.91839307e-07  1.90936452e-07  1.91451938e-07 
 7.00446152e-06 -1.78834943e-07 -1.78834943e-07 -1.78834850e-07 -1.78834943e-07 -1.79753530e-07 -1.79753530e-07 -1.78834950e-07 -1.79360618e-07 
 7.00646152e-06  1.85361527e-07  1.85361527e-07  1.85361436e-07  1.85361527e-07  1.86295827e-07  1.86295827e-07  1.85361534e-07  1.85897456e-07 
 7.00846152e-06 -1.73248150e-07 -1.73248150e-07 -1.73248061e-07 -1.73248150e-07 -1.74198160e-07 -1.74198160e-07 -1.73248158e-07 -1.73794407e-07 
 7.01046152e-06  1.79764714e-07  1.79764714e-07  1.79764627e-07  1.79764714e-07  1.80730415e-07  1.80730415e-07  1.79764722e-07  1.80321363e-07 
 7.01246152e-06 -1.67643149e-07 -1.67643149e-07 -1.67643064e-07 -1.67643149e-07 -1.68624531e-07 -1.68624531e-07 -1.67643157e-07 -1.68210260e-07 
 7.01446152e-06  1.74153292e-07  1.74153291e-07  1.74153209e-07  1.74153292e-07  1.75150331e-07  1.75150331e-07  1.74153299e-07  1.74730923e-07 
 7.01646152e-06 -1.62027055e-07 -1.62027055e-07 -1.62026974e-07 -1.62027055e-07 -1.63039735e-07 -1.63039735e-07 -1.62027063e-07 -1.62615271e-07 
 7.01846152e-06  1.68534204e-07  1.68534204e-07  1.68534126e-07  1.68534204e-07  1.69562495e-07  1.69562495e-07  1.68534213e-07  1.69133058e-07 
 7.02046152e-06 -1.56406643e-07 -1.56406643e-07 -1.56406567e-07 -1.56406643e-07 -1.57450522e-07 -1.57450522e-07 -1.56406651e-07 -1.57016192e-07 
 7.02246152e-06  1.62914063e-07  1.62914062e-07  1.62913989e-07  1.62914063e-07  1.63973495e-07  1.63973495e-07  1.62914071e-07  1.63534355e-07 
 7.02446152e-06 -1.50788358e-07 -1.50788358e-07 -1.50788288e-07 -1.50788358e-07 -1.51863314e-07 -1.51863314e-07 -1.50788367e-07 -1.51419446e-07 
 7.02646152e-06  1.57299147e-07  1.57299147e-07  1.57299079e-07  1.57299147e-07  1.58389585e-07  1.58389585e-07  1.57299156e-07  1.57941071e-07 
 7.02846152e-06 -1.45178320e-07 -1.45178320e-07 -1.45178255e-07 -1.45178320e-07 -1.46284206e-07 -1.46284206e-07 -1.45178330e-07 -1.45831126e-07 
 7.03046152e-06  1.51695417e-07  1.51695417e-07  1.51695355e-07  1.51695417e-07  1.52816702e-07  1.52816703e-07  1.51695427e-07  1.52359141e-07 
 7.03246152e-06 -1.39582329e-07 -1.39582329e-07 -1.39582270e-07 -1.39582329e-07 -1.40718973e-07 -1.40718973e-07 -1.39582339e-07 -1.40257011e-07 
 7.03446152e-06  1.46108516e-07  1.46108515e-07  1.46108459e-07  1.46108516e-07  1.47260466e-07  1.47260466e-07  1.46108526e-07  1.46794185e-07 
 7.03646152e-06 -1.34005873e-07 -1.34005873e-07 -1.34005820e-07 -1.34005873e-07 -1.35173082e-07 -1.35173082e-07 -1.34005884e-07 -1.34702564e-07 
 7.03846152e-06  1.40543779e-07  1.40543779e-07  1.40543730e-07  1.40543780e-07  1.41726189e-07  1.41726189e-07  1.40543790e-07  1.41251516e-07 
 7.04046152e-06 -1.28454139e-07 -1.28454139e-07 -1.28454092e-07 -1.28454139e-07 -1.29651695e-07 -1.29651695e-07 -1.28454150e-07 -1.29172948e-07 
 7.04246152e-06  1.35006246e-07  1.35006246e-07  1.35006203e-07  1.35006246e-07  1.36218885e-07  1.36218885e-07  1.35006257e-07  1.35736147e-07 
 7.04446152e-06 -1.22932016e-07 -1.22932016e-07 -1.22931976e-07 -1.22932016e-07 -1.24159679e-07 -1.24159679e-07 -1.22932028e-07 -1.23673029e-07 
 7.04646152e-06  1.29500661e-07  1.29500661e-07  1.29500624e-07  1.29500661e-07  1.30743278e-07  1.30743278e-07  1.29500672e-07  1.30252799e-07 
 7.04846152e-06 -1.17444109e-07 -1.17444109e-07 -1.17444076e-07 -1.17444109e-07 -1.18701616e-07 -1.18701616e-07 -1.17444121e-07 -1.18207387e-07 
 7.05046152e-06  1.24031487e-07  1.24031487e-07  1.24031458e-07  1.24031487e-07  1.25303809e-07  1.25303809e-07  1.24031499e-07  1.24805912e-07 
 7.05246152e-06 -1.11994742e-07 -1.11994742e-07 -1.11994717e-07 -1.11994742e-07 -1.13281807e-07 -1.13281807e-07 -1.11994754e-07 -1.12780322e-07 
 7.05446152e-06  1.18602915e-07  1.18602915e-07  1.18602893e-07  1.18602915e-07  1.19904644e-07  1.19904644e-07  1.18602928e-07  1.19399652e-07 
 7.05646152e-06 -1.06587971e-07 -1.06587971e-07 -1.06587953e-07 -1.06587971e-07 -1.07904287e-07 -1.07904287e-07 -1.06587984e-07 -1.07395867e-07 
 7.05846152e-06  1.13218868e-07  1.13218868e-07  1.13218854e-07  1.13218868e-07  1.14549686e-07  1.14549685e-07  1.13218881e-07  1.14037918e-07 
 7.06046152e-06 -1.01227591e-07 -1.01227591e-07 -1.01227581e-07 -1.01227591e-07 -1.02572828e-07 -1.02572828e-07 -1.01227604e-07 -1.02057793e-07 
 7.06246152e-06  1.07912980e-07  1.07912980e-07  1.07912974e-07  1.07912980e-07  1.09272989e-07  1.09272989e-07  1.07912994e-07  1.08754598e-07 
 7.06446152e-06 -9.59126373e-08 -9.59126372e-08 -9.59126354e-08 -9.59126373e-08 -9.72864736e-08 -9.72864736e-08 -9.59126511e-08 -9.67651321e-08 
 7.06646152e-06  1.02594573e-07  1.02594573e-07  1.02594575e-07  1.02594573e-07  1.03982555e-07  1.03982555e-07  1.02594587e-07  1.03458181e-07 
 7.06846152e-06 -9.06560216e-08 -9.06560216e-08 -9.06560280e-08 -9.06560216e-08 -9.20580554e-08 -9.20580554e-08 -9.06560360e-08 -9.15307289e-08 
 7.07046152e-06  9.73656876e-08  9.73656876e-08  9.73656984e-08  9.73656877e-08  9.87816744e-08  9.87816743e-08  9.73657024e-08  9.82514720e-08 
 7.07246152e-06 -8.54556338e-08 -8.54556337e-08 -8.54556489e-08 -8.54556338e-08 -8.68854752e-08 -8.68854752e-08 -8.54556488e-08 -8.63524747e-08 
 7.07446152e-06  9.21944812e-08  9.21944812e-08  9.21945008e-08  9.21944813e-08  9.36380733e-08  9.36380733e-08  9.21944965e-08  9.31023512e-08 
 7.07646152e-06 -8.03143206e-08 -8.03143206e-08 -8.03143446e-08 -8.03143207e-08 -8.17715600e-08 -8.17715600e-08 -8.03143362e-08 -8.12331934e-08 
 7.07846152e-06  8.70836905e-08  8.70836905e-08  8.70837190e-08  8.70836906e-08  8.85544687e-08  8.85544687e-08  8.70837064e-08  8.80135332e-08 
 7.08046152e-06 -7.52347108e-08 -7.52347108e-08 -7.52347439e-08 -7.52347109e-08 -7.67189196e-08 -7.67189196e-08 -7.52347270e-08 -7.61754915e-08 
 7.08246152e-06  8.20358385e-08  8.20358385e-08  8.20358762e-08  8.20358386e-08  8.35333647e-08  8.35333648e-08  8.20358550e-08  8.29875189e-08 
 7.08446152e-06 -7.02192238e-08 -7.02192239e-08 -7.02192662e-08 -7.02192240e-08 -7.17299546e-08 -7.17299546e-08 -7.02192406e-08 -7.11817665e-08 
 7.08646152e-06  7.70532430e-08  7.70532431e-08  7.70532902e-08  7.70532432e-08  7.85770610e-08  7.85770611e-08  7.70532601e-08  7.80266046e-08 
 7.08846152e-06 -6.52700780e-08 -6.52700781e-08 -6.52701299e-08 -6.52700782e-08 -6.68068655e-08 -6.68068655e-08 -6.52700953e-08 -6.62542154e-08 
 7.09046152e-06  7.21380254e-08  7.21380254e-08  7.21380821e-08  7.21380255e-08  7.36876610e-08  7.36876610e-08  7.21380429e-08  7.31328901e-08 
 7.09246152e-06 -6.03892992e-08 -6.03892993e-08 -6.03893608e-08 -6.03892994e-08 -6.19516608e-08 -6.19516608e-08 -6.03893171e-08 -6.13948432e-08 
 7.09446152e-06  6.72921181e-08  6.72921182e-08  6.72921847e-08  6.72921182e-08  6.88670801e-08  6.88670802e-08  6.72921363e-08  6.83082876e-08 
 7.09646152e-06 -5.55787291e-08 -5.55787291e-08 -5.55788006e-08 -5.55787292e-08 -5.71661651e-08 -5.71661651e-08 -5.55787476e-08 -5.66054707e-08 
 7.09846152e-06  6.25172736e-08  6.25172737e-08  6.25173502e-08  6.25172738e-08  6.41170543e-08  6.41170544e-08  6.25172925e-08  6.35545290e-08 
 7.10046152e-06 -5.08400326e-08 -5.08400327e-08 -5.08401142e-08 -5.08400328e-08 -5.24520273e-08 -5.24520273e-08 -5.08400517e-08 -5.18877432e-08 
 7.10246152e-06  5.78150719e-08  5.78150720e-08  5.78151586e-08  5.78150721e-08  5.94391476e-08  5.94391476e-08  5.78150913e-08  5.88731746e-08 
 7.10446152e-06 -4.61747064e-08 -4.61747065e-08 -4.61747983e-08 -4.61747066e-08 -4.78107283e-08 -4.78107284e-08 -4.61747260e-08 -4.72431377e-08 
 7.10646152e-06  5.31869281e-08  5.31869282e-08  5.31870252e-08  5.31869283e-08  5.48347598e-08  5.48347598e-08  5.31869480e-08  5.42656203e-08 
 7.10846152e-06 -4.15840861e-08 -4.15840862e-08 -4.15841884e-08 -4.15840863e-08 -4.32435890e-08 -4.32435890e-08 -4.15841063e-08 -4.26729711e-08 
 7.11046152e-06  4.86341002e-08  4.86341003e-08  4.86342077e-08  4.86341004e-08  5.03051343e-08  5.03051344e-08  4.86341207e-08  4.97331057e-08 
 7.11246152e-06 -3.70693540e-08 -3.70693540e-08 -3.70694668e-08 -3.70693542e-08 -3.87517771e-08 -3.87517771e-08 -3.70693748e-08 -3.81784072e-08 
 7.11446152e-06  4.41576964e-08  4.41576964e-08  4.41578146e-08  4.41576965e-08  4.58513654e-08  4.58513654e-08  4.41577175e-08  4.52767208e-08 
 7.11646152e-06 -3.26248871e-08 -3.26248872e-08 -3.26250106e-08 -3.26248872e-08 -3.43291128e-08 -3.43291128e-08 -3.26249086e-08 -3.37534434e-08 
 7.11846152e-06  3.97624054e-08  3.97624055e-08  3.97625344e-08  3.97624056e-08  4.14781066e-08  4.14781066e-08  3.97624272e-08  4.09011181e-08 
 7.12046152e-06 -2.82750394e-08 -2.82750394e-08 -2.82751738e-08 -2.82750395e-08 -3.00015469e-08 -3.00015469e-08 -2.82750614e-08 -2.94234849e-08 
 7.12246152e-06  3.54411396e-08  3.54411397e-08  3.54412795e-08  3.54411398e-08  3.71783042e-08  3.71783042e-08  3.54411619e-08  3.65992334e-08 
 7.12446152e-06 -2.39931934e-08 -2.39931935e-08 -2.39933388e-08 -2.39931936e-08 -2.57408627e-08 -2.57408628e-08 -2.39932160e-08 -2.51608494e-08 
 7.12646152e-06  3.11988464e-08  3.11988465e-08  3.11989974e-08  3.11988466e-08  3.29568686e-08  3.29568686e-08  3.11988694e-08  3.23759761e-08 
 7.12846152e-06 -1.97906207e-08 -1.97906208e-08 -1.97907772e-08 -1.97906209e-08 -2.15588403e-08 -2.15588404e-08 -1.97906439e-08 -2.09771340e-08 
 7.13046152e-06  2.70410827e-08  2.70410828e-08  2.70412449e-08  2.70410828e-08  2.88199107e-08  2.88199108e-08  2.70411062e-08  2.82372698e-08 
 7.13246152e-06 -1.56642286e-08 -1.56642286e-08 -1.56643963e-08 -1.56642287e-08 -1.74523958e-08 -1.74523958e-08 -1.56642524e-08 -1.68692485e-08 
 7.13446152e-06  2.29499897e-08  2.29499898e-08  2.29501631e-08  2.29499899e-08  2.47478835e-08  2.47478835e-08  2.29500139e-08  2.41641102e-08 
 7.13646152e-06 -1.16221070e-08 -1.16221071e-08 -1.16222860e-08 -1.16221072e-08 -1.34295667e-08 -1.34295667e-08 -1.16221315e-08 -1.28452305e-08 
 7.13846152e-06  1.89480397e-08  1.89480398e-08  1.89482243e-08  1.89480398e-08  2.07649060e-08  2.07649060e-08  1.89480644e-08  2.01800670e-08 
 7.14046152e-06 -7.66041403e-09 -7.66041412e-09 -7.66060436e-09 -7.66041415e-09 -9.48652389e-09 -9.48652393e-09 -7.66043909e-09 -8.90124408e-09 
 7.14246152e-06  1.50266303e-08  1.50266303e-08  1.50268264e-08  1.50266304e-08  1.68618224e-08  1.68618224e-08  1.50266556e-08  1.62761607e-08 
 7.14446152e-06 -3.77982408e-09 -3.77982417e-09 -3.78002585e-09 -3.77982426e-09 -5.62345755e-09 -5.62345759e-09 -3.77984972e-09 -5.03755692e-09 
 7.14646152e-06  1.11868590e-08  1.11868591e-08  1.11870665e-08  1.11868592e-08  1.30387743e-08  1.30387744e-08  1.11868850e-08  1.24526919e-08 
 7.14846152e-06  1.66964418e-11  1.66963802e-11  1.64833370e-11  1.66963185e-11 -1.84322285e-09 -1.84322289e-09  1.66702112e-11 -1.25711955e-09 
 7.15046152e-06  7.43175545e-09  7.43175554e-09  7.43197427e-09  7.43175558e-09  9.29951690e-09  9.29951692e-09  7.43178197e-09  8.71345073e-09 
 7.15246152e-06  3.73374671e-09  3.73374664e-09  3.73352212e-09  3.73374663e-09  1.85828928e-09  1.85828920e-09  3.73371986e-09  2.44426624e-09 
 7.15446152e-06  3.75585739e-09  3.75585751e-09  3.75608783e-09  3.75585756e-09  5.63931427e-09  5.63931433e-09  3.75588459e-09  5.05340689e-09 
 7.15646152e-06  7.36686358e-09  7.36686348e-09  7.36662732e-09  7.36686344e-09  5.47558324e-09  5.47558318e-09  7.36683611e-09  6.06136418e-09 
 7.15846152e-06  1.62982219e-10  1.62982286e-10  1.63224276e-10  1.62982311e-10  2.06202954e-09  2.06202963e-09  1.63009991e-10  1.47632204e-09 
 7.16046152e-06  1.09195488e-08  1.09195487e-08  1.09193008e-08  1.09195487e-08  9.01291264e-09  9.01291260e-09  1.09195206e-08  9.59849005e-09 
 7.16246152e-06 -3.34956344e-09 -3.34956335e-09 -3.34930964e-09 -3.34956329e-09 -1.43550413e-09 -1.43550411e-09 -3.34953501e-09 -2.02089787e-09 
 7.16446152e-06  1.43967052e-08  1.43967051e-08  1.43964454e-08  1.43967050e-08  1.24748070e-08  1.24748070e-08  1.43966765e-08  1.30601451e-08 
 7.16646152e-06 -6.77671505e-09 -6.77671492e-09 -6.77644964e-09 -6.77671493e-09 -4.84895673e-09 -4.84895665e-09 -6.77668607e-09 -5.43363309e-09 
 7.16846152e-06  1.77905906e-08  1.77905905e-08  1.77903192e-08  1.77905905e-08  1.58547139e-08  1.58547137e-08  1.77905613e-08  1.64394141e-08 
 7.17046152e-06 -1.01319438e-08 -1.01319437e-08 -1.01316666e-08 -1.01319437e-08 -8.18996243e-09 -8.18996235e-09 -1.01319142e-08 -8.77407903e-09 
 7.17246152e-06  2.10949414e-08  2.10949413e-08  2.10946583e-08  2.10949413e-08  1.91464116e-08  1.91464116e-08  2.10949115e-08  1.97300781e-08 
 7.17446152e-06 -1.34056648e-08 -1.34056647e-08 -1.34053758e-08 -1.34056647e-08 -1.14507558e-08 -1.14507558e-08 -1.34056346e-08 -1.20339218e-08 
 7.17646152e-06  2.43370563e-08  2.43370561e-08  2.43367612e-08  2.43370561e-08  2.23753420e-08  2.23753420e-08  2.43370257e-08  2.29581383e-08 
 7.17846152e-06 -1.65975259e-08 -1.65975257e-08 -1.65972251e-08 -1.65975258e-08 -1.46304154e-08 -1.46304154e-08 -1.65974951e-08 -1.52124248e-08 
 7.18046152e-06  2.74908600e-08  2.74908599e-08  2.74905533e-08  2.74908600e-08  2.55172919e-08  2.55172919e-08  2.74908290e-08  2.60988315e-08 
 7.18246152e-06 -1.97049192e-08 -1.97049191e-08 -1.97046069e-08 -1.97049191e-08 -1.77269236e-08 -1.77269236e-08 -1.97048878e-08 -1.83073961e-08 
 7.18446152e-06  3.05697900e-08  3.05697898e-08  3.05694715e-08  3.05697899e-08  2.85850505e-08  2.85850504e-08  3.05697583e-08  2.91651397e-08 
 7.18646152e-06 -2.27430098e-08 -2.27430097e-08 -2.27426857e-08 -2.27430098e-08 -2.07542040e-08 -2.07542039e-08 -2.27429778e-08 -2.13331305e-08 
 7.18846152e-06  3.35601436e-08  3.35601434e-08  3.35598134e-08  3.35601435e-08  3.15655609e-08  3.15655609e-08  3.35601113e-08  3.21438263e-08 
 7.19046152e-06 -2.57066055e-08 -2.57066054e-08 -2.57062696e-08 -2.57066055e-08 -2.37076774e-08 -2.37076773e-08 -2.57065729e-08 -2.42848708e-08 
 7.19246152e-06  3.64979539e-08  3.64979539e-08  3.64976120e-08  3.64979539e-08  3.44929806e-08  3.44929806e-08  3.64979210e-08  3.50696000e-08 
 7.19446152e-06 -2.85904587e-08 -2.85904586e-08 -2.85901111e-08 -2.85904586e-08 -2.65821424e-08 -2.65821423e-08 -2.85904255e-08 -2.71574154e-08 
 7.19646152e-06  3.93455959e-08  3.93455958e-08  3.93452423e-08  3.93455958e-08  3.73315846e-08  3.73315845e-08  3.93455624e-08  3.79061914e-08 
 7.19846152e-06 -3.13984527e-08 -3.13984527e-08 -3.13980936e-08 -3.13984527e-08 -2.93814595e-08 -2.93814594e-08 -3.13984190e-08 -2.99546317e-08 
 7.20046152e-06  4.21176984e-08  4.21176984e-08  4.21173332e-08  4.21176984e-08  4.00953608e-08  4.00953608e-08  4.21176643e-08  4.06677767e-08 
 7.20246152e-06 -3.41313343e-08 -3.41313341e-08 -3.41309635e-08 -3.41313342e-08 -3.21063750e-08 -3.21063750e-08 -3.41312999e-08 -3.26772705e-08 
 7.20446152e-06  4.48150266e-08  4.48150265e-08  4.48146499e-08  4.48150266e-08  4.27850740e-08  4.27850739e-08  4.48149920e-08  4.33551251e-08 
 7.20646152e-06 -3.67898851e-08 -3.67898849e-08 -3.67895028e-08 -3.67898850e-08 -3.47576704e-08 -3.47576704e-08 -3.67898501e-08 -3.53261175e-08 
 7.20846152e-06  4.74383795e-08  4.74383794e-08  4.74379913e-08  4.74383795e-08  4.54015225e-08  4.54015224e-08  4.74383443e-08  4.59690392e-08 
 7.21046152e-06 -3.93749196e-08 -3.93749195e-08 -3.93745258e-08 -3.93749196e-08 -3.73361591e-08 -3.73361591e-08 -3.93748841e-08 -3.79019905e-08 
 7.21246152e-06  4.99885876e-08  4.99885875e-08  4.99881878e-08  4.99885875e-08  4.79455352e-08  4.79455352e-08  4.99885517e-08  4.85103525e-08 
 7.21446152e-06 -4.18872824e-08 -4.18872823e-08 -4.18868772e-08 -4.18872823e-08 -3.98426839e-08 -3.98426839e-08 -4.18872463e-08 -4.04057367e-08 
 7.21646152e-06  5.24665096e-08  5.24665095e-08  5.24660985e-08  5.24665095e-08  5.04179694e-08  5.04179694e-08  5.24664732e-08  5.09799263e-08 
 7.21846152e-06 -4.43278450e-08 -4.43278449e-08 -4.43274284e-08 -4.43278449e-08 -4.22781145e-08 -4.22781144e-08 -4.43278083e-08 -4.28382300e-08 
 7.22046152e-06  5.48730305e-08  5.48730305e-08  5.48726081e-08  5.48730305e-08  5.28197077e-08  5.28197076e-08  5.48729936e-08  5.33786477e-08 
 7.22246152e-06 -4.66975039e-08 -4.66975038e-08 -4.66970761e-08 -4.66975038e-08 -4.46433446e-08 -4.46433445e-08 -4.66974667e-08 -4.52003688e-08 
 7.22446152e-06  5.72090590e-08  5.72090589e-08  5.72086254e-08  5.72090590e-08  5.51516558e-08  5.51516557e-08  5.72090215e-08  5.57074267e-08 
 7.22646152e-06 -4.89971780e-08 -4.89971779e-08 -4.89967391e-08 -4.89971779e-08 -4.69392903e-08 -4.69392902e-08 -4.89971402e-08 -4.74930730e-08 
 7.22846152e-06  5.94755249e-08  5.94755248e-08  5.94750801e-08  5.94755248e-08  5.74147404e-08  5.74147404e-08  5.94754868e-08  5.79671943e-08 
 7.23046152e-06 -5.12278063e-08 -5.12278062e-08 -5.12273562e-08 -5.12278062e-08 -4.91668871e-08 -4.91668871e-08 -5.12277679e-08 -4.97172827e-08 
 7.23246152e-06  6.16733770e-08  6.16733769e-08  6.16729212e-08  6.16733770e-08  5.96099070e-08  5.96099069e-08  6.16733383e-08  6.01588998e-08 
 7.23446152e-06 -5.33903459e-08 -5.33903457e-08 -5.33898848e-08 -5.33903458e-08 -5.13270884e-08 -5.13270884e-08 -5.33903070e-08 -5.18739549e-08 
 7.23646152e-06  6.38035814e-08  6.38035813e-08  6.38031146e-08  6.38035814e-08  6.17381173e-08  6.17381172e-08  6.38035422e-08  6.22835094e-08 
 7.23846152e-06 -5.54857697e-08 -5.54857696e-08 -5.54852978e-08 -5.54857697e-08 -5.34208630e-08 -5.34208629e-08 -5.54857303e-08 -5.39640628e-08 
 7.24000000e-06  6.61771833e-08  6.61771832e-08  6.61767041e-08  6.61771833e-08  6.41100839e-08  6.41100839e-08  6.61771435e-08  6.46512187e-08 
 7.24020000e-06  2.27857014e-09  2.27857025e-09  2.27858311e-09  2.27857024e-09  2.27701598e-09  2.27701598e-09  2.27857085e-09  2.28240753e-09 
 7.24060000e-06  6.86116676e-09  6.86116674e-09  6.86115417e-09  6.86116674e-09  6.86465336e-09  6.86465336e-09  6.86116616e-09  6.85889537e-09 
 7.24140000e-06  2.54301279e-09  2.54301283e-09  2.54302522e-09  2.54301287e-09  2.53856830e-09  2.53856832e-09  2.54301344e-09  2.54449574e-09 
 7.24246255e-06  6.70805836e-09  6.70805835e-09  6.70804608e-09  6.70805832e-09  6.71299439e-09  6.71299437e-09  6.70805774e-09  6.70717125e-09 
 7.24341745e-06  2.68150448e-09  2.68150440e-09  2.68151656e-09  2.68150449e-09  2.67798070e-09  2.67798073e-09  2.68150508e-09  2.68172700e-09 
 7.24437652e-06  6.55894882e-09  6.55894886e-09  6.55893686e-09  6.55894872e-09  6.55462032e-09  6.55462031e-09  6.55894812e-09  6.55938868e-09 
 7.24500000e-06  2.89251192e-09  2.89251194e-09  2.89252363e-09  2.89251206e-09  2.93941625e-09  2.93941631e-09  2.89251262e-09  2.89105501e-09 
 7.24509727e-06  4.38439593e-09  4.38439590e-09  4.38439601e-09  4.38439589e-09  4.07961850e-09  4.07961855e-09  4.38439597e-09  4.38592418e-09 
 7.24529181e-06  4.77923147e-09  4.77923149e-09  4.77923430e-09  4.77923140e-09  5.45909228e-09  5.45909220e-09  4.77923131e-09  4.77814389e-09 
 7.24568089e-06  4.82225654e-09  4.82225652e-09  4.82225019e-09  4.82225666e-09  4.00691000e-09  4.00691004e-09  4.82225676e-09  4.82292171e-09 
 7.24627178e-06  4.19730574e-09  4.19730569e-09  4.19731561e-09  4.19730554e-09  5.05389134e-09  5.05389127e-09  4.19730552e-09  4.19700481e-09 
 7.24738353e-06  5.31489286e-09  5.31489298e-09  5.31488065e-09  5.31489315e-09  4.45414773e-09  4.45414775e-09  5.31489316e-09  5.31497355e-09 
 7.24938353e-06  3.88128473e-09  3.88128469e-09  3.88129853e-09  3.88128451e-09  4.73886869e-09  4.73886867e-09  3.88128450e-09  3.88133412e-09 
 7.25138353e-06  5.56383893e-09  5.56383898e-09  5.56382345e-09  5.56383913e-09  4.71331039e-09  4.71331043e-09  5.56383917e-09  5.56365458e-09 
 7.25338353e-06  3.61586752e-09  3.61586747e-09  3.61588486e-09  3.61586731e-09  4.45548427e-09  4.45548423e-09  3.61586725e-09  3.61619159e-09 
 7.25538353e-06  5.84561754e-09  5.84561761e-09  5.84559824e-09  5.84561776e-09  5.02071534e-09  5.02071537e-09  5.84561779e-09  5.84514941e-09 
 7.25738353e-06  3.31788617e-09  3.31788609e-09  3.31790758e-09  3.31788596e-09  4.12433997e-09  4.12433993e-09  3.31788594e-09  3.31850239e-09 
 7.25938353e-06  6.15959648e-09  6.15959653e-09  6.15957279e-09  6.15959672e-09  5.37524378e-09  5.37524382e-09  6.15959674e-09  6.15882855e-09 
 7.26138353e-06  2.98815800e-09  2.98815799e-09  2.98818408e-09  2.98815778e-09  3.74684977e-09  3.74684973e-09  2.98815775e-09  2.98908092e-09 
 7.26338353e-06  6.50478445e-09  6.50478452e-09  6.50475582e-09  6.50478467e-09  5.77521146e-09  5.77521146e-09  6.50478470e-09  6.50370372e-09 
 7.26538353e-06  2.62783746e-09  2.62783742e-09  2.62786879e-09  2.62783724e-09  3.32494464e-09  3.32494464e-09  2.62783725e-09  2.62907843e-09 
 7.26738353e-06  6.87987480e-09  6.87987481e-09  6.87984065e-09  6.87987505e-09  6.21846333e-09  6.21846331e-09  6.87987501e-09  6.87847170e-09 
 7.26938353e-06  2.23837255e-09  2.23837249e-09  2.23840962e-09  2.23837224e-09  2.86098171e-09  2.86098173e-09  2.23837227e-09  2.23993921e-09 
 7.27138353e-06  7.28328880e-09  7.28328879e-09  7.28324853e-09  7.28328903e-09  6.70246071e-09  6.70246071e-09  7.28328900e-09  7.28155744e-09 
 7.27338353e-06  1.82146235e-09  1.82146234e-09  1.82150591e-09  1.82146214e-09  2.35766170e-09  2.35766170e-09  1.82146213e-09  1.82335883e-09 
 7.27538353e-06  7.71321678e-09  7.71321680e-09  7.71316977e-09  7.71321700e-09  7.22435964e-09  7.22435965e-09  7.71321701e-09  7.71115514e-09 
 7.27738353e-06  1.37901716e-09  1.37901713e-09  1.37906770e-09  1.37901694e-09  1.81795427e-09  1.81795425e-09  1.37901695e-09  1.38124345e-09 
 7.27938353e-06  8.16765786e-09  8.16765782e-09  8.16760361e-09  8.16765803e-09  7.78108141e-09  7.78108144e-09  8.16765804e-09  8.16526793e-09 
 7.28138353e-06  9.13119310e-10  9.13119328e-10  9.13177374e-10  9.13119141e-10  1.24503153e-09  1.24503153e-09  9.13119130e-10  9.15671357e-10 
 7.28338353e-06  8.64445702e-09  8.64445697e-09  8.64439502e-09  8.64445722e-09  8.36937516e-09  8.36937520e-09  8.64445721e-09  8.64174494e-09 
 7.28538353e-06  4.25987717e-10  4.25987738e-10  4.26053718e-10  4.25987512e-10  6.42209001e-10  6.42208931e-10  4.25987535e-10  4.28857238e-10 
 7.28738353e-06  9.14133992e-09  9.14133991e-09  9.14126976e-09  9.14134008e-09  8.98587376e-09  8.98587381e-09  9.14134011e-09  9.13831606e-09 
 7.28938353e-06 -8.00787296e-11 -8.00786613e-11 -8.00042162e-11 -8.00788268e-11  1.28934976e-11  1.28935130e-11 -8.00788626e-11 -7.69030601e-11 
 7.29138353e-06  9.65599060e-09  9.65599055e-09  9.65591173e-09  9.65599070e-09  9.62714193e-09  9.62714197e-09  9.65599071e-09  9.65266734e-09 
 7.29338353e-06 -6.02850187e-10 -6.02850152e-10 -6.02766849e-10 -6.02850299e-10 -6.39662123e-10 -6.39662130e-10 -6.02850314e-10 -5.99383907e-10 
 7.29538353e-06  1.01862716e-08  1.01862715e-08  1.01861837e-08  1.01862717e-08  1.02901178e-08  1.02901178e-08  1.01862717e-08  1.01826675e-08 
 7.29738353e-06 -1.14003126e-09 -1.14003123e-09 -1.13993887e-09 -1.14003139e-09 -1.31220570e-09 -1.31220578e-09 -1.14003138e-09 -1.13629500e-09 
 7.29938353e-06  1.07297369e-08  1.07297369e-08  1.07296399e-08  1.07297370e-08  1.09713688e-08  1.09713688e-08  1.07297370e-08  1.07258746e-08 
 7.30138353e-06 -1.68916918e-09 -1.68916913e-09 -1.68906759e-09 -1.68916931e-09 -2.00131607e-09 -2.00131606e-09 -1.68916930e-09 -1.68518739e-09 
 7.30338353e-06  1.12839327e-08  1.12839327e-08  1.12838264e-08  1.12839328e-08  1.16674923e-08  1.16674923e-08  1.12839328e-08  1.12798386e-08 
 7.30538353e-06 -2.24781418e-09 -2.24781415e-09 -2.24770329e-09 -2.24781425e-09 -2.70362076e-09 -2.70362077e-09 -2.24781426e-09 -2.24361548e-09 
 7.30738353e-06  1.18464185e-08  1.18464185e-08  1.18463031e-08  1.18464186e-08  1.23751524e-08  1.23751524e-08  1.18464186e-08  1.18421233e-08 
 7.30938353e-06 -2.81354005e-09 -2.81354001e-09 -2.81341997e-09 -2.81354013e-09 -3.41582642e-09 -3.41582644e-09 -2.81354011e-09 -2.80915676e-09 
 7.31138353e-06  1.24147869e-08  1.24147869e-08  1.24146623e-08  1.24147869e-08  1.30911031e-08  1.30911031e-08  1.24147869e-08  1.24103246e-08 
 7.31338353e-06 -3.38396209e-09 -3.38396205e-09 -3.38383303e-09 -3.38396216e-09 -4.13473885e-09 -4.13473887e-09 -3.38396209e-09 -3.37943021e-09 
 7.31538353e-06  1.29866797e-08  1.29866796e-08  1.29865462e-08  1.29866798e-08  1.38122063e-08  1.38122063e-08  1.29866797e-08  1.29820881e-08 
 7.31738353e-06 -3.95675252e-09 -3.95675247e-09 -3.95661475e-09 -3.95675263e-09 -4.85727972e-09 -4.85727971e-09 -3.95675257e-09 -3.95211153e-09 
 7.31938353e-06  1.35598030e-08  1.35598029e-08  1.35596610e-08  1.35598031e-08  1.45354469e-08  1.45354469e-08  1.35598030e-08  1.35551233e-08 
 7.32138353e-06 -4.52965433e-09 -4.52965434e-09 -4.52950844e-09 -4.52965443e-09 -5.58050025e-09 -5.58050030e-09 -4.52965439e-09 -4.52494709e-09 
 7.32338353e-06  1.41319394e-08  1.41319394e-08  1.41317896e-08  1.41319395e-08  1.52579449e-08  1.52579449e-08  1.41319395e-08  1.41272160e-08 
 7.32538353e-06 -5.10049253e-09 -5.10049258e-09 -5.10033905e-09 -5.10049268e-09 -6.30159171e-09 -6.30159176e-09 -5.10049264e-09 -5.09576489e-09 
 7.32738353e-06  1.47009588e-08  1.47009588e-08  1.47008017e-08  1.47009589e-08  1.59769648e-08  1.59769648e-08  1.47009589e-08  1.46962390e-08 
 7.32938353e-06 -5.66718393e-09 -5.66718391e-09 -5.66702344e-09 -5.66718399e-09 -7.01789343e-09 -7.01789342e-09 -5.66718396e-09 -5.66248460e-09 
 7.33138353e-06  1.52648267e-08  1.52648267e-08  1.52646631e-08  1.52648268e-08  1.66899222e-08  1.66899222e-08  1.52648267e-08  1.52601607e-08 
 7.33338353e-06 -6.22774450e-09 -6.22774449e-09 -6.22757803e-09 -6.22774456e-09 -7.72689851e-09 -7.72689852e-09 -6.22774454e-09 -6.22312498e-09 
 7.33538353e-06  1.58216113e-08  1.58216114e-08  1.58214423e-08  1.58216114e-08  1.73943888e-08  1.73943889e-08  1.58216114e-08  1.58170518e-08 
 7.33738353e-06 -6.78029623e-09 -6.78029625e-09 -6.78012479e-09 -6.78029627e-09 -8.42625806e-09 -8.42625807e-09 -6.78029624e-09 -6.77581052e-09 
 7.33938353e-06  1.63694895e-08  1.63694895e-08  1.63693160e-08  1.63694896e-08  1.80880954e-08  1.80880955e-08  1.63694895e-08  1.63650916e-08 
 7.34138353e-06 -7.32307158e-09 -7.32307166e-09 -7.32289637e-09 -7.32307169e-09 -9.11378298e-09 -9.11378300e-09 -7.32307165e-09 -7.31877585e-09 
 7.34338353e-06  1.69067503e-08  1.69067504e-08  1.69065736e-08  1.69067504e-08  1.87689335e-08  1.87689335e-08  1.69067503e-08  1.69025712e-08 
 7.34538353e-06 -7.85441712e-09 -7.85441721e-09 -7.85423934e-09 -7.85441722e-09 -9.78744502e-09 -9.78744504e-09 -7.85441720e-09 -7.85036963e-09 
 7.34738353e-06  1.74317981e-08  1.74317982e-08  1.74316195e-08  1.74317982e-08  1.94349547e-08  1.94349547e-08  1.74317981e-08  1.74278970e-08 
 7.34938353e-06 -8.37279550e-09 -8.37279561e-09 -8.37261664e-09 -8.37279560e-09 -1.04453759e-08 -1.04453759e-08 -8.37279552e-09 -8.36905620e-09 
 7.35138353e-06  1.79431542e-08  1.79431543e-08  1.79429753e-08  1.79431542e-08  2.00843703e-08  2.00843703e-08  1.79431542e-08  1.79395920e-08 
 7.35338353e-06 -8.87678689e-09 -8.87678699e-09 -8.87660840e-09 -8.87678697e-09 -1.10858656e-08 -1.10858656e-08 -8.87678691e-09 -8.87341742e-09 
 7.35538353e-06  1.84394577e-08  1.84394577e-08  1.84392800e-08  1.84394577e-08  2.07155485e-08  2.07155485e-08  1.84394577e-08  1.84362967e-08 
 7.35738353e-06 -9.36508916e-09 -9.36508923e-09 -9.36491264e-09 -9.36508918e-09 -1.17073600e-08 -1.17073600e-08 -9.36508913e-09 -9.36215261e-09 
 7.35938353e-06  1.89252083e-08  1.89252084e-08  1.89250334e-08  1.89252084e-08  2.13334554e-08  2.13334554e-08  1.89252083e-08  1.89225111e-08 
 7.36138353e-06 -9.83604736e-09 -9.83604741e-09 -9.83587462e-09 -9.83604737e-09 -1.23078624e-08 -1.23078624e-08 -9.83604732e-09 -9.83360754e-09 
 7.36338353e-06  1.93875026e-08  1.93875027e-08  1.93873324e-08  1.93875026e-08  2.19235111e-08  2.19235111e-08  1.93875025e-08  1.93853349e-08 
 7.36538353e-06 -1.02861378e-08 -1.02861378e-08 -1.02859707e-08 -1.02861377e-08 -1.28830455e-08 -1.28830455e-08 -1.02861377e-08 -1.02842609e-08 
 7.36738353e-06  1.98319109e-08  1.98319109e-08  1.98317472e-08  1.98319108e-08  2.24920283e-08  2.24920283e-08  1.98319107e-08  1.98303388e-08 
 7.36938353e-06 -1.07206953e-08 -1.07206954e-08 -1.07205359e-08 -1.07206954e-08 -1.34396831e-08 -1.34396831e-08 -1.07206952e-08 -1.07194468e-08 
 7.37138353e-06  2.02569567e-08  2.02569567e-08  2.02568017e-08  2.02569566e-08  2.30372480e-08  2.30372480e-08  2.02569565e-08  2.02560465e-08 
 7.37338353e-06 -1.11354957e-08 -1.11354957e-08 -1.11353459e-08 -1.11354957e-08 -1.39725707e-08 -1.39725707e-08 -1.11354956e-08 -1.11349420e-08 
 7.37538353e-06  2.06618521e-08  2.06618522e-08  2.06617080e-08  2.06618522e-08  2.35582681e-08  2.35582682e-08  2.06618520e-08  2.06616709e-08 
 7.37738353e-06 -1.15298049e-08 -1.15298049e-08 -1.15296669e-08 -1.15298049e-08 -1.44808723e-08 -1.44808723e-08 -1.15298048e-08 -1.15300130e-08 
 7.37938353e-06  2.10459155e-08  2.10459155e-08  2.10457843e-08  2.10459155e-08  2.40543161e-08  2.40543161e-08  2.10459154e-08  2.10465302e-08 
 7.38138353e-06 -1.19029932e-08 -1.19029932e-08 -1.19028692e-08 -1.19029931e-08 -1.49638785e-08 -1.49638785e-08 -1.19029930e-08 -1.19040305e-08 
 7.38338353e-06  2.14085674e-08  2.14085675e-08  2.14084513e-08  2.14085674e-08  2.45247434e-08  2.45247434e-08  2.14085673e-08  2.14100455e-08 
 7.38538353e-06 -1.22545312e-08 -1.22545313e-08 -1.22544236e-08 -1.22545312e-08 -1.54210007e-08 -1.54210008e-08 -1.22545311e-08 -1.22564652e-08 
 7.38738353e-06  2.17493270e-08  2.17493270e-08  2.17492282e-08  2.17493270e-08  2.49690192e-08  2.49690192e-08  2.17493269e-08  2.17517359e-08 
 7.38938353e-06 -1.25839862e-08 -1.25839863e-08 -1.25838972e-08 -1.25839863e-08 -1.58517654e-08 -1.58517654e-08 -1.25839861e-08 -1.25868841e-08 
 7.39138353e-06  2.20678077e-08  2.20678077e-08  2.20677287e-08  2.20678077e-08  2.53867248e-08  2.53867248e-08  2.20678076e-08  2.20712148e-08 
 7.39338353e-06 -1.28910176e-08 -1.28910176e-08 -1.28909494e-08 -1.28910176e-08 -1.62558076e-08 -1.62558076e-08 -1.28910174e-08 -1.28949466e-08 
 7.39538353e-06  2.23637133e-08  2.23637133e-08  2.23636565e-08  2.23637132e-08  2.57775473e-08  2.57775473e-08  2.23637131e-08  2.23681857e-08 
 7.39738353e-06 -1.31753725e-08 -1.31753725e-08 -1.31753277e-08 -1.31753724e-08 -1.66328650e-08 -1.66328650e-08 -1.31753723e-08 -1.31803995e-08 
 7.39938353e-06  2.26368330e-08  2.26368330e-08  2.26368007e-08  2.26368329e-08  2.61412731e-08  2.61412731e-08  2.26368328e-08  2.26424373e-08 
 7.40138353e-06 -1.34368815e-08 -1.34368814e-08 -1.34368624e-08 -1.34368813e-08 -1.69827721e-08 -1.69827720e-08 -1.34368812e-08 -1.34430728e-08 
 7.40338353e-06  2.28870372e-08  2.28870372e-08  2.28870320e-08  2.28870371e-08  2.64777827e-08  2.64777827e-08  2.28870370e-08  2.28938396e-08 
 7.40538353e-06 -1.36754536e-08 -1.36754536e-08 -1.36754628e-08 -1.36754535e-08 -1.73054535e-08 -1.73054535e-08 -1.36754533e-08 -1.36828751e-08 
 7.40738353e-06  2.31142727e-08  2.31142727e-08  2.31142969e-08  2.31142726e-08  2.67870440e-08  2.67870440e-08  2.31142724e-08  2.31223388e-08 
 7.40938353e-06 -1.38910723e-08 -1.38910723e-08 -1.38911121e-08 -1.38910722e-08 -1.76009190e-08 -1.76009191e-08 -1.38910720e-08 -1.38997889e-08 
 7.41138353e-06  2.33185582e-08  2.33185582e-08  2.33186142e-08  2.33185580e-08  2.70691066e-08  2.70691066e-08  2.33185578e-08  2.33279524e-08 
 7.41338353e-06 -1.40837903e-08 -1.40837903e-08 -1.40838632e-08 -1.40837901e-08 -1.78692568e-08 -1.78692568e-08 -1.40837900e-08 -1.40938663e-08 
 7.41538353e-06  2.34999792e-08  2.34999792e-08  2.35000697e-08  2.34999792e-08  2.73240960e-08  2.73240960e-08  2.34999789e-08  2.35107655e-08 
 7.41738353e-06 -1.42537252e-08 -1.42537252e-08 -1.42538337e-08 -1.42537251e-08 -1.81106280e-08 -1.81106280e-08 -1.42537249e-08 -1.42652238e-08 
 7.41938353e-06  2.36586845e-08  2.36586845e-08  2.36588118e-08  2.36586844e-08  2.75522081e-08  2.75522080e-08  2.36586841e-08  2.36709254e-08 
 7.42138353e-06 -1.44010549e-08 -1.44010549e-08 -1.44012014e-08 -1.44010548e-08 -1.83252614e-08 -1.83252614e-08 -1.44010546e-08 -1.44140383e-08 
 7.42338353e-06  2.37948805e-08  2.37948805e-08  2.37950470e-08  2.37948804e-08  2.77537033e-08  2.77537033e-08  2.37948802e-08  2.38086377e-08 
 7.42538353e-06 -1.45260133e-08 -1.45260133e-08 -1.45262002e-08 -1.45260132e-08 -1.85134478e-08 -1.85134478e-08 -1.45260130e-08 -1.45405423e-08 
 7.42738353e-06  2.39088274e-08  2.39088274e-08  2.39090356e-08  2.39088274e-08  2.79289018e-08  2.79289018e-08  2.39088272e-08  2.39241614e-08 
 7.42938353e-06 -1.46288856e-08 -1.46288857e-08 -1.46291154e-08 -1.46288856e-08 -1.86755348e-08 -1.86755348e-08 -1.46288853e-08 -1.46450200e-08 
 7.43138353e-06  2.40008351e-08  2.40008350e-08  2.40010872e-08  2.40008350e-08  2.80781780e-08  2.80781780e-08  2.40008347e-08  2.40178047e-08 
 7.43338353e-06 -1.47100045e-08 -1.47100045e-08 -1.47102793e-08 -1.47100044e-08 -1.88119218e-08 -1.88119218e-08 -1.47100042e-08 -1.47278025e-08 
 7.43538353e-06  2.40712581e-08  2.40712581e-08  2.40715566e-08  2.40712581e-08  2.82019556e-08  2.82019556e-08  2.40712578e-08  2.40899211e-08 
 7.43738353e-06 -1.47697455e-08 -1.47697455e-08 -1.47700679e-08 -1.47697455e-08 -1.89230554e-08 -1.89230553e-08 -1.47697452e-08 -1.47892640e-08 
 7.43938353e-06  2.41204927e-08  2.41204927e-08  2.41208397e-08  2.41204926e-08  2.83007032e-08  2.83007032e-08  2.41204923e-08  2.41409049e-08 
 7.44138353e-06 -1.48085235e-08 -1.48085236e-08 -1.48088956e-08 -1.48085235e-08 -1.90094242e-08 -1.90094242e-08 -1.48085232e-08 -1.48298176e-08 
 7.44338353e-06  2.41489719e-08  2.41489719e-08  2.41493698e-08  2.41489719e-08  2.83749294e-08  2.83749295e-08  2.41489716e-08  2.41711879e-08 
 7.44538353e-06 -1.48267887e-08 -1.48267888e-08 -1.48272126e-08 -1.48267887e-08 -1.90715552e-08 -1.90715552e-08 -1.48267884e-08 -1.48499120e-08 
 7.44738353e-06  2.41571625e-08  2.41571625e-08  2.41576134e-08  2.41571625e-08  2.84251787e-08  2.84251787e-08  2.41571622e-08  2.41812351e-08 
 7.44938353e-06 -1.48296023e-08 -1.48296024e-08 -1.48300803e-08 -1.48296023e-08 -1.91159095e-08 -1.91159096e-08 -1.48296020e-08 -1.48546138e-08 
 7.45138353e-06  2.41378694e-08  2.41378695e-08  2.41383752e-08  2.41378694e-08  2.84429491e-08  2.84429491e-08  2.41378691e-08  2.41638406e-08 
 7.45338353e-06 -1.48082729e-08 -1.48082729e-08 -1.48088070e-08 -1.48082729e-08 -1.91312499e-08 -1.91312500e-08 -1.48082726e-08 -1.48352165e-08 
 7.45538353e-06  2.41069792e-08  2.41069793e-08  2.41075422e-08  2.41069792e-08  2.84469763e-08  2.84469764e-08  2.41069789e-08  2.41349070e-08 
 7.45738353e-06 -1.47679549e-08 -1.47679551e-08 -1.47685473e-08 -1.47679550e-08 -1.91241171e-08 -1.91241172e-08 -1.47679546e-08 -1.47968791e-08 
 7.45938353e-06  2.40573798e-08  2.40573799e-08  2.40580019e-08  2.40573798e-08  2.84288469e-08  2.84288469e-08  2.40573794e-08  2.40873106e-08 
 7.46138353e-06 -1.47092203e-08 -1.47092204e-08 -1.47098727e-08 -1.47092203e-08 -1.90951494e-08 -1.90951494e-08 -1.47092199e-08 -1.47401678e-08 
 7.46338353e-06  2.39896678e-08  2.39896679e-08  2.39903508e-08  2.39896678e-08  2.83892090e-08  2.83892090e-08  2.39896674e-08  2.40216410e-08 
 7.46538353e-06 -1.46326880e-08 -1.46326880e-08 -1.46334020e-08 -1.46326880e-08 -1.90450041e-08 -1.90450041e-08 -1.46326875e-08 -1.46656965e-08 
 7.46738353e-06  2.39044788e-08  2.39044789e-08  2.39052243e-08  2.39044788e-08  2.83287293e-08  2.83287293e-08  2.39044784e-08  2.39385314e-08 
 7.46938353e-06 -1.45390007e-08 -1.45390008e-08 -1.45397781e-08 -1.45390007e-08 -1.89743586e-08 -1.89743586e-08 -1.45390003e-08 -1.45741066e-08 
 7.47138353e-06  2.38024580e-08  2.38024581e-08  2.38032676e-08  2.38024580e-08  2.82481029e-08  2.82481029e-08  2.38024575e-08  2.38386257e-08 
 7.47338353e-06 -1.44288058e-08 -1.44288059e-08 -1.44296481e-08 -1.44288059e-08 -1.88839378e-08 -1.88839378e-08 -1.44288054e-08 -1.44660443e-08 
 7.47538353e-06  2.36842545e-08  2.36842545e-08  2.36851297e-08  2.36842545e-08  2.81480806e-08  2.81480806e-08  2.36842540e-08  2.37225715e-08 
 7.47738353e-06 -1.43027500e-08 -1.43027501e-08 -1.43036587e-08 -1.43027500e-08 -1.87745001e-08 -1.87745002e-08 -1.43027495e-08 -1.43421554e-08 
 7.47938353e-06  2.35505049e-08  2.35505050e-08  2.35514475e-08  2.35505050e-08  2.80294200e-08  2.80294201e-08  2.35505044e-08  2.35910083e-08 
 7.48138353e-06 -1.41614573e-08 -1.41614574e-08 -1.41624341e-08 -1.41614573e-08 -1.86468022e-08 -1.86468023e-08 -1.41614567e-08 -1.42030686e-08 
 7.48338353e-06  2.34018218e-08  2.34018218e-08  2.34028332e-08  2.34018218e-08  2.78928762e-08  2.78928763e-08  2.34018212e-08  2.34445501e-08 
 7.48500000e-06 -1.39860880e-08 -1.39860882e-08 -1.39871428e-08 -1.39860881e-08 -1.84832351e-08 -1.84832351e-08 -1.39860875e-08 -1.40302115e-08 
 7.48520000e-06  4.44254846e-09  4.44254855e-09  4.44263975e-09  4.44254850e-09  4.45325631e-09  4.45325628e-09  4.44254839e-09  4.44547402e-09 
 7.48560000e-06  4.91281215e-09  4.91281203e-09  4.91271682e-09  4.91281216e-09  4.90991114e-09  4.90991109e-09  4.91281224e-09  4.90978329e-09 
 7.48640000e-06  4.38623439e-09  4.38623450e-09  4.38633126e-09  4.38623433e-09  4.38546374e-09  4.38546380e-09  4.38623427e-09  4.38930470e-09 
 7.48715030e-06  4.94755752e-09  4.94755739e-09  4.94745929e-09  4.94755754e-09  4.95208161e-09  4.95208153e-09  4.94755761e-09  4.94445024e-09 
 7.48769748e-06  4.34749028e-09  4.34749045e-09  4.34758993e-09  4.34749028e-09  4.33807919e-09  4.33807922e-09  4.34749022e-09  4.35063675e-09 
 7.48811443e-06  4.99351730e-09  4.99351705e-09  4.99341649e-09  4.99351725e-09  5.00891229e-09  5.00891232e-09  4.99351731e-09  4.99033733e-09 
 7.48850989e-06  4.28857318e-09  4.28857337e-09  4.28867445e-09  4.28857322e-09  4.26737155e-09  4.26737149e-09  4.28857317e-09  4.29177112e-09 
 7.48885199e-06  5.13357771e-09  5.13357756e-09  5.13347675e-09  5.13357764e-09  5.16080178e-09  5.16080178e-09  5.13357769e-09  5.13037950e-09 
 7.48908032e-06  3.53753837e-09  3.53753841e-09  3.53763702e-09  3.53753832e-09  3.50402134e-09  3.50402138e-09  3.53753825e-09  3.54063392e-09 
 7.48931880e-06  7.99797060e-09  7.99797057e-09  7.99787597e-09  7.99797077e-09  8.03080689e-09  8.03080683e-09  7.99797081e-09  7.99525857e-09 
 7.48948797e-06 -9.42353938e-09 -9.42353941e-09 -9.42345207e-09 -9.42353969e-09 -9.43263422e-09 -9.43263411e-09 -9.42353974e-09 -9.42235376e-09 
 7.48966817e-06  4.33798437e-08  4.33798437e-08  4.33797643e-08  4.33798439e-08  4.33332993e-08  4.33332992e-08  4.33798440e-08  4.33814648e-08 
 7.48986546e-06 -7.45274713e-08 -7.45274714e-08 -7.45273993e-08 -7.45274716e-08 -7.44000447e-08 -7.44000446e-08 -7.45274715e-08 -7.45326796e-08 
 7.49000000e-06  1.79252647e-07  1.79252647e-07  1.79252583e-07  1.79252648e-07  1.78971112e-07  1.78971112e-07  1.79252647e-07  1.79263409e-07 
 7.49002198e-06 -2.40053948e-07 -2.40053948e-07 -2.40053920e-07 -2.40053948e-07 -2.39876994e-07 -2.39876994e-07 -2.40053948e-07 -2.40080581e-07 
 7.49006594e-06  2.93216844e-07  2.93216844e-07  2.93216748e-07  2.93216844e-07  2.93400705e-07  2.93400705e-07  2.93216844e-07  2.93362190e-07 
 7.49015386e-06 -2.49328383e-07 -2.49328383e-07 -2.49328268e-07 -2.49328383e-07 -2.49821091e-07 -2.49821091e-07 -2.49328386e-07 -2.49608431e-07 
 7.49032970e-06  2.31890432e-07  2.31890432e-07  2.31890319e-07  2.31890432e-07  2.32554569e-07  2.32554569e-07  2.31890436e-07  2.32261463e-07 
 7.49068137e-06 -2.07766600e-07 -2.07766600e-07 -2.07766491e-07 -2.07766600e-07 -2.08519060e-07 -2.08519060e-07 -2.07766605e-07 -2.08188769e-07 
 7.49138472e-06  2.09452144e-07  2.09452144e-07  2.09452038e-07  2.09452144e-07  2.10249075e-07  2.10249075e-07  2.09452149e-07  2.09901110e-07 
 7.49257292e-06 -1.95557156e-07 -1.95557156e-07 -1.95557053e-07 -1.95557156e-07 -1.96380505e-07 -1.96380505e-07 -1.95557162e-07 -1.96022360e-07 
 7.49446152e-06  2.01976121e-07  2.01976121e-07  2.01976019e-07  2.01976121e-07  2.02816100e-07  2.02816100e-07  2.01976127e-07  2.02451666e-07 
 7.49646152e-06 -1.89910142e-07 -1.89910142e-07 -1.89910042e-07 -1.89910142e-07 -1.90765841e-07 -1.90765841e-07 -1.89910148e-07 -1.90395547e-07 
 7.49846152e-06  1.96468274e-07  1.96468274e-07  1.96468175e-07  1.96468274e-07  1.97339693e-07  1.97339693e-07  1.96468280e-07  1.96963620e-07 
 7.50046152e-06 -1.84382528e-07 -1.84382528e-07 -1.84382431e-07 -1.84382528e-07 -1.85269676e-07 -1.85269676e-07 -1.84382535e-07 -1.84887901e-07 
 7.50246152e-06  1.90922927e-07  1.90922927e-07  1.90922831e-07  1.90922927e-07  1.91825797e-07  1.91825797e-07  1.90922934e-07  1.91438401e-07 
 7.50446152e-06 -1.78821449e-07 -1.78821449e-07 -1.78821356e-07 -1.78821449e-07 -1.79740045e-07 -1.79740045e-07 -1.78821456e-07 -1.79347106e-07 
 7.50646152e-06  1.85348059e-07  1.85348060e-07  1.85347968e-07  1.85348060e-07  1.86282368e-07  1.86282368e-07  1.85348067e-07  1.85883969e-07 
 7.50846152e-06 -1.73234710e-07 -1.73234710e-07 -1.73234621e-07 -1.73234710e-07 -1.74184728e-07 -1.74184728e-07 -1.73234717e-07 -1.73780947e-07 
 7.51046152e-06  1.79751303e-07  1.79751303e-07  1.79751215e-07  1.79751303e-07  1.80717011e-07  1.80717011e-07  1.79751310e-07  1.80307932e-07 
 7.51246152e-06 -1.67629768e-07 -1.67629768e-07 -1.67629683e-07 -1.67629768e-07 -1.68611157e-07 -1.68611157e-07 -1.67629776e-07 -1.68196859e-07 
 7.51446152e-06  1.74139941e-07  1.74139941e-07  1.74139858e-07  1.74139941e-07  1.75136988e-07  1.75136988e-07  1.74139949e-07  1.74717553e-07 
 7.51646152e-06 -1.62013737e-07 -1.62013737e-07 -1.62013656e-07 -1.62013737e-07 -1.63026424e-07 -1.63026424e-07 -1.62013745e-07 -1.62601933e-07 
 7.51846152e-06  1.68520921e-07  1.68520921e-07  1.68520842e-07  1.68520921e-07  1.69549219e-07  1.69549219e-07  1.68520929e-07  1.69119754e-07 
 7.52046152e-06 -1.56393394e-07 -1.56393394e-07 -1.56393318e-07 -1.56393394e-07 -1.57437280e-07 -1.57437280e-07 -1.56393403e-07 -1.57002922e-07 
 7.52246152e-06  1.62900850e-07  1.62900850e-07  1.62900777e-07  1.62900851e-07  1.63960289e-07  1.63960289e-07  1.62900859e-07  1.63521121e-07 
 7.52446152e-06 -1.50775184e-07 -1.50775184e-07 -1.50775113e-07 -1.50775184e-07 -1.51850146e-07 -1.51850146e-07 -1.50775193e-07 -1.51406249e-07 
 7.52646152e-06  1.57286011e-07  1.57286011e-07  1.57285944e-07  1.57286011e-07  1.58376455e-07  1.58376455e-07  1.57286021e-07  1.57927913e-07 
 7.52846152e-06 -1.45165224e-07 -1.45165224e-07 -1.45165160e-07 -1.45165225e-07 -1.46271115e-07 -1.46271115e-07 -1.45165234e-07 -1.45818008e-07 
 7.53046152e-06  1.51682362e-07  1.51682362e-07  1.51682300e-07  1.51682362e-07  1.52803653e-07  1.52803653e-07  1.51682372e-07  1.52346063e-07 
 7.53246152e-06 -1.39569316e-07 -1.39569316e-07 -1.39569257e-07 -1.39569317e-07 -1.40705966e-07 -1.40705966e-07 -1.39569327e-07 -1.40243975e-07 
 7.53446152e-06  1.46095546e-07  1.46095546e-07  1.46095490e-07  1.46095547e-07  1.47247501e-07  1.47247501e-07  1.46095557e-07  1.46781192e-07 
 7.53646152e-06 -1.33992949e-07 -1.33992949e-07 -1.33992896e-07 -1.33992949e-07 -1.35160162e-07 -1.35160162e-07 -1.33992959e-07 -1.34689615e-07 
 7.53846152e-06  1.40530900e-07  1.40530900e-07  1.40530851e-07  1.40530901e-07  1.41713314e-07  1.41713314e-07  1.40530911e-07  1.41238612e-07 
 7.54046152e-06 -1.28441306e-07 -1.28441306e-07 -1.28441260e-07 -1.28441307e-07 -1.29638866e-07 -1.29638866e-07 -1.28441318e-07 -1.29160090e-07 
 7.54246152e-06  1.34993461e-07  1.34993461e-07  1.34993418e-07  1.34993461e-07  1.36206104e-07  1.36206104e-07  1.34993473e-07  1.35723336e-07 
 7.54446152e-06 -1.22919280e-07 -1.22919280e-07 -1.22919241e-07 -1.22919280e-07 -1.24146946e-07 -1.24146946e-07 -1.22919292e-07 -1.23660267e-07 
 7.54646152e-06  1.29487974e-07  1.29487974e-07  1.29487938e-07  1.29487975e-07  1.30730594e-07  1.30730594e-07  1.29487986e-07  1.30240085e-07 
 7.54846152e-06 -1.17431473e-07 -1.17431473e-07 -1.17431441e-07 -1.17431474e-07 -1.18688982e-07 -1.18688982e-07 -1.17431485e-07 -1.18194724e-07 
 7.55046152e-06  1.24018903e-07  1.24018903e-07  1.24018874e-07  1.24018904e-07  1.25291226e-07  1.25291226e-07  1.24018916e-07  1.24793300e-07 
 7.55246152e-06 -1.11982211e-07 -1.11982211e-07 -1.11982185e-07 -1.11982211e-07 -1.13269277e-07 -1.13269277e-07 -1.11982223e-07 -1.12767763e-07 
 7.55446152e-06  1.18590437e-07  1.18590437e-07  1.18590416e-07  1.18590437e-07  1.19892166e-07  1.19892166e-07  1.18590450e-07  1.19387145e-07 
 7.55646152e-06 -1.06575548e-07 -1.06575548e-07 -1.06575530e-07 -1.06575548e-07 -1.07891863e-07 -1.07891864e-07 -1.06575561e-07 -1.07383415e-07 
 7.55846152e-06  1.13206500e-07  1.13206499e-07  1.13206486e-07  1.13206500e-07  1.14537317e-07  1.14537317e-07  1.13206513e-07  1.14025520e-07 
 7.56046152e-06 -1.01215279e-07 -1.01215279e-07 -1.01215269e-07 -1.01215279e-07 -1.02560516e-07 -1.02560516e-07 -1.01215292e-07 -1.02045451e-07 
 7.56246152e-06  1.07900722e-07  1.07900722e-07  1.07900716e-07  1.07900722e-07  1.09260729e-07  1.09260729e-07  1.07900736e-07  1.08742308e-07 
 7.56446152e-06 -9.59004405e-08 -9.59004405e-08 -9.59004387e-08 -9.59004407e-08 -9.72742753e-08 -9.72742754e-08 -9.59004545e-08 -9.67529041e-08 
 7.56646152e-06  1.02582435e-07  1.02582435e-07  1.02582437e-07  1.02582435e-07  1.03970415e-07  1.03970415e-07  1.02582449e-07  1.03446012e-07 
 7.56846152e-06 -9.06439430e-08 -9.06439429e-08 -9.06439496e-08 -9.06439432e-08 -9.20459744e-08 -9.20459745e-08 -9.06439576e-08 -9.15186181e-08 
 7.57046152e-06  9.73536693e-08  9.73536693e-08  9.73536801e-08  9.73536695e-08  9.87696532e-08  9.87696533e-08  9.73536842e-08  9.82394210e-08 
 7.57246152e-06 -8.54436766e-08 -8.54436765e-08 -8.54436917e-08 -8.54436767e-08 -8.68735146e-08 -8.68735147e-08 -8.54436917e-08 -8.63404843e-08 
 7.57446152e-06  9.21825858e-08  9.21825858e-08  9.21826054e-08  9.21825860e-08  9.36261741e-08  9.36261741e-08  9.21826012e-08  9.30904221e-08 
 7.57646152e-06 -8.03024878e-08 -8.03024877e-08 -8.03025118e-08 -8.03024879e-08 -8.17597229e-08 -8.17597230e-08 -8.03025035e-08 -8.12213263e-08 
 7.57846152e-06  8.70719209e-08  8.70719209e-08  8.70719495e-08  8.70719210e-08  8.85426943e-08  8.85426944e-08  8.70719369e-08  8.80017289e-08 
 7.58046152e-06 -7.52230052e-08 -7.52230052e-08 -7.52230384e-08 -7.52230054e-08 -7.67072087e-08 -7.67072088e-08 -7.52230215e-08 -7.61637507e-08 
 7.58246152e-06  8.20241974e-08  8.20241975e-08  8.20242353e-08  8.20241977e-08  8.35217181e-08  8.35217182e-08  8.20242141e-08  8.29758422e-08 
 7.58446152e-06 -7.02076482e-08 -7.02076481e-08 -7.02076907e-08 -7.02076483e-08 -7.17183728e-08 -7.17183729e-08 -7.02076650e-08 -7.11701546e-08 
 7.58646152e-06  7.70417333e-08  7.70417333e-08  7.70417806e-08  7.70417335e-08  7.85655447e-08  7.85655447e-08  7.70417505e-08  7.80150581e-08 
 7.58846152e-06 -6.52586348e-08 -6.52586348e-08 -6.52586869e-08 -6.52586351e-08 -6.67954153e-08 -6.67954153e-08 -6.52586523e-08 -6.62427351e-08 
 7.59046152e-06  7.21266493e-08  7.21266493e-08  7.21267063e-08  7.21266496e-08  7.36762774e-08  7.36762775e-08  7.21266672e-08  7.31214765e-08 
 7.59246152e-06 -6.03779911e-08 -6.03779911e-08 -6.03780529e-08 -6.03779914e-08 -6.19403445e-08 -6.19403446e-08 -6.03780092e-08 -6.13834968e-08 
 7.59446152e-06  6.72808783e-08  6.72808783e-08  6.72809450e-08  6.72808786e-08  6.88558317e-08  6.88558318e-08  6.72808966e-08  6.82970091e-08 
 7.59646152e-06 -5.55675583e-08 -5.55675583e-08 -5.55676299e-08 -5.55675585e-08 -5.71549851e-08 -5.71549852e-08 -5.55675769e-08 -5.65942607e-08 
 7.59846152e-06  6.25061723e-08  6.25061724e-08  6.25062491e-08  6.25061726e-08  6.41059433e-08  6.41059434e-08  6.25061912e-08  6.35433879e-08 
 7.60046152e-06 -5.08290013e-08 -5.08290013e-08 -5.08290831e-08 -5.08290016e-08 -5.24409857e-08 -5.24409858e-08 -5.08290205e-08 -5.18766716e-08 
 7.60246152e-06  5.78041112e-08  5.78041112e-08  5.78041980e-08  5.78041114e-08  5.94281761e-08  5.94281762e-08  5.78041306e-08  5.88621731e-08 
 7.60446152e-06 -4.61638167e-08 -4.61638168e-08 -4.61639087e-08 -4.61638170e-08 -4.77998274e-08 -4.77998275e-08 -4.61638365e-08 -4.72322068e-08 
 7.60646152e-06  5.31761100e-08  5.31761100e-08  5.31762072e-08  5.31761102e-08  5.48239298e-08  5.48239299e-08  5.31761300e-08  5.42547605e-08 
 7.60846152e-06 -4.15733401e-08 -4.15733401e-08 -4.15734425e-08 -4.15733403e-08 -4.32328306e-08 -4.32328307e-08 -4.15733604e-08 -4.26621828e-08 
 7.61046152e-06  4.86234266e-08  4.86234266e-08  4.86235343e-08  4.86234269e-08  5.02944478e-08  5.02944479e-08  4.86234473e-08  4.97223894e-08 
 7.61246152e-06 -3.70587534e-08 -3.70587533e-08 -3.70588664e-08 -3.70587537e-08 -3.87411631e-08 -3.87411632e-08 -3.70587744e-08 -3.81677633e-08 
 7.61446152e-06  4.41471691e-08  4.41471691e-08  4.41472875e-08  4.41471694e-08  4.58408241e-08  4.58408242e-08  4.41471904e-08  4.52661497e-08 
 7.61646152e-06 -3.26144368e-08 -3.26144368e-08 -3.26145605e-08 -3.26144371e-08 -3.43186480e-08 -3.43186481e-08 -3.26144584e-08 -3.37429487e-08 
 7.61846152e-06  3.97520261e-08  3.97520260e-08  3.97521552e-08  3.97520263e-08  4.14677121e-08  4.14677122e-08  3.97520479e-08  4.08906938e-08 
 7.62046152e-06 -2.82647347e-08 -2.82647346e-08 -2.82648692e-08 -2.82647349e-08 -2.99912264e-08 -2.99912265e-08 -2.82647568e-08 -2.94131347e-08 
 7.62246152e-06  3.54309098e-08  3.54309098e-08  3.54310499e-08  3.54309101e-08  3.71680581e-08  3.71680582e-08  3.54309323e-08  3.65889575e-08 
 7.62446152e-06 -2.39830390e-08 -2.39830389e-08 -2.39831845e-08 -2.39830392e-08 -2.57306914e-08 -2.57306915e-08 -2.39830618e-08 -2.51506483e-08 
 7.62646152e-06  3.11887676e-08  3.11887676e-08  3.11889187e-08  3.11887679e-08  3.29467723e-08  3.29467724e-08  3.11887907e-08  3.23658501e-08 
 7.62846152e-06 -1.97806179e-08 -1.97806179e-08 -1.97807745e-08 -1.97806182e-08 -2.15488195e-08 -2.15488196e-08 -1.97806413e-08 -2.09670835e-08 
 7.63046152e-06  2.70311532e-08  2.70311532e-08  2.70313155e-08  2.70311535e-08  2.88099627e-08  2.88099627e-08  2.70311770e-08  2.82272920e-08 
 7.63246152e-06 -1.56543788e-08 -1.56543788e-08 -1.56545466e-08 -1.56543791e-08 -1.74425269e-08 -1.74425270e-08 -1.56544029e-08 -1.68593500e-08 
 7.63446152e-06  2.29402169e-08  2.29402169e-08  2.29403904e-08  2.29402172e-08  2.47380909e-08  2.47380911e-08  2.29402412e-08  2.41542881e-08 
 7.63646152e-06 -1.16124114e-08 -1.16124114e-08 -1.16125906e-08 -1.16124117e-08 -1.34198508e-08 -1.34198508e-08 -1.16124361e-08 -1.28354850e-08 
 7.63846152e-06  1.89384215e-08  1.89384214e-08  1.89386063e-08  1.89384218e-08  2.07552669e-08  2.07552670e-08  1.89384465e-08  2.01703984e-08 
 7.64046152e-06 -7.65087360e-09 -7.65087358e-09 -7.65106412e-09 -7.65087389e-09 -9.47696200e-09 -9.47696209e-09 -7.65089888e-09 -8.89165277e-09 
 7.64246152e-06  1.50171678e-08  1.50171678e-08  1.50173640e-08  1.50171681e-08  1.68523378e-08  1.68523380e-08  1.50171934e-08  1.62666468e-08 
 7.64446152e-06 -3.77044269e-09 -3.77044265e-09 -3.77064461e-09 -3.77044301e-09 -5.61405064e-09 -5.61405073e-09 -3.77046858e-09 -5.02812361e-09 
 7.64646152e-06  1.11775588e-08  1.11775588e-08  1.11777664e-08  1.11775592e-08  1.30294452e-08  1.30294453e-08  1.11775851e-08  1.24433392e-08 
 7.64846152e-06  2.59153101e-11  2.59153280e-11  2.57020121e-11  2.59149817e-11 -1.83397452e-09 -1.83397462e-09  2.58888048e-11 -1.24784774e-09 
 7.65046152e-06  7.42261820e-09  7.42261818e-09  7.42283721e-09  7.42261849e-09  9.29034961e-09  9.29034974e-09  7.42264503e-09  8.70425997e-09 
 7.65246152e-06  3.74280213e-09  3.74280218e-09  3.74257745e-09  3.74280186e-09  1.86737530e-09  1.86737520e-09  3.74277509e-09  2.45337577e-09 
 7.65446152e-06  3.74688102e-09  3.74688103e-09  3.74711164e-09  3.74688137e-09  5.63030957e-09  5.63030967e-09  3.74690846e-09  5.04437594e-09 
 7.65646152e-06  7.37576072e-09  7.37576074e-09  7.37552432e-09  7.37576041e-09  5.48450656e-09  5.48450647e-09  7.37573295e-09  6.07031642e-09 
 7.65846152e-06  1.54164439e-10  1.54164408e-10  1.54406705e-10  1.54164748e-10  2.05318506e-09  2.05318512e-09  1.54192512e-10  1.46744870e-09 
 7.66046152e-06  1.09282870e-08  1.09282870e-08  1.09280389e-08  1.09282866e-08  9.02167815e-09  9.02167813e-09  1.09282586e-08  9.60728435e-09 
 7.66246152e-06 -3.35822196e-09 -3.35822200e-09 -3.35796803e-09 -3.35822166e-09 -1.44419060e-09 -1.44419051e-09 -3.35819330e-09 -2.02961299e-09 
 7.66446152e-06  1.44052866e-08  1.44052866e-08  1.44050267e-08  1.44052863e-08  1.24834169e-08  1.24834169e-08  1.44052576e-08  1.30687837e-08 
 7.66646152e-06 -6.78521121e-09 -6.78521127e-09 -6.78494568e-09 -6.78521095e-09 -4.85748207e-09 -4.85748198e-09 -6.78518200e-09 -5.44218699e-09 
 7.66846152e-06  1.77990119e-08  1.77990120e-08  1.77987404e-08  1.77990117e-08  1.58631650e-08  1.58631649e-08  1.77989824e-08  1.64478938e-08 
 7.67046152e-06 -1.01402825e-08 -1.01402825e-08 -1.01400051e-08 -1.01402823e-08 -8.19833151e-09 -8.19833138e-09 -1.01402527e-08 -8.78247654e-09 
 7.67246152e-06  2.11031999e-08  2.11031999e-08  2.11029166e-08  2.11031997e-08  1.91547011e-08  1.91547010e-08  2.11031697e-08  1.97383959e-08 
 7.67446152e-06 -1.34138430e-08 -1.34138431e-08 -1.34135539e-08 -1.34138428e-08 -1.14589656e-08 -1.14589655e-08 -1.34138126e-08 -1.20421598e-08 
 7.67646152e-06  2.43451566e-08  2.43451567e-08  2.43448616e-08  2.43451564e-08  2.23834746e-08  2.23834745e-08  2.43451259e-08  2.29662991e-08 
 7.67846152e-06 -1.66055434e-08 -1.66055435e-08 -1.66052426e-08 -1.66055433e-08 -1.46384658e-08 -1.46384657e-08 -1.66055124e-08 -1.52205033e-08 
 7.68046152e-06  2.74987997e-08  2.74987997e-08  2.74984929e-08  2.74987995e-08  2.55252649e-08  2.55252648e-08  2.74987683e-08  2.61068325e-08 
 7.68246152e-06 -1.97127735e-08 -1.97127735e-08 -1.97124611e-08 -1.97127734e-08 -1.77348119e-08 -1.77348119e-08 -1.97127419e-08 -1.83153123e-08 
 7.68446152e-06  3.05775686e-08  3.05775686e-08  3.05772500e-08  3.05775684e-08  2.85928637e-08  2.85928637e-08  3.05775366e-08  2.91729806e-08 
 7.68646152e-06 -2.27507032e-08 -2.27507032e-08 -2.27503790e-08 -2.27507030e-08 -2.07619325e-08 -2.07619324e-08 -2.27506710e-08 -2.13408867e-08 
 7.68846152e-06  3.35677587e-08  3.35677587e-08  3.35674285e-08  3.35677586e-08  3.15732119e-08  3.15732119e-08  3.35677262e-08  3.21515048e-08 
 7.69046152e-06 -2.57141378e-08 -2.57141378e-08 -2.57138018e-08 -2.57141377e-08 -2.37152461e-08 -2.37152461e-08 -2.57141050e-08 -2.42924670e-08 
 7.69246152e-06  3.65054103e-08  3.65054103e-08  3.65050683e-08  3.65054102e-08  3.45004740e-08  3.45004740e-08  3.65053772e-08  3.50771207e-08 
 7.69446152e-06 -2.85978300e-08 -2.85978300e-08 -2.85974824e-08 -2.85978299e-08 -2.65895514e-08 -2.65895513e-08 -2.85977966e-08 -2.71648517e-08 
 7.69646152e-06  3.93528912e-08  3.93528913e-08  3.93525376e-08  3.93528912e-08  3.73389182e-08  3.73389182e-08  3.93528576e-08  3.79135522e-08 
 7.69846152e-06 -3.14056633e-08 -3.14056633e-08 -3.14053041e-08 -3.14056632e-08 -2.93887089e-08 -2.93887088e-08 -3.14056294e-08 -2.99619082e-08 
 7.70046152e-06  4.21248330e-08  4.21248330e-08  4.21244678e-08  4.21248329e-08  4.01025348e-08  4.01025348e-08  4.21247987e-08  4.06749777e-08 
 7.70246152e-06 -3.41383842e-08 -3.41383842e-08 -3.41380134e-08 -3.41383841e-08 -3.21134650e-08 -3.21134650e-08 -3.41383497e-08 -3.26843874e-08 
 7.70446152e-06  4.48220006e-08  4.48220006e-08  4.48216238e-08  4.48220005e-08  4.27920886e-08  4.27920886e-08  4.48219658e-08  4.33621664e-08 
 7.70646152e-06 -3.67967747e-08 -3.67967746e-08 -3.67963923e-08 -3.67967746e-08 -3.47646013e-08 -3.47646012e-08 -3.67967396e-08 -3.53330749e-08 
 7.70846152e-06  4.74451932e-08  4.74451932e-08  4.74448049e-08  4.74451932e-08  4.54083780e-08  4.54083779e-08  4.74451578e-08  4.59759212e-08 
 7.71046152e-06 -3.93816492e-08 -3.93816492e-08 -3.93812554e-08 -3.93816491e-08 -3.73429312e-08 -3.73429311e-08 -3.93816135e-08 -3.79087888e-08 
 7.71246152e-06  4.99952413e-08  4.99952412e-08  4.99948415e-08  4.99952412e-08  4.79522321e-08  4.79522319e-08  4.99952053e-08  4.85170755e-08 
 7.71446152e-06 -4.18938522e-08 -4.18938522e-08 -4.18934471e-08 -4.18938522e-08 -3.98492975e-08 -3.98492974e-08 -4.18938160e-08 -4.04123763e-08 
 7.71646152e-06  5.24730037e-08  5.24730036e-08  5.24725925e-08  5.24730036e-08  5.04245078e-08  5.04245077e-08  5.24729671e-08  5.09864906e-08 
 7.71846152e-06 -4.43342556e-08 -4.43342556e-08 -4.43338390e-08 -4.43342556e-08 -4.22845699e-08 -4.22845698e-08 -4.43342188e-08 -4.28447113e-08 
 7.72046152e-06  5.48793656e-08  5.48793655e-08  5.48789431e-08  5.48793655e-08  5.28260881e-08  5.28260880e-08  5.48793284e-08  5.33850538e-08 
 7.72246152e-06 -4.67037557e-08 -4.67037557e-08 -4.67033279e-08 -4.67037557e-08 -4.46496424e-08 -4.46496423e-08 -4.67037183e-08 -4.52066922e-08 
 7.72446152e-06  5.72152354e-08  5.72152353e-08  5.72148017e-08  5.72152354e-08  5.51578788e-08  5.51578787e-08  5.72151977e-08  5.57136752e-08 
 7.72646152e-06 -4.90032716e-08 -4.90032715e-08 -4.90028326e-08 -4.90032715e-08 -4.69454310e-08 -4.69454309e-08 -4.90032336e-08 -4.74992391e-08 
 7.72846152e-06  5.94815432e-08  5.94815431e-08  5.94810983e-08  5.94815431e-08  5.74208065e-08  5.74208064e-08  5.94815049e-08  5.79732855e-08 
 7.73046152e-06 -5.12337422e-08 -5.12337422e-08 -5.12332921e-08 -5.12337422e-08 -4.91728714e-08 -4.91728713e-08 -5.12337037e-08 -4.97232919e-08 
 7.73246152e-06  6.16792379e-08  6.16792378e-08  6.16787820e-08  6.16792378e-08  5.96158167e-08  5.96158166e-08  6.16791990e-08  6.01648344e-08 
 7.73446152e-06 -5.33961247e-08 -5.33961246e-08 -5.33956636e-08 -5.33961246e-08 -5.13329168e-08 -5.13329167e-08 -5.33960856e-08 -5.18798080e-08 
 7.73646152e-06  6.38092854e-08  6.38092853e-08  6.38088186e-08  6.38092853e-08  6.17438713e-08  6.17438712e-08  6.38092460e-08  6.22892881e-08 
 7.73846152e-06 -5.54913922e-08 -5.54913922e-08 -5.54909202e-08 -5.54913921e-08 -5.34265361e-08 -5.34265360e-08 -5.54913525e-08 -5.39697604e-08 
 7.74000000e-06  6.61827081e-08  6.61827081e-08  6.61822288e-08  6.61827080e-08  6.41156600e-08  6.41156599e-08  6.61826681e-08  6.46568191e-08 
 7.74020000e-06  2.27876754e-09  2.27876757e-09  2.27878044e-09  2.27876758e-09  2.27721217e-09  2.27721215e-09  2.27876822e-09  2.28260416e-09 
 7.74060000e-06  6.86097124e-09  6.86097122e-09  6.86095878e-09  6.86097131e-09  6.86445898e-09  6.86445899e-09  6.86097073e-09  6.85870051e-09 
 7.74140000e-06  2.54320719e-09  2.54320720e-09  2.54321941e-09  2.54320717e-09  2.53876146e-09  2.53876146e-09  2.54320773e-09  2.54468940e-09 
 7.74246255e-06  6.70786489e-09  6.70786490e-09  6.70785285e-09  6.70786494e-09  6.71280220e-09  6.71280218e-09  6.70786435e-09  6.70697862e-09 
 7.74341754e-06  2.68168940e-09  2.68168944e-09  2.68170134e-09  2.68168936e-09  2.67816397e-09  2.67816395e-09  2.68168996e-09  2.68191117e-09 
 7.74437661e-06  6.55876577e-09  6.55876577e-09  6.55875402e-09  6.55876581e-09  6.55444003e-09  6.55444003e-09  6.55876521e-09  6.55920656e-09 
 7.74500000e-06  2.89271166e-09  2.89271169e-09  2.89272316e-09  2.89271161e-09  2.93961987e-09  2.93961994e-09  2.89271217e-09  2.89125363e-09 
 7.74509728e-06  4.38442355e-09  4.38442352e-09  4.38442365e-09  4.38442362e-09  4.07969342e-09  4.07969334e-09  4.38442361e-09  4.38595184e-09 
 7.74529183e-06  4.77928487e-09  4.77928487e-09  4.77928762e-09  4.77928463e-09  5.45902488e-09  5.45902487e-09  4.77928473e-09  4.77819707e-09 
 7.74568095e-06  4.82208166e-09  4.82208174e-09  4.82207552e-09  4.82208204e-09  4.00687134e-09  4.00687134e-09  4.82208198e-09  4.82274717e-09 
 7.74627197e-06  4.19764804e-09  4.19764797e-09  4.19765779e-09  4.19764768e-09  5.05410237e-09  5.05410238e-09  4.19764768e-09  4.19734657e-09 
 7.74738386e-06  5.31445723e-09  5.31445730e-09  5.31444504e-09  5.31445758e-09  4.45382982e-09  4.45382980e-09  5.31445758e-09  5.31453837e-09 
 7.74938386e-06  3.88176173e-09  3.88176164e-09  3.88177549e-09  3.88176139e-09  4.73923700e-09  4.73923695e-09  3.88176138e-09  3.88181054e-09 
 7.75138386e-06  5.56331919e-09  5.56331927e-09  5.56330374e-09  5.56331951e-09  4.71288975e-09  4.71288979e-09  5.56331954e-09  5.56313539e-09 
 7.75338386e-06  3.61643144e-09  3.61643135e-09  3.61644870e-09  3.61643107e-09  4.45595910e-09  4.45595908e-09  3.61643110e-09  3.61675481e-09 
 7.75538386e-06  5.84500816e-09  5.84500828e-09  5.84498893e-09  5.84500850e-09  5.02018449e-09  5.02018449e-09  5.84500850e-09  5.84454074e-09 
 7.75738386e-06  3.31854230e-09  3.31854221e-09  3.31856361e-09  3.31854196e-09  4.12492852e-09  4.12492850e-09  3.31854197e-09  3.31915776e-09 
 7.75938386e-06  6.15889248e-09  6.15889258e-09  6.15886893e-09  6.15889275e-09  5.37459599e-09  5.37459599e-09  6.15889282e-09  6.15812530e-09 
 7.76138386e-06  2.98891104e-09  2.98891101e-09  2.98893697e-09  2.98891080e-09  3.74755832e-09  3.74755828e-09  2.98891078e-09  2.98983322e-09 
 7.76338386e-06  6.50398135e-09  6.50398140e-09  6.50395285e-09  6.50398158e-09  5.77444080e-09  5.77444082e-09  6.50398160e-09  6.50290137e-09 
 7.76538386e-06  2.62869160e-09  2.62869156e-09  2.62872277e-09  2.62869138e-09  3.32577865e-09  3.32577861e-09  2.62869135e-09  2.62993175e-09 
 7.76738386e-06  6.87896873e-09  6.87896873e-09  6.87893467e-09  6.87896895e-09  6.21756480e-09  6.21756481e-09  6.87896899e-09  6.87756645e-09 
 7.76938386e-06  2.23933136e-09  2.23933135e-09  2.23936840e-09  2.23933117e-09  2.86194584e-09  2.86194576e-09  2.23933107e-09  2.24089732e-09 
 7.77138386e-06  7.28227639e-09  7.28227640e-09  7.28223618e-09  7.28227657e-09  6.70143009e-09  6.70143012e-09  7.28227664e-09  7.28054585e-09 
 7.77338386e-06  1.82252903e-09  1.82252903e-09  1.82257258e-09  1.82252884e-09  2.35875977e-09  2.35875973e-09  1.82252879e-09  1.82442473e-09 
 7.77538386e-06  7.71209525e-09  7.71209526e-09  7.71204819e-09  7.71209539e-09  7.22319347e-09  7.22319351e-09  7.71209545e-09  7.71003443e-09 
 7.77738386e-06  1.38019419e-09  1.38019416e-09  1.38024476e-09  1.38019401e-09  1.81918928e-09  1.81918924e-09  1.38019395e-09  1.38241966e-09 
 7.77938386e-06  8.16642487e-09  8.16642484e-09  8.16637056e-09  8.16642501e-09  7.77977696e-09  7.77977696e-09  8.16642505e-09  8.16403578e-09 
 7.78138386e-06  9.14408710e-10  9.14408718e-10  9.14466828e-10  9.14408582e-10  1.24640587e-09  1.24640585e-09  9.14408519e-10  9.16959929e-10 
 7.78338386e-06  8.64311086e-09  8.64311087e-09  8.64304879e-09  8.64311097e-09  8.36793048e-09  8.36793053e-09  8.64311104e-09  8.64039967e-09 
 7.78538386e-06  4.27390945e-10  4.27390957e-10  4.27457124e-10  4.27390876e-10  6.43724319e-10  6.43724307e-10  4.27390787e-10  4.30259614e-10 
 7.78738386e-06  9.13987943e-09  9.13987936e-09  9.13980904e-09  9.13987948e-09  8.98428755e-09  8.98428756e-09  9.13987959e-09  9.13685636e-09 
 7.78938386e-06 -7.85602095e-11 -7.85601669e-11 -7.84855284e-11 -7.85603031e-11  1.45508035e-11  1.45507984e-11 -7.85603606e-11 -7.53854038e-11 
 7.79138386e-06  9.65441394e-09  9.65441393e-09  9.65433495e-09  9.65441406e-09  9.62541357e-09  9.62541357e-09  9.65441409e-09  9.65109163e-09 
 7.79338386e-06 -6.01215394e-10 -6.01215356e-10 -6.01131984e-10 -6.01215480e-10 -6.37862032e-10 -6.37862038e-10 -6.01215541e-10 -5.97750037e-10 
 7.79538386e-06  1.01845786e-08  1.01845786e-08  1.01844907e-08  1.01845787e-08  1.02882460e-08  1.02882460e-08  1.01845787e-08  1.01809754e-08 
 7.79738386e-06 -1.13828017e-09 -1.13828018e-09 -1.13818768e-09 -1.13828028e-09 -1.31026242e-09 -1.31026243e-09 -1.13828034e-09 -1.13454478e-09 
 7.79938386e-06  1.07279278e-08  1.07279278e-08  1.07278307e-08  1.07279279e-08  1.09693541e-08  1.09693541e-08  1.07279279e-08  1.07240664e-08 
 7.80138386e-06 -1.68730207e-09 -1.68730212e-09 -1.68720044e-09 -1.68730219e-09 -1.99923015e-09 -1.99923020e-09 -1.68730228e-09 -1.68332128e-09 
 7.80338386e-06  1.12820080e-08  1.12820080e-08  1.12819016e-08  1.12820080e-08  1.16653356e-08  1.16653356e-08  1.12820081e-08  1.12779149e-08 
 7.80538386e-06 -2.24583195e-09 -2.24583196e-09 -2.24572099e-09 -2.24583203e-09 -2.70139356e-09 -2.70139357e-09 -2.24583208e-09 -2.24163419e-09 
 7.80738386e-06  1.18443792e-08  1.18443792e-08  1.18442637e-08  1.18443793e-08  1.23728552e-08  1.23728552e-08  1.18443793e-08  1.18400848e-08 
 7.80938386e-06 -2.81144393e-09 -2.81144397e-09 -2.81132376e-09 -2.81144397e-09 -3.41345961e-09 -3.41345957e-09 -2.81144402e-09 -2.80706154e-09 
 7.81138386e-06  1.24126344e-08  1.24126344e-08  1.24125097e-08  1.24126344e-08  1.30886672e-08  1.30886672e-08  1.24126345e-08  1.24081729e-08 
 7.81338386e-06 -3.38175353e-09 -3.38175353e-09 -3.38162442e-09 -3.38175362e-09 -4.13223440e-09 -4.13223443e-09 -3.38175364e-09 -3.37722257e-09 
 7.81538386e-06  1.29844156e-08  1.29844157e-08  1.29842822e-08  1.29844157e-08  1.38096340e-08  1.38096340e-08  1.29844157e-08  1.29798250e-08 
 7.81738386e-06 -3.95443352e-09 -3.95443357e-09 -3.95429580e-09 -3.95443361e-09 -4.85464020e-09 -4.85464023e-09 -3.95443360e-09 -3.94979339e-09 
 7.81938386e-06  1.35574296e-08  1.35574296e-08  1.35572877e-08  1.35574297e-08  1.45327409e-08  1.45327409e-08  1.35574296e-08  1.35527507e-08 
 7.82138386e-06 -4.52722717e-09 -4.52722721e-09 -4.52708119e-09 -4.52722723e-09 -5.57772856e-09 -5.57772855e-09 -4.52722722e-09 -4.52252064e-09 
 7.82338386e-06  1.41294591e-08  1.41294591e-08  1.41293092e-08  1.41294592e-08  1.52551082e-08  1.52551082e-08  1.41294592e-08  1.41247364e-08 
 7.82538386e-06 -5.09795980e-09 -5.09795987e-09 -5.09780613e-09 -5.09795981e-09 -6.29869096e-09 -6.29869096e-09 -5.09795980e-09 -5.09323277e-09 
 7.82738386e-06  1.46983743e-08  1.46983743e-08  1.46982171e-08  1.46983742e-08  1.59740008e-08  1.59740008e-08  1.46983742e-08  1.46936551e-08 
 7.82938386e-06 -5.66454832e-09 -5.66454830e-09 -5.66438775e-09 -5.66454828e-09 -7.01486715e-09 -7.01486713e-09 -5.66454826e-09 -5.65984963e-09 
 7.83138386e-06  1.52621407e-08  1.52621408e-08  1.52619771e-08  1.52621407e-08  1.66868346e-08  1.66868346e-08  1.52621407e-08  1.52574753e-08 
 7.83338386e-06 -6.22500907e-09 -6.22500907e-09 -6.22484252e-09 -6.22500902e-09 -7.72375052e-09 -7.72375050e-09 -6.22500900e-09 -6.22039018e-09 
 7.83538386e-06  1.58188272e-08  1.58188273e-08  1.58186580e-08  1.58188272e-08  1.73911814e-08  1.73911814e-08  1.58188272e-08  1.58142683e-08 
 7.83738386e-06 -6.77746433e-09 -6.77746434e-09 -6.77729276e-09 -6.77746424e-09 -8.42299230e-09 -8.42299226e-09 -6.77746424e-09 -6.77297919e-09 
 7.83938386e-06  1.63666107e-08  1.63666107e-08  1.63664371e-08  1.63666106e-08  1.80847724e-08  1.80847724e-08  1.63666106e-08  1.63622133e-08 
 7.84138386e-06 -7.32014678e-09 -7.32014678e-09 -7.31997140e-09 -7.32014669e-09 -9.11040363e-09 -9.11040364e-09 -7.32014668e-09 -7.31585148e-09 
 7.84338386e-06  1.69037803e-08  1.69037804e-08  1.69036035e-08  1.69037802e-08  1.87654990e-08  1.87654990e-08  1.69037802e-08  1.68996017e-08 
 7.84538386e-06 -7.85140294e-09 -7.85140295e-09 -7.85122504e-09 -7.85140287e-09 -9.78395646e-09 -9.78395644e-09 -7.85140283e-09 -7.84735582e-09 
 7.84738386e-06  1.74287406e-08  1.74287407e-08  1.74285620e-08  1.74287406e-08  1.94314133e-08  1.94314133e-08  1.74287406e-08  1.74248399e-08 
 7.84938386e-06 -8.36969582e-09 -8.36969587e-09 -8.36951677e-09 -8.36969576e-09 -1.04417827e-08 -1.04417827e-08 -8.36969574e-09 -8.36595678e-09 
 7.85138386e-06  1.79400132e-08  1.79400133e-08  1.79398342e-08  1.79400132e-08  2.00807265e-08  2.00807265e-08  1.79400131e-08  1.79364512e-08 
 7.85338386e-06 -8.87360566e-09 -8.87360576e-09 -8.87342705e-09 -8.87360562e-09 -1.10821725e-08 -1.10821725e-08 -8.87360558e-09 -8.87023635e-09 
 7.85538386e-06  1.84362372e-08  1.84362373e-08  1.84360595e-08  1.84362371e-08  2.07118072e-08  2.07118072e-08  1.84362371e-08  1.84330762e-08 
 7.85738386e-06 -9.36183048e-09 -9.36183053e-09 -9.36165395e-09 -9.36183044e-09 -1.17035718e-08 -1.17035718e-08 -9.36183037e-09 -9.35889389e-09 
 7.85938386e-06  1.89219115e-08  1.89219115e-08  1.89217365e-08  1.89219115e-08  2.13296202e-08  2.13296202e-08  1.89219114e-08  1.89192142e-08 
 7.86138386e-06 -9.83271544e-09 -9.83271547e-09 -9.83254270e-09 -9.83271540e-09 -1.23039840e-08 -1.23039840e-08 -9.83271536e-09 -9.83027548e-09 
 7.86338386e-06  1.93841346e-08  1.93841346e-08  1.93839644e-08  1.93841346e-08  2.19195882e-08  2.19195882e-08  1.93841345e-08  1.93819667e-08 
 7.86538386e-06 -1.02827379e-08 -1.02827379e-08 -1.02825709e-08 -1.02827378e-08 -1.28790831e-08 -1.28790832e-08 -1.02827378e-08 -1.02808607e-08 
 7.86738386e-06  1.98284758e-08  1.98284759e-08  1.98283124e-08  1.98284758e-08  2.24880226e-08  2.24880227e-08  1.98284758e-08  1.98269035e-08 
 7.86938386e-06 -1.07172308e-08 -1.07172308e-08 -1.07170714e-08 -1.07172307e-08 -1.34356405e-08 -1.34356405e-08 -1.07172307e-08 -1.07159818e-08 
 7.87138386e-06  2.02534591e-08  2.02534591e-08  2.02533042e-08  2.02534591e-08  2.30331646e-08  2.30331647e-08  2.02534591e-08  2.02525485e-08 
 7.87338386e-06 -1.11319708e-08 -1.11319708e-08 -1.11318211e-08 -1.11319708e-08 -1.39684529e-08 -1.39684529e-08 -1.11319707e-08 -1.11314165e-08 
 7.87538386e-06  2.06582965e-08  2.06582965e-08  2.06581524e-08  2.06582965e-08  2.35541121e-08  2.35541121e-08  2.06582964e-08  2.06581144e-08 
 7.87738386e-06 -1.15262241e-08 -1.15262241e-08 -1.15260862e-08 -1.15262240e-08 -1.44766844e-08 -1.44766844e-08 -1.15262240e-08 -1.15264314e-08 
 7.87938386e-06  2.10423062e-08  2.10423062e-08  2.10421749e-08  2.10423061e-08  2.40500924e-08  2.40500925e-08  2.10423061e-08  2.10429199e-08 
 7.88138386e-06 -1.18993609e-08 -1.18993609e-08 -1.18992370e-08 -1.18993608e-08 -1.49596256e-08 -1.49596257e-08 -1.18993607e-08 -1.19003971e-08 
 7.88338386e-06  2.14049087e-08  2.14049088e-08  2.14047926e-08  2.14049087e-08  2.45204572e-08  2.45204572e-08  2.14049086e-08  2.14063856e-08 
 7.88538386e-06 -1.22508518e-08 -1.22508518e-08 -1.22507442e-08 -1.22508517e-08 -1.54166879e-08 -1.54166880e-08 -1.22508516e-08 -1.22527843e-08 
 7.88738386e-06  2.17456233e-08  2.17456233e-08  2.17455246e-08  2.17456232e-08  2.49646756e-08  2.49646756e-08  2.17456231e-08  2.17480307e-08 
 7.88938386e-06 -1.25802641e-08 -1.25802641e-08 -1.25801751e-08 -1.25802640e-08 -1.58473977e-08 -1.58473977e-08 -1.25802639e-08 -1.25831604e-08 
 7.89138386e-06  2.20640635e-08  2.20640635e-08  2.20639845e-08  2.20640634e-08  2.53823288e-08  2.53823288e-08  2.20640633e-08  2.20674689e-08 
 7.89338386e-06 -1.28872572e-08 -1.28872572e-08 -1.28871890e-08 -1.28872570e-08 -1.62513900e-08 -1.62513900e-08 -1.28872569e-08 -1.28911843e-08 
 7.89538386e-06  2.23599329e-08  2.23599329e-08  2.23598761e-08  2.23599328e-08  2.57731037e-08  2.57731037e-08  2.23599327e-08  2.23644033e-08 
 7.89738386e-06 -1.31715781e-08 -1.31715781e-08 -1.31715333e-08 -1.31715780e-08 -1.66284024e-08 -1.66284024e-08 -1.31715779e-08 -1.31766029e-08 
 7.89938386e-06  2.26330208e-08  2.26330208e-08  2.26329885e-08  2.26330207e-08  2.61367872e-08  2.61367871e-08  2.26330206e-08  2.26386230e-08 
 7.90138386e-06 -1.34330573e-08 -1.34330573e-08 -1.34330383e-08 -1.34330572e-08 -1.69782695e-08 -1.69782694e-08 -1.34330571e-08 -1.34392463e-08 
 7.90338386e-06  2.28831975e-08  2.28831975e-08  2.28831923e-08  2.28831973e-08  2.64732591e-08  2.64732591e-08  2.28831972e-08  2.28899974e-08 
 7.90538386e-06 -1.36716041e-08 -1.36716041e-08 -1.36716133e-08 -1.36716040e-08 -1.73009158e-08 -1.73009158e-08 -1.36716039e-08 -1.36790229e-08 
 7.90738386e-06  2.31104097e-08  2.31104097e-08  2.31104339e-08  2.31104095e-08  2.67824876e-08  2.67824876e-08  2.31104094e-08  2.31184729e-08 
 7.90938386e-06 -1.38872016e-08 -1.38872016e-08 -1.38872415e-08 -1.38872014e-08 -1.75963509e-08 -1.75963509e-08 -1.38872013e-08 -1.38959153e-08 
 7.91138386e-06  2.33146758e-08  2.33146759e-08  2.33147321e-08  2.33146758e-08  2.70645221e-08  2.70645221e-08  2.33146756e-08  2.33240671e-08 
 7.91338386e-06 -1.40799025e-08 -1.40799025e-08 -1.40799755e-08 -1.40799024e-08 -1.78646629e-08 -1.78646628e-08 -1.40799022e-08 -1.40899753e-08 
 7.91538386e-06  2.34960819e-08  2.34960819e-08  2.34961725e-08  2.34960818e-08  2.73194881e-08  2.73194881e-08  2.34960817e-08  2.35068648e-08 
 7.91738386e-06 -1.42498243e-08 -1.42498243e-08 -1.42499329e-08 -1.42498242e-08 -1.81060130e-08 -1.81060129e-08 -1.42498240e-08 -1.42613194e-08 
 7.91938386e-06  2.36547761e-08  2.36547761e-08  2.36549035e-08  2.36547760e-08  2.75475812e-08  2.75475812e-08  2.36547758e-08  2.36670134e-08 
 7.92138386e-06 -1.43971449e-08 -1.43971449e-08 -1.43972915e-08 -1.43971449e-08 -1.83206297e-08 -1.83206297e-08 -1.43971446e-08 -1.44101244e-08 
 7.92338386e-06  2.37909650e-08  2.37909650e-08  2.37911316e-08  2.37909649e-08  2.77490620e-08  2.77490619e-08  2.37909647e-08  2.38047182e-08 
 7.92538386e-06 -1.45220982e-08 -1.45220982e-08 -1.45222852e-08 -1.45220981e-08 -1.85088038e-08 -1.85088038e-08 -1.45220979e-08 -1.45366230e-08 
 7.92738386e-06  2.39049087e-08  2.39049087e-08  2.39051169e-08  2.39049087e-08  2.79242504e-08  2.79242504e-08  2.39049084e-08  2.39202383e-08 
 7.92938386e-06 -1.46249691e-08 -1.46249691e-08 -1.46251989e-08 -1.46249691e-08 -1.86708829e-08 -1.86708828e-08 -1.46249688e-08 -1.46410989e-08 
 7.93138386e-06  2.39969168e-08  2.39969168e-08  2.39971689e-08  2.39969167e-08  2.80735207e-08  2.80735207e-08  2.39969165e-08  2.40138816e-08 
 7.93338386e-06 -1.47060903e-08 -1.47060903e-08 -1.47063652e-08 -1.47060902e-08 -1.88072662e-08 -1.88072662e-08 -1.47060900e-08 -1.47238833e-08 
 7.93538386e-06  2.40673440e-08  2.40673440e-08  2.40676425e-08  2.40673440e-08  2.81972966e-08  2.81972966e-08  2.40673437e-08  2.40860017e-08 
 7.93738386e-06 -1.47658373e-08 -1.47658373e-08 -1.47661595e-08 -1.47658372e-08 -1.89184000e-08 -1.89184000e-08 -1.47658370e-08 -1.47853503e-08 
 7.93938386e-06  2.41165863e-08  2.41165862e-08  2.41169333e-08  2.41165862e-08  2.82960465e-08  2.82960465e-08  2.41165859e-08  2.41369928e-08 
 7.94138386e-06 -1.48046247e-08 -1.48046247e-08 -1.48049967e-08 -1.48046247e-08 -1.90047732e-08 -1.90047732e-08 -1.48046244e-08 -1.48259129e-08 
 7.94338386e-06  2.41450766e-08  2.41450766e-08  2.41454744e-08  2.41450766e-08  2.83702790e-08  2.83702790e-08  2.41450762e-08  2.41672865e-08 
 7.94538386e-06 -1.48229027e-08 -1.48229027e-08 -1.48233265e-08 -1.48229027e-08 -1.90669122e-08 -1.90669122e-08 -1.48229023e-08 -1.48460197e-08 
 7.94738386e-06  2.41532817e-08  2.41532816e-08  2.41537325e-08  2.41532817e-08  2.84205382e-08  2.84205382e-08  2.41532813e-08  2.41773478e-08 
 7.94938386e-06 -1.48257311e-08 -1.48257311e-08 -1.48262090e-08 -1.48257311e-08 -1.91112768e-08 -1.91112769e-08 -1.48257307e-08 -1.48507359e-08 
 7.95138386e-06  2.41340074e-08  2.41340074e-08  2.41345131e-08  2.41340074e-08  2.84383237e-08  2.84383237e-08  2.41340070e-08  2.41599718e-08 
 7.95338386e-06 -1.48044210e-08 -1.48044209e-08 -1.48049549e-08 -1.48044209e-08 -1.91266327e-08 -1.91266327e-08 -1.48044206e-08 -1.48313574e-08 
 7.95538386e-06  2.41031381e-08  2.41031380e-08  2.41037008e-08  2.41031380e-08  2.84423681e-08  2.84423681e-08  2.41031376e-08  2.41310585e-08 
 7.95738386e-06 -1.47641253e-08 -1.47641254e-08 -1.47647175e-08 -1.47641254e-08 -1.91195187e-08 -1.91195187e-08 -1.47641249e-08 -1.47930420e-08 
 7.95938386e-06  2.40535624e-08  2.40535625e-08  2.40541843e-08  2.40535624e-08  2.84242592e-08  2.84242592e-08  2.40535620e-08  2.40834856e-08 
 7.96138386e-06 -1.47054159e-08 -1.47054159e-08 -1.47060680e-08 -1.47054159e-08 -1.90905732e-08 -1.90905732e-08 -1.47054154e-08 -1.47363554e-08 
 7.96338386e-06  2.39858771e-08  2.39858771e-08  2.39865598e-08  2.39858771e-08  2.83846450e-08  2.83846451e-08  2.39858765e-08  2.40178422e-08 
 7.96538386e-06 -1.46289115e-08 -1.46289116e-08 -1.46296253e-08 -1.46289115e-08 -1.90404533e-08 -1.90404532e-08 -1.46289110e-08 -1.46619118e-08 
 7.96738386e-06  2.39007174e-08  2.39007175e-08  2.39014627e-08  2.39007174e-08  2.83241923e-08  2.83241923e-08  2.39007169e-08  2.39347615e-08 
 7.96938386e-06 -1.45352550e-08 -1.45352550e-08 -1.45360321e-08 -1.45352550e-08 -1.89698363e-08 -1.89698363e-08 -1.45352544e-08 -1.45703522e-08 
 7.97138386e-06  2.37987286e-08  2.37987286e-08  2.37995380e-08  2.37987286e-08  2.82435959e-08  2.82435959e-08  2.37987280e-08  2.38348874e-08 
 7.97338386e-06 -1.44250934e-08 -1.44250934e-08 -1.44259354e-08 -1.44250934e-08 -1.88794468e-08 -1.88794468e-08 -1.44250929e-08 -1.44623226e-08 
 7.97538386e-06  2.36805595e-08  2.36805595e-08  2.36814345e-08  2.36805595e-08  2.81436065e-08  2.81436064e-08  2.36805589e-08  2.37188673e-08 
 7.97738386e-06 -1.42990733e-08 -1.42990733e-08 -1.42999817e-08 -1.42990732e-08 -1.87700435e-08 -1.87700434e-08 -1.42990727e-08 -1.43384691e-08 
 7.97938386e-06  2.35468469e-08  2.35468469e-08  2.35477892e-08  2.35468469e-08  2.80249814e-08  2.80249815e-08  2.35468464e-08  2.35873405e-08 
 7.98138386e-06 -1.41578186e-08 -1.41578186e-08 -1.41587951e-08 -1.41578186e-08 -1.86423825e-08 -1.86423824e-08 -1.41578180e-08 -1.41994199e-08 
 7.98338386e-06  2.33982029e-08  2.33982030e-08  2.33992141e-08  2.33982029e-08  2.78884758e-08  2.78884758e-08  2.33982024e-08  2.34409211e-08 
 7.98500000e-06 -1.39824738e-08 -1.39824738e-08 -1.39835284e-08 -1.39824738e-08 -1.84788398e-08 -1.84788399e-08 -1.39824732e-08 -1.40265871e-08 
 7.98520000e-06  4.44259896e-09  4.44259895e-09  4.44269027e-09  4.44259891e-09  4.45330526e-09  4.45330527e-09  4.44259890e-09  4.44552395e-09 
 7.98560000e-06  4.91275534e-09  4.91275541e-09  4.91266003e-09  4.91275543e-09  4.90985504e-09  4.90985501e-09  4.91275546e-09  4.90972711e-09 
 7.98640000e-06  4.38629401e-09  4.38629386e-09  4.38639087e-09  4.38629384e-09  4.38552303e-09  4.38552308e-09  4.38629386e-09  4.38936367e-09 
 7.98715030e-06  4.94749524e-09  4.94749533e-09  4.94739701e-09  4.94749535e-09  4.95201910e-09  4.95201910e-09  4.94749534e-09  4.94438861e-09 
 7.98769748e-06  4.34755578e-09  4.34755587e-09  4.34765563e-09  4.34755587e-09  4.33814564e-09  4.33814561e-09  4.34755585e-09  4.35070166e-09 
 7.98811443e-06  4.99344810e-09  4.99344794e-09  4.99334705e-09  4.99344810e-09  5.00884144e-09  5.00884146e-09  4.99344812e-09  4.99026869e-09 
 7.98850989e-06  4.28864582e-09  4.28864589e-09  4.28874707e-09  4.28864561e-09  4.26744628e-09  4.26744635e-09  4.28864564e-09  4.29184304e-09 
 7.98885199e-06  5.13350022e-09  5.13350032e-09  5.13339951e-09  5.13350045e-09  5.16072179e-09  5.16072171e-09  5.13350054e-09  5.13030294e-09 
 7.98908032e-06  3.53764331e-09  3.53764321e-09  3.53774193e-09  3.53764318e-09  3.50413012e-09  3.50413013e-09  3.53764306e-09  3.54073803e-09 
 7.98931880e-06  7.99777291e-09  7.99777299e-09  7.99767805e-09  7.99777294e-09  8.03060382e-09  8.03060381e-09  7.99777302e-09  7.99506142e-09 
 7.98948797e-06 -9.42296812e-09 -9.42296800e-09 -9.42288042e-09 -9.42296818e-09 -9.43205541e-09 -9.43205535e-09 -9.42296802e-09 -9.42178244e-09 
 7.98966817e-06  4.33785161e-08  4.33785160e-08  4.33784363e-08  4.33785161e-08  4.33319622e-08  4.33319620e-08  4.33785159e-08  4.33801364e-08 
 7.98986546e-06 -7.45249758e-08 -7.45249758e-08 -7.45249034e-08 -7.45249758e-08 -7.43975381e-08 -7.43975380e-08 -7.45249756e-08 -7.45301824e-08 
 7.99000000e-06  1.79247487e-07  1.79247487e-07  1.79247422e-07  1.79247487e-07  1.78965939e-07  1.78965939e-07  1.79247487e-07  1.79258245e-07 
 7.99002198e-06 -2.40046313e-07 -2.40046313e-07 -2.40046285e-07 -2.40046313e-07 -2.39869360e-07 -2.39869360e-07 -2.40046312e-07 -2.40072942e-07 
 7.99006594e-06  2.93205451e-07  2.93205451e-07  2.93205356e-07  2.93205451e-07  2.93389320e-07  2.93389320e-07  2.93205452e-07  2.93350791e-07 
 7.99015386e-06 -2.49316192e-07 -2.49316192e-07 -2.49316078e-07 -2.49316192e-07 -2.49808909e-07 -2.49808909e-07 -2.49316195e-07 -2.49596230e-07 
 7.99032970e-06  2.31878145e-07  2.31878145e-07  2.31878032e-07  2.31878145e-07  2.32542289e-07  2.32542289e-07  2.31878149e-07  2.32249163e-07 
 7.99068137e-06 -2.07754337e-07 -2.07754337e-07 -2.07754228e-07 -2.07754337e-07 -2.08506805e-07 -2.08506805e-07 -2.07754342e-07 -2.08176492e-07 
 7.99138472e-06  2.09439910e-07  2.09439910e-07  2.09439804e-07  2.09439910e-07  2.10236848e-07  2.10236848e-07  2.09439915e-07  2.09888861e-07 
 7.99257292e-06 -1.95544946e-07 -1.95544946e-07 -1.95544843e-07 -1.95544946e-07 -1.96368301e-07 -1.96368301e-07 -1.95544952e-07 -1.96010134e-07 
 7.99446152e-06  2.01963927e-07  2.01963927e-07  2.01963825e-07  2.01963927e-07  2.02803913e-07  2.02803912e-07  2.01963933e-07  2.02439457e-07 
 7.99646152e-06 -1.89897965e-07 -1.89897965e-07 -1.89897865e-07 -1.89897965e-07 -1.90753671e-07 -1.90753671e-07 -1.89897971e-07 -1.90383355e-07 
 7.99846152e-06  1.96456115e-07  1.96456115e-07  1.96456016e-07  1.96456115e-07  1.97327540e-07  1.97327540e-07  1.96456121e-07  1.96951445e-07 
 8.00046152e-06 -1.84370389e-07 -1.84370389e-07 -1.84370292e-07 -1.84370389e-07 -1.85257543e-07 -1.85257543e-07 -1.84370395e-07 -1.84875745e-07 
 8.00246152e-06  1.90910808e-07  1.90910809e-07  1.90910713e-07  1.90910809e-07  1.91813685e-07  1.91813685e-07  1.90910815e-07  1.91426266e-07 
 8.00446152e-06 -1.78809353e-07 -1.78809353e-07 -1.78809260e-07 -1.78809353e-07 -1.79727954e-07 -1.79727954e-07 -1.78809360e-07 -1.79334993e-07 
 8.00646152e-06  1.85335987e-07  1.85335987e-07  1.85335895e-07  1.85335987e-07  1.86270300e-07  1.86270300e-07  1.85335994e-07  1.85871879e-07 
 8.00846152e-06 -1.73222662e-07 -1.73222662e-07 -1.73222572e-07 -1.73222662e-07 -1.74172685e-07 -1.74172685e-07 -1.73222669e-07 -1.73768882e-07 
 8.01046152e-06  1.79739280e-07  1.79739280e-07  1.79739193e-07  1.79739280e-07  1.80704994e-07  1.80704994e-07  1.79739288e-07  1.80295892e-07 
 8.01246152e-06 -1.67617772e-07 -1.67617772e-07 -1.67617687e-07 -1.67617772e-07 -1.68599167e-07 -1.68599167e-07 -1.67617780e-07 -1.68184845e-07 
 8.01446152e-06  1.74127974e-07  1.74127974e-07  1.74127891e-07  1.74127974e-07  1.75125025e-07  1.75125025e-07  1.74127982e-07  1.74705567e-07 
 8.01646152e-06 -1.62001799e-07 -1.62001799e-07 -1.62001718e-07 -1.62001799e-07 -1.63014490e-07 -1.63014490e-07 -1.62001807e-07 -1.62589976e-07 
 8.01846152e-06  1.68509013e-07  1.68509013e-07  1.68508935e-07  1.68509013e-07  1.69537315e-07  1.69537315e-07  1.68509021e-07  1.69107827e-07 
 8.02046152e-06 -1.56381518e-07 -1.56381518e-07 -1.56381442e-07 -1.56381518e-07 -1.57425408e-07 -1.57425408e-07 -1.56381527e-07 -1.56991027e-07 
 8.02246152e-06  1.62889007e-07  1.62889007e-07  1.62888934e-07  1.62889007e-07  1.63948449e-07  1.63948449e-07  1.62889016e-07  1.63509258e-07 
 8.02446152e-06 -1.50763374e-07 -1.50763374e-07 -1.50763304e-07 -1.50763374e-07 -1.51838339e-07 -1.51838339e-07 -1.50763383e-07 -1.51394419e-07 
 8.02646152e-06  1.57274236e-07  1.57274236e-07  1.57274169e-07  1.57274237e-07  1.58364683e-07  1.58364683e-07  1.57274246e-07  1.57916117e-07 
 8.02846152e-06 -1.45153486e-07 -1.45153486e-07 -1.45153421e-07 -1.45153486e-07 -1.46259379e-07 -1.46259379e-07 -1.45153495e-07 -1.45806248e-07 
 8.03046152e-06  1.51670660e-07  1.51670660e-07  1.51670598e-07  1.51670660e-07  1.52791953e-07  1.52791953e-07  1.51670670e-07  1.52334340e-07 
 8.03246152e-06 -1.39557652e-07 -1.39557652e-07 -1.39557593e-07 -1.39557653e-07 -1.40694304e-07 -1.40694304e-07 -1.39557663e-07 -1.40232289e-07 
 8.03446152e-06  1.46083921e-07  1.46083921e-07  1.46083865e-07  1.46083921e-07  1.47235878e-07  1.47235878e-07  1.46083932e-07  1.46769545e-07 
 8.03646152e-06 -1.33981363e-07 -1.33981363e-07 -1.33981311e-07 -1.33981364e-07 -1.35148578e-07 -1.35148578e-07 -1.33981374e-07 -1.34678007e-07 
 8.03846152e-06  1.40519356e-07  1.40519356e-07  1.40519306e-07  1.40519356e-07  1.41701771e-07  1.41701770e-07  1.40519367e-07  1.41227045e-07 
 8.04046152e-06 -1.28429804e-07 -1.28429804e-07 -1.28429758e-07 -1.28429804e-07 -1.29627365e-07 -1.29627365e-07 -1.28429815e-07 -1.29148565e-07 
 8.04246152e-06  1.34982002e-07  1.34982002e-07  1.34981958e-07  1.34982002e-07  1.36194644e-07  1.36194644e-07  1.34982013e-07  1.35711853e-07 
 8.04446152e-06 -1.22907864e-07 -1.22907864e-07 -1.22907824e-07 -1.22907864e-07 -1.24135530e-07 -1.24135530e-07 -1.22907876e-07 -1.23648827e-07 
 8.04646152e-06  1.29476603e-07  1.29476603e-07  1.29476567e-07  1.29476603e-07  1.30719223e-07  1.30719223e-07  1.29476615e-07  1.30228690e-07 
 8.04846152e-06 -1.17420147e-07 -1.17420147e-07 -1.17420115e-07 -1.17420148e-07 -1.18677655e-07 -1.18677655e-07 -1.17420159e-07 -1.18183373e-07 
 8.05046152e-06  1.24007624e-07  1.24007624e-07  1.24007595e-07  1.24007624e-07  1.25279946e-07  1.25279946e-07  1.24007636e-07  1.24781995e-07 
 8.05246152e-06 -1.11970978e-07 -1.11970978e-07 -1.11970953e-07 -1.11970978e-07 -1.13258043e-07 -1.13258043e-07 -1.11970991e-07 -1.12756505e-07 
 8.05446152e-06  1.18579253e-07  1.18579253e-07  1.18579231e-07  1.18579253e-07  1.19880980e-07  1.19880980e-07  1.18579265e-07  1.19375935e-07 
 8.05646152e-06 -1.06564412e-07 -1.06564412e-07 -1.06564394e-07 -1.06564412e-07 -1.07880726e-07 -1.07880726e-07 -1.06564425e-07 -1.07372253e-07 
 8.05846152e-06  1.13195414e-07  1.13195414e-07  1.13195400e-07  1.13195414e-07  1.14526229e-07  1.14526229e-07  1.13195427e-07  1.14014408e-07 
 8.06046152e-06 -1.01204243e-07 -1.01204243e-07 -1.01204233e-07 -1.01204244e-07 -1.02549478e-07 -1.02549478e-07 -1.01204257e-07 -1.02034388e-07 
 8.06246152e-06  1.07889734e-07  1.07889734e-07  1.07889728e-07  1.07889734e-07  1.09249738e-07  1.09249738e-07  1.07889748e-07  1.08731293e-07 
 8.06446152e-06 -9.58895082e-08 -9.58895081e-08 -9.58895062e-08 -9.58895083e-08 -9.72633394e-08 -9.72633394e-08 -9.58895222e-08 -9.67419438e-08 
 8.06646152e-06  1.02571555e-07  1.02571555e-07  1.02571557e-07  1.02571555e-07  1.03959531e-07  1.03959531e-07  1.02571570e-07  1.03435104e-07 
 8.06846152e-06 -9.06331167e-08 -9.06331167e-08 -9.06331232e-08 -9.06331168e-08 -9.20351438e-08 -9.20351438e-08 -9.06331313e-08 -9.15077631e-08 
 8.07046152e-06  9.73428971e-08  9.73428971e-08  9.73429079e-08  9.73428973e-08  9.87588762e-08  9.87588762e-08  9.73429120e-08  9.82286195e-08 
 8.07246152e-06 -8.54329591e-08 -8.54329591e-08 -8.54329743e-08 -8.54329593e-08 -8.68627921e-08 -8.68627921e-08 -8.54329743e-08 -8.63297372e-08 
 8.07446152e-06  9.21719238e-08  9.21719238e-08  9.21719433e-08  9.21719240e-08  9.36155065e-08  9.36155065e-08  9.21719393e-08  9.30797299e-08 
 8.07646152e-06 -8.02918819e-08 -8.02918819e-08 -8.02919059e-08 -8.02918821e-08 -8.17491110e-08 -8.17491111e-08 -8.02918976e-08 -8.12106899e-08 
 8.07846152e-06  8.70613717e-08  8.70613718e-08  8.70614003e-08  8.70613720e-08  8.85321388e-08  8.85321388e-08  8.70613878e-08  8.79911488e-08 
 8.08046152e-06 -7.52125135e-08 -7.52125134e-08 -7.52125466e-08 -7.52125138e-08 -7.66967102e-08 -7.66967102e-08 -7.52125298e-08 -7.61532276e-08 
 8.08246152e-06  8.20137637e-08  8.20137637e-08  8.20138014e-08  8.20137639e-08  8.35112770e-08  8.35112770e-08  8.20137803e-08  8.29653766e-08 
 8.08446152e-06 -7.01972730e-08 -7.01972730e-08 -7.01973154e-08 -7.01972732e-08 -7.17079899e-08 -7.17079899e-08 -7.01972899e-08 -7.11597472e-08 
 8.08646152e-06  7.70314173e-08  7.70314173e-08  7.70314645e-08  7.70314175e-08  7.85552205e-08  7.85552205e-08  7.70314346e-08  7.80047094e-08 
 8.08846152e-06 -6.52483786e-08 -6.52483786e-08 -6.52484305e-08 -6.52483788e-08 -6.67851504e-08 -6.67851504e-08 -6.52483961e-08 -6.62324456e-08 
 8.09046152e-06  7.21164533e-08  7.21164534e-08  7.21165102e-08  7.21164536e-08  7.36660723e-08  7.36660724e-08  7.21164712e-08  7.31112468e-08 
 8.09246152e-06 -6.03678559e-08 -6.03678559e-08 -6.03679176e-08 -6.03678562e-08 -6.19301999e-08 -6.19301999e-08 -6.03678740e-08 -6.13733275e-08 
 8.09446152e-06  6.72708045e-08  6.72708045e-08  6.72708710e-08  6.72708047e-08  6.88457480e-08  6.88457480e-08  6.72708228e-08  6.82869006e-08 
 8.09646152e-06 -5.55575463e-08 -5.55575463e-08 -5.55576178e-08 -5.55575465e-08 -5.71449628e-08 -5.71449628e-08 -5.55575649e-08 -5.65842136e-08 
 8.09846152e-06  6.24962226e-08  6.24962226e-08  6.24962992e-08  6.24962229e-08  6.40959829e-08  6.40959829e-08  6.24962416e-08  6.35334028e-08 
 8.10046152e-06 -5.08191145e-08 -5.08191145e-08 -5.08191961e-08 -5.08191147e-08 -5.24310877e-08 -5.24310877e-08 -5.08191337e-08 -5.18667488e-08 
 8.10246152e-06  5.77942876e-08  5.77942876e-08  5.77943743e-08  5.77942879e-08  5.94183408e-08  5.94183408e-08  5.77943072e-08  5.88523131e-08 
 8.10446152e-06 -4.61540569e-08 -4.61540569e-08 -4.61541488e-08 -4.61540572e-08 -4.77900555e-08 -4.77900555e-08 -4.61540768e-08 -4.72224101e-08 
 8.10646152e-06  5.31664143e-08  5.31664144e-08  5.31665114e-08  5.31664146e-08  5.48142216e-08  5.48142216e-08  5.31664345e-08  5.42450274e-08 
 8.10846152e-06 -4.15637091e-08 -4.15637091e-08 -4.15638114e-08 -4.15637093e-08 -4.32231865e-08 -4.32231865e-08 -4.15637296e-08 -4.26525139e-08 
 8.11046152e-06  4.86138606e-08  4.86138606e-08  4.86139682e-08  4.86138609e-08  5.02848683e-08  5.02848683e-08  4.86138814e-08  4.97127850e-08 
 8.11246152e-06 -3.70492529e-08 -3.70492529e-08 -3.70493657e-08 -3.70492531e-08 -3.87316484e-08 -3.87316485e-08 -3.70492739e-08 -3.81582239e-08 
 8.11446152e-06  4.41377344e-08  4.41377344e-08  4.41378526e-08  4.41377347e-08  4.58313748e-08  4.58313748e-08  4.41377558e-08  4.52566756e-08 
 8.11646152e-06 -3.26050710e-08 -3.26050711e-08 -3.26051947e-08 -3.26050714e-08 -3.43092672e-08 -3.43092672e-08 -3.26050928e-08 -3.37335432e-08 
 8.11846152e-06  3.97427239e-08  3.97427239e-08  3.97428529e-08  3.97427242e-08  4.14583944e-08  4.14583945e-08  3.97427459e-08  4.08813515e-08 
 8.12046152e-06 -2.82554994e-08 -2.82554994e-08 -2.82556339e-08 -2.82554997e-08 -2.99819752e-08 -2.99819752e-08 -2.82555217e-08 -2.94038588e-08 
 8.12246152e-06  3.54217418e-08  3.54217418e-08  3.54218818e-08  3.54217421e-08  3.71588736e-08  3.71588736e-08  3.54217644e-08  3.65797484e-08 
 8.12446152e-06 -2.39739385e-08 -2.39739386e-08 -2.39740840e-08 -2.39739388e-08 -2.57215740e-08 -2.57215741e-08 -2.39739614e-08 -2.51415062e-08 
 8.12646152e-06  3.11797350e-08  3.11797351e-08  3.11798860e-08  3.11797353e-08  3.29377222e-08  3.29377223e-08  3.11797582e-08  3.23567754e-08 
 8.12846152e-06 -1.97716535e-08 -1.97716535e-08 -1.97718101e-08 -1.97716538e-08 -2.15398371e-08 -2.15398372e-08 -1.97716770e-08 -2.09580766e-08 
 8.13046152e-06  2.70222546e-08  2.70222547e-08  2.70224168e-08  2.70222549e-08  2.88010455e-08  2.88010455e-08  2.70222785e-08  2.82183504e-08 
 8.13246152e-06 -1.56455517e-08 -1.56455518e-08 -1.56457195e-08 -1.56455520e-08 -1.74336807e-08 -1.74336808e-08 -1.56455759e-08 -1.68504794e-08 
 8.13446152e-06  2.29314587e-08  2.29314588e-08  2.29316321e-08  2.29314590e-08  2.47293132e-08  2.47293133e-08  2.29314831e-08  2.41454859e-08 
 8.13646152e-06 -1.16037225e-08 -1.16037225e-08 -1.16039016e-08 -1.16037228e-08 -1.34111418e-08 -1.34111418e-08 -1.16037472e-08 -1.28267517e-08 
 8.13846152e-06  1.89298021e-08  1.89298021e-08  1.89299867e-08  1.89298023e-08  2.07466269e-08  2.07466269e-08  1.89298271e-08  2.01617340e-08 
 8.14046152e-06 -7.64232386e-09 -7.64232389e-09 -7.64251425e-09 -7.64232414e-09 -9.46839117e-09 -9.46839119e-09 -7.64234921e-09 -8.88305765e-09 
 8.14246152e-06  1.50086879e-08  1.50086880e-08  1.50088840e-08  1.50086882e-08  1.68438364e-08  1.68438364e-08  1.50087136e-08  1.62581211e-08 
 8.14446152e-06 -3.76203557e-09 -3.76203558e-09 -3.76223733e-09 -3.76203579e-09 -5.60561882e-09 -5.60561884e-09 -3.76206148e-09 -5.01967016e-09 
 8.14646152e-06  1.11692246e-08  1.11692246e-08  1.11694321e-08  1.11692248e-08  1.30210833e-08  1.30210833e-08  1.11692508e-08  1.24349582e-08 
 8.14846152e-06  3.41765986e-11  3.41765826e-11  3.39634407e-11  3.41764066e-11 -1.82568505e-09 -1.82568507e-09  3.41500475e-11 -1.23953924e-09 
 8.15046152e-06  7.41443008e-09  7.41443012e-09  7.41464899e-09  7.41443029e-09  9.28213286e-09  9.28213288e-09  7.41445691e-09  8.69602421e-09 
 8.15246152e-06  3.75091694e-09  3.75091692e-09  3.75069233e-09  3.75091677e-09  1.87551921e-09  1.87551922e-09  3.75088985e-09  2.46153865e-09 
 8.15446152e-06  3.73883717e-09  3.73883724e-09  3.73906761e-09  3.73883738e-09  5.62223851e-09  5.62223853e-09  3.73886463e-09  5.03628350e-09 
 8.15646152e-06  7.38373352e-09  7.38373348e-09  7.38349726e-09  7.38373335e-09  5.49250457e-09  5.49250454e-09  7.38370576e-09  6.07833827e-09 
 8.15846152e-06  1.46262820e-10  1.46262956e-10  1.46504974e-10  1.46263068e-10  2.04525770e-09  2.04525773e-09  1.46290911e-10  1.45949758e-09 
 8.16046152e-06  1.09361172e-08  1.09361172e-08  1.09358693e-08  1.09361170e-08  9.02953473e-09  9.02953470e-09  1.09360888e-08  9.61516460e-09 
 8.16246152e-06 -3.36598076e-09 -3.36598070e-09 -3.36572692e-09 -3.36598050e-09 -1.45197622e-09 -1.45197619e-09 -3.36595206e-09 -2.03742224e-09 
 8.16446152e-06  1.44129762e-08  1.44129761e-08  1.44127164e-08  1.44129759e-08  1.24911339e-08  1.24911339e-08  1.44129471e-08  1.30765242e-08 
 8.16646152e-06 -6.79282448e-09 -6.79282438e-09 -6.79255899e-09 -6.79282423e-09 -4.86512319e-09 -4.86512316e-09 -6.79279519e-09 -5.44985159e-09 
 8.16846152e-06  1.78065581e-08  1.78065580e-08  1.78062866e-08  1.78065579e-08  1.58707395e-08  1.58707395e-08  1.78065285e-08  1.64554918e-08 
 8.17046152e-06 -1.01477545e-08 -1.01477544e-08 -1.01474773e-08 -1.01477543e-08 -8.20583240e-09 -8.20583240e-09 -1.01477246e-08 -8.79000086e-09 
 8.17246152e-06  2.11106000e-08  2.11105999e-08  2.11103168e-08  2.11105998e-08  1.91621306e-08  1.91621306e-08  2.11105698e-08  1.97458488e-08 
 8.17446152e-06 -1.34211711e-08 -1.34211710e-08 -1.34208821e-08 -1.34211709e-08 -1.14663237e-08 -1.14663237e-08 -1.34211406e-08 -1.20495411e-08 
 8.17646152e-06  2.43524149e-08  2.43524149e-08  2.43521200e-08  2.43524148e-08  2.23907634e-08  2.23907634e-08  2.43523841e-08  2.29736111e-08 
 8.17846152e-06 -1.66127275e-08 -1.66127274e-08 -1.66124267e-08 -1.66127273e-08 -1.46456809e-08 -1.46456809e-08 -1.66126964e-08 -1.52277414e-08 
 8.18046152e-06  2.75059138e-08  2.75059137e-08  2.75056071e-08  2.75059137e-08  2.55324107e-08  2.55324106e-08  2.75058824e-08  2.61140013e-08 
 8.18246152e-06 -1.97198111e-08 -1.97198111e-08 -1.97194988e-08 -1.97198110e-08 -1.77418817e-08 -1.77418817e-08 -1.97197795e-08 -1.83224049e-08 
 8.18446152e-06  3.05845382e-08  3.05845382e-08  3.05842199e-08  3.05845381e-08  2.85998662e-08  2.85998661e-08  3.05845063e-08  2.91800059e-08 
 8.18646152e-06 -2.27575965e-08 -2.27575964e-08 -2.27572724e-08 -2.27575963e-08 -2.07688591e-08 -2.07688590e-08 -2.27575642e-08 -2.13478360e-08 
 8.18846152e-06  3.35745818e-08  3.35745817e-08  3.35742518e-08  3.35745817e-08  3.15800689e-08  3.15800688e-08  3.35745493e-08  3.21583845e-08 
 8.19046152e-06 -2.57208866e-08 -2.57208865e-08 -2.57205508e-08 -2.57208865e-08 -2.37220293e-08 -2.37220293e-08 -2.57208538e-08 -2.42992727e-08 
 8.19246152e-06  3.65120910e-08  3.65120910e-08  3.65117492e-08  3.65120910e-08  3.45071897e-08  3.45071897e-08  3.65120579e-08  3.50838589e-08 
 8.19446152e-06 -2.86044345e-08 -2.86044345e-08 -2.86040871e-08 -2.86044345e-08 -2.65961914e-08 -2.65961913e-08 -2.86044011e-08 -2.71715142e-08 
 8.19646152e-06  3.93594276e-08  3.93594276e-08  3.93590741e-08  3.93594276e-08  3.73454906e-08  3.73454906e-08  3.93593939e-08  3.79201470e-08 
 8.19846152e-06 -3.14121236e-08 -3.14121236e-08 -3.14117645e-08 -3.14121236e-08 -2.93952058e-08 -2.93952057e-08 -3.14120896e-08 -2.99684273e-08 
 8.20046152e-06  4.21312251e-08  4.21312251e-08  4.21308600e-08  4.21312251e-08  4.01089641e-08  4.01089640e-08  4.21311909e-08  4.06814291e-08 
 8.20246152e-06 -3.41447005e-08 -3.41447004e-08 -3.41443298e-08 -3.41447005e-08 -3.21198189e-08 -3.21198189e-08 -3.41446659e-08 -3.26907633e-08 
 8.20446152e-06  4.48282488e-08  4.48282487e-08  4.48278721e-08  4.48282487e-08  4.27983750e-08  4.27983749e-08  4.48282139e-08  4.33684748e-08 
 8.20646152e-06 -3.68029471e-08 -3.68029471e-08 -3.68025649e-08 -3.68029471e-08 -3.47708124e-08 -3.47708123e-08 -3.68029120e-08 -3.53393080e-08 
 8.20846152e-06  4.74512976e-08  4.74512975e-08  4.74509094e-08  4.74512976e-08  4.54145215e-08  4.54145215e-08  4.74512621e-08  4.59820867e-08 
 8.21046152e-06 -3.93876781e-08 -3.93876780e-08 -3.93872844e-08 -3.93876781e-08 -3.73489997e-08 -3.73489997e-08 -3.93876424e-08 -3.79148792e-08 
 8.21246152e-06  5.00012022e-08  5.00012021e-08  5.00008025e-08  5.00012022e-08  4.79582331e-08  4.79582330e-08  5.00011662e-08  4.85230983e-08 
 8.21446152e-06 -4.18997380e-08 -4.18997379e-08 -4.18993329e-08 -4.18997380e-08 -3.98552239e-08 -3.98552238e-08 -4.18997017e-08 -4.04183244e-08 
 8.21646152e-06  5.24788215e-08  5.24788214e-08  5.24784105e-08  5.24788215e-08  5.04303668e-08  5.04303667e-08  5.24787849e-08  5.09923713e-08 
 8.21846152e-06 -4.43399986e-08 -4.43399985e-08 -4.43395821e-08 -4.43399986e-08 -4.22903545e-08 -4.22903544e-08 -4.43399617e-08 -4.28505175e-08 
 8.22046152e-06  5.48850407e-08  5.48850406e-08  5.48846183e-08  5.48850407e-08  5.28318054e-08  5.28318053e-08  5.48850035e-08  5.33907926e-08 
 8.22246152e-06 -4.67093563e-08 -4.67093563e-08 -4.67089286e-08 -4.67093563e-08 -4.46552856e-08 -4.46552856e-08 -4.67093189e-08 -4.52123568e-08 
 8.22446152e-06  5.72207682e-08  5.72207682e-08  5.72203347e-08  5.72207683e-08  5.51634549e-08  5.51634548e-08  5.72207305e-08  5.57192725e-08 
 8.22646152e-06 -4.90087302e-08 -4.90087301e-08 -4.90082913e-08 -4.90087302e-08 -4.69509334e-08 -4.69509333e-08 -4.90086922e-08 -4.75047626e-08 
 8.22846152e-06  5.94869342e-08  5.94869341e-08  5.94864896e-08  5.94869343e-08  5.74262419e-08  5.74262418e-08  5.94868960e-08  5.79787420e-08 
 8.23046152e-06 -5.12390593e-08 -5.12390593e-08 -5.12386095e-08 -5.12390595e-08 -4.91782334e-08 -4.91782333e-08 -5.12390209e-08 -4.97286748e-08 
 8.23246152e-06  6.16844877e-08  6.16844876e-08  6.16840319e-08  6.16844877e-08  5.96211119e-08  5.96211119e-08  6.16844488e-08  6.01701505e-08 
 8.23446152e-06 -5.34013010e-08 -5.34013009e-08 -5.34008401e-08 -5.34013011e-08 -5.13381390e-08 -5.13381389e-08 -5.34012619e-08 -5.18850509e-08 
 8.23646152e-06  6.38143946e-08  6.38143945e-08  6.38139280e-08  6.38143946e-08  6.17490270e-08  6.17490269e-08  6.38143552e-08  6.22944643e-08 
 8.23846152e-06 -5.54964283e-08 -5.54964282e-08 -5.54959565e-08 -5.54964283e-08 -5.34316190e-08 -5.34316189e-08 -5.54963887e-08 -5.39748639e-08 
 8.24000000e-06  6.61876566e-08  6.61876565e-08  6.61871775e-08  6.61876566e-08  6.41206561e-08  6.41206561e-08  6.61876166e-08  6.46618356e-08 
 8.24020000e-06  2.27894473e-09  2.27894471e-09  2.27895757e-09  2.27894472e-09  2.27738789e-09  2.27738792e-09  2.27894536e-09  2.28278018e-09 
 8.24060000e-06  6.86079582e-09  6.86079583e-09  6.86078330e-09  6.86079584e-09  6.86428488e-09  6.86428485e-09  6.86079521e-09  6.85852616e-09 
 8.24140000e-06  2.54338152e-09  2.54338154e-09  2.54339391e-09  2.54338151e-09  2.53893454e-09  2.53893460e-09  2.54338211e-09  2.54486271e-09 
 8.24246255e-06  6.70769147e-09  6.70769146e-09  6.70767925e-09  6.70769147e-09  6.71262997e-09  6.71262993e-09  6.70769087e-09  6.70680609e-09 
 8.24341762e-06  2.68185583e-09  2.68185582e-09  2.68186789e-09  2.68185582e-09  2.67832880e-09  2.67832885e-09  2.68185642e-09  2.68207673e-09 
 8.24437669e-06  6.55860108e-09  6.55860103e-09  6.55858921e-09  6.55860108e-09  6.55427778e-09  6.55427770e-09  6.55860051e-09  6.55904263e-09 
 8.24500000e-06  2.89288958e-09  2.89288966e-09  2.89290113e-09  2.89288956e-09  2.93980082e-09  2.93980091e-09  2.89289008e-09  2.89143069e-09 
 8.24509728e-06  4.38444643e-09  4.38444650e-09  4.38444673e-09  4.38444650e-09  4.07975403e-09  4.07975396e-09  4.38444652e-09  4.38597467e-09 
 8.24529185e-06  4.77932652e-09  4.77932644e-09  4.77932935e-09  4.77932672e-09  5.45897049e-09  5.45897050e-09  4.77932675e-09  4.77823901e-09 
 8.24568099e-06  4.82194289e-09  4.82194292e-09  4.82193628e-09  4.82194253e-09  4.00683977e-09  4.00683982e-09  4.82194259e-09  4.82260791e-09 
 8.24627213e-06  4.19792173e-09  4.19792164e-09  4.19793199e-09  4.19792204e-09  5.05427380e-09  5.05427372e-09  4.19792200e-09  4.19762068e-09 
 8.24738413e-06  5.31410835e-09  5.31410846e-09  5.31409567e-09  5.31410809e-09  4.45357202e-09  4.45357203e-09  5.31410813e-09  5.31418919e-09 
 8.24938413e-06  3.88214378e-09  3.88214373e-09  3.88215800e-09  3.88214397e-09  4.73953546e-09  4.73953546e-09  3.88214401e-09  3.88219290e-09 
 8.25138413e-06  5.56290279e-09  5.56290283e-09  5.56288691e-09  5.56290252e-09  4.71254888e-09  4.71254888e-09  5.56290257e-09  5.56271873e-09 
 8.25338413e-06  3.61688331e-09  3.61688323e-09  3.61690096e-09  3.61688347e-09  4.45634392e-09  4.45634388e-09  3.61688345e-09  3.61720694e-09 
 8.25538413e-06  5.84451978e-09  5.84451984e-09  5.84450015e-09  5.84451956e-09  5.01975433e-09  5.01975434e-09  5.84451958e-09  5.84405208e-09 
 8.25738413e-06  3.31906825e-09  3.31906820e-09  3.31908988e-09  3.31906838e-09  4.12540540e-09  4.12540541e-09  3.31906836e-09  3.31968392e-09 
 8.25938413e-06  6.15832802e-09  6.15832812e-09  6.15830416e-09  6.15832794e-09  5.37407111e-09  5.37407112e-09  6.15832797e-09  6.15756068e-09 
 8.26138413e-06  2.98951489e-09  2.98951486e-09  2.98954122e-09  2.98951497e-09  3.74813232e-09  3.74813236e-09  2.98951496e-09  2.99043715e-09 
 8.26338413e-06  6.50333726e-09  6.50333729e-09  6.50330842e-09  6.50333715e-09  5.77381654e-09  5.77381655e-09  6.50333713e-09  6.50225725e-09 
 8.26538413e-06  2.62937674e-09  2.62937671e-09  2.62940822e-09  2.62937685e-09  3.32645417e-09  3.32645416e-09  2.62937683e-09  2.63061691e-09 
 8.26738413e-06  6.87824181e-09  6.87824183e-09  6.87820745e-09  6.87824174e-09  6.21683708e-09  6.21683706e-09  6.87824177e-09  6.87683957e-09 
 8.26938413e-06  2.24010078e-09  2.24010076e-09  2.24013811e-09  2.24010086e-09  2.86272661e-09  2.86272659e-09  2.24010082e-09  2.24166655e-09 
 8.27138413e-06  7.28146385e-09  7.28146388e-09  7.28142342e-09  7.28146380e-09  6.70059547e-09  6.70059552e-09  7.28146387e-09  7.27973351e-09 
 8.27338413e-06  1.82338523e-09  1.82338519e-09  1.82342896e-09  1.82338523e-09  2.35964881e-09  2.35964876e-09  1.82338523e-09  1.82528067e-09 
 8.27538413e-06  7.71119487e-09  7.71119485e-09  7.71114771e-09  7.71119485e-09  7.22224926e-09  7.22224930e-09  7.71119490e-09  7.70913437e-09 
 8.27738413e-06  1.38113914e-09  1.38113916e-09  1.38118986e-09  1.38113918e-09  1.82018913e-09  1.82018909e-09  1.38113915e-09  1.38336420e-09 
 8.27938413e-06  8.16543488e-09  8.16543486e-09  8.16538045e-09  8.16543485e-09  7.77872099e-09  7.77872102e-09  8.16543488e-09  8.16304619e-09 
 8.28138413e-06  9.15444096e-10  9.15444152e-10  9.15502323e-10  9.15444103e-10  1.24751836e-09  1.24751832e-09  9.15444102e-10  9.17994814e-10 
 8.28338413e-06  8.64202980e-09  8.64202974e-09  8.64196766e-09  8.64202974e-09  8.36676117e-09  8.36676121e-09  8.64202980e-09  8.63931906e-09 
 8.28538413e-06  4.28517929e-10  4.28517988e-10  4.28584096e-10  4.28517942e-10  6.44950748e-10  6.44950696e-10  4.28517912e-10  4.31386054e-10 
 8.28738413e-06  9.13870629e-09  9.13870629e-09  9.13863597e-09  9.13870626e-09  8.98300378e-09  8.98300380e-09  9.13870631e-09  9.13568383e-09 
 8.28938413e-06 -7.73404650e-11 -7.73404078e-11 -7.72657784e-11 -7.73404283e-11  1.58919827e-11  1.58919952e-11 -7.73404467e-11 -7.41662390e-11 
 8.29138413e-06  9.65314748e-09  9.65314744e-09  9.65306846e-09  9.65314747e-09  9.62401479e-09  9.62401480e-09  9.65314749e-09  9.64982570e-09 
 8.29338413e-06 -5.99902026e-10 -5.99902031e-10 -5.99818607e-10 -5.99902023e-10 -6.36405211e-10 -6.36405219e-10 -5.99902075e-10 -5.96437279e-10 
 8.29538413e-06  1.01832184e-08  1.01832184e-08  1.01831305e-08  1.01832184e-08  1.02867313e-08  1.02867312e-08  1.01832184e-08  1.01796158e-08 
 8.29738413e-06 -1.13687313e-09 -1.13687315e-09 -1.13678065e-09 -1.13687312e-09 -1.30868974e-09 -1.30868977e-09 -1.13687311e-09 -1.13313837e-09 
 8.29938413e-06  1.07264740e-08  1.07264740e-08  1.07263769e-08  1.07264740e-08  1.09677237e-08  1.09677237e-08  1.07264740e-08  1.07226132e-08 
 8.30138413e-06 -1.68580165e-09 -1.68580169e-09 -1.68569999e-09 -1.68580164e-09 -1.99754221e-09 -1.99754221e-09 -1.68580166e-09 -1.68182150e-09 
 8.30338413e-06  1.12804610e-08  1.12804610e-08  1.12803547e-08  1.12804610e-08  1.16635903e-08  1.16635902e-08  1.12804610e-08  1.12763686e-08 
 8.30538413e-06 -2.24423876e-09 -2.24423874e-09 -2.24412781e-09 -2.24423874e-09 -2.69959122e-09 -2.69959121e-09 -2.24423876e-09 -2.24004161e-09 
 8.30738413e-06  1.18427399e-08  1.18427399e-08  1.18426243e-08  1.18427399e-08  1.23709961e-08  1.23709961e-08  1.18427399e-08  1.18384462e-08 
 8.30938413e-06 -2.80975884e-09 -2.80975881e-09 -2.80963869e-09 -2.80975882e-09 -3.41154419e-09 -3.41154418e-09 -2.80975884e-09 -2.80537709e-09 
 8.31138413e-06  1.24109037e-08  1.24109037e-08  1.24107791e-08  1.24109037e-08  1.30866959e-08  1.30866959e-08  1.24109038e-08  1.24064430e-08 
 8.31338413e-06 -3.37997776e-09 -3.37997773e-09 -3.37984871e-09 -3.37997779e-09 -4.13020757e-09 -4.13020763e-09 -3.37997781e-09 -3.37544746e-09 
 8.31538413e-06  1.29825951e-08  1.29825950e-08  1.29824617e-08  1.29825951e-08  1.38075523e-08  1.38075523e-08  1.29825952e-08  1.29780051e-08 
 8.31738413e-06 -3.95256857e-09 -3.95256857e-09 -3.95243088e-09 -3.95256866e-09 -4.85250407e-09 -4.85250403e-09 -3.95256867e-09 -3.94792917e-09 
 8.31938413e-06  1.35555207e-08  1.35555207e-08  1.35553788e-08  1.35555207e-08  1.45305509e-08  1.45305508e-08  1.35555208e-08  1.35508425e-08 
 8.32138413e-06 -4.52527484e-09 -4.52527481e-09 -4.52512892e-09 -4.52527493e-09 -5.57548520e-09 -5.57548522e-09 -4.52527491e-09 -4.52056908e-09 
 8.32338413e-06  1.41274638e-08  1.41274638e-08  1.41273140e-08  1.41274639e-08  1.52528123e-08  1.52528123e-08  1.41274639e-08  1.41227419e-08 
 8.32538413e-06 -5.09592204e-09 -5.09592205e-09 -5.09576851e-09 -5.09592211e-09 -6.29634300e-09 -6.29634301e-09 -5.09592215e-09 -5.09119580e-09 
 8.32738413e-06  1.46962946e-08  1.46962946e-08  1.46961376e-08  1.46962947e-08  1.59716016e-08  1.59716016e-08  1.46962947e-08  1.46915762e-08 
 8.32938413e-06 -5.66242741e-09 -5.66242742e-09 -5.66226696e-09 -5.66242743e-09 -7.01241732e-09 -7.01241731e-09 -5.66242745e-09 -5.65772940e-09 
 8.33138413e-06  1.52599792e-08  1.52599792e-08  1.52598156e-08  1.52599792e-08  1.66843349e-08  1.66843349e-08  1.52599792e-08  1.52553144e-08 
 8.33338413e-06 -6.22280745e-09 -6.22280747e-09 -6.22264103e-09 -6.22280750e-09 -7.72120185e-09 -7.72120181e-09 -6.22280746e-09 -6.21818917e-09 
 8.33538413e-06  1.58165862e-08  1.58165863e-08  1.58164171e-08  1.58165863e-08  1.73885845e-08  1.73885845e-08  1.58165862e-08  1.58120278e-08 
 8.33738413e-06 -6.77518454e-09 -6.77518459e-09 -6.77501314e-09 -6.77518458e-09 -8.42034789e-09 -8.42034793e-09 -6.77518453e-09 -6.77069982e-09 
 8.33938413e-06  1.63642929e-08  1.63642929e-08  1.63641194e-08  1.63642929e-08  1.80820814e-08  1.80820815e-08  1.63642928e-08  1.63598959e-08 
 8.34138413e-06 -7.31779158e-09 -7.31779160e-09 -7.31761635e-09 -7.31779155e-09 -9.10766691e-09 -9.10766695e-09 -7.31779157e-09 -7.31349669e-09 
 8.34338413e-06  1.69013885e-08  1.69013885e-08  1.69012119e-08  1.69013885e-08  1.87627174e-08  1.87627174e-08  1.69013885e-08  1.68972101e-08 
 8.34538413e-06 -7.84897531e-09 -7.84897535e-09 -7.84879751e-09 -7.84897533e-09 -9.78113096e-09 -9.78113095e-09 -7.84897529e-09 -7.84492833e-09 
 8.34738413e-06  1.74262779e-08  1.74262779e-08  1.74260993e-08  1.74262779e-08  1.94285447e-08  1.94285447e-08  1.74262779e-08  1.74223773e-08 
 8.34938413e-06 -8.36719873e-09 -8.36719881e-09 -8.36701980e-09 -8.36719872e-09 -1.04388720e-08 -1.04388720e-08 -8.36719875e-09 -8.36345974e-09 
 8.35138413e-06  1.79374826e-08  1.79374826e-08  1.79373037e-08  1.79374826e-08  2.00777746e-08  2.00777747e-08  1.79374826e-08  1.79339206e-08 
 8.35338413e-06 -8.87104227e-09 -8.87104234e-09 -8.87086373e-09 -8.87104230e-09 -1.10791804e-08 -1.10791804e-08 -8.87104229e-09 -8.86767295e-09 
 8.35538413e-06  1.84336419e-08  1.84336420e-08  1.84334641e-08  1.84336419e-08  2.07087758e-08  2.07087758e-08  1.84336419e-08  1.84304809e-08 
 8.35738413e-06 -9.35920399e-09 -9.35920406e-09 -9.35902749e-09 -9.35920404e-09 -1.17005020e-08 -1.17005021e-08 -9.35920401e-09 -9.35626728e-09 
 8.35938413e-06  1.89192539e-08  1.89192540e-08  1.89190790e-08  1.89192540e-08  2.13265122e-08  2.13265123e-08  1.89192539e-08  1.89165564e-08 
 8.36138413e-06 -9.83002925e-09 -9.83002935e-09 -9.82985658e-09 -9.83002933e-09 -1.23008407e-08 -1.23008407e-08 -9.83002929e-09 -9.82758906e-09 
 8.36338413e-06  1.93814190e-08  1.93814191e-08  1.93812488e-08  1.93814190e-08  2.19164086e-08  2.19164086e-08  1.93814190e-08  1.93792508e-08 
 8.36538413e-06 -1.02799962e-08 -1.02799963e-08 -1.02798293e-08 -1.02799963e-08 -1.28758712e-08 -1.28758712e-08 -1.02799962e-08 -1.02781187e-08 
 8.36738413e-06  1.98257056e-08  1.98257057e-08  1.98255421e-08  1.98257056e-08  2.24847752e-08  2.24847753e-08  1.98257056e-08  1.98241327e-08 
 8.36938413e-06 -1.07144362e-08 -1.07144363e-08 -1.07142768e-08 -1.07144362e-08 -1.34323628e-08 -1.34323628e-08 -1.07144362e-08 -1.07131866e-08 
 8.37138413e-06  2.02506376e-08  2.02506377e-08  2.02504828e-08  2.02506376e-08  2.30298535e-08  2.30298535e-08  2.02506376e-08  2.02497263e-08 
 8.37338413e-06 -1.11291268e-08 -1.11291268e-08 -1.11289771e-08 -1.11291268e-08 -1.39651136e-08 -1.39651136e-08 -1.11291267e-08 -1.11285717e-08 
 8.37538413e-06  2.06554273e-08  2.06554274e-08  2.06552831e-08  2.06554273e-08  2.35507414e-08  2.35507413e-08  2.06554272e-08  2.06552443e-08 
 8.37738413e-06 -1.15233341e-08 -1.15233342e-08 -1.15231962e-08 -1.15233341e-08 -1.44732876e-08 -1.44732876e-08 -1.15233341e-08 -1.15235405e-08 
 8.37938413e-06  2.10393927e-08  2.10393927e-08  2.10392615e-08  2.10393927e-08  2.40466661e-08  2.40466661e-08  2.10393927e-08  2.10400054e-08 
 8.38138413e-06 -1.18964285e-08 -1.18964285e-08 -1.18963046e-08 -1.18964284e-08 -1.49561752e-08 -1.49561752e-08 -1.18964284e-08 -1.18974636e-08 
 8.38338413e-06  2.14019546e-08  2.14019546e-08  2.14018385e-08  2.14019545e-08  2.45169794e-08  2.45169794e-08  2.14019545e-08  2.14034302e-08 
 8.38538413e-06 -1.22478805e-08 -1.22478805e-08 -1.22477728e-08 -1.22478804e-08 -1.54131881e-08 -1.54131881e-08 -1.22478804e-08 -1.22498118e-08 
 8.38738413e-06  2.17426320e-08  2.17426320e-08  2.17425332e-08  2.17426319e-08  2.49611503e-08  2.49611503e-08  2.17426318e-08  2.17450380e-08 
 8.38938413e-06 -1.25772573e-08 -1.25772574e-08 -1.25771683e-08 -1.25772573e-08 -1.58438524e-08 -1.58438524e-08 -1.25772572e-08 -1.25801522e-08 
 8.39138413e-06  2.20610384e-08  2.20610384e-08  2.20609595e-08  2.20610384e-08  2.53787601e-08  2.53787601e-08  2.20610383e-08  2.20644423e-08 
 8.39338413e-06 -1.28842184e-08 -1.28842185e-08 -1.28841503e-08 -1.28842184e-08 -1.62478033e-08 -1.62478033e-08 -1.28842183e-08 -1.28881440e-08 
 8.39538413e-06  2.23568776e-08  2.23568777e-08  2.23568209e-08  2.23568776e-08  2.57694957e-08  2.57694957e-08  2.23568775e-08  2.23613464e-08 
 8.39738413e-06 -1.31685110e-08 -1.31685110e-08 -1.31684662e-08 -1.31685110e-08 -1.66247784e-08 -1.66247785e-08 -1.31685108e-08 -1.31735341e-08 
 8.39938413e-06  2.26299389e-08  2.26299389e-08  2.26299066e-08  2.26299388e-08  2.61331436e-08  2.61331436e-08  2.26299387e-08  2.26355391e-08 
 8.40138413e-06 -1.34299653e-08 -1.34299653e-08 -1.34299463e-08 -1.34299653e-08 -1.69746120e-08 -1.69746120e-08 -1.34299651e-08 -1.34361523e-08 
 8.40338413e-06  2.28800923e-08  2.28800923e-08  2.28800870e-08  2.28800923e-08  2.64695841e-08  2.64695841e-08  2.28800921e-08  2.28868901e-08 
 8.40538413e-06 -1.36684905e-08 -1.36684906e-08 -1.36684997e-08 -1.36684905e-08 -1.72972289e-08 -1.72972289e-08 -1.36684904e-08 -1.36759071e-08 
 8.40738413e-06  2.31072846e-08  2.31072847e-08  2.31073088e-08  2.31072846e-08  2.67787850e-08  2.67787850e-08  2.31072844e-08  2.31153454e-08 
 8.40938413e-06 -1.38840698e-08 -1.38840699e-08 -1.38841096e-08 -1.38840698e-08 -1.75926383e-08 -1.75926383e-08 -1.38840696e-08 -1.38927810e-08 
 8.41138413e-06  2.33115343e-08  2.33115343e-08  2.33115904e-08  2.33115343e-08  2.70607957e-08  2.70607957e-08  2.33115342e-08  2.33209228e-08 
 8.41338413e-06 -1.40767559e-08 -1.40767559e-08 -1.40768288e-08 -1.40767558e-08 -1.78609284e-08 -1.78609284e-08 -1.40767557e-08 -1.40868259e-08 
 8.41538413e-06  2.34929272e-08  2.34929272e-08  2.34930176e-08  2.34929271e-08  2.73157416e-08  2.73157417e-08  2.34929270e-08  2.35037071e-08 
 8.41738413e-06 -1.42466661e-08 -1.42466661e-08 -1.42467745e-08 -1.42466661e-08 -1.81022602e-08 -1.81022602e-08 -1.42466659e-08 -1.42581581e-08 
 8.41938413e-06  2.36516114e-08  2.36516114e-08  2.36517386e-08  2.36516113e-08  2.75438183e-08  2.75438184e-08  2.36516111e-08  2.36638454e-08 
 8.42138413e-06 -1.43939784e-08 -1.43939784e-08 -1.43941248e-08 -1.43939783e-08 -1.83168624e-08 -1.83168624e-08 -1.43939782e-08 -1.44069545e-08 
 8.42338413e-06  2.37877934e-08  2.37877934e-08  2.37879598e-08  2.37877934e-08  2.77452864e-08  2.77452864e-08  2.37877932e-08  2.38015431e-08 
 8.42538413e-06 -1.45189263e-08 -1.45189263e-08 -1.45191131e-08 -1.45189263e-08 -1.85050255e-08 -1.85050255e-08 -1.45189261e-08 -1.45334475e-08 
 8.42738413e-06  2.39017334e-08  2.39017334e-08  2.39019414e-08  2.39017333e-08  2.79204655e-08  2.79204655e-08  2.39017331e-08  2.39170591e-08 
 8.42938413e-06 -1.46217951e-08 -1.46217951e-08 -1.46220247e-08 -1.46217950e-08 -1.86670970e-08 -1.86670970e-08 -1.46217948e-08 -1.46379209e-08 
 8.43138413e-06  2.39937407e-08  2.39937407e-08  2.39939927e-08  2.39937407e-08  2.80697300e-08  2.80697300e-08  2.39937405e-08  2.40107015e-08 
 8.43338413e-06 -1.47029170e-08 -1.47029170e-08 -1.47031917e-08 -1.47029169e-08 -1.88034761e-08 -1.88034762e-08 -1.47029167e-08 -1.47207057e-08 
 8.43538413e-06  2.40641702e-08  2.40641702e-08  2.40644685e-08  2.40641701e-08  2.81935034e-08  2.81935034e-08  2.40641699e-08  2.40828235e-08 
 8.43738413e-06 -1.47626676e-08 -1.47626676e-08 -1.47629897e-08 -1.47626676e-08 -1.89146091e-08 -1.89146092e-08 -1.47626673e-08 -1.47821761e-08 
 8.43938413e-06  2.41134175e-08  2.41134175e-08  2.41137644e-08  2.41134174e-08  2.82922541e-08  2.82922541e-08  2.41134171e-08  2.41338194e-08 
 8.44138413e-06 -1.48014616e-08 -1.48014616e-08 -1.48018333e-08 -1.48014615e-08 -1.90009846e-08 -1.90009847e-08 -1.48014612e-08 -1.48227450e-08 
 8.44338413e-06  2.41419157e-08  2.41419157e-08  2.41423134e-08  2.41419157e-08  2.83664904e-08  2.83664904e-08  2.41419154e-08  2.41641207e-08 
 8.44538413e-06 -1.48197488e-08 -1.48197488e-08 -1.48201724e-08 -1.48197487e-08 -1.90631291e-08 -1.90631291e-08 -1.48197484e-08 -1.48428607e-08 
 8.44738413e-06  2.41501315e-08  2.41501314e-08  2.41505820e-08  2.41501314e-08  2.84167566e-08  2.84167566e-08  2.41501310e-08  2.41741922e-08 
 8.44938413e-06 -1.48225882e-08 -1.48225882e-08 -1.48230659e-08 -1.48225881e-08 -1.91075010e-08 -1.91075011e-08 -1.48225878e-08 -1.48475874e-08 
 8.45138413e-06  2.41308714e-08  2.41308714e-08  2.41313768e-08  2.41308713e-08  2.84345532e-08  2.84345532e-08  2.41308710e-08  2.41568301e-08 
 8.45338413e-06 -1.48012925e-08 -1.48012925e-08 -1.48018262e-08 -1.48012924e-08 -1.91228683e-08 -1.91228683e-08 -1.48012920e-08 -1.48282232e-08 
 8.45538413e-06  2.41000177e-08  2.41000177e-08  2.41005804e-08  2.41000177e-08  2.84386104e-08  2.84386104e-08  2.41000173e-08  2.41279322e-08 
 8.45738413e-06 -1.47610138e-08 -1.47610138e-08 -1.47616058e-08 -1.47610138e-08 -1.91157685e-08 -1.91157685e-08 -1.47610134e-08 -1.47899243e-08 
 8.45938413e-06  2.40504603e-08  2.40504603e-08  2.40510820e-08  2.40504602e-08  2.84205170e-08  2.84205171e-08  2.40504598e-08  2.40803771e-08 
 8.46138413e-06 -1.47023237e-08 -1.47023237e-08 -1.47029757e-08 -1.47023236e-08 -1.90868398e-08 -1.90868399e-08 -1.47023232e-08 -1.47332568e-08 
 8.46338413e-06  2.39827954e-08  2.39827954e-08  2.39834780e-08  2.39827953e-08  2.83809212e-08  2.83809213e-08  2.39827949e-08  2.40147539e-08 
 8.46538413e-06 -1.46258410e-08 -1.46258409e-08 -1.46265546e-08 -1.46258409e-08 -1.90367395e-08 -1.90367395e-08 -1.46258405e-08 -1.46588343e-08 
 8.46738413e-06  2.38976585e-08  2.38976584e-08  2.38984036e-08  2.38976585e-08  2.83204893e-08  2.83204894e-08  2.38976580e-08  2.39316955e-08 
 8.46938413e-06 -1.45322083e-08 -1.45322082e-08 -1.45329852e-08 -1.45322082e-08 -1.89661446e-08 -1.89661446e-08 -1.45322077e-08 -1.45672983e-08 
 8.47138413e-06  2.37956946e-08  2.37956945e-08  2.37965038e-08  2.37956945e-08  2.82399162e-08  2.82399162e-08  2.37956941e-08  2.38318460e-08 
 8.47338413e-06 -1.44220726e-08 -1.44220725e-08 -1.44229144e-08 -1.44220725e-08 -1.88757797e-08 -1.88757797e-08 -1.44220721e-08 -1.44592943e-08 
 8.47538413e-06  2.36775524e-08  2.36775523e-08  2.36784273e-08  2.36775524e-08  2.81399524e-08  2.81399524e-08  2.36775520e-08  2.37158524e-08 
 8.47738413e-06 -1.42960804e-08 -1.42960803e-08 -1.42969887e-08 -1.42960804e-08 -1.87664031e-08 -1.87664031e-08 -1.42960799e-08 -1.43354683e-08 
 8.47938413e-06  2.35438688e-08  2.35438687e-08  2.35448109e-08  2.35438687e-08  2.80213554e-08  2.80213553e-08  2.35438682e-08  2.35843542e-08 
 8.48138413e-06 -1.41548557e-08 -1.41548556e-08 -1.41558320e-08 -1.41548556e-08 -1.86387711e-08 -1.86387711e-08 -1.41548551e-08 -1.41964487e-08 
 8.48338413e-06  2.33952557e-08  2.33952556e-08  2.33962667e-08  2.33952557e-08  2.78848797e-08  2.78848797e-08  2.33952551e-08  2.34379654e-08 
 8.48500000e-06 -1.39795297e-08 -1.39795296e-08 -1.39805841e-08 -1.39795297e-08 -1.84752475e-08 -1.84752475e-08 -1.39795292e-08 -1.40236346e-08 
 8.48520000e-06  4.44263892e-09  4.44263878e-09  4.44273000e-09  4.44263878e-09  4.45334406e-09  4.45334407e-09  4.44263874e-09  4.44556332e-09 
 8.48560000e-06  4.91271015e-09  4.91271035e-09  4.91261515e-09  4.91271027e-09  4.90981031e-09  4.90981031e-09  4.91271033e-09  4.90968253e-09 
 8.48640000e-06  4.38634148e-09  4.38634133e-09  4.38643808e-09  4.38634134e-09  4.38557039e-09  4.38557043e-09  4.38634131e-09  4.38941055e-09 
 8.48715030e-06  4.94744555e-09  4.94744566e-09  4.94734749e-09  4.94744567e-09  4.95196914e-09  4.95196915e-09  4.94744571e-09  4.94433945e-09 
 8.48769748e-06  4.34760823e-09  4.34760823e-09  4.34770787e-09  4.34760820e-09  4.33819873e-09  4.33819877e-09  4.34760813e-09  4.35075369e-09 
 8.48811443e-06  4.99339253e-09  4.99339246e-09  4.99329173e-09  4.99339257e-09  5.00878465e-09  5.00878459e-09  4.99339261e-09  4.99021344e-09 
 8.48850989e-06  4.28870409e-09  4.28870411e-09  4.28880526e-09  4.28870397e-09  4.26750642e-09  4.26750648e-09  4.28870390e-09  4.29190104e-09 
 8.48885199e-06  5.13343804e-09  5.13343809e-09  5.13333716e-09  5.13343821e-09  5.16065687e-09  5.16065681e-09  5.13343819e-09  5.13024106e-09 
 8.48908032e-06  3.53773002e-09  3.53772971e-09  3.53782866e-09  3.53772988e-09  3.50422072e-09  3.50422077e-09  3.53772988e-09  3.54082425e-09 
 8.48931880e-06  7.99760329e-09  7.99760354e-09  7.99750867e-09  7.99760345e-09  8.03042925e-09  8.03042924e-09  7.99760343e-09  7.99489207e-09 
 8.48948797e-06 -9.42246420e-09 -9.42246414e-09 -9.42237672e-09 -9.42246426e-09 -9.43154521e-09 -9.43154536e-09 -9.42246424e-09 -9.42127819e-09 
 8.48966817e-06  4.33773353e-08  4.33773352e-08  4.33772555e-08  4.33773352e-08  4.33307737e-08  4.33307739e-08  4.33773351e-08  4.33789550e-08 
 8.48986546e-06 -7.45227502e-08 -7.45227499e-08 -7.45226775e-08 -7.45227498e-08 -7.43953030e-08 -7.43953031e-08 -7.45227498e-08 -7.45279553e-08 
 8.49000000e-06  1.79242875e-07  1.79242875e-07  1.79242810e-07  1.79242875e-07  1.78961316e-07  1.78961316e-07  1.79242874e-07  1.79253630e-07 
 8.49002198e-06 -2.40039476e-07 -2.40039476e-07 -2.40039449e-07 -2.40039476e-07 -2.39862525e-07 -2.39862525e-07 -2.40039476e-07 -2.40066103e-07 
 8.49006594e-06  2.93195251e-07  2.93195251e-07  2.93195157e-07  2.93195252e-07  2.93379127e-07  2.93379127e-07  2.93195252e-07  2.93340587e-07 
 8.49015386e-06 -2.49305279e-07 -2.49305279e-07 -2.49305164e-07 -2.49305279e-07 -2.49798003e-07 -2.49798003e-07 -2.49305282e-07 -2.49585309e-07 
 8.49032970e-06  2.31867146e-07  2.31867146e-07  2.31867033e-07  2.31867146e-07  2.32531296e-07  2.32531297e-07  2.31867150e-07  2.32238154e-07 
 8.49068137e-06 -2.07743360e-07 -2.07743360e-07 -2.07743252e-07 -2.07743360e-07 -2.08495834e-07 -2.08495834e-07 -2.07743365e-07 -2.08165504e-07 
 8.49138472e-06  2.09428960e-07  2.09428960e-07  2.09428855e-07  2.09428960e-07  2.10225904e-07  2.10225904e-07  2.09428966e-07  2.09877899e-07 
 8.49257292e-06 -1.95534017e-07 -1.95534017e-07 -1.95533914e-07 -1.95534017e-07 -1.96357377e-07 -1.96357378e-07 -1.95534023e-07 -1.95999193e-07 
 8.49446152e-06  2.01953013e-07  2.01953013e-07  2.01952911e-07  2.01953013e-07  2.02793003e-07  2.02793003e-07  2.01953019e-07  2.02428530e-07 
 8.49646152e-06 -1.89887066e-07 -1.89887066e-07 -1.89886966e-07 -1.89887066e-07 -1.90742777e-07 -1.90742777e-07 -1.89887072e-07 -1.90372442e-07 
 8.49846152e-06  1.96445233e-07  1.96445233e-07  1.96445134e-07  1.96445233e-07  1.97316662e-07  1.97316663e-07  1.96445239e-07  1.96940549e-07 
 8.50046152e-06 -1.84359524e-07 -1.84359524e-07 -1.84359427e-07 -1.84359524e-07 -1.85246682e-07 -1.85246683e-07 -1.84359531e-07 -1.84864866e-07 
 8.50246152e-06  1.90899962e-07  1.90899962e-07  1.90899867e-07  1.90899962e-07  1.91802843e-07  1.91802843e-07  1.90899969e-07  1.91415406e-07 
 8.50446152e-06 -1.78798527e-07 -1.78798527e-07 -1.78798433e-07 -1.78798527e-07 -1.79717132e-07 -1.79717132e-07 -1.78798534e-07 -1.79324152e-07 
 8.50646152e-06  1.85325181e-07  1.85325181e-07  1.85325090e-07  1.85325181e-07  1.86259499e-07  1.86259499e-07  1.85325189e-07  1.85861059e-07 
 8.50846152e-06 -1.73211879e-07 -1.73211879e-07 -1.73211789e-07 -1.73211879e-07 -1.74161905e-07 -1.74161905e-07 -1.73211886e-07 -1.73758083e-07 
 8.51046152e-06  1.79728520e-07  1.79728520e-07  1.79728432e-07  1.79728520e-07  1.80694237e-07  1.80694237e-07  1.79728528e-07  1.80285116e-07 
 8.51246152e-06 -1.67607036e-07 -1.67607036e-07 -1.67606951e-07 -1.67607036e-07 -1.68588434e-07 -1.68588434e-07 -1.67607044e-07 -1.68174093e-07 
 8.51446152e-06  1.74117263e-07  1.74117263e-07  1.74117180e-07  1.74117263e-07  1.75114317e-07  1.75114317e-07  1.74117271e-07  1.74694840e-07 
 8.51646152e-06 -1.61991115e-07 -1.61991115e-07 -1.61991034e-07 -1.61991115e-07 -1.63003809e-07 -1.63003809e-07 -1.61991123e-07 -1.62579275e-07 
 8.51846152e-06  1.68498356e-07  1.68498356e-07  1.68498278e-07  1.68498356e-07  1.69526660e-07  1.69526660e-07  1.68498364e-07  1.69097153e-07 
 8.52046152e-06 -1.56370889e-07 -1.56370889e-07 -1.56370814e-07 -1.56370889e-07 -1.57414781e-07 -1.57414781e-07 -1.56370898e-07 -1.56980381e-07 
 8.52246152e-06  1.62878407e-07  1.62878407e-07  1.62878334e-07  1.62878407e-07  1.63937851e-07  1.63937851e-07  1.62878416e-07  1.63498641e-07 
 8.52446152e-06 -1.50752805e-07 -1.50752805e-07 -1.50752734e-07 -1.50752805e-07 -1.51827772e-07 -1.51827772e-07 -1.50752814e-07 -1.51383832e-07 
 8.52646152e-06  1.57263698e-07  1.57263698e-07  1.57263631e-07  1.57263699e-07  1.58354147e-07  1.58354147e-07  1.57263708e-07  1.57905561e-07 
 8.52846152e-06 -1.45142980e-07 -1.45142980e-07 -1.45142915e-07 -1.45142980e-07 -1.46248874e-07 -1.46248874e-07 -1.45142989e-07 -1.45795723e-07 
 8.53046152e-06  1.51660187e-07  1.51660187e-07  1.51660125e-07  1.51660187e-07  1.52781481e-07  1.52781481e-07  1.51660197e-07  1.52323848e-07 
 8.53246152e-06 -1.39547214e-07 -1.39547214e-07 -1.39547154e-07 -1.39547214e-07 -1.40683866e-07 -1.40683865e-07 -1.39547224e-07 -1.40221831e-07 
 8.53446152e-06  1.46073517e-07  1.46073517e-07  1.46073461e-07  1.46073518e-07  1.47225474e-07  1.47225474e-07  1.46073528e-07  1.46759121e-07 
 8.53646152e-06 -1.33970995e-07 -1.33970995e-07 -1.33970942e-07 -1.33970995e-07 -1.35138210e-07 -1.35138210e-07 -1.33971006e-07 -1.34667619e-07 
 8.53846152e-06  1.40509025e-07  1.40509025e-07  1.40508975e-07  1.40509025e-07  1.41691439e-07  1.41691439e-07  1.40509036e-07  1.41216693e-07 
 8.54046152e-06 -1.28419510e-07 -1.28419510e-07 -1.28419464e-07 -1.28419510e-07 -1.29617070e-07 -1.29617070e-07 -1.28419521e-07 -1.29138250e-07 
 8.54246152e-06  1.34971746e-07  1.34971746e-07  1.34971703e-07  1.34971746e-07  1.36184388e-07  1.36184388e-07  1.34971757e-07  1.35701576e-07 
 8.54446152e-06 -1.22897648e-07 -1.22897648e-07 -1.22897608e-07 -1.22897648e-07 -1.24125312e-07 -1.24125312e-07 -1.22897659e-07 -1.23638589e-07 
 8.54646152e-06  1.29466426e-07  1.29466426e-07  1.29466390e-07  1.29466427e-07  1.30709044e-07  1.30709044e-07  1.29466438e-07  1.30218491e-07 
 8.54846152e-06 -1.17410012e-07 -1.17410012e-07 -1.17409979e-07 -1.17410012e-07 -1.18667518e-07 -1.18667518e-07 -1.17410024e-07 -1.18173215e-07 
 8.55046152e-06  1.23997529e-07  1.23997529e-07  1.23997500e-07  1.23997530e-07  1.25269849e-07  1.25269849e-07  1.23997542e-07  1.24771878e-07 
 8.55246152e-06 -1.11960926e-07 -1.11960926e-07 -1.11960901e-07 -1.11960926e-07 -1.13247988e-07 -1.13247988e-07 -1.11960939e-07 -1.12746430e-07 
 8.55446152e-06  1.18569244e-07  1.18569244e-07  1.18569222e-07  1.18569244e-07  1.19870968e-07  1.19870968e-07  1.18569256e-07  1.19365902e-07 
 8.55646152e-06 -1.06554447e-07 -1.06554447e-07 -1.06554429e-07 -1.06554447e-07 -1.07870758e-07 -1.07870758e-07 -1.06554460e-07 -1.07362264e-07 
 8.55846152e-06  1.13185493e-07  1.13185493e-07  1.13185479e-07  1.13185493e-07  1.14516305e-07  1.14516304e-07  1.13185506e-07  1.14004463e-07 
 8.56046152e-06 -1.01194368e-07 -1.01194368e-07 -1.01194358e-07 -1.01194368e-07 -1.02539598e-07 -1.02539598e-07 -1.01194381e-07 -1.02024488e-07 
 8.56246152e-06  1.07879901e-07  1.07879901e-07  1.07879895e-07  1.07879901e-07  1.09239901e-07  1.09239901e-07  1.07879915e-07  1.08721436e-07 
 8.56446152e-06 -9.58797249e-08 -9.58797248e-08 -9.58797230e-08 -9.58797250e-08 -9.72535517e-08 -9.72535516e-08 -9.58797390e-08 -9.67321354e-08 
 8.56646152e-06  1.02561819e-07  1.02561819e-07  1.02561821e-07  1.02561819e-07  1.03949790e-07  1.03949790e-07  1.02561834e-07  1.03425342e-07 
 8.56846152e-06 -9.06234284e-08 -9.06234284e-08 -9.06234349e-08 -9.06234286e-08 -9.20254503e-08 -9.20254503e-08 -9.06234432e-08 -9.14980488e-08 
 8.57046152e-06  9.73332573e-08  9.73332573e-08  9.73332681e-08  9.73332574e-08  9.87492308e-08  9.87492308e-08  9.73332723e-08  9.82189534e-08 
 8.57246152e-06 -8.54233684e-08 -8.54233684e-08 -8.54233835e-08 -8.54233685e-08 -8.68531954e-08 -8.68531953e-08 -8.54233837e-08 -8.63201197e-08 
 8.57446152e-06  9.21623827e-08  9.21623827e-08  9.21624023e-08  9.21623829e-08  9.36059591e-08  9.36059591e-08  9.21623983e-08  9.30701617e-08 
 8.57646152e-06 -8.02823911e-08 -8.02823911e-08 -8.02824151e-08 -8.02823912e-08 -8.17396136e-08 -8.17396135e-08 -8.02824069e-08 -8.12011716e-08 
 8.57846152e-06  8.70519317e-08  8.70519318e-08  8.70519603e-08  8.70519319e-08  8.85226917e-08  8.85226917e-08  8.70519478e-08  8.79816808e-08 
 8.58046152e-06 -7.52031250e-08 -7.52031249e-08 -7.52031580e-08 -7.52031251e-08 -7.66873141e-08 -7.66873141e-08 -7.52031413e-08 -7.61438106e-08 
 8.58246152e-06  8.20044270e-08  8.20044271e-08  8.20044647e-08  8.20044272e-08  8.35019324e-08  8.35019324e-08  8.20044437e-08  8.29560111e-08 
 8.58446152e-06 -7.01879888e-08 -7.01879888e-08 -7.01880312e-08 -7.01879890e-08 -7.16986974e-08 -7.16986974e-08 -7.01880058e-08 -7.11504338e-08 
 8.58646152e-06  7.70221861e-08  7.70221861e-08  7.70222332e-08  7.70221862e-08  7.85459805e-08  7.85459805e-08  7.70222033e-08  7.79954485e-08 
 8.58846152e-06 -6.52392009e-08 -6.52392009e-08 -6.52392528e-08 -6.52392011e-08 -6.67759636e-08 -6.67759636e-08 -6.52392184e-08 -6.62232379e-08 
 8.59046152e-06  7.21073297e-08  7.21073297e-08  7.21073863e-08  7.21073298e-08  7.36569391e-08  7.36569391e-08  7.21073475e-08  7.31020926e-08 
 8.59246152e-06 -6.03587867e-08 -6.03587867e-08 -6.03588483e-08 -6.03587868e-08 -6.19211207e-08 -6.19211207e-08 -6.03588048e-08 -6.13642274e-08 
 8.59446152e-06  6.72617901e-08  6.72617901e-08  6.72618567e-08  6.72617903e-08  6.88367233e-08  6.88367233e-08  6.72618085e-08  6.82778550e-08 
 8.59646152e-06 -5.55485873e-08 -5.55485873e-08 -5.55486588e-08 -5.55485875e-08 -5.71359931e-08 -5.71359931e-08 -5.55486060e-08 -5.65752230e-08 
 8.59846152e-06  6.24873195e-08  6.24873195e-08  6.24873960e-08  6.24873197e-08  6.40870686e-08  6.40870685e-08  6.24873386e-08  6.35244675e-08 
 8.60046152e-06 -5.08102676e-08 -5.08102676e-08 -5.08103493e-08 -5.08102678e-08 -5.24222293e-08 -5.24222293e-08 -5.08102870e-08 -5.18578695e-08 
 8.60246152e-06  5.77854974e-08  5.77854974e-08  5.77855842e-08  5.77854976e-08  5.94095387e-08  5.94095387e-08  5.77855170e-08  5.88434900e-08 
 8.60446152e-06 -4.61453238e-08 -4.61453238e-08 -4.61454158e-08 -4.61453241e-08 -4.77813100e-08 -4.77813100e-08 -4.61453438e-08 -4.72136437e-08 
 8.60646152e-06  5.31577387e-08  5.31577387e-08  5.31578357e-08  5.31577389e-08  5.48055331e-08  5.48055331e-08  5.31577589e-08  5.42363181e-08 
 8.60846152e-06 -4.15550913e-08 -4.15550913e-08 -4.15551936e-08 -4.15550915e-08 -4.32145555e-08 -4.32145555e-08 -4.15551118e-08 -4.26438620e-08 
 8.61046152e-06  4.86053010e-08  4.86053010e-08  4.86054086e-08  4.86053012e-08  5.02762950e-08  5.02762950e-08  4.86053219e-08  4.97041909e-08 
 8.61246152e-06 -3.70407518e-08 -3.70407518e-08 -3.70408647e-08 -3.70407521e-08 -3.87231333e-08 -3.87231333e-08 -3.70407730e-08 -3.81496879e-08 
 8.61446152e-06  4.41292922e-08  4.41292922e-08  4.41294105e-08  4.41292925e-08  4.58229181e-08  4.58229181e-08  4.41293137e-08  4.52481982e-08 
 8.61646152e-06 -3.25966907e-08 -3.25966907e-08 -3.25968144e-08 -3.25966910e-08 -3.43008718e-08 -3.43008718e-08 -3.25967125e-08 -3.37251271e-08 
 8.61846152e-06  3.97344005e-08  3.97344005e-08  3.97345296e-08  3.97344008e-08  4.14500557e-08  4.14500556e-08  3.97344226e-08  4.08729919e-08 
 8.62046152e-06 -2.82472360e-08 -2.82472359e-08 -2.82473704e-08 -2.82472362e-08 -2.99736959e-08 -2.99736959e-08 -2.82472583e-08 -2.93955587e-08 
 8.62246152e-06  3.54135385e-08  3.54135385e-08  3.54136785e-08  3.54135387e-08  3.71506540e-08  3.71506540e-08  3.54135612e-08  3.65715080e-08 
 8.62446152e-06 -2.39657957e-08 -2.39657957e-08 -2.39659412e-08 -2.39657960e-08 -2.57134145e-08 -2.57134144e-08 -2.39658187e-08 -2.51333259e-08 
 8.62646152e-06  3.11716530e-08  3.11716530e-08  3.11718040e-08  3.11716532e-08  3.29296230e-08  3.29296230e-08  3.11716762e-08  3.23486555e-08 
 8.62846152e-06 -1.97636325e-08 -1.97636325e-08 -1.97637891e-08 -1.97636327e-08 -2.15317985e-08 -2.15317985e-08 -1.97636561e-08 -2.09500172e-08 
 8.63046152e-06  2.70142926e-08  2.70142926e-08  2.70144547e-08  2.70142927e-08  2.87930654e-08  2.87930653e-08  2.70143164e-08  2.82103495e-08 
 8.63246152e-06 -1.56376537e-08 -1.56376537e-08 -1.56378214e-08 -1.56376539e-08 -1.74257642e-08 -1.74257642e-08 -1.56376778e-08 -1.68425421e-08 
 8.63446152e-06  2.29236224e-08  2.29236225e-08  2.29237958e-08  2.29236226e-08  2.47214579e-08  2.47214579e-08  2.29236469e-08  2.41376099e-08 
 8.63646152e-06 -1.15959482e-08 -1.15959483e-08 -1.15961273e-08 -1.15959484e-08 -1.34033480e-08 -1.34033480e-08 -1.15959730e-08 -1.28189372e-08 
 8.63846152e-06  1.89220899e-08  1.89220900e-08  1.89222746e-08  1.89220901e-08  2.07388949e-08  2.07388948e-08  1.89221151e-08  2.01539814e-08 
 8.64046152e-06 -7.63467419e-09 -7.63467427e-09 -7.63486460e-09 -7.63467436e-09 -9.46072113e-09 -9.46072105e-09 -7.63469963e-09 -8.87536701e-09 
 8.64246152e-06  1.50011008e-08  1.50011009e-08  1.50012969e-08  1.50011011e-08  1.68362285e-08  1.68362284e-08  1.50011266e-08  1.62504927e-08 
 8.64446152e-06 -3.75451357e-09 -3.75451368e-09 -3.75471537e-09 -3.75451380e-09 -5.59807327e-09 -5.59807324e-09 -3.75453964e-09 -5.01210641e-09 
 8.64646152e-06  1.11617678e-08  1.11617679e-08  1.11619753e-08  1.11617681e-08  1.30136002e-08  1.30136001e-08  1.11617942e-08  1.24274593e-08 
 8.64846152e-06  4.15680846e-11  4.15679642e-11  4.13548403e-11  4.15678328e-11 -1.81826687e-09 -1.81826685e-09  4.15414064e-11 -1.23210517e-09 
 8.65046152e-06  7.40710417e-09  7.40710424e-09  7.40732309e-09  7.40710440e-09  9.27477976e-09  9.27477974e-09  7.40713116e-09  8.68865530e-09 
 8.65246152e-06  3.75817722e-09  3.75817716e-09  3.75795256e-09  3.75817703e-09  1.88280711e-09  1.88280715e-09  3.75814997e-09  2.46884235e-09 
 8.65446152e-06  3.73164050e-09  3.73164048e-09  3.73187092e-09  3.73164062e-09  5.61501590e-09  5.61501590e-09  3.73166799e-09  5.02904288e-09 
 8.65646152e-06  7.39086658e-09  7.39086650e-09  7.39063027e-09  7.39086638e-09  5.49966179e-09  5.49966186e-09  7.39083872e-09  6.08551566e-09 
 8.65846152e-06  1.39193612e-10  1.39193671e-10  1.39435726e-10  1.39193779e-10  2.03816375e-09  2.03816373e-09  1.39221725e-10  1.45238353e-09 
 8.66046152e-06  1.09431226e-08  1.09431225e-08  1.09428747e-08  1.09431224e-08  9.03656527e-09  9.03656530e-09  1.09430942e-08  9.62221524e-09 
 8.66246152e-06 -3.37292211e-09 -3.37292204e-09 -3.37266837e-09 -3.37292198e-09 -1.45894326e-09 -1.45894329e-09 -3.37289338e-09 -2.04440933e-09 
 8.66446152e-06  1.44198556e-08  1.44198555e-08  1.44195959e-08  1.44198555e-08  1.24980395e-08  1.24980395e-08  1.44198266e-08  1.30834498e-08 
 8.66646152e-06 -6.79963550e-09 -6.79963540e-09 -6.79937015e-09 -6.79963538e-09 -4.87196086e-09 -4.87196086e-09 -6.79960614e-09 -5.45670915e-09 
 8.66846152e-06  1.78133090e-08  1.78133089e-08  1.78130376e-08  1.78133089e-08  1.58775176e-08  1.58775176e-08  1.78132794e-08  1.64622896e-08 
 8.67046152e-06 -1.01544390e-08 -1.01544390e-08 -1.01541619e-08 -1.01544390e-08 -8.21254463e-09 -8.21254463e-09 -1.01544091e-08 -8.79673277e-09 
 8.67246152e-06  2.11172201e-08  2.11172200e-08  2.11169371e-08  2.11172200e-08  1.91687789e-08  1.91687790e-08  2.11171899e-08  1.97525167e-08 
 8.67446152e-06 -1.34277268e-08 -1.34277267e-08 -1.34274379e-08 -1.34277267e-08 -1.14729080e-08 -1.14729080e-08 -1.34276963e-08 -1.20561451e-08 
 8.67646152e-06  2.43589082e-08  2.43589081e-08  2.43586133e-08  2.43589081e-08  2.23972858e-08  2.23972858e-08  2.43588774e-08  2.29801531e-08 
 8.67846152e-06 -1.66191542e-08 -1.66191542e-08 -1.66188536e-08 -1.66191541e-08 -1.46521373e-08 -1.46521373e-08 -1.66191231e-08 -1.52342172e-08 
 8.68046152e-06  2.75122779e-08  2.75122779e-08  2.75119713e-08  2.75122779e-08  2.55388049e-08  2.55388049e-08  2.75122465e-08  2.61204149e-08 
 8.68246152e-06 -1.97261069e-08 -1.97261068e-08 -1.97257946e-08 -1.97261068e-08 -1.77482079e-08 -1.77482080e-08 -1.97260751e-08 -1.83287505e-08 
 8.68446152e-06  3.05907732e-08  3.05907731e-08  3.05904548e-08  3.05907731e-08  2.86061321e-08  2.86061321e-08  3.05907411e-08  2.91862911e-08 
 8.68646152e-06 -2.27637630e-08 -2.27637629e-08 -2.27634389e-08 -2.27637629e-08 -2.07750569e-08 -2.07750570e-08 -2.27637306e-08 -2.13540531e-08 
 8.68846152e-06  3.35806855e-08  3.35806854e-08  3.35803555e-08  3.35806855e-08  3.15862044e-08  3.15862045e-08  3.35806529e-08  3.21645392e-08 
 8.69046152e-06 -2.57269238e-08 -2.57269237e-08 -2.57265881e-08 -2.57269237e-08 -2.37280988e-08 -2.37280988e-08 -2.57268909e-08 -2.43053614e-08 
 8.69246152e-06  3.65180673e-08  3.65180672e-08  3.65177255e-08  3.65180672e-08  3.45131988e-08  3.45131988e-08  3.65180340e-08  3.50898870e-08 
 8.69446152e-06 -2.86103425e-08 -2.86103425e-08 -2.86099952e-08 -2.86103425e-08 -2.66021326e-08 -2.66021327e-08 -2.86103091e-08 -2.71774744e-08 
 8.69646152e-06  3.93652746e-08  3.93652746e-08  3.93649213e-08  3.93652747e-08  3.73513714e-08  3.73513714e-08  3.93652409e-08  3.79260466e-08 
 8.69846152e-06 -3.14179026e-08 -3.14179025e-08 -3.14175436e-08 -3.14179026e-08 -2.94010189e-08 -2.94010189e-08 -3.14178685e-08 -2.99742593e-08 
 8.70046152e-06  4.21369430e-08  4.21369430e-08  4.21365781e-08  4.21369431e-08  4.01147167e-08  4.01147167e-08  4.21369087e-08  4.06872005e-08 
 8.70246152e-06 -3.41503504e-08 -3.41503504e-08 -3.41499800e-08 -3.41503506e-08 -3.21255040e-08 -3.21255041e-08 -3.41503159e-08 -3.26964671e-08 
 8.70446152e-06  4.48338377e-08  4.48338377e-08  4.48334612e-08  4.48338378e-08  4.28039995e-08  4.28039996e-08  4.48338028e-08  4.33741181e-08 
 8.70646152e-06 -3.68084684e-08 -3.68084683e-08 -3.68080863e-08 -3.68084684e-08 -3.47763698e-08 -3.47763698e-08 -3.68084332e-08 -3.53448839e-08 
 8.70846152e-06  4.74567579e-08  4.74567578e-08  4.74563698e-08  4.74567580e-08  4.54200184e-08  4.54200184e-08  4.74567224e-08  4.59876021e-08 
 8.71046152e-06 -3.93930709e-08 -3.93930708e-08 -3.93926774e-08 -3.93930710e-08 -3.73544295e-08 -3.73544295e-08 -3.93930351e-08 -3.79203275e-08 
 8.71246152e-06  5.00065340e-08  5.00065340e-08  5.00061345e-08  5.00065341e-08  4.79636025e-08  4.79636025e-08  5.00064980e-08  4.85284861e-08 
 8.71446152e-06 -4.19050026e-08 -4.19050025e-08 -4.19045976e-08 -4.19050026e-08 -3.98605264e-08 -3.98605264e-08 -4.19049662e-08 -4.04236452e-08 
 8.71646152e-06  5.24840253e-08  5.24840252e-08  5.24836144e-08  5.24840253e-08  5.04356090e-08  5.04356090e-08  5.24839886e-08  5.09976316e-08 
 8.71846152e-06 -4.43451353e-08 -4.43451352e-08 -4.43447190e-08 -4.43451353e-08 -4.22955301e-08 -4.22955301e-08 -4.43450984e-08 -4.28557111e-08 
 8.72046152e-06  5.48901167e-08  5.48901166e-08  5.48896944e-08  5.48901168e-08  5.28369208e-08  5.28369209e-08  5.48900794e-08  5.33959260e-08 
 8.72246152e-06 -4.67143656e-08 -4.67143655e-08 -4.67139380e-08 -4.67143657e-08 -4.46603348e-08 -4.46603348e-08 -4.67143281e-08 -4.52174237e-08 
 8.72446152e-06  5.72257169e-08  5.72257168e-08  5.72252835e-08  5.72257171e-08  5.51684439e-08  5.51684439e-08  5.72256791e-08  5.57242793e-08 
 8.72646152e-06 -4.90136124e-08 -4.90136124e-08 -4.90131737e-08 -4.90136125e-08 -4.69558564e-08 -4.69558564e-08 -4.90135744e-08 -4.75097033e-08 
 8.72846152e-06  5.94917560e-08  5.94917560e-08  5.94913114e-08  5.94917561e-08  5.74311049e-08  5.74311049e-08  5.94917177e-08  5.79836226e-08 
 8.73046152e-06 -5.12438151e-08 -5.12438150e-08 -5.12433652e-08 -5.12438152e-08 -4.91830307e-08 -4.91830307e-08 -5.12437764e-08 -4.97334896e-08 
 8.73246152e-06  6.16891831e-08  6.16891830e-08  6.16887274e-08  6.16891832e-08  5.96258494e-08  5.96258494e-08  6.16891442e-08  6.01749054e-08 
 8.73446152e-06 -5.34059307e-08 -5.34059306e-08 -5.34054698e-08 -5.34059308e-08 -5.13428111e-08 -5.13428111e-08 -5.34058915e-08 -5.18897403e-08 
 8.73646152e-06  6.38189642e-08  6.38189641e-08  6.38184976e-08  6.38189642e-08  6.17536395e-08  6.17536395e-08  6.38189247e-08  6.22990940e-08 
 8.73846152e-06 -5.55009324e-08 -5.55009324e-08 -5.55004607e-08 -5.55009325e-08 -5.34361665e-08 -5.34361665e-08 -5.55008927e-08 -5.39794285e-08 
 8.74000000e-06  6.61920824e-08  6.61920823e-08  6.61916033e-08  6.61920824e-08  6.41251258e-08  6.41251258e-08  6.61920422e-08  6.46663224e-08 
 8.74020000e-06  2.27910315e-09  2.27910308e-09  2.27911610e-09  2.27910320e-09  2.27754532e-09  2.27754540e-09  2.27910383e-09  2.28293780e-09 
 8.74060000e-06  6.86063876e-09  6.86063886e-09  6.86062627e-09  6.86063887e-09  6.86412895e-09  6.86412884e-09  6.86063819e-09  6.85837004e-09 
 8.74140000e-06  2.54353761e-09  2.54353752e-09  2.54354997e-09  2.54353758e-09  2.53908951e-09  2.53908959e-09  2.54353822e-09  2.54501795e-09 
 8.74246255e-06  6.70753621e-09  6.70753628e-09  6.70752403e-09  6.70753624e-09  6.71247580e-09  6.71247572e-09  6.70753560e-09  6.70665173e-09 
 8.74341768e-06  2.68200535e-09  2.68200532e-09  2.68201739e-09  2.68200531e-09  2.67847700e-09  2.67847704e-09  2.68200592e-09  2.68222551e-09 
 8.74437675e-06  6.55845300e-09  6.55845310e-09  6.55844121e-09  6.55845306e-09  6.55413179e-09  6.55413173e-09  6.55845245e-09  6.55889531e-09 
 8.74500000e-06  2.89304817e-09  2.89304810e-09  2.89305974e-09  2.89304814e-09  2.93996168e-09  2.93996175e-09  2.89304872e-09  2.89158858e-09 
 8.74509729e-06  4.38446526e-09  4.38446517e-09  4.38446548e-09  4.38446533e-09  4.07980261e-09  4.07980263e-09  4.38446543e-09  4.38599322e-09 
 8.74529187e-06  4.77935888e-09  4.77935888e-09  4.77936166e-09  4.77935866e-09  5.45892717e-09  5.45892719e-09  4.77935860e-09  4.77827120e-09 
 8.74568103e-06  4.82183317e-09  4.82183304e-09  4.82182667e-09  4.82183335e-09  4.00681451e-09  4.00681445e-09  4.82183335e-09  4.82249840e-09 
 8.74627225e-06  4.19813922e-09  4.19813942e-09  4.19814938e-09  4.19813912e-09  5.05441111e-09  5.05441116e-09  4.19813904e-09  4.19783793e-09 
 8.74738435e-06  5.31383094e-09  5.31383071e-09  5.31381825e-09  5.31383102e-09  4.45336539e-09  4.45336533e-09  5.31383103e-09  5.31391207e-09 
 8.74938435e-06  3.88244763e-09  3.88244784e-09  3.88246182e-09  3.88244756e-09  4.73977476e-09  4.73977479e-09  3.88244752e-09  3.88249640e-09 
 8.75138435e-06  5.56257161e-09  5.56257137e-09  5.56255570e-09  5.56257166e-09  4.71227560e-09  4.71227558e-09  5.56257170e-09  5.56238794e-09 
 8.75338435e-06  3.61724270e-09  3.61724291e-09  3.61726040e-09  3.61724265e-09  4.45665236e-09  4.45665237e-09  3.61724260e-09  3.61756597e-09 
 8.75538435e-06  5.84413125e-09  5.84413111e-09  5.84411162e-09  5.84413132e-09  5.01940953e-09  5.01940949e-09  5.84413137e-09  5.84366403e-09 
 8.75738435e-06  3.31948662e-09  3.31948678e-09  3.31950833e-09  3.31948654e-09  4.12578759e-09  4.12578758e-09  3.31948649e-09  3.32010188e-09 
 8.75938435e-06  6.15787898e-09  6.15787883e-09  6.15785506e-09  6.15787907e-09  5.37365052e-09  5.37365053e-09  6.15787909e-09  6.15711211e-09 
 8.76138435e-06  2.98999536e-09  2.98999550e-09  2.99002164e-09  2.98999527e-09  3.74859228e-09  3.74859229e-09  2.98999522e-09  2.99091714e-09 
 8.76338435e-06  6.50282474e-09  6.50282464e-09  6.50279589e-09  6.50282482e-09  5.77331631e-09  5.77331632e-09  6.50282491e-09  6.50174521e-09 
 8.76538435e-06  2.62992192e-09  2.62992201e-09  2.62995340e-09  2.62992183e-09  3.32699542e-09  3.32699543e-09  2.62992177e-09  2.63116159e-09 
 8.76738435e-06  6.87766335e-09  6.87766328e-09  6.87762903e-09  6.87766347e-09  6.21625399e-09  6.21625401e-09  6.87766352e-09  6.87626166e-09 
 8.76938435e-06  2.24071302e-09  2.24071307e-09  2.24075031e-09  2.24071288e-09  2.86335218e-09  2.86335219e-09  2.24071287e-09  2.24227825e-09 
 8.77138435e-06  7.28081733e-09  7.28081730e-09  7.28077691e-09  7.28081748e-09  6.69992685e-09  6.69992684e-09  7.28081751e-09  7.27908757e-09 
 8.77338435e-06  1.82406650e-09  1.82406655e-09  1.82411021e-09  1.82406635e-09  2.36036115e-09  2.36036117e-09  1.82406632e-09  1.82596133e-09 
 8.77538435e-06  7.71047843e-09  7.71047838e-09  7.71043129e-09  7.71047852e-09  7.22149279e-09  7.22149275e-09  7.71047861e-09  7.70841847e-09 
 8.77738435e-06  1.38189115e-09  1.38189115e-09  1.38194185e-09  1.38189101e-09  1.82099023e-09  1.82099024e-09  1.38189098e-09  1.38411566e-09 
 8.77938435e-06  8.16464704e-09  8.16464698e-09  8.16459259e-09  8.16464714e-09  7.77787492e-09  7.77787493e-09  8.16464716e-09  8.16225891e-09 
 8.78138435e-06  9.16268071e-10  9.16268142e-10  9.16326338e-10  9.16267945e-10  1.24840972e-09  1.24840975e-09  9.16267926e-10  9.18818236e-10 
 8.78338435e-06  8.64116947e-09  8.64116940e-09  8.64110720e-09  8.64116954e-09  8.36582428e-09  8.36582425e-09  8.64116957e-09  8.63845926e-09 
 8.78538435e-06  4.29414891e-10  4.29414977e-10  4.29481157e-10  4.29414825e-10  6.45933426e-10  6.45933428e-10  4.29414790e-10  4.32282521e-10 
 8.78738435e-06  9.13777252e-09  9.13777247e-09  9.13770211e-09  9.13777265e-09  8.98197515e-09  8.98197515e-09  9.13777268e-09  9.13475056e-09 
 8.78938435e-06 -7.63694293e-11 -7.63693815e-11 -7.62947169e-11 -7.63695445e-11  1.69666833e-11  1.69667073e-11 -7.63695920e-11 -7.31958020e-11 
 8.79138435e-06  9.65213913e-09  9.65213909e-09  9.65206009e-09  9.65213928e-09  9.62289399e-09  9.62289398e-09  9.65213927e-09  9.64881794e-09 
 8.79338435e-06 -5.98856340e-10 -5.98856306e-10 -5.98772863e-10 -5.98856436e-10 -6.35237899e-10 -6.35237894e-10 -5.98856479e-10 -5.95392178e-10 
 8.79538435e-06  1.01821353e-08  1.01821352e-08  1.01820474e-08  1.01821354e-08  1.02855175e-08  1.02855175e-08  1.01821354e-08  1.01785333e-08 
 8.79738435e-06 -1.13575264e-09 -1.13575258e-09 -1.13566016e-09 -1.13575277e-09 -1.30742949e-09 -1.30742952e-09 -1.13575278e-09 -1.13201844e-09 
 8.79938435e-06  1.07253162e-08  1.07253161e-08  1.07252191e-08  1.07253162e-08  1.09664171e-08  1.09664171e-08  1.07253163e-08  1.07214559e-08 
 8.80138435e-06 -1.68460655e-09 -1.68460657e-09 -1.68450486e-09 -1.68460668e-09 -1.99618944e-09 -1.99618944e-09 -1.68460666e-09 -1.68062692e-09 
 8.80338435e-06  1.12792287e-08  1.12792287e-08  1.12791224e-08  1.12792289e-08  1.16621916e-08  1.16621915e-08  1.12792289e-08  1.12751369e-08 
 8.80538435e-06 -2.24296943e-09 -2.24296942e-09 -2.24285851e-09 -2.24296954e-09 -2.69814669e-09 -2.69814665e-09 -2.24296957e-09 -2.23877288e-09 
 8.80738435e-06  1.18414338e-08  1.18414337e-08  1.18413182e-08  1.18414339e-08  1.23695060e-08  1.23695060e-08  1.18414339e-08  1.18371406e-08 
 8.80938435e-06 -2.80841603e-09 -2.80841598e-09 -2.80829592e-09 -2.80841614e-09 -3.41000881e-09 -3.41000881e-09 -2.80841613e-09 -2.80403484e-09 
 8.81138435e-06  1.24095246e-08  1.24095245e-08  1.24093999e-08  1.24095247e-08  1.30851157e-08  1.30851156e-08  1.24095247e-08  1.24050643e-08 
 8.81338435e-06 -3.37856246e-09 -3.37856240e-09 -3.37843336e-09 -3.37856253e-09 -4.12858282e-09 -4.12858280e-09 -3.37856257e-09 -3.37403263e-09 
 8.81538435e-06  1.29811440e-08  1.29811439e-08  1.29810105e-08  1.29811440e-08  1.38058833e-08  1.38058833e-08  1.29811440e-08  1.29765544e-08 
 8.81738435e-06 -3.95108188e-09 -3.95108188e-09 -3.95094414e-09 -3.95108196e-09 -4.85079125e-09 -4.85079126e-09 -3.95108193e-09 -3.94644290e-09 
 8.81938435e-06  1.35539988e-08  1.35539988e-08  1.35538569e-08  1.35539989e-08  1.45287948e-08  1.45287948e-08  1.35539988e-08  1.35493211e-08 
 8.82138435e-06 -4.52371806e-09 -4.52371807e-09 -4.52357215e-09 -4.52371815e-09 -5.57368628e-09 -5.57368633e-09 -4.52371815e-09 -4.51901272e-09 
 8.82338435e-06  1.41258726e-08  1.41258726e-08  1.41257228e-08  1.41258727e-08  1.52509710e-08  1.52509711e-08  1.41258727e-08  1.41211510e-08 
 8.82538435e-06 -5.09429676e-09 -5.09429677e-09 -5.09414326e-09 -5.09429682e-09 -6.29445997e-09 -6.29445999e-09 -5.09429680e-09 -5.08957083e-09 
 8.82738435e-06  1.46946357e-08  1.46946357e-08  1.46944787e-08  1.46946358e-08  1.59696773e-08  1.59696773e-08  1.46946357e-08  1.46899176e-08 
 8.82938435e-06 -5.66073523e-09 -5.66073525e-09 -5.66057494e-09 -5.66073530e-09 -7.01045229e-09 -7.01045231e-09 -5.66073531e-09 -5.65603755e-09 
 8.83138435e-06  1.52582543e-08  1.52582544e-08  1.52580909e-08  1.52582544e-08  1.66823298e-08  1.66823298e-08  1.52582543e-08  1.52535898e-08 
 8.83338435e-06 -6.22105031e-09 -6.22105037e-09 -6.22088400e-09 -6.22105039e-09 -7.71915719e-09 -7.71915716e-09 -6.22105037e-09 -6.21643231e-09 
 8.83538435e-06  1.58147974e-08  1.58147974e-08  1.58146284e-08  1.58147975e-08  1.73865010e-08  1.73865010e-08  1.58147974e-08  1.58102393e-08 
 8.83738435e-06 -6.77336454e-09 -6.77336457e-09 -6.77319323e-09 -6.77336460e-09 -8.41822620e-09 -8.41822617e-09 -6.77336451e-09 -6.76888012e-09 
 8.83938435e-06  1.63624422e-08  1.63624422e-08  1.63622688e-08  1.63624423e-08  1.80799222e-08  1.80799222e-08  1.63624422e-08  1.63580455e-08 
 8.84138435e-06 -7.31591077e-09 -7.31591084e-09 -7.31573567e-09 -7.31591088e-09 -9.10547076e-09 -9.10547076e-09 -7.31591080e-09 -7.31161616e-09 
 8.84338435e-06  1.68994782e-08  1.68994783e-08  1.68993017e-08  1.68994783e-08  1.87604850e-08  1.87604850e-08  1.68994782e-08  1.68953001e-08 
 8.84538435e-06 -7.84703606e-09 -7.84703613e-09 -7.84685838e-09 -7.84703613e-09 -9.77886306e-09 -9.77886303e-09 -7.84703610e-09 -7.84298932e-09 
 8.84738435e-06  1.74243103e-08  1.74243104e-08  1.74241319e-08  1.74243104e-08  1.94262420e-08  1.94262420e-08  1.74243103e-08  1.74204099e-08 
 8.84938435e-06 -8.36520334e-09 -8.36520347e-09 -8.36502458e-09 -8.36520341e-09 -1.04365352e-08 -1.04365352e-08 -8.36520340e-09 -8.36146453e-09 
 8.85138435e-06  1.79354601e-08  1.79354602e-08  1.79352813e-08  1.79354602e-08  2.00754045e-08  2.00754045e-08  1.79354601e-08  1.79318982e-08 
 8.85338435e-06 -8.86899322e-09 -8.86899333e-09 -8.86881486e-09 -8.86899333e-09 -1.10767777e-08 -1.10767776e-08 -8.86899332e-09 -8.86562397e-09 
 8.85538435e-06  1.84315669e-08  1.84315670e-08  1.84313894e-08  1.84315671e-08  2.07063413e-08  2.07063413e-08  1.84315670e-08  1.84284059e-08 
 8.85738435e-06 -9.35710385e-09 -9.35710392e-09 -9.35692753e-09 -9.35710397e-09 -1.16980364e-08 -1.16980364e-08 -9.35710393e-09 -9.35416707e-09 
 8.85938435e-06  1.89171286e-08  1.89171286e-08  1.89169538e-08  1.89171287e-08  2.13240156e-08  2.13240156e-08  1.89171286e-08  1.89144309e-08 
 8.86138435e-06 -9.82788068e-09 -9.82788074e-09 -9.82770817e-09 -9.82788082e-09 -1.22983153e-08 -1.22983154e-08 -9.82788077e-09 -9.82544031e-09 
 8.86338435e-06  1.93792465e-08  1.93792466e-08  1.93790765e-08  1.93792466e-08  2.19138538e-08  2.19138538e-08  1.93792466e-08  1.93770780e-08 
 8.86538435e-06 -1.02778026e-08 -1.02778026e-08 -1.02776357e-08 -1.02778027e-08 -1.28732900e-08 -1.28732900e-08 -1.02778026e-08 -1.02759246e-08 
 8.86738435e-06  1.98234886e-08  1.98234887e-08  1.98233252e-08  1.98234887e-08  2.24821653e-08  2.24821653e-08  1.98234886e-08  1.98219153e-08 
 8.86938435e-06 -1.07121994e-08 -1.07121994e-08 -1.07120402e-08 -1.07121995e-08 -1.34297281e-08 -1.34297281e-08 -1.07121994e-08 -1.07109493e-08 
 8.87138435e-06  2.02483789e-08  2.02483790e-08  2.02482241e-08  2.02483789e-08  2.30271916e-08  2.30271916e-08  2.02483789e-08  2.02474670e-08 
 8.87338435e-06 -1.11268496e-08 -1.11268497e-08 -1.11267000e-08 -1.11268496e-08 -1.39624286e-08 -1.39624286e-08 -1.11268496e-08 -1.11262939e-08 
 8.87538435e-06  2.06531295e-08  2.06531296e-08  2.06529854e-08  2.06531295e-08  2.35480307e-08  2.35480307e-08  2.06531294e-08  2.06529458e-08 
 8.87738435e-06 -1.15210193e-08 -1.15210194e-08 -1.15208815e-08 -1.15210193e-08 -1.44705555e-08 -1.44705555e-08 -1.15210192e-08 -1.15212249e-08 
 8.87938435e-06  2.10370587e-08  2.10370587e-08  2.10369275e-08  2.10370587e-08  2.40439100e-08  2.40439101e-08  2.10370585e-08  2.10376704e-08 
 8.88138435e-06 -1.18940788e-08 -1.18940789e-08 -1.18939550e-08 -1.18940787e-08 -1.49533993e-08 -1.49533994e-08 -1.18940787e-08 -1.18951130e-08 
 8.88338435e-06  2.13995871e-08  2.13995872e-08  2.13994710e-08  2.13995870e-08  2.45141810e-08  2.45141811e-08  2.13995869e-08  2.14010616e-08 
 8.88538435e-06 -1.22454988e-08 -1.22454989e-08 -1.22453912e-08 -1.22454988e-08 -1.54103716e-08 -1.54103717e-08 -1.22454986e-08 -1.22474289e-08 
 8.88738435e-06  2.17402338e-08  2.17402338e-08  2.17401351e-08  2.17402337e-08  2.49583130e-08  2.49583130e-08  2.17402336e-08  2.17426386e-08 
 8.88938435e-06 -1.25748464e-08 -1.25748465e-08 -1.25747574e-08 -1.25748464e-08 -1.58409986e-08 -1.58409986e-08 -1.25748462e-08 -1.25777399e-08 
 8.89138435e-06  2.20586124e-08  2.20586125e-08  2.20585334e-08  2.20586123e-08  2.53758870e-08  2.53758870e-08  2.20586122e-08  2.20620148e-08 
 8.89338435e-06 -1.28817811e-08 -1.28817811e-08 -1.28817129e-08 -1.28817810e-08 -1.62449153e-08 -1.62449154e-08 -1.28817809e-08 -1.28857050e-08 
 8.89538435e-06  2.23544265e-08  2.23544266e-08  2.23543697e-08  2.23544264e-08  2.57665899e-08  2.57665900e-08  2.23544263e-08  2.23588937e-08 
 8.89738435e-06 -1.31660499e-08 -1.31660499e-08 -1.31660050e-08 -1.31660498e-08 -1.66218595e-08 -1.66218595e-08 -1.31660496e-08 -1.31710712e-08 
 8.89938435e-06  2.26274653e-08  2.26274654e-08  2.26274330e-08  2.26274652e-08  2.61302085e-08  2.61302085e-08  2.26274651e-08  2.26330638e-08 
 8.90138435e-06 -1.34274832e-08 -1.34274833e-08 -1.34274641e-08 -1.34274831e-08 -1.69716651e-08 -1.69716652e-08 -1.34274829e-08 -1.34336682e-08 
 8.90338435e-06  2.28775991e-08  2.28775992e-08  2.28775938e-08  2.28775990e-08  2.64666226e-08  2.64666226e-08  2.28775988e-08  2.28843949e-08 
 8.90538435e-06 -1.36659901e-08 -1.36659902e-08 -1.36659992e-08 -1.36659900e-08 -1.72942572e-08 -1.72942571e-08 -1.36659898e-08 -1.36734046e-08 
 8.90738435e-06  2.31047744e-08  2.31047746e-08  2.31047986e-08  2.31047744e-08  2.67758002e-08  2.67758002e-08  2.31047742e-08  2.31128331e-08 
 8.90938435e-06 -1.38815538e-08 -1.38815539e-08 -1.38815936e-08 -1.38815537e-08 -1.75896449e-08 -1.75896449e-08 -1.38815535e-08 -1.38902627e-08 
 8.91138435e-06  2.33090099e-08  2.33090100e-08  2.33090659e-08  2.33090098e-08  2.70577907e-08  2.70577907e-08  2.33090095e-08  2.33183960e-08 
 8.91338435e-06 -1.40742268e-08 -1.40742269e-08 -1.40742997e-08 -1.40742267e-08 -1.78579163e-08 -1.78579163e-08 -1.40742265e-08 -1.40842944e-08 
 8.91538435e-06  2.34903910e-08  2.34903911e-08  2.34904814e-08  2.34903908e-08  2.73127194e-08  2.73127194e-08  2.34903906e-08  2.35011683e-08 
 8.91738435e-06 -1.42441267e-08 -1.42441267e-08 -1.42442351e-08 -1.42441265e-08 -1.80992324e-08 -1.80992325e-08 -1.42441262e-08 -1.42556160e-08 
 8.91938435e-06  2.36490661e-08  2.36490662e-08  2.36491932e-08  2.36490659e-08  2.75407819e-08  2.75407819e-08  2.36490657e-08  2.36612973e-08 
 8.92138435e-06 -1.43914311e-08 -1.43914312e-08 -1.43915774e-08 -1.43914309e-08 -1.83138218e-08 -1.83138218e-08 -1.43914307e-08 -1.44044043e-08 
 8.92338435e-06  2.37852416e-08  2.37852416e-08  2.37854079e-08  2.37852414e-08  2.77422385e-08  2.77422385e-08  2.37852411e-08  2.37989883e-08 
 8.92538435e-06 -1.45163737e-08 -1.45163737e-08 -1.45165605e-08 -1.45163735e-08 -1.85019749e-08 -1.85019750e-08 -1.45163733e-08 -1.45308918e-08 
 8.92738435e-06  2.38991774e-08  2.38991775e-08  2.38993854e-08  2.38991772e-08  2.79174091e-08  2.79174091e-08  2.38991770e-08  2.39145000e-08 
 8.92938435e-06 -1.46192395e-08 -1.46192397e-08 -1.46194691e-08 -1.46192395e-08 -1.86640393e-08 -1.86640393e-08 -1.46192391e-08 -1.46353621e-08 
 8.93138435e-06  2.39911831e-08  2.39911832e-08  2.39914350e-08  2.39911830e-08  2.80666678e-08  2.80666678e-08  2.39911827e-08  2.40081404e-08 
 8.93338435e-06 -1.47003610e-08 -1.47003610e-08 -1.47006356e-08 -1.47003609e-08 -1.88004140e-08 -1.88004140e-08 -1.47003606e-08 -1.47181463e-08 
 8.93538435e-06  2.40616132e-08  2.40616132e-08  2.40619114e-08  2.40616131e-08  2.81904381e-08  2.81904381e-08  2.40616127e-08  2.40802629e-08 
 8.93738435e-06 -1.47601135e-08 -1.47601135e-08 -1.47604356e-08 -1.47601134e-08 -1.89115452e-08 -1.89115452e-08 -1.47601130e-08 -1.47796182e-08 
 8.93938435e-06  2.41108635e-08  2.41108636e-08  2.41112103e-08  2.41108634e-08  2.82891883e-08  2.82891883e-08  2.41108631e-08  2.41312616e-08 
 8.94138435e-06 -1.47989115e-08 -1.47989116e-08 -1.47992832e-08 -1.47989114e-08 -1.89979215e-08 -1.89979215e-08 -1.47989111e-08 -1.48201910e-08 
 8.94338435e-06  2.41393670e-08  2.41393670e-08  2.41397646e-08  2.41393669e-08  2.83634267e-08  2.83634267e-08  2.41393666e-08  2.41615678e-08 
 8.94538435e-06 -1.48172051e-08 -1.48172051e-08 -1.48176287e-08 -1.48172050e-08 -1.90600693e-08 -1.90600693e-08 -1.48172046e-08 -1.48403127e-08 
 8.94738435e-06  2.41475901e-08  2.41475901e-08  2.41480407e-08  2.41475900e-08  2.84136974e-08  2.84136974e-08  2.41475896e-08  2.41716465e-08 
 8.94938435e-06 -1.48200521e-08 -1.48200521e-08 -1.48205297e-08 -1.48200520e-08 -1.91044460e-08 -1.91044460e-08 -1.48200516e-08 -1.48450469e-08 
 8.95138435e-06  2.41283404e-08  2.41283404e-08  2.41288458e-08  2.41283403e-08  2.84315019e-08  2.84315019e-08  2.41283399e-08  2.41542944e-08 
 8.95338435e-06 -1.47987670e-08 -1.47987670e-08 -1.47993007e-08 -1.47987669e-08 -1.91198213e-08 -1.91198213e-08 -1.47987665e-08 -1.48256929e-08 
 8.95538435e-06  2.40974983e-08  2.40974983e-08  2.40980609e-08  2.40974982e-08  2.84355684e-08  2.84355683e-08  2.40974978e-08  2.41254078e-08 
 8.95738435e-06 -1.47585009e-08 -1.47585010e-08 -1.47590928e-08 -1.47585008e-08 -1.91127319e-08 -1.91127319e-08 -1.47585004e-08 -1.47874063e-08 
 8.95938435e-06  2.40479543e-08  2.40479544e-08  2.40485761e-08  2.40479543e-08  2.84174866e-08  2.84174865e-08  2.40479538e-08  2.40778660e-08 
 8.96138435e-06 -1.46998252e-08 -1.46998253e-08 -1.47004772e-08 -1.46998252e-08 -1.90838159e-08 -1.90838159e-08 -1.46998247e-08 -1.47307530e-08 
 8.96338435e-06  2.39803049e-08  2.39803050e-08  2.39809875e-08  2.39803049e-08  2.83779044e-08  2.83779044e-08  2.39803044e-08  2.40122579e-08 
 8.96538435e-06 -1.46233589e-08 -1.46233590e-08 -1.46240725e-08 -1.46233589e-08 -1.90337303e-08 -1.90337302e-08 -1.46233584e-08 -1.46563467e-08 
 8.96738435e-06  2.38951853e-08  2.38951854e-08  2.38959304e-08  2.38951852e-08  2.83174882e-08  2.83174882e-08  2.38951847e-08  2.39292165e-08 
 8.96938435e-06 -1.45297443e-08 -1.45297444e-08 -1.45305213e-08 -1.45297443e-08 -1.89631521e-08 -1.89631522e-08 -1.45297438e-08 -1.45648285e-08 
 8.97138435e-06  2.37932404e-08  2.37932404e-08  2.37940495e-08  2.37932403e-08  2.82369329e-08  2.82369329e-08  2.37932398e-08  2.38293857e-08 
 8.97338435e-06 -1.44196285e-08 -1.44196286e-08 -1.44204703e-08 -1.44196285e-08 -1.88728059e-08 -1.88728060e-08 -1.44196280e-08 -1.44568440e-08 
 8.97538435e-06  2.36751189e-08  2.36751190e-08  2.36759937e-08  2.36751189e-08  2.81369887e-08  2.81369887e-08  2.36751184e-08  2.37134126e-08 
 8.97738435e-06 -1.42936578e-08 -1.42936579e-08 -1.42945660e-08 -1.42936578e-08 -1.87634499e-08 -1.87634500e-08 -1.42936573e-08 -1.43330393e-08 
 8.97938435e-06  2.35414576e-08  2.35414576e-08  2.35423996e-08  2.35414575e-08  2.80184132e-08  2.80184132e-08  2.35414570e-08  2.35819364e-08 
 8.98138435e-06 -1.41524562e-08 -1.41524562e-08 -1.41534324e-08 -1.41524561e-08 -1.86358403e-08 -1.86358404e-08 -1.41524556e-08 -1.41940425e-08 
 8.98338435e-06  2.33928683e-08  2.33928684e-08  2.33938792e-08  2.33928683e-08  2.78819608e-08  2.78819609e-08  2.33928677e-08  2.34355711e-08 
 8.98500000e-06 -1.39771443e-08 -1.39771443e-08 -1.39781986e-08 -1.39771443e-08 -1.84723310e-08 -1.84723310e-08 -1.39771437e-08 -1.40212423e-08 
 8.98520000e-06  4.44266965e-09  4.44266959e-09  4.44276088e-09  4.44266965e-09  4.45337404e-09  4.45337409e-09  4.44266963e-09  4.44559381e-09 
 8.98560000e-06  4.91267509e-09  4.91267516e-09  4.91257997e-09  4.91267516e-09  4.90977542e-09  4.90977538e-09  4.91267521e-09  4.90964775e-09 
 8.98640000e-06  4.38637849e-09  4.38637850e-09  4.38647517e-09  4.38637844e-09  4.38560754e-09  4.38560757e-09  4.38637837e-09  4.38944718e-09 
 8.98715030e-06  4.94740663e-09  4.94740658e-09  4.94730858e-09  4.94740669e-09  4.95192981e-09  4.95192977e-09  4.94740670e-09  4.94430090e-09 
 8.98769748e-06  4.34764951e-09  4.34764958e-09  4.34774905e-09  4.34764948e-09  4.33824085e-09  4.33824084e-09  4.34764948e-09  4.35079455e-09 
 8.98811443e-06  4.99334858e-09  4.99334858e-09  4.99324789e-09  4.99334864e-09  5.00873936e-09  5.00873941e-09  4.99334864e-09  4.99017002e-09 
 8.98850989e-06  4.28875041e-09  4.28875041e-09  4.28885158e-09  4.28875026e-09  4.26755460e-09  4.26755452e-09  4.28875032e-09  4.29194688e-09 
 8.98885199e-06  5.13338819e-09  5.13338815e-09  5.13328752e-09  5.13338836e-09  5.16060471e-09  5.16060478e-09  5.13338842e-09  5.13019162e-09 
 8.98908032e-06  3.53780176e-09  3.53780180e-09  3.53790028e-09  3.53780171e-09  3.50429542e-09  3.50429539e-09  3.53780159e-09  3.54089586e-09 
 8.98931880e-06  7.99745767e-09  7.99745763e-09  7.99736276e-09  7.99745752e-09  8.03028004e-09  8.03028002e-09  7.99745760e-09  7.99474651e-09 
 8.98948797e-06 -9.42202000e-09 -9.42201992e-09 -9.42193226e-09 -9.42201982e-09 -9.43109620e-09 -9.43109616e-09 -9.42201983e-09 -9.42083404e-09 
 8.98966817e-06  4.33762862e-08  4.33762861e-08  4.33762066e-08  4.33762860e-08  4.33297186e-08  4.33297186e-08  4.33762860e-08  4.33779057e-08 
 8.98986546e-06 -7.45207675e-08 -7.45207674e-08 -7.45206953e-08 -7.45207674e-08 -7.43933134e-08 -7.43933134e-08 -7.45207673e-08 -7.45259720e-08 
 8.99000000e-06  1.79238758e-07  1.79238758e-07  1.79238693e-07  1.79238758e-07  1.78957190e-07  1.78957190e-07  1.79238758e-07  1.79249512e-07 
 8.99002198e-06 -2.40033364e-07 -2.40033364e-07 -2.40033337e-07 -2.40033365e-07 -2.39856414e-07 -2.39856414e-07 -2.40033364e-07 -2.40059988e-07 
 8.99006594e-06  2.93186135e-07  2.93186134e-07  2.93186040e-07  2.93186135e-07  2.93370015e-07  2.93370015e-07  2.93186135e-07  2.93331465e-07 
 8.99015386e-06 -2.49295526e-07 -2.49295525e-07 -2.49295411e-07 -2.49295525e-07 -2.49788255e-07 -2.49788254e-07 -2.49295528e-07 -2.49575547e-07 
 8.99032970e-06  2.31857317e-07  2.31857317e-07  2.31857204e-07  2.31857316e-07  2.32521472e-07  2.32521471e-07  2.31857321e-07  2.32228315e-07 
 8.99068137e-06 -2.07733551e-07 -2.07733551e-07 -2.07733443e-07 -2.07733551e-07 -2.08486029e-07 -2.08486029e-07 -2.07733556e-07 -2.08155684e-07 
 8.99138472e-06  2.09419176e-07  2.09419176e-07  2.09419070e-07  2.09419175e-07  2.10216123e-07  2.10216122e-07  2.09419181e-07  2.09868103e-07 
 8.99257292e-06 -1.95524251e-07 -1.95524251e-07 -1.95524148e-07 -1.95524251e-07 -1.96347614e-07 -1.96347614e-07 -1.95524257e-07 -1.95989414e-07 
 8.99446152e-06  2.01943260e-07  2.01943260e-07  2.01943158e-07  2.01943260e-07  2.02783253e-07  2.02783253e-07  2.01943266e-07  2.02418764e-07 
 8.99646152e-06 -1.89877327e-07 -1.89877327e-07 -1.89877226e-07 -1.89877327e-07 -1.90733040e-07 -1.90733040e-07 -1.89877333e-07 -1.90362690e-07 
 8.99846152e-06  1.96435508e-07  1.96435508e-07  1.96435409e-07  1.96435508e-07  1.97306941e-07  1.97306940e-07  1.96435514e-07  1.96930811e-07 
 9.00000000e-06 -1.83517428e-07 -1.83517428e-07 -1.83517331e-07 -1.83517428e-07 -1.84409307e-07 -1.84409307e-07 -1.83517434e-07 -1.84025780e-07 
